Spotify URI,Voter ID,Created,Points Assigned,Comment,Round ID
spotify:track:03zp0IxlcmOMMx43VWlp26,f1f0f2ed0eb64306992b613229fb7972,2025-12-16T15:35:42Z,1,"Is this a Christmas song? 🤔 Either way, here’s a point for positive messaging ✌️",e090f85b867a4cbf8ed12b6fdc7636c0
spotify:track:7pTu4kQ0UVpxB7tyMCNelK,f1f0f2ed0eb64306992b613229fb7972,2025-12-16T15:35:42Z,2,What a track! Can’t wait to learn more about this artist 🔥🎸🙀,e090f85b867a4cbf8ed12b6fdc7636c0
spotify:track:7FjQk2TBfNUTkpGnyEdb1I,f1f0f2ed0eb64306992b613229fb7972,2025-12-16T15:35:42Z,1,"Tough follow after hard all night, but still solid enough to earn itself one point",e090f85b867a4cbf8ed12b6fdc7636c0
spotify:track:6pyroXdJUlTZXfD5NLzjSr,f1f0f2ed0eb64306992b613229fb7972,2025-12-16T15:35:42Z,1,Banger? Damn near killed ‘er! ,e090f85b867a4cbf8ed12b6fdc7636c0
spotify:track:5sJUrTiOlAdoKO8V81spAv,f1f0f2ed0eb64306992b613229fb7972,2025-12-16T15:35:42Z,0,The vocals were just not it for me 😬,e090f85b867a4cbf8ed12b6fdc7636c0
spotify:track:5L0YAr8FVgUi6QJXlkTqHi,f1f0f2ed0eb64306992b613229fb7972,2025-12-16T15:35:42Z,1,"While I like their sound, I feel like they’re lying being a current band & sounding like this? 👴🏻",e090f85b867a4cbf8ed12b6fdc7636c0
spotify:track:4uRZYQ6zofDFO3iySD2e9X,f1f0f2ed0eb64306992b613229fb7972,2025-12-16T15:35:42Z,1,"1 round in, we’ve already got some Cory Wong 😂  Hi, Diskin! (But which one???)",e090f85b867a4cbf8ed12b6fdc7636c0
spotify:track:4rjV5wrSXTAzIybaNVBKsN,f1f0f2ed0eb64306992b613229fb7972,2025-12-16T15:35:42Z,2,"More of THIS ✨🕺🏻✨ Wow, does this feel good in my earholes. I bet this would be suuuper fun to rage live",e090f85b867a4cbf8ed12b6fdc7636c0
spotify:track:4cjVWyjOj5O8RD76xVx9cx,f1f0f2ed0eb64306992b613229fb7972,2025-12-16T15:35:42Z,1,Wanted to like this more than I did but still liked it enough for a point ,e090f85b867a4cbf8ed12b6fdc7636c0
spotify:track:2ajFKZHw9Kk80BurGc3rI2,f1f0f2ed0eb64306992b613229fb7972,2025-12-16T15:35:42Z,1,"Kinda nice, sad boi music ",e090f85b867a4cbf8ed12b6fdc7636c0
spotify:track:1VfdQZIncjOK1ZhoK68AOu,f1f0f2ed0eb64306992b613229fb7972,2025-12-16T15:35:42Z,0,"Eh, a little too all over the place for me ",e090f85b867a4cbf8ed12b6fdc7636c0
spotify:track:1u59v3OY0AnVdaPnZKBNd7,f1f0f2ed0eb64306992b613229fb7972,2025-12-16T15:35:42Z,1,"Ok, Lettuce! Def thought this was old school R&B ",e090f85b867a4cbf8ed12b6fdc7636c0
spotify:track:1LjBIsVA2ZXWPRfAngNXEQ,f1f0f2ed0eb64306992b613229fb7972,2025-12-16T15:35:42Z,2,Sultry AF 😮‍💨 Congrats on the s3x! ,e090f85b867a4cbf8ed12b6fdc7636c0
spotify:track:168GHxsiJyT9tlJN74ZO11,f1f0f2ed0eb64306992b613229fb7972,2025-12-16T15:35:42Z,0,"My queer card is probably going to be revoked for saying this, but this sounds like AI created music and/or something created for children 😬 Sorry, Robyn, but this just ain’t it…",e090f85b867a4cbf8ed12b6fdc7636c0
spotify:track:0FQIyxqsO9qqzzNqW2td4z,f1f0f2ed0eb64306992b613229fb7972,2025-12-16T15:35:42Z,2,LoOoOves me some CATS 😼💫 Definitely preordered this album ,e090f85b867a4cbf8ed12b6fdc7636c0
spotify:track:1LjBIsVA2ZXWPRfAngNXEQ,1c89e947d02949ed86d05ec22a7350bf,2025-12-16T16:57:39Z,1,,e090f85b867a4cbf8ed12b6fdc7636c0
spotify:track:0FQIyxqsO9qqzzNqW2td4z,1c89e947d02949ed86d05ec22a7350bf,2025-12-16T16:57:39Z,2,,e090f85b867a4cbf8ed12b6fdc7636c0
spotify:track:168GHxsiJyT9tlJN74ZO11,1c89e947d02949ed86d05ec22a7350bf,2025-12-16T16:57:39Z,1,,e090f85b867a4cbf8ed12b6fdc7636c0
spotify:track:1u59v3OY0AnVdaPnZKBNd7,1c89e947d02949ed86d05ec22a7350bf,2025-12-16T16:57:39Z,2,,e090f85b867a4cbf8ed12b6fdc7636c0
spotify:track:1VfdQZIncjOK1ZhoK68AOu,1c89e947d02949ed86d05ec22a7350bf,2025-12-16T16:57:39Z,0,"lotta noises, not enough song",e090f85b867a4cbf8ed12b6fdc7636c0
spotify:track:2ajFKZHw9Kk80BurGc3rI2,1c89e947d02949ed86d05ec22a7350bf,2025-12-16T16:57:39Z,0,too sad,e090f85b867a4cbf8ed12b6fdc7636c0
spotify:track:4rjV5wrSXTAzIybaNVBKsN,1c89e947d02949ed86d05ec22a7350bf,2025-12-16T16:57:39Z,3,"fav track on the week, kept coming back to it",e090f85b867a4cbf8ed12b6fdc7636c0
spotify:track:4uRZYQ6zofDFO3iySD2e9X,1c89e947d02949ed86d05ec22a7350bf,2025-12-16T16:57:39Z,2,,e090f85b867a4cbf8ed12b6fdc7636c0
spotify:track:5sJUrTiOlAdoKO8V81spAv,1c89e947d02949ed86d05ec22a7350bf,2025-12-16T16:57:39Z,1,,e090f85b867a4cbf8ed12b6fdc7636c0
spotify:track:6pyroXdJUlTZXfD5NLzjSr,1c89e947d02949ed86d05ec22a7350bf,2025-12-16T16:57:39Z,1,,e090f85b867a4cbf8ed12b6fdc7636c0
spotify:track:7FjQk2TBfNUTkpGnyEdb1I,1c89e947d02949ed86d05ec22a7350bf,2025-12-16T16:57:39Z,2,,e090f85b867a4cbf8ed12b6fdc7636c0
spotify:track:7pTu4kQ0UVpxB7tyMCNelK,1c89e947d02949ed86d05ec22a7350bf,2025-12-16T16:57:39Z,1,,e090f85b867a4cbf8ed12b6fdc7636c0
spotify:track:03zp0IxlcmOMMx43VWlp26,0d42af6c19054b7dbbe4aa499186e408,2025-12-16T18:31:57Z,2,Great funk/soul and love the vocals. Will def seek this artist out. ,e090f85b867a4cbf8ed12b6fdc7636c0
spotify:track:4uRZYQ6zofDFO3iySD2e9X,0d42af6c19054b7dbbe4aa499186e408,2025-12-16T18:31:57Z,1,Really liked the guitar in this. Wish the song was longer. ,e090f85b867a4cbf8ed12b6fdc7636c0
spotify:track:4rjV5wrSXTAzIybaNVBKsN,0d42af6c19054b7dbbe4aa499186e408,2025-12-16T18:31:57Z,1,Enjoyed this while I was walking in the snow. Weirdly has a vibe that worked/juxtaposed nicely to that environment. ,e090f85b867a4cbf8ed12b6fdc7636c0
spotify:track:4cjVWyjOj5O8RD76xVx9cx,0d42af6c19054b7dbbe4aa499186e408,2025-12-16T18:31:57Z,3,"I initially wanted to submit Dodoi off this same album, which I think is a track I like slightly more. But this is tied for my favorite song of the playlist and def recommend the whole album for those who liked this and haven’t heard the rest. ",e090f85b867a4cbf8ed12b6fdc7636c0
spotify:track:7pTu4kQ0UVpxB7tyMCNelK,0d42af6c19054b7dbbe4aa499186e408,2025-12-16T18:31:57Z,1,"Liked the first 2/3 of this song a lot, was ready to give more than one point. Then the final third was a little too ethereal for me, but still clearly a very talented group I will seek out. ",e090f85b867a4cbf8ed12b6fdc7636c0
spotify:track:7FjQk2TBfNUTkpGnyEdb1I,0d42af6c19054b7dbbe4aa499186e408,2025-12-16T18:31:57Z,1,Enjoyed the groove. ,e090f85b867a4cbf8ed12b6fdc7636c0
spotify:track:6pyroXdJUlTZXfD5NLzjSr,0d42af6c19054b7dbbe4aa499186e408,2025-12-16T18:31:57Z,0,Last song left off my point list. Would def put it on a playlist but there were others here I wanted to give points to more. ,e090f85b867a4cbf8ed12b6fdc7636c0
spotify:track:5sJUrTiOlAdoKO8V81spAv,0d42af6c19054b7dbbe4aa499186e408,2025-12-16T18:31:57Z,0,Enjoyed this but there were others I wanted to distribute points to more. ,e090f85b867a4cbf8ed12b6fdc7636c0
spotify:track:5L0YAr8FVgUi6QJXlkTqHi,0d42af6c19054b7dbbe4aa499186e408,2025-12-16T18:31:57Z,3,Tied for my favorite song on the playlist. Love this kind of busking Americana and will def seek these bros out. ,e090f85b867a4cbf8ed12b6fdc7636c0
spotify:track:1VfdQZIncjOK1ZhoK68AOu,0d42af6c19054b7dbbe4aa499186e408,2025-12-16T18:31:57Z,0,Liked the general mood of this but found other songs on the playlist to be more memorable. ,e090f85b867a4cbf8ed12b6fdc7636c0
spotify:track:1u59v3OY0AnVdaPnZKBNd7,0d42af6c19054b7dbbe4aa499186e408,2025-12-16T18:31:57Z,0,Generally like lettuce so was surprised I didn’t enjoy this more.   ,e090f85b867a4cbf8ed12b6fdc7636c0
spotify:track:1LjBIsVA2ZXWPRfAngNXEQ,0d42af6c19054b7dbbe4aa499186e408,2025-12-16T18:31:57Z,1,Good vibes. Will seek this band out. ,e090f85b867a4cbf8ed12b6fdc7636c0
spotify:track:168GHxsiJyT9tlJN74ZO11,0d42af6c19054b7dbbe4aa499186e408,2025-12-16T18:31:57Z,0,"Don’t mind this song, but wanted to give others that I prefer more love. ",e090f85b867a4cbf8ed12b6fdc7636c0
spotify:track:0IbfVp3NAjPFW5NpA9e2I3,0d42af6c19054b7dbbe4aa499186e408,2025-12-16T18:31:57Z,1,Like the percussion and the blending of genres. ,e090f85b867a4cbf8ed12b6fdc7636c0
spotify:track:0FQIyxqsO9qqzzNqW2td4z,0d42af6c19054b7dbbe4aa499186e408,2025-12-16T18:31:57Z,2,Love the jam and the funky hook. Song flew by. ,e090f85b867a4cbf8ed12b6fdc7636c0
spotify:track:168GHxsiJyT9tlJN74ZO11,ce76a5e6ff274137bb5127db7065d9a8,2025-12-16T18:37:48Z,2,Robyn still cranking out bangers ,e090f85b867a4cbf8ed12b6fdc7636c0
spotify:track:0IbfVp3NAjPFW5NpA9e2I3,ce76a5e6ff274137bb5127db7065d9a8,2025-12-16T18:37:48Z,1,"This was good, fine, liked the intro the most. I think I wanted it to be African?",e090f85b867a4cbf8ed12b6fdc7636c0
spotify:track:0FQIyxqsO9qqzzNqW2td4z,ce76a5e6ff274137bb5127db7065d9a8,2025-12-16T18:37:48Z,0,"I wasn’t thrilled to see this cuz I generally hope for something more obscure, but I liked it more than I thought I would, despite it being a little too long. Will come back. Update: ran out ",e090f85b867a4cbf8ed12b6fdc7636c0
spotify:track:03zp0IxlcmOMMx43VWlp26,ce76a5e6ff274137bb5127db7065d9a8,2025-12-16T18:37:48Z,1,Christmas vibe point ,e090f85b867a4cbf8ed12b6fdc7636c0
spotify:track:7pTu4kQ0UVpxB7tyMCNelK,ce76a5e6ff274137bb5127db7065d9a8,2025-12-16T18:37:48Z,1,"Apparently this was stickman records, not el paraiso. Trying to figure out the relationship/difference. New thing to explore! Better long jam than CATS",e090f85b867a4cbf8ed12b6fdc7636c0
spotify:track:7FjQk2TBfNUTkpGnyEdb1I,ce76a5e6ff274137bb5127db7065d9a8,2025-12-16T18:37:48Z,1,Another one that was enjoyable enough but will reevaluate once points are distributed. Update: you got my last one,e090f85b867a4cbf8ed12b6fdc7636c0
spotify:track:6pyroXdJUlTZXfD5NLzjSr,ce76a5e6ff274137bb5127db7065d9a8,2025-12-16T18:37:48Z,0,🍆,e090f85b867a4cbf8ed12b6fdc7636c0
spotify:track:5sJUrTiOlAdoKO8V81spAv,ce76a5e6ff274137bb5127db7065d9a8,2025-12-16T18:37:48Z,0,Was considering one but ran out. Didn’t quite do it,e090f85b867a4cbf8ed12b6fdc7636c0
spotify:track:5L0YAr8FVgUi6QJXlkTqHi,ce76a5e6ff274137bb5127db7065d9a8,2025-12-16T18:37:48Z,1,Feels way out of left field so you get one ,e090f85b867a4cbf8ed12b6fdc7636c0
spotify:track:4uRZYQ6zofDFO3iySD2e9X,ce76a5e6ff274137bb5127db7065d9a8,2025-12-16T18:37:48Z,1,I listened to some of Corey Wong’s podcasts after Trey was on. I have mixed feelings. He had a really sweet jam with Billy Strings though that’s worth checking out. Here’s a point,e090f85b867a4cbf8ed12b6fdc7636c0
spotify:track:4rjV5wrSXTAzIybaNVBKsN,ce76a5e6ff274137bb5127db7065d9a8,2025-12-16T18:37:48Z,3,Instant like. Man I’m a sucker for electronic stuff these days. Favorite of the list ,e090f85b867a4cbf8ed12b6fdc7636c0
spotify:track:4cjVWyjOj5O8RD76xVx9cx,ce76a5e6ff274137bb5127db7065d9a8,2025-12-16T18:37:48Z,1,This is the world vibe I was after earlier ,e090f85b867a4cbf8ed12b6fdc7636c0
spotify:track:2ajFKZHw9Kk80BurGc3rI2,ce76a5e6ff274137bb5127db7065d9a8,2025-12-16T18:37:48Z,2,Liked this right from the beginning ,e090f85b867a4cbf8ed12b6fdc7636c0
spotify:track:1u59v3OY0AnVdaPnZKBNd7,ce76a5e6ff274137bb5127db7065d9a8,2025-12-16T18:37:48Z,0,"Not how I remember lettuce sounding, and that’s ok, but I didn’t love this direction for them",e090f85b867a4cbf8ed12b6fdc7636c0
spotify:track:1LjBIsVA2ZXWPRfAngNXEQ,ce76a5e6ff274137bb5127db7065d9a8,2025-12-16T18:37:48Z,2,"Skeptical at first, ended up really liking it",e090f85b867a4cbf8ed12b6fdc7636c0
spotify:track:168GHxsiJyT9tlJN74ZO11,183c5f6ed1b147099842917a9576c8f4,2025-12-16T20:47:04Z,0,"Just find the ""do do do dos"" too much - want them go go go away, especially when the beat drops",e090f85b867a4cbf8ed12b6fdc7636c0
spotify:track:0IbfVp3NAjPFW5NpA9e2I3,183c5f6ed1b147099842917a9576c8f4,2025-12-16T20:47:04Z,2,"Confounding, in a good way. ",e090f85b867a4cbf8ed12b6fdc7636c0
spotify:track:0FQIyxqsO9qqzzNqW2td4z,183c5f6ed1b147099842917a9576c8f4,2025-12-16T20:47:04Z,1,"Really, really had me until the final quarter",e090f85b867a4cbf8ed12b6fdc7636c0
spotify:track:03zp0IxlcmOMMx43VWlp26,183c5f6ed1b147099842917a9576c8f4,2025-12-16T20:47:04Z,0,De-sta-ni or Desta-ni? Tough to vote without an answer but nice hymn for the holiday season.  Think I heard it in the J Crew on 50th st. ,e090f85b867a4cbf8ed12b6fdc7636c0
spotify:track:4uRZYQ6zofDFO3iySD2e9X,183c5f6ed1b147099842917a9576c8f4,2025-12-16T20:47:04Z,2,No notes ,e090f85b867a4cbf8ed12b6fdc7636c0
spotify:track:5L0YAr8FVgUi6QJXlkTqHi,183c5f6ed1b147099842917a9576c8f4,2025-12-16T20:47:04Z,1,Did someone mistakenly submit their Spotify 1950s age?  Loved this. ,e090f85b867a4cbf8ed12b6fdc7636c0
spotify:track:6pyroXdJUlTZXfD5NLzjSr,183c5f6ed1b147099842917a9576c8f4,2025-12-16T20:47:04Z,0,Want to keep encouraging these money shots but too much other heat,e090f85b867a4cbf8ed12b6fdc7636c0
spotify:track:7FjQk2TBfNUTkpGnyEdb1I,183c5f6ed1b147099842917a9576c8f4,2025-12-16T20:47:04Z,2,"The musical equivalent of  creamy stracciatella/chopped dates/evoo, & toasted sourdough",e090f85b867a4cbf8ed12b6fdc7636c0
spotify:track:7pTu4kQ0UVpxB7tyMCNelK,183c5f6ed1b147099842917a9576c8f4,2025-12-16T20:47:04Z,3,"This little jam scene in Copenhagen is brooding & merciless, dripping in the hot, dank, salty sweat of tall Nordic men. Is this what free healthcare gets you? ",e090f85b867a4cbf8ed12b6fdc7636c0
spotify:track:4rjV5wrSXTAzIybaNVBKsN,183c5f6ed1b147099842917a9576c8f4,2025-12-16T20:47:04Z,2,"Robyn, now that's some dopamine. ",e090f85b867a4cbf8ed12b6fdc7636c0
spotify:track:4cjVWyjOj5O8RD76xVx9cx,183c5f6ed1b147099842917a9576c8f4,2025-12-16T20:47:04Z,2,My kids also call me Nome de Deus,e090f85b867a4cbf8ed12b6fdc7636c0
spotify:track:2ajFKZHw9Kk80BurGc3rI2,183c5f6ed1b147099842917a9576c8f4,2025-12-16T20:47:04Z,0,"Constant Yawns (Asa if this is yours, it's a perfect good night tune for me)",e090f85b867a4cbf8ed12b6fdc7636c0
spotify:track:1VfdQZIncjOK1ZhoK68AOu,183c5f6ed1b147099842917a9576c8f4,2025-12-16T20:47:04Z,1,"Challenging, in a good way. Looking forward to seeing this little alien on the keys next month ",e090f85b867a4cbf8ed12b6fdc7636c0
spotify:track:1u59v3OY0AnVdaPnZKBNd7,183c5f6ed1b147099842917a9576c8f4,2025-12-16T20:47:04Z,0,"Forgettable, in a good way. ",e090f85b867a4cbf8ed12b6fdc7636c0
spotify:track:1LjBIsVA2ZXWPRfAngNXEQ,183c5f6ed1b147099842917a9576c8f4,2025-12-16T20:47:04Z,0,"Had another song by this outfit in my final list, but not this one. ",e090f85b867a4cbf8ed12b6fdc7636c0
spotify:track:1LjBIsVA2ZXWPRfAngNXEQ,49a5ff7c4466457eb8016aaf873224cb,2025-12-16T21:34:12Z,1,Battle between this and the Christmas song for my last point. This won. ,e090f85b867a4cbf8ed12b6fdc7636c0
spotify:track:03zp0IxlcmOMMx43VWlp26,49a5ff7c4466457eb8016aaf873224cb,2025-12-16T21:34:12Z,0,Wanted to give this one… but can’t find any points to shave off for it. Sorry. 🎄,e090f85b867a4cbf8ed12b6fdc7636c0
spotify:track:0FQIyxqsO9qqzzNqW2td4z,49a5ff7c4466457eb8016aaf873224cb,2025-12-16T21:34:12Z,0,Bold choice with the 10mim CATS track. Much better live with PEDs. ,e090f85b867a4cbf8ed12b6fdc7636c0
spotify:track:0IbfVp3NAjPFW5NpA9e2I3,49a5ff7c4466457eb8016aaf873224cb,2025-12-16T21:34:12Z,2,Sick. ,e090f85b867a4cbf8ed12b6fdc7636c0
spotify:track:168GHxsiJyT9tlJN74ZO11,49a5ff7c4466457eb8016aaf873224cb,2025-12-16T21:34:12Z,1,Kept hearing about this one but never got around to listening. Didn’t do a ton for me. ,e090f85b867a4cbf8ed12b6fdc7636c0
spotify:track:1u59v3OY0AnVdaPnZKBNd7,49a5ff7c4466457eb8016aaf873224cb,2025-12-16T21:34:12Z,1,Word. ,e090f85b867a4cbf8ed12b6fdc7636c0
spotify:track:1VfdQZIncjOK1ZhoK68AOu,49a5ff7c4466457eb8016aaf873224cb,2025-12-16T21:34:12Z,2,Spiffy. ,e090f85b867a4cbf8ed12b6fdc7636c0
spotify:track:2ajFKZHw9Kk80BurGc3rI2,49a5ff7c4466457eb8016aaf873224cb,2025-12-16T21:34:12Z,0,Zzzz,e090f85b867a4cbf8ed12b6fdc7636c0
spotify:track:4cjVWyjOj5O8RD76xVx9cx,49a5ff7c4466457eb8016aaf873224cb,2025-12-16T21:34:12Z,1,💃,e090f85b867a4cbf8ed12b6fdc7636c0
spotify:track:4rjV5wrSXTAzIybaNVBKsN,49a5ff7c4466457eb8016aaf873224cb,2025-12-16T21:34:12Z,2,Liked this more than expected. ,e090f85b867a4cbf8ed12b6fdc7636c0
spotify:track:4uRZYQ6zofDFO3iySD2e9X,49a5ff7c4466457eb8016aaf873224cb,2025-12-16T21:34:12Z,0,Too Wongy. Also my song did not follow it well. Negative points for ruining my pick. ,e090f85b867a4cbf8ed12b6fdc7636c0
spotify:track:5sJUrTiOlAdoKO8V81spAv,49a5ff7c4466457eb8016aaf873224cb,2025-12-16T21:34:12Z,2,Digggg it. Reminds me of something I can’t place. Gnarls combined with Prince? ,e090f85b867a4cbf8ed12b6fdc7636c0
spotify:track:6pyroXdJUlTZXfD5NLzjSr,49a5ff7c4466457eb8016aaf873224cb,2025-12-16T21:34:12Z,0,I made something like this in Garage Band in 2005. It was sick. ,e090f85b867a4cbf8ed12b6fdc7636c0
spotify:track:7FjQk2TBfNUTkpGnyEdb1I,49a5ff7c4466457eb8016aaf873224cb,2025-12-16T21:34:12Z,1,Groovy. Inoffensive. ,e090f85b867a4cbf8ed12b6fdc7636c0
spotify:track:7pTu4kQ0UVpxB7tyMCNelK,49a5ff7c4466457eb8016aaf873224cb,2025-12-16T21:34:12Z,3,Almost chose (or did choose?) Papir for a prompt last league. Love. Didn’t know they had a new release. ,e090f85b867a4cbf8ed12b6fdc7636c0
spotify:track:1VfdQZIncjOK1ZhoK68AOu,d0b05ef03f5e4598a3e8532b812c3330,2025-12-16T22:01:45Z,3,,e090f85b867a4cbf8ed12b6fdc7636c0
spotify:track:7pTu4kQ0UVpxB7tyMCNelK,d0b05ef03f5e4598a3e8532b812c3330,2025-12-16T22:01:45Z,1,,e090f85b867a4cbf8ed12b6fdc7636c0
spotify:track:7FjQk2TBfNUTkpGnyEdb1I,d0b05ef03f5e4598a3e8532b812c3330,2025-12-16T22:01:45Z,1,,e090f85b867a4cbf8ed12b6fdc7636c0
spotify:track:6pyroXdJUlTZXfD5NLzjSr,d0b05ef03f5e4598a3e8532b812c3330,2025-12-16T22:01:45Z,1,,e090f85b867a4cbf8ed12b6fdc7636c0
spotify:track:5L0YAr8FVgUi6QJXlkTqHi,d0b05ef03f5e4598a3e8532b812c3330,2025-12-16T22:01:45Z,2,,e090f85b867a4cbf8ed12b6fdc7636c0
spotify:track:1u59v3OY0AnVdaPnZKBNd7,d0b05ef03f5e4598a3e8532b812c3330,2025-12-16T22:01:45Z,1,,e090f85b867a4cbf8ed12b6fdc7636c0
spotify:track:0IbfVp3NAjPFW5NpA9e2I3,d0b05ef03f5e4598a3e8532b812c3330,2025-12-16T22:01:45Z,2,,e090f85b867a4cbf8ed12b6fdc7636c0
spotify:track:4rjV5wrSXTAzIybaNVBKsN,d0b05ef03f5e4598a3e8532b812c3330,2025-12-16T22:01:45Z,2,,e090f85b867a4cbf8ed12b6fdc7636c0
spotify:track:0FQIyxqsO9qqzzNqW2td4z,d0b05ef03f5e4598a3e8532b812c3330,2025-12-16T22:01:45Z,1,,e090f85b867a4cbf8ed12b6fdc7636c0
spotify:track:03zp0IxlcmOMMx43VWlp26,d0b05ef03f5e4598a3e8532b812c3330,2025-12-16T22:01:45Z,1,,e090f85b867a4cbf8ed12b6fdc7636c0
spotify:track:4cjVWyjOj5O8RD76xVx9cx,d0b05ef03f5e4598a3e8532b812c3330,2025-12-16T22:01:45Z,1,,e090f85b867a4cbf8ed12b6fdc7636c0
spotify:track:7pTu4kQ0UVpxB7tyMCNelK,48468f9ee55c4e71b349a5f376d4d792,2025-12-16T22:05:12Z,2,,e090f85b867a4cbf8ed12b6fdc7636c0
spotify:track:03zp0IxlcmOMMx43VWlp26,48468f9ee55c4e71b349a5f376d4d792,2025-12-16T22:05:12Z,1,,e090f85b867a4cbf8ed12b6fdc7636c0
spotify:track:0FQIyxqsO9qqzzNqW2td4z,48468f9ee55c4e71b349a5f376d4d792,2025-12-16T22:05:12Z,1,,e090f85b867a4cbf8ed12b6fdc7636c0
spotify:track:0IbfVp3NAjPFW5NpA9e2I3,48468f9ee55c4e71b349a5f376d4d792,2025-12-16T22:05:12Z,2,,e090f85b867a4cbf8ed12b6fdc7636c0
spotify:track:1LjBIsVA2ZXWPRfAngNXEQ,48468f9ee55c4e71b349a5f376d4d792,2025-12-16T22:05:12Z,1,,e090f85b867a4cbf8ed12b6fdc7636c0
spotify:track:1u59v3OY0AnVdaPnZKBNd7,48468f9ee55c4e71b349a5f376d4d792,2025-12-16T22:05:12Z,2,,e090f85b867a4cbf8ed12b6fdc7636c0
spotify:track:1VfdQZIncjOK1ZhoK68AOu,48468f9ee55c4e71b349a5f376d4d792,2025-12-16T22:05:12Z,1,,e090f85b867a4cbf8ed12b6fdc7636c0
spotify:track:2ajFKZHw9Kk80BurGc3rI2,48468f9ee55c4e71b349a5f376d4d792,2025-12-16T22:05:12Z,2,,e090f85b867a4cbf8ed12b6fdc7636c0
spotify:track:4uRZYQ6zofDFO3iySD2e9X,48468f9ee55c4e71b349a5f376d4d792,2025-12-16T22:05:12Z,2,,e090f85b867a4cbf8ed12b6fdc7636c0
spotify:track:7FjQk2TBfNUTkpGnyEdb1I,48468f9ee55c4e71b349a5f376d4d792,2025-12-16T22:05:12Z,2,,e090f85b867a4cbf8ed12b6fdc7636c0
spotify:track:5sJUrTiOlAdoKO8V81spAv,a2909b31d1c04d728cfcf68ca0d73cca,2025-12-16T22:11:08Z,1,,e090f85b867a4cbf8ed12b6fdc7636c0
spotify:track:5L0YAr8FVgUi6QJXlkTqHi,a2909b31d1c04d728cfcf68ca0d73cca,2025-12-16T22:11:08Z,1,,e090f85b867a4cbf8ed12b6fdc7636c0
spotify:track:4rjV5wrSXTAzIybaNVBKsN,a2909b31d1c04d728cfcf68ca0d73cca,2025-12-16T22:11:08Z,2,,e090f85b867a4cbf8ed12b6fdc7636c0
spotify:track:4cjVWyjOj5O8RD76xVx9cx,a2909b31d1c04d728cfcf68ca0d73cca,2025-12-16T22:11:08Z,1,,e090f85b867a4cbf8ed12b6fdc7636c0
spotify:track:2ajFKZHw9Kk80BurGc3rI2,a2909b31d1c04d728cfcf68ca0d73cca,2025-12-16T22:11:08Z,0,A little too sad for my liking ,e090f85b867a4cbf8ed12b6fdc7636c0
spotify:track:1VfdQZIncjOK1ZhoK68AOu,a2909b31d1c04d728cfcf68ca0d73cca,2025-12-16T22:11:08Z,0,Feels like auditory ADHD. ,e090f85b867a4cbf8ed12b6fdc7636c0
spotify:track:1u59v3OY0AnVdaPnZKBNd7,a2909b31d1c04d728cfcf68ca0d73cca,2025-12-16T22:11:08Z,1,,e090f85b867a4cbf8ed12b6fdc7636c0
spotify:track:1LjBIsVA2ZXWPRfAngNXEQ,a2909b31d1c04d728cfcf68ca0d73cca,2025-12-16T22:11:08Z,1,,e090f85b867a4cbf8ed12b6fdc7636c0
spotify:track:168GHxsiJyT9tlJN74ZO11,a2909b31d1c04d728cfcf68ca0d73cca,2025-12-16T22:11:08Z,0,Not giving me the dopamine I was hoping for ,e090f85b867a4cbf8ed12b6fdc7636c0
spotify:track:0IbfVp3NAjPFW5NpA9e2I3,a2909b31d1c04d728cfcf68ca0d73cca,2025-12-16T22:11:08Z,1,,e090f85b867a4cbf8ed12b6fdc7636c0
spotify:track:0FQIyxqsO9qqzzNqW2td4z,a2909b31d1c04d728cfcf68ca0d73cca,2025-12-16T22:11:08Z,1,Feels like this song could have been half the length. Still good tho,e090f85b867a4cbf8ed12b6fdc7636c0
spotify:track:03zp0IxlcmOMMx43VWlp26,a2909b31d1c04d728cfcf68ca0d73cca,2025-12-16T22:11:08Z,3,Favorite of the bunch kicking it off!,e090f85b867a4cbf8ed12b6fdc7636c0
spotify:track:6pyroXdJUlTZXfD5NLzjSr,a2909b31d1c04d728cfcf68ca0d73cca,2025-12-16T22:11:08Z,1,We go hard all night. ,e090f85b867a4cbf8ed12b6fdc7636c0
spotify:track:7FjQk2TBfNUTkpGnyEdb1I,a2909b31d1c04d728cfcf68ca0d73cca,2025-12-16T22:11:08Z,2,,e090f85b867a4cbf8ed12b6fdc7636c0
spotify:track:7pTu4kQ0UVpxB7tyMCNelK,a2909b31d1c04d728cfcf68ca0d73cca,2025-12-16T22:11:08Z,1,,e090f85b867a4cbf8ed12b6fdc7636c0
spotify:track:0FQIyxqsO9qqzzNqW2td4z,4e117e3021d7466c8bf0b654f8357418,2025-12-17T00:31:42Z,4,,e090f85b867a4cbf8ed12b6fdc7636c0
spotify:track:1VfdQZIncjOK1ZhoK68AOu,4e117e3021d7466c8bf0b654f8357418,2025-12-17T00:31:42Z,3,,e090f85b867a4cbf8ed12b6fdc7636c0
spotify:track:4cjVWyjOj5O8RD76xVx9cx,4e117e3021d7466c8bf0b654f8357418,2025-12-17T00:31:42Z,2,,e090f85b867a4cbf8ed12b6fdc7636c0
spotify:track:4rjV5wrSXTAzIybaNVBKsN,4e117e3021d7466c8bf0b654f8357418,2025-12-17T00:31:42Z,4,,e090f85b867a4cbf8ed12b6fdc7636c0
spotify:track:6pyroXdJUlTZXfD5NLzjSr,4e117e3021d7466c8bf0b654f8357418,2025-12-17T00:31:42Z,1,,e090f85b867a4cbf8ed12b6fdc7636c0
spotify:track:7FjQk2TBfNUTkpGnyEdb1I,4e117e3021d7466c8bf0b654f8357418,2025-12-17T00:31:42Z,2,,e090f85b867a4cbf8ed12b6fdc7636c0
spotify:track:5sJUrTiOlAdoKO8V81spAv,8453d173315c468e8134e2527a658ba5,2025-12-17T02:21:45Z,4,Digging the vibe ,e090f85b867a4cbf8ed12b6fdc7636c0
spotify:track:03zp0IxlcmOMMx43VWlp26,8453d173315c468e8134e2527a658ba5,2025-12-17T02:21:45Z,1,,e090f85b867a4cbf8ed12b6fdc7636c0
spotify:track:0FQIyxqsO9qqzzNqW2td4z,8453d173315c468e8134e2527a658ba5,2025-12-17T02:21:45Z,1,Could have gotten more points if it was 6 minutes shorter ,e090f85b867a4cbf8ed12b6fdc7636c0
spotify:track:0IbfVp3NAjPFW5NpA9e2I3,8453d173315c468e8134e2527a658ba5,2025-12-17T02:21:45Z,1,Could have gotten more points without the vocals,e090f85b867a4cbf8ed12b6fdc7636c0
spotify:track:168GHxsiJyT9tlJN74ZO11,8453d173315c468e8134e2527a658ba5,2025-12-17T02:21:45Z,0,Bring back negative points ,e090f85b867a4cbf8ed12b6fdc7636c0
spotify:track:1LjBIsVA2ZXWPRfAngNXEQ,8453d173315c468e8134e2527a658ba5,2025-12-17T02:21:45Z,5,Fave of the week ,e090f85b867a4cbf8ed12b6fdc7636c0
spotify:track:1u59v3OY0AnVdaPnZKBNd7,8453d173315c468e8134e2527a658ba5,2025-12-17T02:21:45Z,1,,e090f85b867a4cbf8ed12b6fdc7636c0
spotify:track:4cjVWyjOj5O8RD76xVx9cx,8453d173315c468e8134e2527a658ba5,2025-12-17T02:21:45Z,2,,e090f85b867a4cbf8ed12b6fdc7636c0
spotify:track:6pyroXdJUlTZXfD5NLzjSr,8453d173315c468e8134e2527a658ba5,2025-12-17T02:21:45Z,1,,e090f85b867a4cbf8ed12b6fdc7636c0
spotify:track:5L0YAr8FVgUi6QJXlkTqHi,7fdceb56429c4e38939c3e5ee41bfdd0,2025-12-17T02:58:00Z,0,Nope,e090f85b867a4cbf8ed12b6fdc7636c0
spotify:track:5sJUrTiOlAdoKO8V81spAv,7fdceb56429c4e38939c3e5ee41bfdd0,2025-12-17T02:58:00Z,2,One of the tops of the week,e090f85b867a4cbf8ed12b6fdc7636c0
spotify:track:6pyroXdJUlTZXfD5NLzjSr,7fdceb56429c4e38939c3e5ee41bfdd0,2025-12-17T02:58:00Z,1,,e090f85b867a4cbf8ed12b6fdc7636c0
spotify:track:7FjQk2TBfNUTkpGnyEdb1I,7fdceb56429c4e38939c3e5ee41bfdd0,2025-12-17T02:58:00Z,2,Add a dash of Charlie hunter to anything and I’ll give it a point ,e090f85b867a4cbf8ed12b6fdc7636c0
spotify:track:7pTu4kQ0UVpxB7tyMCNelK,7fdceb56429c4e38939c3e5ee41bfdd0,2025-12-17T02:58:00Z,1,,e090f85b867a4cbf8ed12b6fdc7636c0
spotify:track:168GHxsiJyT9tlJN74ZO11,7fdceb56429c4e38939c3e5ee41bfdd0,2025-12-17T02:58:00Z,2,Little hit,e090f85b867a4cbf8ed12b6fdc7636c0
spotify:track:1LjBIsVA2ZXWPRfAngNXEQ,7fdceb56429c4e38939c3e5ee41bfdd0,2025-12-17T02:58:00Z,1,,e090f85b867a4cbf8ed12b6fdc7636c0
spotify:track:1u59v3OY0AnVdaPnZKBNd7,7fdceb56429c4e38939c3e5ee41bfdd0,2025-12-17T02:58:00Z,1,,e090f85b867a4cbf8ed12b6fdc7636c0
spotify:track:1VfdQZIncjOK1ZhoK68AOu,7fdceb56429c4e38939c3e5ee41bfdd0,2025-12-17T02:58:00Z,1,,e090f85b867a4cbf8ed12b6fdc7636c0
spotify:track:2ajFKZHw9Kk80BurGc3rI2,7fdceb56429c4e38939c3e5ee41bfdd0,2025-12-17T02:58:00Z,2,Down to check out more,e090f85b867a4cbf8ed12b6fdc7636c0
spotify:track:4rjV5wrSXTAzIybaNVBKsN,7fdceb56429c4e38939c3e5ee41bfdd0,2025-12-17T02:58:00Z,2,Late night banger ,e090f85b867a4cbf8ed12b6fdc7636c0
spotify:track:4uRZYQ6zofDFO3iySD2e9X,7fdceb56429c4e38939c3e5ee41bfdd0,2025-12-17T02:58:00Z,1,,e090f85b867a4cbf8ed12b6fdc7636c0
spotify:track:0IbfVp3NAjPFW5NpA9e2I3,9b7e03ea90dd46db9779dc21eb04ca5a,2025-12-17T13:16:08Z,2,,e090f85b867a4cbf8ed12b6fdc7636c0
spotify:track:03zp0IxlcmOMMx43VWlp26,9b7e03ea90dd46db9779dc21eb04ca5a,2025-12-17T13:16:08Z,1,Color Red does it again,e090f85b867a4cbf8ed12b6fdc7636c0
spotify:track:0FQIyxqsO9qqzzNqW2td4z,9b7e03ea90dd46db9779dc21eb04ca5a,2025-12-17T13:16:08Z,2,just consistently pumping out gold ,e090f85b867a4cbf8ed12b6fdc7636c0
spotify:track:1LjBIsVA2ZXWPRfAngNXEQ,9b7e03ea90dd46db9779dc21eb04ca5a,2025-12-17T13:16:08Z,1,Love this album ,e090f85b867a4cbf8ed12b6fdc7636c0
spotify:track:1VfdQZIncjOK1ZhoK68AOu,9b7e03ea90dd46db9779dc21eb04ca5a,2025-12-17T13:16:08Z,1,Animal Collective if they went to jazz school?,e090f85b867a4cbf8ed12b6fdc7636c0
spotify:track:2ajFKZHw9Kk80BurGc3rI2,9b7e03ea90dd46db9779dc21eb04ca5a,2025-12-17T13:16:08Z,0,here for grooves :/ ,e090f85b867a4cbf8ed12b6fdc7636c0
spotify:track:4cjVWyjOj5O8RD76xVx9cx,9b7e03ea90dd46db9779dc21eb04ca5a,2025-12-17T13:16:08Z,2,,e090f85b867a4cbf8ed12b6fdc7636c0
spotify:track:5sJUrTiOlAdoKO8V81spAv,9b7e03ea90dd46db9779dc21eb04ca5a,2025-12-17T13:16:08Z,1,Usually love Little Dragon with a touch more groove ,e090f85b867a4cbf8ed12b6fdc7636c0
spotify:track:6pyroXdJUlTZXfD5NLzjSr,9b7e03ea90dd46db9779dc21eb04ca5a,2025-12-17T13:16:08Z,2,,e090f85b867a4cbf8ed12b6fdc7636c0
spotify:track:7FjQk2TBfNUTkpGnyEdb1I,9b7e03ea90dd46db9779dc21eb04ca5a,2025-12-17T13:16:08Z,3,,e090f85b867a4cbf8ed12b6fdc7636c0
spotify:track:7pTu4kQ0UVpxB7tyMCNelK,9b7e03ea90dd46db9779dc21eb04ca5a,2025-12-17T13:16:08Z,1,Do. Make. Say. Think. but more hardcore. I dig!,e090f85b867a4cbf8ed12b6fdc7636c0
spotify:track:0FQIyxqsO9qqzzNqW2td4z,e5c2390073644e979f43e744c33e6c60,2025-12-17T17:37:55Z,2,CATS back with the drip drip ,e090f85b867a4cbf8ed12b6fdc7636c0
spotify:track:7pTu4kQ0UVpxB7tyMCNelK,e5c2390073644e979f43e744c33e6c60,2025-12-17T17:37:55Z,2,,e090f85b867a4cbf8ed12b6fdc7636c0
spotify:track:7FjQk2TBfNUTkpGnyEdb1I,e5c2390073644e979f43e744c33e6c60,2025-12-17T17:37:55Z,1,,e090f85b867a4cbf8ed12b6fdc7636c0
spotify:track:6pyroXdJUlTZXfD5NLzjSr,e5c2390073644e979f43e744c33e6c60,2025-12-17T17:37:55Z,1,,e090f85b867a4cbf8ed12b6fdc7636c0
spotify:track:5sJUrTiOlAdoKO8V81spAv,e5c2390073644e979f43e744c33e6c60,2025-12-17T17:37:55Z,1,,e090f85b867a4cbf8ed12b6fdc7636c0
spotify:track:5L0YAr8FVgUi6QJXlkTqHi,e5c2390073644e979f43e744c33e6c60,2025-12-17T17:37:55Z,1,She loves that serpent lullaby,e090f85b867a4cbf8ed12b6fdc7636c0
spotify:track:4uRZYQ6zofDFO3iySD2e9X,e5c2390073644e979f43e744c33e6c60,2025-12-17T17:37:55Z,2,,e090f85b867a4cbf8ed12b6fdc7636c0
spotify:track:1VfdQZIncjOK1ZhoK68AOu,e5c2390073644e979f43e744c33e6c60,2025-12-17T17:37:55Z,2,Nice groove short and sweet,e090f85b867a4cbf8ed12b6fdc7636c0
spotify:track:1u59v3OY0AnVdaPnZKBNd7,e5c2390073644e979f43e744c33e6c60,2025-12-17T17:37:55Z,1,,e090f85b867a4cbf8ed12b6fdc7636c0
spotify:track:1LjBIsVA2ZXWPRfAngNXEQ,e5c2390073644e979f43e744c33e6c60,2025-12-17T17:37:55Z,1,,e090f85b867a4cbf8ed12b6fdc7636c0
spotify:track:168GHxsiJyT9tlJN74ZO11,e5c2390073644e979f43e744c33e6c60,2025-12-17T17:37:55Z,1,,e090f85b867a4cbf8ed12b6fdc7636c0
spotify:track:0IbfVp3NAjPFW5NpA9e2I3,e5c2390073644e979f43e744c33e6c60,2025-12-17T17:37:55Z,1,,e090f85b867a4cbf8ed12b6fdc7636c0
spotify:track:0FQIyxqsO9qqzzNqW2td4z,0b4377c224ba402d97adce848425da90,2025-12-17T19:43:31Z,2,Strong follow up album from CATS. Some real slick funk here.  ,e090f85b867a4cbf8ed12b6fdc7636c0
spotify:track:7FjQk2TBfNUTkpGnyEdb1I,0b4377c224ba402d97adce848425da90,2025-12-17T19:43:31Z,4,Can’t believe I got sniped in the first round. Well done. Sadé Is 👸 ,e090f85b867a4cbf8ed12b6fdc7636c0
spotify:track:6pyroXdJUlTZXfD5NLzjSr,0b4377c224ba402d97adce848425da90,2025-12-17T19:43:31Z,0,I remember when this song came out. In April. ,e090f85b867a4cbf8ed12b6fdc7636c0
spotify:track:5sJUrTiOlAdoKO8V81spAv,0b4377c224ba402d97adce848425da90,2025-12-17T19:43:31Z,1,If you are what you say you are… a superstar….,e090f85b867a4cbf8ed12b6fdc7636c0
spotify:track:5L0YAr8FVgUi6QJXlkTqHi,0b4377c224ba402d97adce848425da90,2025-12-17T19:43:31Z,0,Snooze,e090f85b867a4cbf8ed12b6fdc7636c0
spotify:track:4uRZYQ6zofDFO3iySD2e9X,0b4377c224ba402d97adce848425da90,2025-12-17T19:43:31Z,1,,e090f85b867a4cbf8ed12b6fdc7636c0
spotify:track:4rjV5wrSXTAzIybaNVBKsN,0b4377c224ba402d97adce848425da90,2025-12-17T19:43:31Z,2,Top tier groove ,e090f85b867a4cbf8ed12b6fdc7636c0
spotify:track:4cjVWyjOj5O8RD76xVx9cx,0b4377c224ba402d97adce848425da90,2025-12-17T19:43:31Z,1,Catchy AF,e090f85b867a4cbf8ed12b6fdc7636c0
spotify:track:2ajFKZHw9Kk80BurGc3rI2,0b4377c224ba402d97adce848425da90,2025-12-17T19:43:31Z,0,Allowed to be… depressed. ,e090f85b867a4cbf8ed12b6fdc7636c0
spotify:track:1VfdQZIncjOK1ZhoK68AOu,0b4377c224ba402d97adce848425da90,2025-12-17T19:43:31Z,1,Not my favorite track from ZT but still a point. ,e090f85b867a4cbf8ed12b6fdc7636c0
spotify:track:1u59v3OY0AnVdaPnZKBNd7,0b4377c224ba402d97adce848425da90,2025-12-17T19:43:31Z,0,"Decent (if generic) funk, but lyrics got too repetitive for me. ",e090f85b867a4cbf8ed12b6fdc7636c0
spotify:track:1LjBIsVA2ZXWPRfAngNXEQ,0b4377c224ba402d97adce848425da90,2025-12-17T19:43:31Z,1,Lovely stuff here. ,e090f85b867a4cbf8ed12b6fdc7636c0
spotify:track:168GHxsiJyT9tlJN74ZO11,0b4377c224ba402d97adce848425da90,2025-12-17T19:43:31Z,1,JUST dopamine? How dare you. ,e090f85b867a4cbf8ed12b6fdc7636c0
spotify:track:0IbfVp3NAjPFW5NpA9e2I3,0b4377c224ba402d97adce848425da90,2025-12-17T19:43:31Z,1,Love the instrumentals. Vocals are good when she’s not trying to rap.,e090f85b867a4cbf8ed12b6fdc7636c0
spotify:track:03zp0IxlcmOMMx43VWlp26,0b4377c224ba402d97adce848425da90,2025-12-17T19:43:31Z,1,"Very good for a holiday song, but it’s still a holiday song. ",e090f85b867a4cbf8ed12b6fdc7636c0
spotify:track:0FQIyxqsO9qqzzNqW2td4z,605866a938e54c5da212fc8595186729,2025-12-18T15:16:17Z,2,,e090f85b867a4cbf8ed12b6fdc7636c0
spotify:track:7pTu4kQ0UVpxB7tyMCNelK,605866a938e54c5da212fc8595186729,2025-12-18T15:16:17Z,3,,e090f85b867a4cbf8ed12b6fdc7636c0
spotify:track:7FjQk2TBfNUTkpGnyEdb1I,605866a938e54c5da212fc8595186729,2025-12-18T15:16:17Z,3,,e090f85b867a4cbf8ed12b6fdc7636c0
spotify:track:4uRZYQ6zofDFO3iySD2e9X,605866a938e54c5da212fc8595186729,2025-12-18T15:16:17Z,2,,e090f85b867a4cbf8ed12b6fdc7636c0
spotify:track:4cjVWyjOj5O8RD76xVx9cx,605866a938e54c5da212fc8595186729,2025-12-18T15:16:17Z,1,,e090f85b867a4cbf8ed12b6fdc7636c0
spotify:track:1VfdQZIncjOK1ZhoK68AOu,605866a938e54c5da212fc8595186729,2025-12-18T15:16:17Z,2,,e090f85b867a4cbf8ed12b6fdc7636c0
spotify:track:1LjBIsVA2ZXWPRfAngNXEQ,605866a938e54c5da212fc8595186729,2025-12-18T15:16:17Z,1,,e090f85b867a4cbf8ed12b6fdc7636c0
spotify:track:168GHxsiJyT9tlJN74ZO11,605866a938e54c5da212fc8595186729,2025-12-18T15:16:17Z,1,,e090f85b867a4cbf8ed12b6fdc7636c0
spotify:track:0IbfVp3NAjPFW5NpA9e2I3,605866a938e54c5da212fc8595186729,2025-12-18T15:16:17Z,1,,e090f85b867a4cbf8ed12b6fdc7636c0
spotify:track:0yK8sWD6cfrc7pGfaPIcZH,f1f0f2ed0eb64306992b613229fb7972,2025-12-22T01:39:48Z,3,Beautiful tune ❤️ Pretty much everything is a tough follow after this one!,51c62b66ee574d80b12e759d34a192cd
spotify:track:114gCJP9NGrrs5gjPU8RTi,f1f0f2ed0eb64306992b613229fb7972,2025-12-22T01:39:48Z,0,"Can’t say I necessarily agree these days, ol’ Chuck… 🫩 I want this to be Johnny B. Goode but it just isn’t. ",51c62b66ee574d80b12e759d34a192cd
spotify:track:27IAGbjvycjqu3WIkqgfkk,f1f0f2ed0eb64306992b613229fb7972,2025-12-22T01:39:48Z,1,Kinda boring but I can’t just give ALL my points to Nelly??? 🫠,51c62b66ee574d80b12e759d34a192cd
spotify:track:2npbwyr9HxwL6AHVw8mFVC,f1f0f2ed0eb64306992b613229fb7972,2025-12-22T01:39:48Z,1,Geetar 🔥🎸,51c62b66ee574d80b12e759d34a192cd
spotify:track:2wo3097AycGkoKAhzkbE7f,f1f0f2ed0eb64306992b613229fb7972,2025-12-22T01:39:48Z,2,🎹⚜️❤️,51c62b66ee574d80b12e759d34a192cd
spotify:track:3Gf5nttwcX9aaSQXRWidEZ,f1f0f2ed0eb64306992b613229fb7972,2025-12-22T01:39:48Z,3,Undeniable banger but feels pretty unfair this song is in here competing with the rest of these bops… 😒,51c62b66ee574d80b12e759d34a192cd
spotify:track:3JQLM7sS9dfHN5d63Fw2b0,f1f0f2ed0eb64306992b613229fb7972,2025-12-22T01:39:48Z,1,"Lol, TOUGH follow after Nelly 🥴 but catchy! *snaps along*",51c62b66ee574d80b12e759d34a192cd
spotify:track:48ZCsJffll13PVGLcN8Iwl,f1f0f2ed0eb64306992b613229fb7972,2025-12-22T01:39:48Z,1,Point for Sister Rosetta Tharpe 💪,51c62b66ee574d80b12e759d34a192cd
spotify:track:57W5o6ojTFtydDMZ0mDDB3,f1f0f2ed0eb64306992b613229fb7972,2025-12-22T01:39:48Z,1,Love some good harmonica,51c62b66ee574d80b12e759d34a192cd
spotify:track:58PSYdY0GFg0LFb2PxYk4T,f1f0f2ed0eb64306992b613229fb7972,2025-12-22T01:39:48Z,0,(I skip this when listening to The Last Waltz. Sorry not sorry 😐),51c62b66ee574d80b12e759d34a192cd
spotify:track:5gS6Qvd6Un9cfSLUSoCEyk,f1f0f2ed0eb64306992b613229fb7972,2025-12-22T01:39:48Z,1,Why was this SO long??? And also not a cover of Toto’s smash hit? I kept waiting for the vocals to come in but they just never did… ,51c62b66ee574d80b12e759d34a192cd
spotify:track:5HisVcYPaIB4uHdrnW6HCt,f1f0f2ed0eb64306992b613229fb7972,2025-12-22T01:39:48Z,2,🇨🇺🎺👏,51c62b66ee574d80b12e759d34a192cd
spotify:track:6157eGcWcBaHZcYIfQQZjn,f1f0f2ed0eb64306992b613229fb7972,2025-12-22T01:39:48Z,0,"V jazzy, But Not For Me 😜",51c62b66ee574d80b12e759d34a192cd
spotify:track:70GPUN6bzVt2JzmAQMIhif,f1f0f2ed0eb64306992b613229fb7972,2025-12-22T01:39:48Z,0,Lotta jazz at the end here… 😬,51c62b66ee574d80b12e759d34a192cd
spotify:track:7CWYLyxJq7xLiUk6yh5ixd,f1f0f2ed0eb64306992b613229fb7972,2025-12-22T01:39:48Z,0,So jazzy… 😳,51c62b66ee574d80b12e759d34a192cd
spotify:track:0yK8sWD6cfrc7pGfaPIcZH,0d42af6c19054b7dbbe4aa499186e408,2025-12-22T05:27:11Z,1,"Cinematic, steely start to the playlist. May not get a vote from me if it wasn’t the first song, but a great first song to whatever this bluesy/jazzy/nelly mess is that follows. ",51c62b66ee574d80b12e759d34a192cd
spotify:track:114gCJP9NGrrs5gjPU8RTi,0d42af6c19054b7dbbe4aa499186e408,2025-12-22T05:27:11Z,1,Two ‘59s in a row it seems. Chuck Berry. The precursor to the Beatles parody. Point. ,51c62b66ee574d80b12e759d34a192cd
spotify:track:27IAGbjvycjqu3WIkqgfkk,0d42af6c19054b7dbbe4aa499186e408,2025-12-22T05:27:11Z,0,The white version of smokestack lightnin ,51c62b66ee574d80b12e759d34a192cd
spotify:track:2npbwyr9HxwL6AHVw8mFVC,0d42af6c19054b7dbbe4aa499186e408,2025-12-22T05:27:11Z,2,Deeper-ish cut from BB and a nice reminder that this dude helped lay the foundation for the vast majority the bluesy jams we enjoy today. Fun horns too…starting to realize that my Spotify age of 73 is embarrassingly on point ,51c62b66ee574d80b12e759d34a192cd
spotify:track:2wo3097AycGkoKAhzkbE7f,0d42af6c19054b7dbbe4aa499186e408,2025-12-22T05:27:11Z,0,"Not my favorite instrumental on this playlist, a little too glitzy/swingy. Reading that it was the closing theme of a British children’s program in the 70s made me almost give it a point as I think in a more modern context that fits. ",51c62b66ee574d80b12e759d34a192cd
spotify:track:2xKfXRhw5xaUXfevJJspZf,0d42af6c19054b7dbbe4aa499186e408,2025-12-22T05:27:11Z,1,This song will always be great. And American Grafitti is a great movie. Realizing that much of this playlist is cinematic. ,51c62b66ee574d80b12e759d34a192cd
spotify:track:3Gf5nttwcX9aaSQXRWidEZ,0d42af6c19054b7dbbe4aa499186e408,2025-12-22T05:27:11Z,0,“She could be 73 with an attitude.” ,51c62b66ee574d80b12e759d34a192cd
spotify:track:3JQLM7sS9dfHN5d63Fw2b0,0d42af6c19054b7dbbe4aa499186e408,2025-12-22T05:27:11Z,2,Real fun to hear what preceded the JGB version. ,51c62b66ee574d80b12e759d34a192cd
spotify:track:48ZCsJffll13PVGLcN8Iwl,0d42af6c19054b7dbbe4aa499186e408,2025-12-22T05:27:11Z,3,Is this from the 40s!?Wowza. Powerful voice. And given her clear influence on so many others I am  embarrassed this is the first song I am hearing of of hers.  Want to hear more. Favorite of the playlist for me. ,51c62b66ee574d80b12e759d34a192cd
spotify:track:57W5o6ojTFtydDMZ0mDDB3,0d42af6c19054b7dbbe4aa499186e408,2025-12-22T05:27:11Z,1,Enjoyed this. Solid blues blowing. ,51c62b66ee574d80b12e759d34a192cd
spotify:track:58PSYdY0GFg0LFb2PxYk4T,0d42af6c19054b7dbbe4aa499186e408,2025-12-22T05:27:11Z,1,It’s a classic for a reason. Also some gems in the lyrics. ,51c62b66ee574d80b12e759d34a192cd
spotify:track:5gS6Qvd6Un9cfSLUSoCEyk,0d42af6c19054b7dbbe4aa499186e408,2025-12-22T05:27:11Z,0,Ripped me back into the present like a rusty nail through a wet piece of wood. ,51c62b66ee574d80b12e759d34a192cd
spotify:track:5HisVcYPaIB4uHdrnW6HCt,0d42af6c19054b7dbbe4aa499186e408,2025-12-22T05:27:11Z,1,Big band meets Cubano. Fun. ,51c62b66ee574d80b12e759d34a192cd
spotify:track:6157eGcWcBaHZcYIfQQZjn,0d42af6c19054b7dbbe4aa499186e408,2025-12-22T05:27:11Z,2,Good jazz. ,51c62b66ee574d80b12e759d34a192cd
spotify:track:7CWYLyxJq7xLiUk6yh5ixd,0d42af6c19054b7dbbe4aa499186e408,2025-12-22T05:27:11Z,1,More nice jazz. Enjoyed the end of this playlist as well as the old selections overall. Prime jazz and prime blues—hard to go wrong. Book recommendation that bridges the gap between this music and today’s with some light horror/time travel/body dysmorphia/satire thrown in: White Tears by Hari Kunzru. ,51c62b66ee574d80b12e759d34a192cd
spotify:track:0yK8sWD6cfrc7pGfaPIcZH,ce76a5e6ff274137bb5127db7065d9a8,2025-12-22T13:27:36Z,1,This is reminding me of a movie or tv show. The leftovers maybe?,51c62b66ee574d80b12e759d34a192cd
spotify:track:114gCJP9NGrrs5gjPU8RTi,ce76a5e6ff274137bb5127db7065d9a8,2025-12-22T13:27:36Z,1,,51c62b66ee574d80b12e759d34a192cd
spotify:track:27IAGbjvycjqu3WIkqgfkk,ce76a5e6ff274137bb5127db7065d9a8,2025-12-22T13:27:36Z,0,Feels a little on the nose,51c62b66ee574d80b12e759d34a192cd
spotify:track:2npbwyr9HxwL6AHVw8mFVC,ce76a5e6ff274137bb5127db7065d9a8,2025-12-22T13:27:36Z,1,,51c62b66ee574d80b12e759d34a192cd
spotify:track:2xKfXRhw5xaUXfevJJspZf,ce76a5e6ff274137bb5127db7065d9a8,2025-12-22T13:27:36Z,0,This is just not the style I like from this era,51c62b66ee574d80b12e759d34a192cd
spotify:track:3Gf5nttwcX9aaSQXRWidEZ,ce76a5e6ff274137bb5127db7065d9a8,2025-12-22T13:27:36Z,0,Lol,51c62b66ee574d80b12e759d34a192cd
spotify:track:3JQLM7sS9dfHN5d63Fw2b0,ce76a5e6ff274137bb5127db7065d9a8,2025-12-22T13:27:36Z,2,"Cool, never heard this before ",51c62b66ee574d80b12e759d34a192cd
spotify:track:48ZCsJffll13PVGLcN8Iwl,ce76a5e6ff274137bb5127db7065d9a8,2025-12-22T13:27:36Z,1,,51c62b66ee574d80b12e759d34a192cd
spotify:track:57W5o6ojTFtydDMZ0mDDB3,ce76a5e6ff274137bb5127db7065d9a8,2025-12-22T13:27:36Z,1,"Solid, cool find ",51c62b66ee574d80b12e759d34a192cd
spotify:track:58PSYdY0GFg0LFb2PxYk4T,ce76a5e6ff274137bb5127db7065d9a8,2025-12-22T13:27:36Z,2,This is probably my favorite of the blues songs on this playlist. This recording felt weightier than it does in the last waltz,51c62b66ee574d80b12e759d34a192cd
spotify:track:5gS6Qvd6Un9cfSLUSoCEyk,ce76a5e6ff274137bb5127db7065d9a8,2025-12-22T13:27:36Z,0,Somebody is younger than Nelly? Too long with not enough happening to keep me interested,51c62b66ee574d80b12e759d34a192cd
spotify:track:5HisVcYPaIB4uHdrnW6HCt,ce76a5e6ff274137bb5127db7065d9a8,2025-12-22T13:27:36Z,1,,51c62b66ee574d80b12e759d34a192cd
spotify:track:6157eGcWcBaHZcYIfQQZjn,ce76a5e6ff274137bb5127db7065d9a8,2025-12-22T13:27:36Z,2,Cool as hell. Well played ,51c62b66ee574d80b12e759d34a192cd
spotify:track:70GPUN6bzVt2JzmAQMIhif,ce76a5e6ff274137bb5127db7065d9a8,2025-12-22T13:27:36Z,2,Back to back bangers. Slanky. I think Jazz was the way to go for the 50s and this is really under the radar (to me) and also good. Well done,51c62b66ee574d80b12e759d34a192cd
spotify:track:7CWYLyxJq7xLiUk6yh5ixd,ce76a5e6ff274137bb5127db7065d9a8,2025-12-22T13:27:36Z,2,Another winner. Three nice jazz tunes in a row ,51c62b66ee574d80b12e759d34a192cd
spotify:track:0yK8sWD6cfrc7pGfaPIcZH,d0b05ef03f5e4598a3e8532b812c3330,2025-12-22T13:58:28Z,1,,51c62b66ee574d80b12e759d34a192cd
spotify:track:114gCJP9NGrrs5gjPU8RTi,d0b05ef03f5e4598a3e8532b812c3330,2025-12-22T13:58:28Z,1,During my research I came to realize how much of chuck berry’s songs all sound the same. Sorry not sorry. ,51c62b66ee574d80b12e759d34a192cd
spotify:track:27IAGbjvycjqu3WIkqgfkk,d0b05ef03f5e4598a3e8532b812c3330,2025-12-22T13:58:28Z,1,Pretty fucking awesome song in light of all the sugary doo woo,51c62b66ee574d80b12e759d34a192cd
spotify:track:2npbwyr9HxwL6AHVw8mFVC,d0b05ef03f5e4598a3e8532b812c3330,2025-12-22T13:58:28Z,1,,51c62b66ee574d80b12e759d34a192cd
spotify:track:2wo3097AycGkoKAhzkbE7f,d0b05ef03f5e4598a3e8532b812c3330,2025-12-22T13:58:28Z,1,,51c62b66ee574d80b12e759d34a192cd
spotify:track:3Gf5nttwcX9aaSQXRWidEZ,d0b05ef03f5e4598a3e8532b812c3330,2025-12-22T13:58:28Z,1,,51c62b66ee574d80b12e759d34a192cd
spotify:track:48ZCsJffll13PVGLcN8Iwl,d0b05ef03f5e4598a3e8532b812c3330,2025-12-22T13:58:28Z,2,Yessss,51c62b66ee574d80b12e759d34a192cd
spotify:track:57W5o6ojTFtydDMZ0mDDB3,d0b05ef03f5e4598a3e8532b812c3330,2025-12-22T13:58:28Z,3,Damn awesome find ,51c62b66ee574d80b12e759d34a192cd
spotify:track:5gS6Qvd6Un9cfSLUSoCEyk,d0b05ef03f5e4598a3e8532b812c3330,2025-12-22T13:58:28Z,1,Love you Kenny. And Steve Kimock. Did you lose a bet and Lauren got to pick a song for you? ,51c62b66ee574d80b12e759d34a192cd
spotify:track:5HisVcYPaIB4uHdrnW6HCt,d0b05ef03f5e4598a3e8532b812c3330,2025-12-22T13:58:28Z,0,Wanted to submit a different perez song. It’s called Patricia. Put it on. IYKYK. Asa certainly does not know…,51c62b66ee574d80b12e759d34a192cd
spotify:track:6157eGcWcBaHZcYIfQQZjn,d0b05ef03f5e4598a3e8532b812c3330,2025-12-22T13:58:28Z,1,,51c62b66ee574d80b12e759d34a192cd
spotify:track:70GPUN6bzVt2JzmAQMIhif,d0b05ef03f5e4598a3e8532b812c3330,2025-12-22T13:58:28Z,1,,51c62b66ee574d80b12e759d34a192cd
spotify:track:7CWYLyxJq7xLiUk6yh5ixd,d0b05ef03f5e4598a3e8532b812c3330,2025-12-22T13:58:28Z,2,Songs at the end always never get love. Listen in different orders people. -your commish ,51c62b66ee574d80b12e759d34a192cd
spotify:track:0yK8sWD6cfrc7pGfaPIcZH,183c5f6ed1b147099842917a9576c8f4,2025-12-22T14:23:32Z,1,,51c62b66ee574d80b12e759d34a192cd
spotify:track:27IAGbjvycjqu3WIkqgfkk,183c5f6ed1b147099842917a9576c8f4,2025-12-22T14:23:32Z,2,,51c62b66ee574d80b12e759d34a192cd
spotify:track:2npbwyr9HxwL6AHVw8mFVC,183c5f6ed1b147099842917a9576c8f4,2025-12-22T14:23:32Z,2,,51c62b66ee574d80b12e759d34a192cd
spotify:track:2wo3097AycGkoKAhzkbE7f,183c5f6ed1b147099842917a9576c8f4,2025-12-22T14:23:32Z,2,,51c62b66ee574d80b12e759d34a192cd
spotify:track:3Gf5nttwcX9aaSQXRWidEZ,183c5f6ed1b147099842917a9576c8f4,2025-12-22T14:23:32Z,0,Assuming this is Asa - OutKast's Stankonia came out the same year. Check it out!,51c62b66ee574d80b12e759d34a192cd
spotify:track:48ZCsJffll13PVGLcN8Iwl,183c5f6ed1b147099842917a9576c8f4,2025-12-22T14:23:32Z,3,Inspired selection.  Loved reading about Sister Rosetta.,51c62b66ee574d80b12e759d34a192cd
spotify:track:58PSYdY0GFg0LFb2PxYk4T,183c5f6ed1b147099842917a9576c8f4,2025-12-22T14:23:32Z,1,,51c62b66ee574d80b12e759d34a192cd
spotify:track:5gS6Qvd6Un9cfSLUSoCEyk,183c5f6ed1b147099842917a9576c8f4,2025-12-22T14:23:32Z,0,"Track just doesn't scream ""this is 2002"" to me",51c62b66ee574d80b12e759d34a192cd
spotify:track:5HisVcYPaIB4uHdrnW6HCt,183c5f6ed1b147099842917a9576c8f4,2025-12-22T14:23:32Z,1,Hope I can be forgiven,51c62b66ee574d80b12e759d34a192cd
spotify:track:6157eGcWcBaHZcYIfQQZjn,183c5f6ed1b147099842917a9576c8f4,2025-12-22T14:23:32Z,2,,51c62b66ee574d80b12e759d34a192cd
spotify:track:70GPUN6bzVt2JzmAQMIhif,183c5f6ed1b147099842917a9576c8f4,2025-12-22T14:23:32Z,1,,51c62b66ee574d80b12e759d34a192cd
spotify:track:7CWYLyxJq7xLiUk6yh5ixd,183c5f6ed1b147099842917a9576c8f4,2025-12-22T14:23:32Z,1,,51c62b66ee574d80b12e759d34a192cd
spotify:track:114gCJP9NGrrs5gjPU8RTi,4e117e3021d7466c8bf0b654f8357418,2025-12-22T22:59:28Z,1,,51c62b66ee574d80b12e759d34a192cd
spotify:track:2wo3097AycGkoKAhzkbE7f,4e117e3021d7466c8bf0b654f8357418,2025-12-22T22:59:28Z,3,,51c62b66ee574d80b12e759d34a192cd
spotify:track:3Gf5nttwcX9aaSQXRWidEZ,4e117e3021d7466c8bf0b654f8357418,2025-12-22T22:59:28Z,2,,51c62b66ee574d80b12e759d34a192cd
spotify:track:3JQLM7sS9dfHN5d63Fw2b0,4e117e3021d7466c8bf0b654f8357418,2025-12-22T22:59:28Z,1,,51c62b66ee574d80b12e759d34a192cd
spotify:track:57W5o6ojTFtydDMZ0mDDB3,4e117e3021d7466c8bf0b654f8357418,2025-12-22T22:59:28Z,3,,51c62b66ee574d80b12e759d34a192cd
spotify:track:58PSYdY0GFg0LFb2PxYk4T,4e117e3021d7466c8bf0b654f8357418,2025-12-22T22:59:28Z,2,,51c62b66ee574d80b12e759d34a192cd
spotify:track:5gS6Qvd6Un9cfSLUSoCEyk,4e117e3021d7466c8bf0b654f8357418,2025-12-22T22:59:28Z,1,,51c62b66ee574d80b12e759d34a192cd
spotify:track:5HisVcYPaIB4uHdrnW6HCt,4e117e3021d7466c8bf0b654f8357418,2025-12-22T22:59:28Z,1,,51c62b66ee574d80b12e759d34a192cd
spotify:track:6157eGcWcBaHZcYIfQQZjn,4e117e3021d7466c8bf0b654f8357418,2025-12-22T22:59:28Z,2,,51c62b66ee574d80b12e759d34a192cd
spotify:track:114gCJP9NGrrs5gjPU8RTi,8453d173315c468e8134e2527a658ba5,2025-12-22T23:35:25Z,1,,51c62b66ee574d80b12e759d34a192cd
spotify:track:27IAGbjvycjqu3WIkqgfkk,8453d173315c468e8134e2527a658ba5,2025-12-22T23:35:25Z,1,,51c62b66ee574d80b12e759d34a192cd
spotify:track:2npbwyr9HxwL6AHVw8mFVC,8453d173315c468e8134e2527a658ba5,2025-12-22T23:35:25Z,3,,51c62b66ee574d80b12e759d34a192cd
spotify:track:2wo3097AycGkoKAhzkbE7f,8453d173315c468e8134e2527a658ba5,2025-12-22T23:35:25Z,4,,51c62b66ee574d80b12e759d34a192cd
spotify:track:2xKfXRhw5xaUXfevJJspZf,8453d173315c468e8134e2527a658ba5,2025-12-22T23:35:25Z,1,,51c62b66ee574d80b12e759d34a192cd
spotify:track:3Gf5nttwcX9aaSQXRWidEZ,8453d173315c468e8134e2527a658ba5,2025-12-22T23:35:25Z,1,,51c62b66ee574d80b12e759d34a192cd
spotify:track:3JQLM7sS9dfHN5d63Fw2b0,8453d173315c468e8134e2527a658ba5,2025-12-22T23:35:25Z,2,,51c62b66ee574d80b12e759d34a192cd
spotify:track:58PSYdY0GFg0LFb2PxYk4T,8453d173315c468e8134e2527a658ba5,2025-12-22T23:35:25Z,1,,51c62b66ee574d80b12e759d34a192cd
spotify:track:6157eGcWcBaHZcYIfQQZjn,8453d173315c468e8134e2527a658ba5,2025-12-22T23:35:25Z,2,,51c62b66ee574d80b12e759d34a192cd
spotify:track:114gCJP9NGrrs5gjPU8RTi,7fdceb56429c4e38939c3e5ee41bfdd0,2025-12-23T03:57:40Z,1,,51c62b66ee574d80b12e759d34a192cd
spotify:track:27IAGbjvycjqu3WIkqgfkk,7fdceb56429c4e38939c3e5ee41bfdd0,2025-12-23T03:57:40Z,1,,51c62b66ee574d80b12e759d34a192cd
spotify:track:2wo3097AycGkoKAhzkbE7f,7fdceb56429c4e38939c3e5ee41bfdd0,2025-12-23T03:57:40Z,2,,51c62b66ee574d80b12e759d34a192cd
spotify:track:3Gf5nttwcX9aaSQXRWidEZ,7fdceb56429c4e38939c3e5ee41bfdd0,2025-12-23T03:57:40Z,2,Who’s got next on the beer pong/beirut table? ,51c62b66ee574d80b12e759d34a192cd
spotify:track:48ZCsJffll13PVGLcN8Iwl,7fdceb56429c4e38939c3e5ee41bfdd0,2025-12-23T03:57:40Z,2,,51c62b66ee574d80b12e759d34a192cd
spotify:track:57W5o6ojTFtydDMZ0mDDB3,7fdceb56429c4e38939c3e5ee41bfdd0,2025-12-23T03:57:40Z,2,,51c62b66ee574d80b12e759d34a192cd
spotify:track:5gS6Qvd6Un9cfSLUSoCEyk,7fdceb56429c4e38939c3e5ee41bfdd0,2025-12-23T03:57:40Z,1,,51c62b66ee574d80b12e759d34a192cd
spotify:track:5HisVcYPaIB4uHdrnW6HCt,7fdceb56429c4e38939c3e5ee41bfdd0,2025-12-23T03:57:40Z,2,,51c62b66ee574d80b12e759d34a192cd
spotify:track:6157eGcWcBaHZcYIfQQZjn,7fdceb56429c4e38939c3e5ee41bfdd0,2025-12-23T03:57:40Z,3,Music music music point point point ,51c62b66ee574d80b12e759d34a192cd
spotify:track:70GPUN6bzVt2JzmAQMIhif,7fdceb56429c4e38939c3e5ee41bfdd0,2025-12-23T03:57:40Z,0,I think we learned this in Mr. Ursini’s 6th grade jazz band ,51c62b66ee574d80b12e759d34a192cd
spotify:track:114gCJP9NGrrs5gjPU8RTi,0b4377c224ba402d97adce848425da90,2025-12-23T17:21:49Z,0,Fifth best song on the album,51c62b66ee574d80b12e759d34a192cd
spotify:track:2npbwyr9HxwL6AHVw8mFVC,0b4377c224ba402d97adce848425da90,2025-12-23T17:21:49Z,2,,51c62b66ee574d80b12e759d34a192cd
spotify:track:2wo3097AycGkoKAhzkbE7f,0b4377c224ba402d97adce848425da90,2025-12-23T17:21:49Z,1,,51c62b66ee574d80b12e759d34a192cd
spotify:track:2xKfXRhw5xaUXfevJJspZf,0b4377c224ba402d97adce848425da90,2025-12-23T17:21:49Z,2,,51c62b66ee574d80b12e759d34a192cd
spotify:track:3Gf5nttwcX9aaSQXRWidEZ,0b4377c224ba402d97adce848425da90,2025-12-23T17:21:49Z,0,Fourth best song on the album,51c62b66ee574d80b12e759d34a192cd
spotify:track:3JQLM7sS9dfHN5d63Fw2b0,0b4377c224ba402d97adce848425da90,2025-12-23T17:21:49Z,2,,51c62b66ee574d80b12e759d34a192cd
spotify:track:57W5o6ojTFtydDMZ0mDDB3,0b4377c224ba402d97adce848425da90,2025-12-23T17:21:49Z,1,,51c62b66ee574d80b12e759d34a192cd
spotify:track:58PSYdY0GFg0LFb2PxYk4T,0b4377c224ba402d97adce848425da90,2025-12-23T17:21:49Z,2,,51c62b66ee574d80b12e759d34a192cd
spotify:track:5HisVcYPaIB4uHdrnW6HCt,0b4377c224ba402d97adce848425da90,2025-12-23T17:21:49Z,1,,51c62b66ee574d80b12e759d34a192cd
spotify:track:6157eGcWcBaHZcYIfQQZjn,0b4377c224ba402d97adce848425da90,2025-12-23T17:21:49Z,2,,51c62b66ee574d80b12e759d34a192cd
spotify:track:70GPUN6bzVt2JzmAQMIhif,0b4377c224ba402d97adce848425da90,2025-12-23T17:21:49Z,1,,51c62b66ee574d80b12e759d34a192cd
spotify:track:7CWYLyxJq7xLiUk6yh5ixd,0b4377c224ba402d97adce848425da90,2025-12-23T17:21:49Z,2,,51c62b66ee574d80b12e759d34a192cd
spotify:track:0yK8sWD6cfrc7pGfaPIcZH,605866a938e54c5da212fc8595186729,2025-12-23T20:46:55Z,2,Surprised I wanted to come back to this one!,51c62b66ee574d80b12e759d34a192cd
spotify:track:114gCJP9NGrrs5gjPU8RTi,605866a938e54c5da212fc8595186729,2025-12-23T20:46:55Z,2,,51c62b66ee574d80b12e759d34a192cd
spotify:track:2npbwyr9HxwL6AHVw8mFVC,605866a938e54c5da212fc8595186729,2025-12-23T20:46:55Z,1,,51c62b66ee574d80b12e759d34a192cd
spotify:track:2wo3097AycGkoKAhzkbE7f,605866a938e54c5da212fc8595186729,2025-12-23T20:46:55Z,2,,51c62b66ee574d80b12e759d34a192cd
spotify:track:3JQLM7sS9dfHN5d63Fw2b0,605866a938e54c5da212fc8595186729,2025-12-23T20:46:55Z,1,,51c62b66ee574d80b12e759d34a192cd
spotify:track:48ZCsJffll13PVGLcN8Iwl,605866a938e54c5da212fc8595186729,2025-12-23T20:46:55Z,1,,51c62b66ee574d80b12e759d34a192cd
spotify:track:57W5o6ojTFtydDMZ0mDDB3,605866a938e54c5da212fc8595186729,2025-12-23T20:46:55Z,1,,51c62b66ee574d80b12e759d34a192cd
spotify:track:5gS6Qvd6Un9cfSLUSoCEyk,605866a938e54c5da212fc8595186729,2025-12-23T20:46:55Z,2,Feel like I should’ve known this song… extremely familiar the first time through,51c62b66ee574d80b12e759d34a192cd
spotify:track:5HisVcYPaIB4uHdrnW6HCt,605866a938e54c5da212fc8595186729,2025-12-23T20:46:55Z,0,Still unsure how I feel about this,51c62b66ee574d80b12e759d34a192cd
spotify:track:6157eGcWcBaHZcYIfQQZjn,605866a938e54c5da212fc8595186729,2025-12-23T20:46:55Z,1,,51c62b66ee574d80b12e759d34a192cd
spotify:track:70GPUN6bzVt2JzmAQMIhif,605866a938e54c5da212fc8595186729,2025-12-23T20:46:55Z,1,,51c62b66ee574d80b12e759d34a192cd
spotify:track:7CWYLyxJq7xLiUk6yh5ixd,605866a938e54c5da212fc8595186729,2025-12-23T20:46:55Z,2,,51c62b66ee574d80b12e759d34a192cd
spotify:track:0yK8sWD6cfrc7pGfaPIcZH,1c89e947d02949ed86d05ec22a7350bf,2025-12-23T21:06:35Z,0,Sleepy start ,51c62b66ee574d80b12e759d34a192cd
spotify:track:114gCJP9NGrrs5gjPU8RTi,1c89e947d02949ed86d05ec22a7350bf,2025-12-23T21:06:35Z,1,Classic ,51c62b66ee574d80b12e759d34a192cd
spotify:track:27IAGbjvycjqu3WIkqgfkk,1c89e947d02949ed86d05ec22a7350bf,2025-12-23T21:06:35Z,1,,51c62b66ee574d80b12e759d34a192cd
spotify:track:2npbwyr9HxwL6AHVw8mFVC,1c89e947d02949ed86d05ec22a7350bf,2025-12-23T21:06:35Z,1,,51c62b66ee574d80b12e759d34a192cd
spotify:track:2wo3097AycGkoKAhzkbE7f,1c89e947d02949ed86d05ec22a7350bf,2025-12-23T21:06:35Z,2,,51c62b66ee574d80b12e759d34a192cd
spotify:track:2xKfXRhw5xaUXfevJJspZf,1c89e947d02949ed86d05ec22a7350bf,2025-12-23T21:06:35Z,1,,51c62b66ee574d80b12e759d34a192cd
spotify:track:3Gf5nttwcX9aaSQXRWidEZ,1c89e947d02949ed86d05ec22a7350bf,2025-12-23T21:06:35Z,1,Still hits ,51c62b66ee574d80b12e759d34a192cd
spotify:track:57W5o6ojTFtydDMZ0mDDB3,1c89e947d02949ed86d05ec22a7350bf,2025-12-23T21:06:35Z,2,,51c62b66ee574d80b12e759d34a192cd
spotify:track:58PSYdY0GFg0LFb2PxYk4T,1c89e947d02949ed86d05ec22a7350bf,2025-12-23T21:06:35Z,2,,51c62b66ee574d80b12e759d34a192cd
spotify:track:5gS6Qvd6Un9cfSLUSoCEyk,1c89e947d02949ed86d05ec22a7350bf,2025-12-23T21:06:35Z,1,+1 for not the Africa I was expecting. ,51c62b66ee574d80b12e759d34a192cd
spotify:track:6157eGcWcBaHZcYIfQQZjn,1c89e947d02949ed86d05ec22a7350bf,2025-12-23T21:06:35Z,2,,51c62b66ee574d80b12e759d34a192cd
spotify:track:7CWYLyxJq7xLiUk6yh5ixd,1c89e947d02949ed86d05ec22a7350bf,2025-12-23T21:06:35Z,2,,51c62b66ee574d80b12e759d34a192cd
spotify:track:0yK8sWD6cfrc7pGfaPIcZH,a2909b31d1c04d728cfcf68ca0d73cca,2025-12-23T21:23:10Z,2,This was the song I picked for this category before the commish moved it!,51c62b66ee574d80b12e759d34a192cd
spotify:track:27IAGbjvycjqu3WIkqgfkk,a2909b31d1c04d728cfcf68ca0d73cca,2025-12-23T21:23:10Z,1,,51c62b66ee574d80b12e759d34a192cd
spotify:track:2npbwyr9HxwL6AHVw8mFVC,a2909b31d1c04d728cfcf68ca0d73cca,2025-12-23T21:23:10Z,1,,51c62b66ee574d80b12e759d34a192cd
spotify:track:2wo3097AycGkoKAhzkbE7f,a2909b31d1c04d728cfcf68ca0d73cca,2025-12-23T21:23:10Z,1,,51c62b66ee574d80b12e759d34a192cd
spotify:track:2xKfXRhw5xaUXfevJJspZf,a2909b31d1c04d728cfcf68ca0d73cca,2025-12-23T21:23:10Z,1,,51c62b66ee574d80b12e759d34a192cd
spotify:track:3Gf5nttwcX9aaSQXRWidEZ,a2909b31d1c04d728cfcf68ca0d73cca,2025-12-23T21:23:10Z,1,Point for originality. Everything else was the oldies!,51c62b66ee574d80b12e759d34a192cd
spotify:track:3JQLM7sS9dfHN5d63Fw2b0,a2909b31d1c04d728cfcf68ca0d73cca,2025-12-23T21:23:10Z,1,,51c62b66ee574d80b12e759d34a192cd
spotify:track:48ZCsJffll13PVGLcN8Iwl,a2909b31d1c04d728cfcf68ca0d73cca,2025-12-23T21:23:10Z,2,Love Sister Rosetta Tharpe!,51c62b66ee574d80b12e759d34a192cd
spotify:track:57W5o6ojTFtydDMZ0mDDB3,a2909b31d1c04d728cfcf68ca0d73cca,2025-12-23T21:23:10Z,1,,51c62b66ee574d80b12e759d34a192cd
spotify:track:58PSYdY0GFg0LFb2PxYk4T,a2909b31d1c04d728cfcf68ca0d73cca,2025-12-23T21:23:10Z,1,,51c62b66ee574d80b12e759d34a192cd
spotify:track:5gS6Qvd6Un9cfSLUSoCEyk,a2909b31d1c04d728cfcf68ca0d73cca,2025-12-23T21:23:10Z,1,Was this persons Spotify age 23 or was this song written longer ago? Google is not helpful. ,51c62b66ee574d80b12e759d34a192cd
spotify:track:5HisVcYPaIB4uHdrnW6HCt,a2909b31d1c04d728cfcf68ca0d73cca,2025-12-23T21:23:10Z,1,,51c62b66ee574d80b12e759d34a192cd
spotify:track:6157eGcWcBaHZcYIfQQZjn,a2909b31d1c04d728cfcf68ca0d73cca,2025-12-23T21:23:10Z,1,,51c62b66ee574d80b12e759d34a192cd
spotify:track:70GPUN6bzVt2JzmAQMIhif,a2909b31d1c04d728cfcf68ca0d73cca,2025-12-23T21:23:10Z,1,,51c62b66ee574d80b12e759d34a192cd
spotify:track:7CWYLyxJq7xLiUk6yh5ixd,a2909b31d1c04d728cfcf68ca0d73cca,2025-12-23T21:23:10Z,0,It’s a fine track but wasn’t that interesting. ,51c62b66ee574d80b12e759d34a192cd
spotify:track:0yK8sWD6cfrc7pGfaPIcZH,49a5ff7c4466457eb8016aaf873224cb,2025-12-24T04:29:30Z,1,Had this and some Valens tunes on the short list. La Bamba 4 ever. ,51c62b66ee574d80b12e759d34a192cd
spotify:track:114gCJP9NGrrs5gjPU8RTi,49a5ff7c4466457eb8016aaf873224cb,2025-12-24T04:29:30Z,1,Starts just like all those other Chuck songs… ,51c62b66ee574d80b12e759d34a192cd
spotify:track:27IAGbjvycjqu3WIkqgfkk,49a5ff7c4466457eb8016aaf873224cb,2025-12-24T04:29:30Z,0,"Hard to not give it 1, but alas. ",51c62b66ee574d80b12e759d34a192cd
spotify:track:2npbwyr9HxwL6AHVw8mFVC,49a5ff7c4466457eb8016aaf873224cb,2025-12-24T04:29:30Z,1,Wow the horns in this are nuts. 🗣️🗣️🗣️,51c62b66ee574d80b12e759d34a192cd
spotify:track:2wo3097AycGkoKAhzkbE7f,49a5ff7c4466457eb8016aaf873224cb,2025-12-24T04:29:30Z,2,NOLA classic boogie. 41 players boosted it to 2 for me.  ,51c62b66ee574d80b12e759d34a192cd
spotify:track:2xKfXRhw5xaUXfevJJspZf,49a5ff7c4466457eb8016aaf873224cb,2025-12-24T04:29:30Z,1,"Nice classic diddy, not sure if I’ll have points for it. (I did)",51c62b66ee574d80b12e759d34a192cd
spotify:track:3Gf5nttwcX9aaSQXRWidEZ,49a5ff7c4466457eb8016aaf873224cb,2025-12-24T04:29:30Z,2,Fuck yeah. Age 25 I am guessing this is from the Ace Man? Or maybe fluffdaddy as there is at least one other newer track on here. Great select. Banger. ,51c62b66ee574d80b12e759d34a192cd
spotify:track:3JQLM7sS9dfHN5d63Fw2b0,49a5ff7c4466457eb8016aaf873224cb,2025-12-24T04:29:30Z,0,Not standing out enough for me. Will try to sneak it a point in possible in the end. ,51c62b66ee574d80b12e759d34a192cd
spotify:track:48ZCsJffll13PVGLcN8Iwl,49a5ff7c4466457eb8016aaf873224cb,2025-12-24T04:29:30Z,1,Beams of organ. ,51c62b66ee574d80b12e759d34a192cd
spotify:track:57W5o6ojTFtydDMZ0mDDB3,49a5ff7c4466457eb8016aaf873224cb,2025-12-24T04:29:30Z,0,Not standing out enough for me. Will try to sneak it a point in possible in the end. ,51c62b66ee574d80b12e759d34a192cd
spotify:track:58PSYdY0GFg0LFb2PxYk4T,49a5ff7c4466457eb8016aaf873224cb,2025-12-24T04:29:30Z,0,Looking forward to Dianna’s commentary on this one. ,51c62b66ee574d80b12e759d34a192cd
spotify:track:5gS6Qvd6Un9cfSLUSoCEyk,49a5ff7c4466457eb8016aaf873224cb,2025-12-24T04:29:30Z,3,"Age 23! Whoa. Reminds me a LOT of the random Kazaa version of Pgroove Diamonds in the Soles (“that one was for the wedding party” iykyk, Julia also called the same thing within 10sec of me playing it for her… my wife). 3 ML points and 100 nostalgia points to be redeemed at a later date. ",51c62b66ee574d80b12e759d34a192cd
spotify:track:5HisVcYPaIB4uHdrnW6HCt,49a5ff7c4466457eb8016aaf873224cb,2025-12-24T04:29:30Z,2,Spotify release dates confusing for this one. But hell yeah this track was sick. ,51c62b66ee574d80b12e759d34a192cd
spotify:track:70GPUN6bzVt2JzmAQMIhif,49a5ff7c4466457eb8016aaf873224cb,2025-12-24T04:29:30Z,1,Very pleasant and enjoyable listen. ,51c62b66ee574d80b12e759d34a192cd
spotify:track:7CWYLyxJq7xLiUk6yh5ixd,49a5ff7c4466457eb8016aaf873224cb,2025-12-24T04:29:30Z,1,Same as above. Tingly in the ears. ,51c62b66ee574d80b12e759d34a192cd
spotify:track:0t9IrTpcOWuTBKfjlQhuyF,49a5ff7c4466457eb8016aaf873224cb,2025-12-29T18:44:10Z,0,"Took all that time to go with Steely Dan, Josh? Def a good one that I might come back to. Tbd. ",5325e4622056455d8ab0404eef11fe4b
spotify:track:0VU5k3vCrpqDgUygMjiFYj,49a5ff7c4466457eb8016aaf873224cb,2025-12-29T18:44:10Z,0,"Takes me back to the Nashville honky tonks, but not necessarily in a good way. ",5325e4622056455d8ab0404eef11fe4b
spotify:track:0WAEGVylZjbe2mQ6Or6HxY,49a5ff7c4466457eb8016aaf873224cb,2025-12-29T18:44:10Z,3,"Absolutely love. My fav of the round. Despite having to Google Cannock to figure out how it applied. Feels like this could be an Al pick. See you in the upper quartile, bud!",5325e4622056455d8ab0404eef11fe4b
spotify:track:2UwH6nwpc3nH9ySXXLkDVn,49a5ff7c4466457eb8016aaf873224cb,2025-12-29T18:44:10Z,1,Wanted to give more. Green River’s party vibes won out. ,5325e4622056455d8ab0404eef11fe4b
spotify:track:3D5DLs0axrVNAiZduKHcmp,49a5ff7c4466457eb8016aaf873224cb,2025-12-29T18:44:10Z,2,Torn between giving this or Leo 2 points. They’re damn close. Awesome picks. ,5325e4622056455d8ab0404eef11fe4b
spotify:track:4H3eeEecmb1lIqUfo99d8G,49a5ff7c4466457eb8016aaf873224cb,2025-12-29T18:44:10Z,2,Bangin. ,5325e4622056455d8ab0404eef11fe4b
spotify:track:4hgKBuXWJrhcUDrX6y9y2d,49a5ff7c4466457eb8016aaf873224cb,2025-12-29T18:44:10Z,0,Hmmmmm it’s a good one that I wish was either before or after mine to set me up a little better. Might squeeze a point outta me. ,5325e4622056455d8ab0404eef11fe4b
spotify:track:4zBj0FQCnpj8NSnCNRHuz0,49a5ff7c4466457eb8016aaf873224cb,2025-12-29T18:44:10Z,1,Not much to say here. Good stuff. ,5325e4622056455d8ab0404eef11fe4b
spotify:track:59U6zeM41CKw3SEnU0dBZo,49a5ff7c4466457eb8016aaf873224cb,2025-12-29T18:44:10Z,2,Super cool and unique. ,5325e4622056455d8ab0404eef11fe4b
spotify:track:5TSj6ySt4WqDuljv61Q4D5,49a5ff7c4466457eb8016aaf873224cb,2025-12-29T18:44:10Z,1,"Nice one, Dianna! ✂️",5325e4622056455d8ab0404eef11fe4b
spotify:track:62VWmsNoDmqT0Mj9oHHFVh,49a5ff7c4466457eb8016aaf873224cb,2025-12-29T18:44:10Z,1,Very enjoyable listen. ,5325e4622056455d8ab0404eef11fe4b
spotify:track:66ueI1R4ZfV6Dtn0Zgnism,49a5ff7c4466457eb8016aaf873224cb,2025-12-29T18:44:10Z,0,Must be a Diskin. Another one that I wish was near mine in the playlist to set me a lil better. Also another one where not much really happens. Might have to spend my points elsewhere. ,5325e4622056455d8ab0404eef11fe4b
spotify:track:6fHoh7hLbVNdeRebfOIbyh,49a5ff7c4466457eb8016aaf873224cb,2025-12-29T18:44:10Z,1,Hell yeah. Really dig this one. ,5325e4622056455d8ab0404eef11fe4b
spotify:track:7DTpuL0ZcOD9krvfZsnLZw,49a5ff7c4466457eb8016aaf873224cb,2025-12-29T18:44:10Z,0,"Dank ass track. Couldn’t peel off a point for it, though. Not much going on and had to divvy them up elsewhere. Definitely really dig the beat, though. ",5325e4622056455d8ab0404eef11fe4b
spotify:track:7lqWP2Uod5DlJhqZU2UVW0,49a5ff7c4466457eb8016aaf873224cb,2025-12-29T18:44:10Z,2,This closed out the list so well. Have never heard this version. I adore it. Had me blissed out. ,5325e4622056455d8ab0404eef11fe4b
spotify:track:0t9IrTpcOWuTBKfjlQhuyF,ce76a5e6ff274137bb5127db7065d9a8,2025-12-29T18:57:12Z,1,"The Dan pretty much always getting a point from me, especially an under the radar cut",5325e4622056455d8ab0404eef11fe4b
spotify:track:0VU5k3vCrpqDgUygMjiFYj,ce76a5e6ff274137bb5127db7065d9a8,2025-12-29T18:57:12Z,0,Steve Earle always makes me think of The Wire. ,5325e4622056455d8ab0404eef11fe4b
spotify:track:0WAEGVylZjbe2mQ6Or6HxY,ce76a5e6ff274137bb5127db7065d9a8,2025-12-29T18:57:12Z,0,I like this song but feel like I’ve recently been hearing it on a Sirius station my mother in law listens to?,5325e4622056455d8ab0404eef11fe4b
spotify:track:2UwH6nwpc3nH9ySXXLkDVn,ce76a5e6ff274137bb5127db7065d9a8,2025-12-29T18:57:12Z,3,Ok hello. I can taste the gumbo 👌,5325e4622056455d8ab0404eef11fe4b
spotify:track:3D5DLs0axrVNAiZduKHcmp,ce76a5e6ff274137bb5127db7065d9a8,2025-12-29T18:57:12Z,3,Grooving in my kitchen. Full booty shaking. Cool album art too,5325e4622056455d8ab0404eef11fe4b
spotify:track:3i8vYrQiIa5SgG7umK28M0,ce76a5e6ff274137bb5127db7065d9a8,2025-12-29T18:57:12Z,2,Point for most creative answer to the prompt. Probably haven’t listened to this in 20 years. Also loved the Bela Christmas show ,5325e4622056455d8ab0404eef11fe4b
spotify:track:4H3eeEecmb1lIqUfo99d8G,ce76a5e6ff274137bb5127db7065d9a8,2025-12-29T18:57:12Z,0,Just not my favorite from Tupac,5325e4622056455d8ab0404eef11fe4b
spotify:track:4hgKBuXWJrhcUDrX6y9y2d,ce76a5e6ff274137bb5127db7065d9a8,2025-12-29T18:57:12Z,0,It’s solid. Could earn a point if I have any left,5325e4622056455d8ab0404eef11fe4b
spotify:track:4zBj0FQCnpj8NSnCNRHuz0,ce76a5e6ff274137bb5127db7065d9a8,2025-12-29T18:57:12Z,0,It’s solid. Could earn a point if I have any left,5325e4622056455d8ab0404eef11fe4b
spotify:track:5TSj6ySt4WqDuljv61Q4D5,ce76a5e6ff274137bb5127db7065d9a8,2025-12-29T18:57:12Z,0,I wanted to like this. Big Thief is really hit or miss for me. Will come back,5325e4622056455d8ab0404eef11fe4b
spotify:track:62VWmsNoDmqT0Mj9oHHFVh,ce76a5e6ff274137bb5127db7065d9a8,2025-12-29T18:57:12Z,2,Noice,5325e4622056455d8ab0404eef11fe4b
spotify:track:66ueI1R4ZfV6Dtn0Zgnism,ce76a5e6ff274137bb5127db7065d9a8,2025-12-29T18:57:12Z,0,"Like a couple others on here, I like it enough and it might earn a point. But it’s also not screaming “come listen to me again” which is the differentiator for me",5325e4622056455d8ab0404eef11fe4b
spotify:track:6fHoh7hLbVNdeRebfOIbyh,ce76a5e6ff274137bb5127db7065d9a8,2025-12-29T18:57:12Z,2,Ok ok. Well played title and my tushy is shaking ,5325e4622056455d8ab0404eef11fe4b
spotify:track:7DTpuL0ZcOD9krvfZsnLZw,ce76a5e6ff274137bb5127db7065d9a8,2025-12-29T18:57:12Z,2,"I never sleep, cuz sleep is the cousin of death. NY State of Mind was the first song that came to mind when Tupac started as a song I wished they’d chosen. A part of me wishes this was Nas, but this is cool as hell",5325e4622056455d8ab0404eef11fe4b
spotify:track:7lqWP2Uod5DlJhqZU2UVW0,ce76a5e6ff274137bb5127db7065d9a8,2025-12-29T18:57:12Z,1,Jamming with balls. Take notes Goose fans,5325e4622056455d8ab0404eef11fe4b
spotify:track:0WAEGVylZjbe2mQ6Or6HxY,1c89e947d02949ed86d05ec22a7350bf,2025-12-29T21:03:56Z,1,,5325e4622056455d8ab0404eef11fe4b
spotify:track:2UwH6nwpc3nH9ySXXLkDVn,1c89e947d02949ed86d05ec22a7350bf,2025-12-29T21:03:56Z,1,,5325e4622056455d8ab0404eef11fe4b
spotify:track:3D5DLs0axrVNAiZduKHcmp,1c89e947d02949ed86d05ec22a7350bf,2025-12-29T21:03:56Z,1,,5325e4622056455d8ab0404eef11fe4b
spotify:track:3i8vYrQiIa5SgG7umK28M0,1c89e947d02949ed86d05ec22a7350bf,2025-12-29T21:03:56Z,2,,5325e4622056455d8ab0404eef11fe4b
spotify:track:4hgKBuXWJrhcUDrX6y9y2d,1c89e947d02949ed86d05ec22a7350bf,2025-12-29T21:03:56Z,2,other fav of the week,5325e4622056455d8ab0404eef11fe4b
spotify:track:4zBj0FQCnpj8NSnCNRHuz0,1c89e947d02949ed86d05ec22a7350bf,2025-12-29T21:03:56Z,2,,5325e4622056455d8ab0404eef11fe4b
spotify:track:59U6zeM41CKw3SEnU0dBZo,1c89e947d02949ed86d05ec22a7350bf,2025-12-29T21:03:56Z,1,,5325e4622056455d8ab0404eef11fe4b
spotify:track:62VWmsNoDmqT0Mj9oHHFVh,1c89e947d02949ed86d05ec22a7350bf,2025-12-29T21:03:56Z,1,,5325e4622056455d8ab0404eef11fe4b
spotify:track:66ueI1R4ZfV6Dtn0Zgnism,1c89e947d02949ed86d05ec22a7350bf,2025-12-29T21:03:56Z,2,,5325e4622056455d8ab0404eef11fe4b
spotify:track:6fHoh7hLbVNdeRebfOIbyh,1c89e947d02949ed86d05ec22a7350bf,2025-12-29T21:03:56Z,3,fav of the week,5325e4622056455d8ab0404eef11fe4b
spotify:track:0WAEGVylZjbe2mQ6Or6HxY,8453d173315c468e8134e2527a658ba5,2025-12-29T21:36:12Z,1,,5325e4622056455d8ab0404eef11fe4b
spotify:track:2UwH6nwpc3nH9ySXXLkDVn,8453d173315c468e8134e2527a658ba5,2025-12-29T21:36:12Z,4,Fave of the week,5325e4622056455d8ab0404eef11fe4b
spotify:track:4H3eeEecmb1lIqUfo99d8G,8453d173315c468e8134e2527a658ba5,2025-12-29T21:36:12Z,0,Please tell me this was Asa,5325e4622056455d8ab0404eef11fe4b
spotify:track:4hgKBuXWJrhcUDrX6y9y2d,8453d173315c468e8134e2527a658ba5,2025-12-29T21:36:12Z,3,2nd fave of the week in a close one!,5325e4622056455d8ab0404eef11fe4b
spotify:track:4zBj0FQCnpj8NSnCNRHuz0,8453d173315c468e8134e2527a658ba5,2025-12-29T21:36:12Z,2,1 point for Mavis 1 point for funky clav ,5325e4622056455d8ab0404eef11fe4b
spotify:track:62VWmsNoDmqT0Mj9oHHFVh,8453d173315c468e8134e2527a658ba5,2025-12-29T21:36:12Z,3,,5325e4622056455d8ab0404eef11fe4b
spotify:track:66ueI1R4ZfV6Dtn0Zgnism,8453d173315c468e8134e2527a658ba5,2025-12-29T21:36:12Z,1,,5325e4622056455d8ab0404eef11fe4b
spotify:track:6fHoh7hLbVNdeRebfOIbyh,8453d173315c468e8134e2527a658ba5,2025-12-29T21:36:12Z,0,You sure this isn’t Cory Wong?,5325e4622056455d8ab0404eef11fe4b
spotify:track:7DTpuL0ZcOD9krvfZsnLZw,8453d173315c468e8134e2527a658ba5,2025-12-29T21:36:12Z,2,,5325e4622056455d8ab0404eef11fe4b
spotify:track:0VU5k3vCrpqDgUygMjiFYj,d0b05ef03f5e4598a3e8532b812c3330,2025-12-30T00:51:34Z,1,liked this more than i thought i would!,5325e4622056455d8ab0404eef11fe4b
spotify:track:0WAEGVylZjbe2mQ6Or6HxY,d0b05ef03f5e4598a3e8532b812c3330,2025-12-30T00:51:34Z,2,really liked but wtf if ,5325e4622056455d8ab0404eef11fe4b
spotify:track:2UwH6nwpc3nH9ySXXLkDVn,d0b05ef03f5e4598a3e8532b812c3330,2025-12-30T00:51:34Z,2,love this album D ;) ,5325e4622056455d8ab0404eef11fe4b
spotify:track:3D5DLs0axrVNAiZduKHcmp,d0b05ef03f5e4598a3e8532b812c3330,2025-12-30T00:51:34Z,1,sick nasty cover,5325e4622056455d8ab0404eef11fe4b
spotify:track:3i8vYrQiIa5SgG7umK28M0,d0b05ef03f5e4598a3e8532b812c3330,2025-12-30T00:51:34Z,1,someone on a bela kick... KENNY?,5325e4622056455d8ab0404eef11fe4b
spotify:track:4hgKBuXWJrhcUDrX6y9y2d,d0b05ef03f5e4598a3e8532b812c3330,2025-12-30T00:51:34Z,1,nice cut!,5325e4622056455d8ab0404eef11fe4b
spotify:track:4zBj0FQCnpj8NSnCNRHuz0,d0b05ef03f5e4598a3e8532b812c3330,2025-12-30T00:51:34Z,1,,5325e4622056455d8ab0404eef11fe4b
spotify:track:59U6zeM41CKw3SEnU0dBZo,d0b05ef03f5e4598a3e8532b812c3330,2025-12-30T00:51:34Z,2,really nice,5325e4622056455d8ab0404eef11fe4b
spotify:track:5TSj6ySt4WqDuljv61Q4D5,d0b05ef03f5e4598a3e8532b812c3330,2025-12-30T00:51:34Z,1,,5325e4622056455d8ab0404eef11fe4b
spotify:track:62VWmsNoDmqT0Mj9oHHFVh,d0b05ef03f5e4598a3e8532b812c3330,2025-12-30T00:51:34Z,1,,5325e4622056455d8ab0404eef11fe4b
spotify:track:66ueI1R4ZfV6Dtn0Zgnism,d0b05ef03f5e4598a3e8532b812c3330,2025-12-30T00:51:34Z,1,,5325e4622056455d8ab0404eef11fe4b
spotify:track:7DTpuL0ZcOD9krvfZsnLZw,d0b05ef03f5e4598a3e8532b812c3330,2025-12-30T00:51:34Z,1,,5325e4622056455d8ab0404eef11fe4b
spotify:track:7lqWP2Uod5DlJhqZU2UVW0,d0b05ef03f5e4598a3e8532b812c3330,2025-12-30T00:51:34Z,1,,5325e4622056455d8ab0404eef11fe4b
spotify:track:0t9IrTpcOWuTBKfjlQhuyF,183c5f6ed1b147099842917a9576c8f4,2025-12-30T03:34:32Z,1,"+2 Palmer's silky smooth vocals and matching guitar work
-1 this is definitely not about Brooklyn NY. The only Eden Rock in BK is 1839 83 St: 
Located in the heart of Bensonhurst, the Eden Rock is a wonderful building that is divided into two separate wings. Connected by a large modern lobby, the Eden Rock features oversized studios, one- and two-bedroom apartments, most with modern kitchens
",5325e4622056455d8ab0404eef11fe4b
spotify:track:0VU5k3vCrpqDgUygMjiFYj,183c5f6ed1b147099842917a9576c8f4,2025-12-30T03:34:32Z,1,,5325e4622056455d8ab0404eef11fe4b
spotify:track:0WAEGVylZjbe2mQ6Or6HxY,183c5f6ed1b147099842917a9576c8f4,2025-12-30T03:34:32Z,1,"Had to look up Cannock Chase, but it looks marvelous - especially in the spring. ",5325e4622056455d8ab0404eef11fe4b
spotify:track:2UwH6nwpc3nH9ySXXLkDVn,183c5f6ed1b147099842917a9576c8f4,2025-12-30T03:34:32Z,2,The rivers really did it for me this round. I didn't know about Leo's solo career. Nice find!,5325e4622056455d8ab0404eef11fe4b
spotify:track:3D5DLs0axrVNAiZduKHcmp,183c5f6ed1b147099842917a9576c8f4,2025-12-30T03:34:32Z,2,One of my favorites of the week. Loved those keys more with every listen. Great cover. ,5325e4622056455d8ab0404eef11fe4b
spotify:track:3i8vYrQiIa5SgG7umK28M0,183c5f6ed1b147099842917a9576c8f4,2025-12-30T03:34:32Z,2,"Really enjoyed this more than I expected. An additional point for my favorite ""map"" term of the week. ",5325e4622056455d8ab0404eef11fe4b
spotify:track:4H3eeEecmb1lIqUfo99d8G,183c5f6ed1b147099842917a9576c8f4,2025-12-30T03:34:32Z,1,How'd you decided bw this a California Love?  ,5325e4622056455d8ab0404eef11fe4b
spotify:track:4hgKBuXWJrhcUDrX6y9y2d,183c5f6ed1b147099842917a9576c8f4,2025-12-30T03:34:32Z,0,Bit of a lesser New Mastersounds to my tin ear. A Lightly Used Competentsounds if you will. But enjoyable!  Too many hits here for points. ,5325e4622056455d8ab0404eef11fe4b
spotify:track:4zBj0FQCnpj8NSnCNRHuz0,183c5f6ed1b147099842917a9576c8f4,2025-12-30T03:34:32Z,1,Let Pops free!,5325e4622056455d8ab0404eef11fe4b
spotify:track:59U6zeM41CKw3SEnU0dBZo,183c5f6ed1b147099842917a9576c8f4,2025-12-30T03:34:32Z,1,Beguiling cover. Has Jacob Diskin written all over it. Needed a cig after walking down that road. ,5325e4622056455d8ab0404eef11fe4b
spotify:track:5TSj6ySt4WqDuljv61Q4D5,183c5f6ed1b147099842917a9576c8f4,2025-12-30T03:34:32Z,1,Solid album ,5325e4622056455d8ab0404eef11fe4b
spotify:track:62VWmsNoDmqT0Mj9oHHFVh,183c5f6ed1b147099842917a9576c8f4,2025-12-30T03:34:32Z,1,,5325e4622056455d8ab0404eef11fe4b
spotify:track:66ueI1R4ZfV6Dtn0Zgnism,183c5f6ed1b147099842917a9576c8f4,2025-12-30T03:34:32Z,0,I feel like Soulive may be the Jupiter of Florida ,5325e4622056455d8ab0404eef11fe4b
spotify:track:7DTpuL0ZcOD9krvfZsnLZw,183c5f6ed1b147099842917a9576c8f4,2025-12-30T03:34:32Z,0,"Felt kinda cool listening to it, but at the end not enough going on against these hits",5325e4622056455d8ab0404eef11fe4b
spotify:track:7lqWP2Uod5DlJhqZU2UVW0,183c5f6ed1b147099842917a9576c8f4,2025-12-30T03:34:32Z,2,Raw AF. Need to take a stroll down Tobacco Road after that one ,5325e4622056455d8ab0404eef11fe4b
spotify:track:0WAEGVylZjbe2mQ6Or6HxY,7fdceb56429c4e38939c3e5ee41bfdd0,2025-12-30T18:56:45Z,1,,5325e4622056455d8ab0404eef11fe4b
spotify:track:3D5DLs0axrVNAiZduKHcmp,7fdceb56429c4e38939c3e5ee41bfdd0,2025-12-30T18:56:45Z,2,,5325e4622056455d8ab0404eef11fe4b
spotify:track:4H3eeEecmb1lIqUfo99d8G,7fdceb56429c4e38939c3e5ee41bfdd0,2025-12-30T18:56:45Z,1,Someone just watched the Diddy doc on Netflix ,5325e4622056455d8ab0404eef11fe4b
spotify:track:4hgKBuXWJrhcUDrX6y9y2d,7fdceb56429c4e38939c3e5ee41bfdd0,2025-12-30T18:56:45Z,2,,5325e4622056455d8ab0404eef11fe4b
spotify:track:4zBj0FQCnpj8NSnCNRHuz0,7fdceb56429c4e38939c3e5ee41bfdd0,2025-12-30T18:56:45Z,2,,5325e4622056455d8ab0404eef11fe4b
spotify:track:59U6zeM41CKw3SEnU0dBZo,7fdceb56429c4e38939c3e5ee41bfdd0,2025-12-30T18:56:45Z,2,Cool song. Longest bio ever. ,5325e4622056455d8ab0404eef11fe4b
spotify:track:62VWmsNoDmqT0Mj9oHHFVh,7fdceb56429c4e38939c3e5ee41bfdd0,2025-12-30T18:56:45Z,0,Was this someone’s that didn’t submit last round?,5325e4622056455d8ab0404eef11fe4b
spotify:track:66ueI1R4ZfV6Dtn0Zgnism,7fdceb56429c4e38939c3e5ee41bfdd0,2025-12-30T18:56:45Z,1,,5325e4622056455d8ab0404eef11fe4b
spotify:track:6fHoh7hLbVNdeRebfOIbyh,7fdceb56429c4e38939c3e5ee41bfdd0,2025-12-30T18:56:45Z,2,Unexpected and good find,5325e4622056455d8ab0404eef11fe4b
spotify:track:7DTpuL0ZcOD9krvfZsnLZw,7fdceb56429c4e38939c3e5ee41bfdd0,2025-12-30T18:56:45Z,1,,5325e4622056455d8ab0404eef11fe4b
spotify:track:7lqWP2Uod5DlJhqZU2UVW0,7fdceb56429c4e38939c3e5ee41bfdd0,2025-12-30T18:56:45Z,2,,5325e4622056455d8ab0404eef11fe4b
spotify:track:0WAEGVylZjbe2mQ6Or6HxY,9b7e03ea90dd46db9779dc21eb04ca5a,2025-12-30T20:35:11Z,2,,5325e4622056455d8ab0404eef11fe4b
spotify:track:2UwH6nwpc3nH9ySXXLkDVn,9b7e03ea90dd46db9779dc21eb04ca5a,2025-12-30T20:35:11Z,2,,5325e4622056455d8ab0404eef11fe4b
spotify:track:3D5DLs0axrVNAiZduKHcmp,9b7e03ea90dd46db9779dc21eb04ca5a,2025-12-30T20:35:11Z,2,,5325e4622056455d8ab0404eef11fe4b
spotify:track:3i8vYrQiIa5SgG7umK28M0,9b7e03ea90dd46db9779dc21eb04ca5a,2025-12-30T20:35:11Z,1,,5325e4622056455d8ab0404eef11fe4b
spotify:track:4hgKBuXWJrhcUDrX6y9y2d,9b7e03ea90dd46db9779dc21eb04ca5a,2025-12-30T20:35:11Z,2,,5325e4622056455d8ab0404eef11fe4b
spotify:track:4zBj0FQCnpj8NSnCNRHuz0,9b7e03ea90dd46db9779dc21eb04ca5a,2025-12-30T20:35:11Z,1,,5325e4622056455d8ab0404eef11fe4b
spotify:track:66ueI1R4ZfV6Dtn0Zgnism,9b7e03ea90dd46db9779dc21eb04ca5a,2025-12-30T20:35:11Z,2,,5325e4622056455d8ab0404eef11fe4b
spotify:track:6fHoh7hLbVNdeRebfOIbyh,9b7e03ea90dd46db9779dc21eb04ca5a,2025-12-30T20:35:11Z,2,,5325e4622056455d8ab0404eef11fe4b
spotify:track:7DTpuL0ZcOD9krvfZsnLZw,9b7e03ea90dd46db9779dc21eb04ca5a,2025-12-30T20:35:11Z,2,,5325e4622056455d8ab0404eef11fe4b
spotify:track:0t9IrTpcOWuTBKfjlQhuyF,0b4377c224ba402d97adce848425da90,2025-12-31T00:39:01Z,1,Such a well rounded song. Nice choice. ,5325e4622056455d8ab0404eef11fe4b
spotify:track:0VU5k3vCrpqDgUygMjiFYj,0b4377c224ba402d97adce848425da90,2025-12-31T00:39:01Z,1,Very catchy ,5325e4622056455d8ab0404eef11fe4b
spotify:track:2UwH6nwpc3nH9ySXXLkDVn,0b4377c224ba402d97adce848425da90,2025-12-31T00:39:01Z,0,Narrowly lost to Hargrove for my last point. Sorry. ,5325e4622056455d8ab0404eef11fe4b
spotify:track:3D5DLs0axrVNAiZduKHcmp,0b4377c224ba402d97adce848425da90,2025-12-31T00:39:01Z,0,Just didn’t stack up. Tough round. ,5325e4622056455d8ab0404eef11fe4b
spotify:track:3i8vYrQiIa5SgG7umK28M0,0b4377c224ba402d97adce848425da90,2025-12-31T00:39:01Z,3,This was sick,5325e4622056455d8ab0404eef11fe4b
spotify:track:4H3eeEecmb1lIqUfo99d8G,0b4377c224ba402d97adce848425da90,2025-12-31T00:39:01Z,2,I knew way more words to this than I expected. Banger. ,5325e4622056455d8ab0404eef11fe4b
spotify:track:4hgKBuXWJrhcUDrX6y9y2d,0b4377c224ba402d97adce848425da90,2025-12-31T00:39:01Z,1,Had to come back and squeeze out a point for this one. ,5325e4622056455d8ab0404eef11fe4b
spotify:track:4zBj0FQCnpj8NSnCNRHuz0,0b4377c224ba402d97adce848425da90,2025-12-31T00:39:01Z,2,Mavis is like a cheat code. Thank you for this. ,5325e4622056455d8ab0404eef11fe4b
spotify:track:59U6zeM41CKw3SEnU0dBZo,0b4377c224ba402d97adce848425da90,2025-12-31T00:39:01Z,1,Hauntingly beautiful ,5325e4622056455d8ab0404eef11fe4b
spotify:track:5TSj6ySt4WqDuljv61Q4D5,0b4377c224ba402d97adce848425da90,2025-12-31T00:39:01Z,3,Wow. This hit me like a ton of bricks on the train home from a funeral after seeing an old friend after too many years. Powerful. ,5325e4622056455d8ab0404eef11fe4b
spotify:track:62VWmsNoDmqT0Mj9oHHFVh,0b4377c224ba402d97adce848425da90,2025-12-31T00:39:01Z,1,,5325e4622056455d8ab0404eef11fe4b
spotify:track:66ueI1R4ZfV6Dtn0Zgnism,0b4377c224ba402d97adce848425da90,2025-12-31T00:39:01Z,0,Tough round. ,5325e4622056455d8ab0404eef11fe4b
spotify:track:6fHoh7hLbVNdeRebfOIbyh,0b4377c224ba402d97adce848425da90,2025-12-31T00:39:01Z,1,This was pretty nasty ,5325e4622056455d8ab0404eef11fe4b
spotify:track:7DTpuL0ZcOD9krvfZsnLZw,0b4377c224ba402d97adce848425da90,2025-12-31T00:39:01Z,0,How much did Mr. Sessions add here to an already perfect Premier beat?,5325e4622056455d8ab0404eef11fe4b
spotify:track:7lqWP2Uod5DlJhqZU2UVW0,0b4377c224ba402d97adce848425da90,2025-12-31T00:39:01Z,0,"I love The Velvet Underground, but this really did not hit for me. ",5325e4622056455d8ab0404eef11fe4b
spotify:track:0t9IrTpcOWuTBKfjlQhuyF,0d42af6c19054b7dbbe4aa499186e408,2025-12-31T06:38:25Z,1,It’s a damn good song. I don’t want to fault a song because of the fact that it is known. This is a point.,5325e4622056455d8ab0404eef11fe4b
spotify:track:0VU5k3vCrpqDgUygMjiFYj,0d42af6c19054b7dbbe4aa499186e408,2025-12-31T06:38:25Z,2,Maybe a better ending song to wire season 2 (underrated) than the existing Earle toon. Love this dude ,5325e4622056455d8ab0404eef11fe4b
spotify:track:0WAEGVylZjbe2mQ6Or6HxY,0d42af6c19054b7dbbe4aa499186e408,2025-12-31T06:38:25Z,2,Jesus Christ have I been missing out on this fella. Lyrics ,5325e4622056455d8ab0404eef11fe4b
spotify:track:2UwH6nwpc3nH9ySXXLkDVn,0d42af6c19054b7dbbe4aa499186e408,2025-12-31T06:38:25Z,0,Strong tune. Points to go elsewhere ,5325e4622056455d8ab0404eef11fe4b
spotify:track:3D5DLs0axrVNAiZduKHcmp,0d42af6c19054b7dbbe4aa499186e408,2025-12-31T06:38:25Z,2,Listened to this playlist 6 times. Every time this came on I was psyched ,5325e4622056455d8ab0404eef11fe4b
spotify:track:3i8vYrQiIa5SgG7umK28M0,0d42af6c19054b7dbbe4aa499186e408,2025-12-31T06:38:25Z,0,A point in another playlist for sure ,5325e4622056455d8ab0404eef11fe4b
spotify:track:4H3eeEecmb1lIqUfo99d8G,0d42af6c19054b7dbbe4aa499186e408,2025-12-31T06:38:25Z,0,Biggie 4 Lyfe ,5325e4622056455d8ab0404eef11fe4b
spotify:track:4hgKBuXWJrhcUDrX6y9y2d,0d42af6c19054b7dbbe4aa499186e408,2025-12-31T06:38:25Z,1,Ya this is good ,5325e4622056455d8ab0404eef11fe4b
spotify:track:4zBj0FQCnpj8NSnCNRHuz0,0d42af6c19054b7dbbe4aa499186e408,2025-12-31T06:38:25Z,1,Tasty ,5325e4622056455d8ab0404eef11fe4b
spotify:track:59U6zeM41CKw3SEnU0dBZo,0d42af6c19054b7dbbe4aa499186e408,2025-12-31T06:38:25Z,1,Of the road songs this is my favorite. ,5325e4622056455d8ab0404eef11fe4b
spotify:track:5TSj6ySt4WqDuljv61Q4D5,0d42af6c19054b7dbbe4aa499186e408,2025-12-31T06:38:25Z,2,The fuck am I doing not listening to big thief ,5325e4622056455d8ab0404eef11fe4b
spotify:track:62VWmsNoDmqT0Mj9oHHFVh,0d42af6c19054b7dbbe4aa499186e408,2025-12-31T06:38:25Z,1,Tunes ,5325e4622056455d8ab0404eef11fe4b
spotify:track:66ueI1R4ZfV6Dtn0Zgnism,0d42af6c19054b7dbbe4aa499186e408,2025-12-31T06:38:25Z,0,Is it jazz or is it jam ,5325e4622056455d8ab0404eef11fe4b
spotify:track:6fHoh7hLbVNdeRebfOIbyh,0d42af6c19054b7dbbe4aa499186e408,2025-12-31T06:38:25Z,2,Fav song of playlist ,5325e4622056455d8ab0404eef11fe4b
spotify:track:7DTpuL0ZcOD9krvfZsnLZw,0d42af6c19054b7dbbe4aa499186e408,2025-12-31T06:38:25Z,1,Groove ,5325e4622056455d8ab0404eef11fe4b
spotify:track:0t9IrTpcOWuTBKfjlQhuyF,a2909b31d1c04d728cfcf68ca0d73cca,2025-12-31T13:54:34Z,1,I always have a point for the Dan. ,5325e4622056455d8ab0404eef11fe4b
spotify:track:0VU5k3vCrpqDgUygMjiFYj,a2909b31d1c04d728cfcf68ca0d73cca,2025-12-31T13:54:34Z,1,,5325e4622056455d8ab0404eef11fe4b
spotify:track:0WAEGVylZjbe2mQ6Or6HxY,a2909b31d1c04d728cfcf68ca0d73cca,2025-12-31T13:54:34Z,1,,5325e4622056455d8ab0404eef11fe4b
spotify:track:2UwH6nwpc3nH9ySXXLkDVn,a2909b31d1c04d728cfcf68ca0d73cca,2025-12-31T13:54:34Z,1,,5325e4622056455d8ab0404eef11fe4b
spotify:track:3D5DLs0axrVNAiZduKHcmp,a2909b31d1c04d728cfcf68ca0d73cca,2025-12-31T13:54:34Z,1,,5325e4622056455d8ab0404eef11fe4b
spotify:track:3i8vYrQiIa5SgG7umK28M0,a2909b31d1c04d728cfcf68ca0d73cca,2025-12-31T13:54:34Z,1,,5325e4622056455d8ab0404eef11fe4b
spotify:track:4H3eeEecmb1lIqUfo99d8G,a2909b31d1c04d728cfcf68ca0d73cca,2025-12-31T13:54:34Z,1,The line about Dre at the end made me lol,5325e4622056455d8ab0404eef11fe4b
spotify:track:4zBj0FQCnpj8NSnCNRHuz0,a2909b31d1c04d728cfcf68ca0d73cca,2025-12-31T13:54:34Z,1,,5325e4622056455d8ab0404eef11fe4b
spotify:track:59U6zeM41CKw3SEnU0dBZo,a2909b31d1c04d728cfcf68ca0d73cca,2025-12-31T13:54:34Z,0,Didn’t do much for me,5325e4622056455d8ab0404eef11fe4b
spotify:track:62VWmsNoDmqT0Mj9oHHFVh,a2909b31d1c04d728cfcf68ca0d73cca,2025-12-31T13:54:34Z,2,,5325e4622056455d8ab0404eef11fe4b
spotify:track:66ueI1R4ZfV6Dtn0Zgnism,a2909b31d1c04d728cfcf68ca0d73cca,2025-12-31T13:54:34Z,2,,5325e4622056455d8ab0404eef11fe4b
spotify:track:6fHoh7hLbVNdeRebfOIbyh,a2909b31d1c04d728cfcf68ca0d73cca,2025-12-31T13:54:34Z,2,This was one of the most unique songs I think I’ve heard in music league. Def checking out this album. ,5325e4622056455d8ab0404eef11fe4b
spotify:track:7DTpuL0ZcOD9krvfZsnLZw,a2909b31d1c04d728cfcf68ca0d73cca,2025-12-31T13:54:34Z,2,Great choice.,5325e4622056455d8ab0404eef11fe4b
spotify:track:7lqWP2Uod5DlJhqZU2UVW0,a2909b31d1c04d728cfcf68ca0d73cca,2025-12-31T13:54:34Z,0,Great song but a 10 min live version on this playlist was not working. Position in the playlist also hurt its chances for a point. ,5325e4622056455d8ab0404eef11fe4b
spotify:track:0t9IrTpcOWuTBKfjlQhuyF,e5c2390073644e979f43e744c33e6c60,2025-12-31T15:12:38Z,0,Listened twice and just could not come around to this to give it points,5325e4622056455d8ab0404eef11fe4b
spotify:track:0WAEGVylZjbe2mQ6Or6HxY,e5c2390073644e979f43e744c33e6c60,2025-12-31T15:12:38Z,1,,5325e4622056455d8ab0404eef11fe4b
spotify:track:2UwH6nwpc3nH9ySXXLkDVn,e5c2390073644e979f43e744c33e6c60,2025-12-31T15:12:38Z,2,,5325e4622056455d8ab0404eef11fe4b
spotify:track:3D5DLs0axrVNAiZduKHcmp,e5c2390073644e979f43e744c33e6c60,2025-12-31T15:12:38Z,0,My dad loved CCR this just wasn’t doing it for me,5325e4622056455d8ab0404eef11fe4b
spotify:track:3i8vYrQiIa5SgG7umK28M0,e5c2390073644e979f43e744c33e6c60,2025-12-31T15:12:38Z,1,Bela does Stash??,5325e4622056455d8ab0404eef11fe4b
spotify:track:4hgKBuXWJrhcUDrX6y9y2d,e5c2390073644e979f43e744c33e6c60,2025-12-31T15:12:38Z,2,"Nice and groovy, I used to drive donner pass just another murder in a different mountain ",5325e4622056455d8ab0404eef11fe4b
spotify:track:4zBj0FQCnpj8NSnCNRHuz0,e5c2390073644e979f43e744c33e6c60,2025-12-31T15:12:38Z,1,,5325e4622056455d8ab0404eef11fe4b
spotify:track:59U6zeM41CKw3SEnU0dBZo,e5c2390073644e979f43e744c33e6c60,2025-12-31T15:12:38Z,1,,5325e4622056455d8ab0404eef11fe4b
spotify:track:62VWmsNoDmqT0Mj9oHHFVh,e5c2390073644e979f43e744c33e6c60,2025-12-31T15:12:38Z,2,,5325e4622056455d8ab0404eef11fe4b
spotify:track:66ueI1R4ZfV6Dtn0Zgnism,e5c2390073644e979f43e744c33e6c60,2025-12-31T15:12:38Z,1,,5325e4622056455d8ab0404eef11fe4b
spotify:track:6fHoh7hLbVNdeRebfOIbyh,e5c2390073644e979f43e744c33e6c60,2025-12-31T15:12:38Z,3,Party at Rupa’s fire up the tandoori oven and throw on the disco jazz ,5325e4622056455d8ab0404eef11fe4b
spotify:track:7DTpuL0ZcOD9krvfZsnLZw,e5c2390073644e979f43e744c33e6c60,2025-12-31T15:12:38Z,2,What a beat just wish there was a little more lyrics ,5325e4622056455d8ab0404eef11fe4b
spotify:track:0t9IrTpcOWuTBKfjlQhuyF,605866a938e54c5da212fc8595186729,2025-12-31T19:07:21Z,0,I want to like this but I don’t 🤷‍♀️,5325e4622056455d8ab0404eef11fe4b
spotify:track:0WAEGVylZjbe2mQ6Or6HxY,605866a938e54c5da212fc8595186729,2025-12-31T19:07:21Z,3,,5325e4622056455d8ab0404eef11fe4b
spotify:track:2UwH6nwpc3nH9ySXXLkDVn,605866a938e54c5da212fc8595186729,2025-12-31T19:07:21Z,1,Groovy ,5325e4622056455d8ab0404eef11fe4b
spotify:track:3D5DLs0axrVNAiZduKHcmp,605866a938e54c5da212fc8595186729,2025-12-31T19:07:21Z,1,,5325e4622056455d8ab0404eef11fe4b
spotify:track:3i8vYrQiIa5SgG7umK28M0,605866a938e54c5da212fc8595186729,2025-12-31T19:07:21Z,1,Enjoyed but got bored ,5325e4622056455d8ab0404eef11fe4b
spotify:track:4hgKBuXWJrhcUDrX6y9y2d,605866a938e54c5da212fc8595186729,2025-12-31T19:07:21Z,2,,5325e4622056455d8ab0404eef11fe4b
spotify:track:4zBj0FQCnpj8NSnCNRHuz0,605866a938e54c5da212fc8595186729,2025-12-31T19:07:21Z,1,,5325e4622056455d8ab0404eef11fe4b
spotify:track:59U6zeM41CKw3SEnU0dBZo,605866a938e54c5da212fc8595186729,2025-12-31T19:07:21Z,1,,5325e4622056455d8ab0404eef11fe4b
spotify:track:62VWmsNoDmqT0Mj9oHHFVh,605866a938e54c5da212fc8595186729,2025-12-31T19:07:21Z,2,,5325e4622056455d8ab0404eef11fe4b
spotify:track:6fHoh7hLbVNdeRebfOIbyh,605866a938e54c5da212fc8595186729,2025-12-31T19:07:21Z,3,,5325e4622056455d8ab0404eef11fe4b
spotify:track:7lqWP2Uod5DlJhqZU2UVW0,605866a938e54c5da212fc8595186729,2025-12-31T19:07:21Z,1,,5325e4622056455d8ab0404eef11fe4b
spotify:track:0t9IrTpcOWuTBKfjlQhuyF,f1f0f2ed0eb64306992b613229fb7972,2025-12-31T21:59:05Z,1,"Points for Brooklyn 💗 but also, I’m a #DanFan but not super familiar with this one. Love the pedal steel? ",5325e4622056455d8ab0404eef11fe4b
spotify:track:0VU5k3vCrpqDgUygMjiFYj,f1f0f2ed0eb64306992b613229fb7972,2025-12-31T21:59:05Z,0,Would’ve preferred Galway Girl 😬,5325e4622056455d8ab0404eef11fe4b
spotify:track:0WAEGVylZjbe2mQ6Or6HxY,f1f0f2ed0eb64306992b613229fb7972,2025-12-31T21:59:05Z,1,"Had to look up what part of this was on a map 🤔 Decent enough, inoffensive",5325e4622056455d8ab0404eef11fe4b
spotify:track:2UwH6nwpc3nH9ySXXLkDVn,f1f0f2ed0eb64306992b613229fb7972,2025-12-31T21:59:05Z,3,"Points for NOLA 👌 Very into this groove. Cool backstory behind the record/track, too. (As told to me by Sam) ",5325e4622056455d8ab0404eef11fe4b
spotify:track:3D5DLs0axrVNAiZduKHcmp,f1f0f2ed0eb64306992b613229fb7972,2025-12-31T21:59:05Z,1,Sounds like a party behind the track!,5325e4622056455d8ab0404eef11fe4b
spotify:track:3i8vYrQiIa5SgG7umK28M0,f1f0f2ed0eb64306992b613229fb7972,2025-12-31T21:59:05Z,1,Love me some Bela but this was a lil’ too jazzy for my sensibilities ,5325e4622056455d8ab0404eef11fe4b
spotify:track:4H3eeEecmb1lIqUfo99d8G,f1f0f2ed0eb64306992b613229fb7972,2025-12-31T21:59:05Z,1,Didn’t expect to like this as much as did once the song started! 👍,5325e4622056455d8ab0404eef11fe4b
spotify:track:4hgKBuXWJrhcUDrX6y9y2d,f1f0f2ed0eb64306992b613229fb7972,2025-12-31T21:59:05Z,2,Groovy. Dig this quite a bit. Horns always make things better (except if it’s Stuart Bogie…) ,5325e4622056455d8ab0404eef11fe4b
spotify:track:59U6zeM41CKw3SEnU0dBZo,f1f0f2ed0eb64306992b613229fb7972,2025-12-31T21:59:05Z,0,"Meh, tobacco… 😒",5325e4622056455d8ab0404eef11fe4b
spotify:track:5TSj6ySt4WqDuljv61Q4D5,f1f0f2ed0eb64306992b613229fb7972,2025-12-31T21:59:05Z,2,Points bc I saw them twice this year & Sam LOVES them. Adrianne is also a totally adorable queer baddie. This was one of my faves off the new album. ,5325e4622056455d8ab0404eef11fe4b
spotify:track:62VWmsNoDmqT0Mj9oHHFVh,f1f0f2ed0eb64306992b613229fb7972,2025-12-31T21:59:05Z,1,Horns 👍 Feels classy ,5325e4622056455d8ab0404eef11fe4b
spotify:track:66ueI1R4ZfV6Dtn0Zgnism,f1f0f2ed0eb64306992b613229fb7972,2025-12-31T21:59:05Z,1,Bings me back to Bowlive 🥲,5325e4622056455d8ab0404eef11fe4b
spotify:track:6fHoh7hLbVNdeRebfOIbyh,f1f0f2ed0eb64306992b613229fb7972,2025-12-31T21:59:05Z,1,She rules 🕺🏻,5325e4622056455d8ab0404eef11fe4b
spotify:track:7DTpuL0ZcOD9krvfZsnLZw,f1f0f2ed0eb64306992b613229fb7972,2025-12-31T21:59:05Z,1,Unique. Love Will Sessions. Unfamiliar with this track but into it. ,5325e4622056455d8ab0404eef11fe4b
spotify:track:7lqWP2Uod5DlJhqZU2UVW0,f1f0f2ed0eb64306992b613229fb7972,2025-12-31T21:59:05Z,0,"Surprisingly, didn’t love this? 🫣",5325e4622056455d8ab0404eef11fe4b
spotify:track:0t9IrTpcOWuTBKfjlQhuyF,48468f9ee55c4e71b349a5f376d4d792,2025-12-31T22:38:50Z,1,,5325e4622056455d8ab0404eef11fe4b
spotify:track:0VU5k3vCrpqDgUygMjiFYj,48468f9ee55c4e71b349a5f376d4d792,2025-12-31T22:38:50Z,2,,5325e4622056455d8ab0404eef11fe4b
spotify:track:0WAEGVylZjbe2mQ6Or6HxY,48468f9ee55c4e71b349a5f376d4d792,2025-12-31T22:38:50Z,1,,5325e4622056455d8ab0404eef11fe4b
spotify:track:2UwH6nwpc3nH9ySXXLkDVn,48468f9ee55c4e71b349a5f376d4d792,2025-12-31T22:38:50Z,1,,5325e4622056455d8ab0404eef11fe4b
spotify:track:3D5DLs0axrVNAiZduKHcmp,48468f9ee55c4e71b349a5f376d4d792,2025-12-31T22:38:50Z,1,,5325e4622056455d8ab0404eef11fe4b
spotify:track:3i8vYrQiIa5SgG7umK28M0,48468f9ee55c4e71b349a5f376d4d792,2025-12-31T22:38:50Z,1,,5325e4622056455d8ab0404eef11fe4b
spotify:track:4H3eeEecmb1lIqUfo99d8G,48468f9ee55c4e71b349a5f376d4d792,2025-12-31T22:38:50Z,1,,5325e4622056455d8ab0404eef11fe4b
spotify:track:4hgKBuXWJrhcUDrX6y9y2d,48468f9ee55c4e71b349a5f376d4d792,2025-12-31T22:38:50Z,1,,5325e4622056455d8ab0404eef11fe4b
spotify:track:4zBj0FQCnpj8NSnCNRHuz0,48468f9ee55c4e71b349a5f376d4d792,2025-12-31T22:38:50Z,1,,5325e4622056455d8ab0404eef11fe4b
spotify:track:59U6zeM41CKw3SEnU0dBZo,48468f9ee55c4e71b349a5f376d4d792,2025-12-31T22:38:50Z,1,,5325e4622056455d8ab0404eef11fe4b
spotify:track:5TSj6ySt4WqDuljv61Q4D5,48468f9ee55c4e71b349a5f376d4d792,2025-12-31T22:38:50Z,1,,5325e4622056455d8ab0404eef11fe4b
spotify:track:62VWmsNoDmqT0Mj9oHHFVh,48468f9ee55c4e71b349a5f376d4d792,2025-12-31T22:38:50Z,1,,5325e4622056455d8ab0404eef11fe4b
spotify:track:6fHoh7hLbVNdeRebfOIbyh,48468f9ee55c4e71b349a5f376d4d792,2025-12-31T22:38:50Z,1,,5325e4622056455d8ab0404eef11fe4b
spotify:track:7DTpuL0ZcOD9krvfZsnLZw,48468f9ee55c4e71b349a5f376d4d792,2025-12-31T22:38:50Z,1,,5325e4622056455d8ab0404eef11fe4b
spotify:track:7lqWP2Uod5DlJhqZU2UVW0,48468f9ee55c4e71b349a5f376d4d792,2025-12-31T22:38:50Z,1,,5325e4622056455d8ab0404eef11fe4b
spotify:track:0WAEGVylZjbe2mQ6Or6HxY,4e117e3021d7466c8bf0b654f8357418,2025-12-31T23:32:44Z,2,,5325e4622056455d8ab0404eef11fe4b
spotify:track:2UwH6nwpc3nH9ySXXLkDVn,4e117e3021d7466c8bf0b654f8357418,2025-12-31T23:32:44Z,2,,5325e4622056455d8ab0404eef11fe4b
spotify:track:3D5DLs0axrVNAiZduKHcmp,4e117e3021d7466c8bf0b654f8357418,2025-12-31T23:32:44Z,3,,5325e4622056455d8ab0404eef11fe4b
spotify:track:4hgKBuXWJrhcUDrX6y9y2d,4e117e3021d7466c8bf0b654f8357418,2025-12-31T23:32:44Z,2,,5325e4622056455d8ab0404eef11fe4b
spotify:track:4zBj0FQCnpj8NSnCNRHuz0,4e117e3021d7466c8bf0b654f8357418,2025-12-31T23:32:44Z,3,,5325e4622056455d8ab0404eef11fe4b
spotify:track:6fHoh7hLbVNdeRebfOIbyh,4e117e3021d7466c8bf0b654f8357418,2025-12-31T23:32:44Z,4,,5325e4622056455d8ab0404eef11fe4b
spotify:track:0gsci1xkgAK6gZGr7Lqqxu,0b4377c224ba402d97adce848425da90,2026-01-04T15:10:11Z,1,"More vocals than I expected early on here, but this gets the job done",3f2e9bf02ca2448a9d5a3b76c78a4548
spotify:track:0krvVcQqfZTltbCNEOmw5d,0b4377c224ba402d97adce848425da90,2026-01-04T15:10:11Z,1,On the map in a small Dutch enclave ,3f2e9bf02ca2448a9d5a3b76c78a4548
spotify:track:1hcO1dtHeCosJwvRi1GBcB,0b4377c224ba402d97adce848425da90,2026-01-04T15:10:11Z,0,Too much with the yap yap yapping,3f2e9bf02ca2448a9d5a3b76c78a4548
spotify:track:1wk5QI8DKu2iwDGpMfUSss,0b4377c224ba402d97adce848425da90,2026-01-04T15:10:11Z,2,I would like to be friends with this person ,3f2e9bf02ca2448a9d5a3b76c78a4548
spotify:track:1xhz0RlOVHEqxobHkLwmDo,0b4377c224ba402d97adce848425da90,2026-01-04T15:10:11Z,1,Cozy AF. Deducted one point for the repeat. ,3f2e9bf02ca2448a9d5a3b76c78a4548
spotify:track:22Owv4nARWNLMrMOARWzo7,0b4377c224ba402d97adce848425da90,2026-01-04T15:10:11Z,0,Really not looking to sweat during a proper gazellig session,3f2e9bf02ca2448a9d5a3b76c78a4548
spotify:track:2CaQfveKx9S7BnCMktGUUa,0b4377c224ba402d97adce848425da90,2026-01-04T15:10:11Z,1,Quite convivial ,3f2e9bf02ca2448a9d5a3b76c78a4548
spotify:track:2SA0sqeKiA992kqZkGsIWa,0b4377c224ba402d97adce848425da90,2026-01-04T15:10:11Z,2,"Maybe my favorite track of the week, but the bit of tension kept it below the uber cozy tier.",3f2e9bf02ca2448a9d5a3b76c78a4548
spotify:track:4j1Z2nBiE63ybrVJFUlJnA,0b4377c224ba402d97adce848425da90,2026-01-04T15:10:11Z,0,Not for me ,3f2e9bf02ca2448a9d5a3b76c78a4548
spotify:track:4z5SurpQi9XM881Bh9cIlL,0b4377c224ba402d97adce848425da90,2026-01-04T15:10:11Z,3,Big fan of this guy. Nice choice. ,3f2e9bf02ca2448a9d5a3b76c78a4548
spotify:track:5PMrjBIsDgeaQaqh25JXnb,0b4377c224ba402d97adce848425da90,2026-01-04T15:10:11Z,1,Downright whimsical ,3f2e9bf02ca2448a9d5a3b76c78a4548
spotify:track:6H6IVgPFH96wwwEcHIzW9a,0b4377c224ba402d97adce848425da90,2026-01-04T15:10:11Z,0,Too basic ,3f2e9bf02ca2448a9d5a3b76c78a4548
spotify:track:6WFFIg9YV0yA8An4XcFjU8,0b4377c224ba402d97adce848425da90,2026-01-04T15:10:11Z,1,Lovely stuff. Back to Back Bela’s kept it down a little this round for me. ,3f2e9bf02ca2448a9d5a3b76c78a4548
spotify:track:7FE9gpMY21ujjILiOsfaM0,0b4377c224ba402d97adce848425da90,2026-01-04T15:10:11Z,0,Not for me ,3f2e9bf02ca2448a9d5a3b76c78a4548
spotify:track:7xzqgS9xNlvZi2AZvGBa7m,0b4377c224ba402d97adce848425da90,2026-01-04T15:10:11Z,3,Okonski was on my short list and this is one of my favorite albums of 2025,3f2e9bf02ca2448a9d5a3b76c78a4548
spotify:track:0gsci1xkgAK6gZGr7Lqqxu,d0b05ef03f5e4598a3e8532b812c3330,2026-01-04T15:15:57Z,0,Curious to see how a B- Paul McCartney song does in this round…,3f2e9bf02ca2448a9d5a3b76c78a4548
spotify:track:0krvVcQqfZTltbCNEOmw5d,d0b05ef03f5e4598a3e8532b812c3330,2026-01-04T15:15:57Z,1,This was nice ,3f2e9bf02ca2448a9d5a3b76c78a4548
spotify:track:1hcO1dtHeCosJwvRi1GBcB,d0b05ef03f5e4598a3e8532b812c3330,2026-01-04T15:15:57Z,0,Eh a bit boring. I thought we were done with doo wop after the second prompt. ,3f2e9bf02ca2448a9d5a3b76c78a4548
spotify:track:1Rzz5Oo9yowqNcAWmEIj38,d0b05ef03f5e4598a3e8532b812c3330,2026-01-04T15:15:57Z,4,Might be my fav. This is the part of the secret set where we all look at each other and nod and think collectively without talking that this is what it’s all about ,3f2e9bf02ca2448a9d5a3b76c78a4548
spotify:track:1wk5QI8DKu2iwDGpMfUSss,d0b05ef03f5e4598a3e8532b812c3330,2026-01-04T15:15:57Z,1,Really nice song. Just not the specific prompt vibe I was thinking ,3f2e9bf02ca2448a9d5a3b76c78a4548
spotify:track:1xhz0RlOVHEqxobHkLwmDo,d0b05ef03f5e4598a3e8532b812c3330,2026-01-04T15:15:57Z,2,What a pic Asa! Played this in the car with my grandma and she loved it. ,3f2e9bf02ca2448a9d5a3b76c78a4548
spotify:track:22Owv4nARWNLMrMOARWzo7,d0b05ef03f5e4598a3e8532b812c3330,2026-01-04T15:15:57Z,2,Love Hannah. This hits the spot but def more in a minor jazzy chord progression if that makes sense. The bass in the pocket on this is awesome. ,3f2e9bf02ca2448a9d5a3b76c78a4548
spotify:track:2SA0sqeKiA992kqZkGsIWa,d0b05ef03f5e4598a3e8532b812c3330,2026-01-04T15:15:57Z,0,Eh borrriing ,3f2e9bf02ca2448a9d5a3b76c78a4548
spotify:track:4j1Z2nBiE63ybrVJFUlJnA,d0b05ef03f5e4598a3e8532b812c3330,2026-01-04T15:15:57Z,0,Nice song. A little too melancholy for the prompt though ,3f2e9bf02ca2448a9d5a3b76c78a4548
spotify:track:4z5SurpQi9XM881Bh9cIlL,d0b05ef03f5e4598a3e8532b812c3330,2026-01-04T15:15:57Z,0,Love this but overplayed for me. What can I say I’m a music snob. ,3f2e9bf02ca2448a9d5a3b76c78a4548
spotify:track:5PMrjBIsDgeaQaqh25JXnb,d0b05ef03f5e4598a3e8532b812c3330,2026-01-04T15:15:57Z,4,Lovely. Feel like I should be much more familiar with this. Going on a penguin cafe deep dive. ,3f2e9bf02ca2448a9d5a3b76c78a4548
spotify:track:6H6IVgPFH96wwwEcHIzW9a,d0b05ef03f5e4598a3e8532b812c3330,2026-01-04T15:15:57Z,0,"Great song yes. Just not inspired. Kinda like my steely Dan pick last round even though I bet most weren’t familiar with that cut from their first album, unlike this song ",3f2e9bf02ca2448a9d5a3b76c78a4548
spotify:track:6WFFIg9YV0yA8An4XcFjU8,d0b05ef03f5e4598a3e8532b812c3330,2026-01-04T15:15:57Z,1,Very nice. Kenny there is other music in this universe than Bela. This is like a nicer lesser played big country ,3f2e9bf02ca2448a9d5a3b76c78a4548
spotify:track:7FE9gpMY21ujjILiOsfaM0,d0b05ef03f5e4598a3e8532b812c3330,2026-01-04T15:15:57Z,0,Nope and not just cause this is the second last song ,3f2e9bf02ca2448a9d5a3b76c78a4548
spotify:track:7xzqgS9xNlvZi2AZvGBa7m,d0b05ef03f5e4598a3e8532b812c3330,2026-01-04T15:15:57Z,1,Nice but def entrance music to the elevator!!! Amirite?!?,3f2e9bf02ca2448a9d5a3b76c78a4548
spotify:track:0gsci1xkgAK6gZGr7Lqqxu,ce76a5e6ff274137bb5127db7065d9a8,2026-01-04T16:22:48Z,1,This is a nice pick for this vibe. Under the radar Macca cut,3f2e9bf02ca2448a9d5a3b76c78a4548
spotify:track:0krvVcQqfZTltbCNEOmw5d,ce76a5e6ff274137bb5127db7065d9a8,2026-01-04T16:22:48Z,1,Brijean is apparently part of poolside. Poolside is definitely chill vibes,3f2e9bf02ca2448a9d5a3b76c78a4548
spotify:track:1hcO1dtHeCosJwvRi1GBcB,ce76a5e6ff274137bb5127db7065d9a8,2026-01-04T16:22:48Z,1,Cool album art,3f2e9bf02ca2448a9d5a3b76c78a4548
spotify:track:1Rzz5Oo9yowqNcAWmEIj38,ce76a5e6ff274137bb5127db7065d9a8,2026-01-04T16:22:48Z,2,Very pretty,3f2e9bf02ca2448a9d5a3b76c78a4548
spotify:track:1wk5QI8DKu2iwDGpMfUSss,ce76a5e6ff274137bb5127db7065d9a8,2026-01-04T16:22:48Z,1,I wasn’t sure how cozy this one was initially. But it grew on me,3f2e9bf02ca2448a9d5a3b76c78a4548
spotify:track:1xhz0RlOVHEqxobHkLwmDo,ce76a5e6ff274137bb5127db7065d9a8,2026-01-04T16:22:48Z,0,"This reminds me a little of Carousel by Iron and Wine, which is a better song. Check it out. Was gonna give it a point cuz it fits the vibe, but there’s another song I want to give two points to and this one misses the cut cuz I’m still not sure if it’s ai or not",3f2e9bf02ca2448a9d5a3b76c78a4548
spotify:track:22Owv4nARWNLMrMOARWzo7,ce76a5e6ff274137bb5127db7065d9a8,2026-01-04T16:22:48Z,2,Really like this one. Had saved another song from this album (Earthstar) earlier this year ,3f2e9bf02ca2448a9d5a3b76c78a4548
spotify:track:2CaQfveKx9S7BnCMktGUUa,ce76a5e6ff274137bb5127db7065d9a8,2026-01-04T16:22:48Z,1,I guess this is cozy in a sitting in a circusy Amsterdam coffee shop kind of way,3f2e9bf02ca2448a9d5a3b76c78a4548
spotify:track:2SA0sqeKiA992kqZkGsIWa,ce76a5e6ff274137bb5127db7065d9a8,2026-01-04T16:22:48Z,0,"This one didn’t really do it for me idk why. Too long with little variation, not quite cozy. Sounded a little like a generic progression phish would fall back on to try to reach a peak",3f2e9bf02ca2448a9d5a3b76c78a4548
spotify:track:4z5SurpQi9XM881Bh9cIlL,ce76a5e6ff274137bb5127db7065d9a8,2026-01-04T16:22:48Z,2,Yeah this feels like chillin on a couch music,3f2e9bf02ca2448a9d5a3b76c78a4548
spotify:track:5PMrjBIsDgeaQaqh25JXnb,ce76a5e6ff274137bb5127db7065d9a8,2026-01-04T16:22:48Z,2,Loved this. What a cool song. Favorite of this round I think,3f2e9bf02ca2448a9d5a3b76c78a4548
spotify:track:6H6IVgPFH96wwwEcHIzW9a,ce76a5e6ff274137bb5127db7065d9a8,2026-01-04T16:22:48Z,0,"This does not scream gezellig to me. I guess it fits the togetherness aspect, but to me it should be more about the coziness",3f2e9bf02ca2448a9d5a3b76c78a4548
spotify:track:6WFFIg9YV0yA8An4XcFjU8,ce76a5e6ff274137bb5127db7065d9a8,2026-01-04T16:22:48Z,1,Really pretty. Fits the vibe. Don’t care if it’s a repeat artist from last round,3f2e9bf02ca2448a9d5a3b76c78a4548
spotify:track:7FE9gpMY21ujjILiOsfaM0,ce76a5e6ff274137bb5127db7065d9a8,2026-01-04T16:22:48Z,1,"I can see some voters turning their noses up at the country quality, but this is definitely fireside cozy vibe",3f2e9bf02ca2448a9d5a3b76c78a4548
spotify:track:7xzqgS9xNlvZi2AZvGBa7m,ce76a5e6ff274137bb5127db7065d9a8,2026-01-04T16:22:48Z,1,Pretty,3f2e9bf02ca2448a9d5a3b76c78a4548
spotify:track:0gsci1xkgAK6gZGr7Lqqxu,7fdceb56429c4e38939c3e5ee41bfdd0,2026-01-04T20:05:07Z,1,,3f2e9bf02ca2448a9d5a3b76c78a4548
spotify:track:1hcO1dtHeCosJwvRi1GBcB,7fdceb56429c4e38939c3e5ee41bfdd0,2026-01-04T20:05:07Z,2,,3f2e9bf02ca2448a9d5a3b76c78a4548
spotify:track:1Rzz5Oo9yowqNcAWmEIj38,7fdceb56429c4e38939c3e5ee41bfdd0,2026-01-04T20:05:07Z,3,"Pretty sure this will be my pick of the week and I’m 4 songs in…

Yep. Second listen same result",3f2e9bf02ca2448a9d5a3b76c78a4548
spotify:track:1xhz0RlOVHEqxobHkLwmDo,7fdceb56429c4e38939c3e5ee41bfdd0,2026-01-04T20:05:07Z,1,"+2 for chill vibes 
-1 for exact song being played last round of ML 1",3f2e9bf02ca2448a9d5a3b76c78a4548
spotify:track:22Owv4nARWNLMrMOARWzo7,7fdceb56429c4e38939c3e5ee41bfdd0,2026-01-04T20:05:07Z,1,Green check when first opened the playlist. Short list. ,3f2e9bf02ca2448a9d5a3b76c78a4548
spotify:track:2SA0sqeKiA992kqZkGsIWa,7fdceb56429c4e38939c3e5ee41bfdd0,2026-01-04T20:05:07Z,2,Good one,3f2e9bf02ca2448a9d5a3b76c78a4548
spotify:track:4j1Z2nBiE63ybrVJFUlJnA,7fdceb56429c4e38939c3e5ee41bfdd0,2026-01-04T20:05:07Z,1,,3f2e9bf02ca2448a9d5a3b76c78a4548
spotify:track:4z5SurpQi9XM881Bh9cIlL,7fdceb56429c4e38939c3e5ee41bfdd0,2026-01-04T20:05:07Z,1,,3f2e9bf02ca2448a9d5a3b76c78a4548
spotify:track:6WFFIg9YV0yA8An4XcFjU8,7fdceb56429c4e38939c3e5ee41bfdd0,2026-01-04T20:05:07Z,1,,3f2e9bf02ca2448a9d5a3b76c78a4548
spotify:track:7FE9gpMY21ujjILiOsfaM0,7fdceb56429c4e38939c3e5ee41bfdd0,2026-01-04T20:05:07Z,1,,3f2e9bf02ca2448a9d5a3b76c78a4548
spotify:track:7xzqgS9xNlvZi2AZvGBa7m,7fdceb56429c4e38939c3e5ee41bfdd0,2026-01-04T20:05:07Z,2,Loveli. Also two landmarks. ,3f2e9bf02ca2448a9d5a3b76c78a4548
spotify:track:0gsci1xkgAK6gZGr7Lqqxu,183c5f6ed1b147099842917a9576c8f4,2026-01-04T21:03:55Z,1,+ 1 for the literal lyrics and the nice McCartney tune I wasn't familiar with ,3f2e9bf02ca2448a9d5a3b76c78a4548
spotify:track:0krvVcQqfZTltbCNEOmw5d,183c5f6ed1b147099842917a9576c8f4,2026-01-04T21:03:55Z,1,,3f2e9bf02ca2448a9d5a3b76c78a4548
spotify:track:1hcO1dtHeCosJwvRi1GBcB,183c5f6ed1b147099842917a9576c8f4,2026-01-04T21:03:55Z,2,Had me at bonjour,3f2e9bf02ca2448a9d5a3b76c78a4548
spotify:track:1Rzz5Oo9yowqNcAWmEIj38,183c5f6ed1b147099842917a9576c8f4,2026-01-04T21:03:55Z,2,Sweet sweet ambient jazz,3f2e9bf02ca2448a9d5a3b76c78a4548
spotify:track:1wk5QI8DKu2iwDGpMfUSss,183c5f6ed1b147099842917a9576c8f4,2026-01-04T21:03:55Z,2,Person I'd most like to Gezellig with on the list,3f2e9bf02ca2448a9d5a3b76c78a4548
spotify:track:1xhz0RlOVHEqxobHkLwmDo,183c5f6ed1b147099842917a9576c8f4,2026-01-04T21:03:55Z,0,Too many new pieces that really got me good. ,3f2e9bf02ca2448a9d5a3b76c78a4548
spotify:track:22Owv4nARWNLMrMOARWzo7,183c5f6ed1b147099842917a9576c8f4,2026-01-04T21:03:55Z,2,More like a warm breeze on a cool summer night,3f2e9bf02ca2448a9d5a3b76c78a4548
spotify:track:2CaQfveKx9S7BnCMktGUUa,183c5f6ed1b147099842917a9576c8f4,2026-01-04T21:03:55Z,0,More space circus than Gezzelig,3f2e9bf02ca2448a9d5a3b76c78a4548
spotify:track:2SA0sqeKiA992kqZkGsIWa,183c5f6ed1b147099842917a9576c8f4,2026-01-04T21:03:55Z,2,Was waiting for Ripley Johnson's made to Gezellg voice to take it over the top...but still wonderful ,3f2e9bf02ca2448a9d5a3b76c78a4548
spotify:track:4j1Z2nBiE63ybrVJFUlJnA,183c5f6ed1b147099842917a9576c8f4,2026-01-04T21:03:55Z,0,Wish were having ,3f2e9bf02ca2448a9d5a3b76c78a4548
spotify:track:4z5SurpQi9XM881Bh9cIlL,183c5f6ed1b147099842917a9576c8f4,2026-01-04T21:03:55Z,3,"Finished up dinner - likely a nicely braised short rib, fire is roaring, big glasses of Malbec on the sofa and cuddles on the sofa.  Piano refrain really, really reminds me of Ike Turner's Getting Nasty. ",3f2e9bf02ca2448a9d5a3b76c78a4548
spotify:track:5PMrjBIsDgeaQaqh25JXnb,183c5f6ed1b147099842917a9576c8f4,2026-01-04T21:03:55Z,1,"I don't do much Gezelling in the back of a taxi, but this is how I'd imagine it. ",3f2e9bf02ca2448a9d5a3b76c78a4548
spotify:track:6H6IVgPFH96wwwEcHIzW9a,183c5f6ed1b147099842917a9576c8f4,2026-01-04T21:03:55Z,0,"Might take two to Gezzeig, but this is not what we're listening to. ",3f2e9bf02ca2448a9d5a3b76c78a4548
spotify:track:6WFFIg9YV0yA8An4XcFjU8,183c5f6ed1b147099842917a9576c8f4,2026-01-04T21:03:55Z,0,Think Kenny's trying to turn this into a Bela Fleck Friends league. ,3f2e9bf02ca2448a9d5a3b76c78a4548
spotify:track:7FE9gpMY21ujjILiOsfaM0,183c5f6ed1b147099842917a9576c8f4,2026-01-04T21:03:55Z,0,Too country for my Gezeelig  session,3f2e9bf02ca2448a9d5a3b76c78a4548
spotify:track:0gsci1xkgAK6gZGr7Lqqxu,48468f9ee55c4e71b349a5f376d4d792,2026-01-04T21:05:50Z,0,I like it but but not really relaxing. I really like the guy singing though. He sings little willow which is one of my fav songs. Check it out. ,3f2e9bf02ca2448a9d5a3b76c78a4548
spotify:track:0krvVcQqfZTltbCNEOmw5d,48468f9ee55c4e71b349a5f376d4d792,2026-01-04T21:05:50Z,1,It’s relaxing but I don’t like it a lot ,3f2e9bf02ca2448a9d5a3b76c78a4548
spotify:track:1hcO1dtHeCosJwvRi1GBcB,48468f9ee55c4e71b349a5f376d4d792,2026-01-04T21:05:50Z,0,It’s “ish”. Like it’s good but not my fav and it’s relaxing. ,3f2e9bf02ca2448a9d5a3b76c78a4548
spotify:track:1Rzz5Oo9yowqNcAWmEIj38,48468f9ee55c4e71b349a5f376d4d792,2026-01-04T21:05:50Z,2,Is this yours or uncle Jacob’s it seems like it ,3f2e9bf02ca2448a9d5a3b76c78a4548
spotify:track:1wk5QI8DKu2iwDGpMfUSss,48468f9ee55c4e71b349a5f376d4d792,2026-01-04T21:05:50Z,2,I’m giving the is a 2. Why? Cause I like it ,3f2e9bf02ca2448a9d5a3b76c78a4548
spotify:track:22Owv4nARWNLMrMOARWzo7,48468f9ee55c4e71b349a5f376d4d792,2026-01-04T21:05:50Z,0,It’s good but not relaxing ,3f2e9bf02ca2448a9d5a3b76c78a4548
spotify:track:2CaQfveKx9S7BnCMktGUUa,48468f9ee55c4e71b349a5f376d4d792,2026-01-04T21:05:50Z,2,,3f2e9bf02ca2448a9d5a3b76c78a4548
spotify:track:2SA0sqeKiA992kqZkGsIWa,48468f9ee55c4e71b349a5f376d4d792,2026-01-04T21:05:50Z,0,Zero. Why? Cause I don’t like it. ,3f2e9bf02ca2448a9d5a3b76c78a4548
spotify:track:4j1Z2nBiE63ybrVJFUlJnA,48468f9ee55c4e71b349a5f376d4d792,2026-01-04T21:05:50Z,1,I like it. It’s nice. ,3f2e9bf02ca2448a9d5a3b76c78a4548
spotify:track:4z5SurpQi9XM881Bh9cIlL,48468f9ee55c4e71b349a5f376d4d792,2026-01-04T21:05:50Z,2,It’s really peaceful and I like it ,3f2e9bf02ca2448a9d5a3b76c78a4548
spotify:track:5PMrjBIsDgeaQaqh25JXnb,48468f9ee55c4e71b349a5f376d4d792,2026-01-04T21:05:50Z,0,Zero. It just has one note for all of it. ,3f2e9bf02ca2448a9d5a3b76c78a4548
spotify:track:6H6IVgPFH96wwwEcHIzW9a,48468f9ee55c4e71b349a5f376d4d792,2026-01-04T21:05:50Z,0,Zero. It’s not relaxing. Who picked this?? It’s not relaxing at all. What is going on? ,3f2e9bf02ca2448a9d5a3b76c78a4548
spotify:track:6WFFIg9YV0yA8An4XcFjU8,48468f9ee55c4e71b349a5f376d4d792,2026-01-04T21:05:50Z,0,Zero. It’s peaceful but I don’t like it ,3f2e9bf02ca2448a9d5a3b76c78a4548
spotify:track:7FE9gpMY21ujjILiOsfaM0,48468f9ee55c4e71b349a5f376d4d792,2026-01-04T21:05:50Z,1,,3f2e9bf02ca2448a9d5a3b76c78a4548
spotify:track:7xzqgS9xNlvZi2AZvGBa7m,48468f9ee55c4e71b349a5f376d4d792,2026-01-04T21:05:50Z,5,I love it. It’s so good and this is all the points I had left so I had to do it. And whoever picked this good pick ,3f2e9bf02ca2448a9d5a3b76c78a4548
spotify:track:0gsci1xkgAK6gZGr7Lqqxu,0d42af6c19054b7dbbe4aa499186e408,2026-01-05T05:50:34Z,2,"I didn’t think I liked any of Paul’s solo work. Maybe I still don’t, but more likely this song is confirmation of how that is an ignorant take. Simple song but a lovely one. Reading it was inspired by a Greek vacation and that he played every instrument bumps it to 2 points for me. ",3f2e9bf02ca2448a9d5a3b76c78a4548
spotify:track:0krvVcQqfZTltbCNEOmw5d,0d42af6c19054b7dbbe4aa499186e408,2026-01-05T05:50:34Z,1,"May come back for a point…other duets/duos on here I like more. Odd/fun how many dualities there are on this playlist

Came back after revisiting and def a point. Imagine this may even rate high given the group aesthetic. Though I’m sure that means it won’t ",3f2e9bf02ca2448a9d5a3b76c78a4548
spotify:track:1hcO1dtHeCosJwvRi1GBcB,0d42af6c19054b7dbbe4aa499186e408,2026-01-05T05:50:34Z,2,Like this a lot. Real sucker for softly spoken men singing to me in Romance languages. Deux ,3f2e9bf02ca2448a9d5a3b76c78a4548
spotify:track:1Rzz5Oo9yowqNcAWmEIj38,0d42af6c19054b7dbbe4aa499186e408,2026-01-05T05:50:34Z,1,Soothing. Great drum work. Fits the prompt. ,3f2e9bf02ca2448a9d5a3b76c78a4548
spotify:track:1wk5QI8DKu2iwDGpMfUSss,0d42af6c19054b7dbbe4aa499186e408,2026-01-05T05:50:34Z,1,Another artist I clearly need to explore. Enjoy the altruism of these lyrics ,3f2e9bf02ca2448a9d5a3b76c78a4548
spotify:track:1xhz0RlOVHEqxobHkLwmDo,0d42af6c19054b7dbbe4aa499186e408,2026-01-05T05:50:34Z,0,not for me. Even if it is AI. That doesn’t bother me necessarily. Just a bit monotonous ,3f2e9bf02ca2448a9d5a3b76c78a4548
spotify:track:22Owv4nARWNLMrMOARWzo7,0d42af6c19054b7dbbe4aa499186e408,2026-01-05T05:50:34Z,0,"Seasonally, I read this prompt as more winter than summer. All interpretations are correct, but this just wasn’t mine. ",3f2e9bf02ca2448a9d5a3b76c78a4548
spotify:track:2CaQfveKx9S7BnCMktGUUa,0d42af6c19054b7dbbe4aa499186e408,2026-01-05T05:50:34Z,0,More like vibey video game music to me than a cozy fire at home. ,3f2e9bf02ca2448a9d5a3b76c78a4548
spotify:track:2SA0sqeKiA992kqZkGsIWa,0d42af6c19054b7dbbe4aa499186e408,2026-01-05T05:50:34Z,1,Made it through this multiple times while shoveling snow. Perhaps drags a bit but can’t complain as it was nice music to be outside in the cold to. a fun dear sorta Dear Mr fantasy riff throughout there ,3f2e9bf02ca2448a9d5a3b76c78a4548
spotify:track:4j1Z2nBiE63ybrVJFUlJnA,0d42af6c19054b7dbbe4aa499186e408,2026-01-05T05:50:34Z,2,Almost chose this for new heat but then didn’t. Probably should have given my abysmal performances to date. Lovely song ,3f2e9bf02ca2448a9d5a3b76c78a4548
spotify:track:4z5SurpQi9XM881Bh9cIlL,0d42af6c19054b7dbbe4aa499186e408,2026-01-05T05:50:34Z,2,Probably tied for fav of playlist if not in the lead. Nice lil “Days Like This” vibe in a more modern way ,3f2e9bf02ca2448a9d5a3b76c78a4548
spotify:track:5PMrjBIsDgeaQaqh25JXnb,0d42af6c19054b7dbbe4aa499186e408,2026-01-05T05:50:34Z,1,Folky almost polka-y but a fun bass and feels like a sleigh ride ,3f2e9bf02ca2448a9d5a3b76c78a4548
spotify:track:6H6IVgPFH96wwwEcHIzW9a,0d42af6c19054b7dbbe4aa499186e408,2026-01-05T05:50:34Z,0,"Obviously not a bad song, but fit oddly here ",3f2e9bf02ca2448a9d5a3b76c78a4548
spotify:track:6WFFIg9YV0yA8An4XcFjU8,0d42af6c19054b7dbbe4aa499186e408,2026-01-05T05:50:34Z,1,"I understand the sentiment that choosing an artist from the last playlist may seem lazy, but I am going to give the benefit of the doubt and assume someone just got into the jazzy grass and went down a bela hole. And I like this song more than the last one ",3f2e9bf02ca2448a9d5a3b76c78a4548
spotify:track:7xzqgS9xNlvZi2AZvGBa7m,0d42af6c19054b7dbbe4aa499186e408,2026-01-05T05:50:34Z,2,"Probably my favorite instrumental of this playlist, or at least tied for. Most listened to of the playlist for me at least ",3f2e9bf02ca2448a9d5a3b76c78a4548
spotify:track:1hcO1dtHeCosJwvRi1GBcB,8453d173315c468e8134e2527a658ba5,2026-01-05T13:32:59Z,1,,3f2e9bf02ca2448a9d5a3b76c78a4548
spotify:track:1Rzz5Oo9yowqNcAWmEIj38,8453d173315c468e8134e2527a658ba5,2026-01-05T13:32:59Z,2,,3f2e9bf02ca2448a9d5a3b76c78a4548
spotify:track:1wk5QI8DKu2iwDGpMfUSss,8453d173315c468e8134e2527a658ba5,2026-01-05T13:32:59Z,4,Fave of the week!,3f2e9bf02ca2448a9d5a3b76c78a4548
spotify:track:22Owv4nARWNLMrMOARWzo7,8453d173315c468e8134e2527a658ba5,2026-01-05T13:32:59Z,3,Diggin this vibe,3f2e9bf02ca2448a9d5a3b76c78a4548
spotify:track:2SA0sqeKiA992kqZkGsIWa,8453d173315c468e8134e2527a658ba5,2026-01-05T13:32:59Z,1,Would have given more points if it was shorter ,3f2e9bf02ca2448a9d5a3b76c78a4548
spotify:track:4j1Z2nBiE63ybrVJFUlJnA,8453d173315c468e8134e2527a658ba5,2026-01-05T13:32:59Z,1,Automatic Norah point,3f2e9bf02ca2448a9d5a3b76c78a4548
spotify:track:4z5SurpQi9XM881Bh9cIlL,8453d173315c468e8134e2527a658ba5,2026-01-05T13:32:59Z,2,Best of the chill jazzy ones,3f2e9bf02ca2448a9d5a3b76c78a4548
spotify:track:6WFFIg9YV0yA8An4XcFjU8,8453d173315c468e8134e2527a658ba5,2026-01-05T13:32:59Z,1,I’ll give it a point even though repeat artist ,3f2e9bf02ca2448a9d5a3b76c78a4548
spotify:track:7xzqgS9xNlvZi2AZvGBa7m,8453d173315c468e8134e2527a658ba5,2026-01-05T13:32:59Z,1,,3f2e9bf02ca2448a9d5a3b76c78a4548
spotify:track:0krvVcQqfZTltbCNEOmw5d,1c89e947d02949ed86d05ec22a7350bf,2026-01-05T14:58:37Z,0,felt more sleepy than euphoric ,3f2e9bf02ca2448a9d5a3b76c78a4548
spotify:track:1Rzz5Oo9yowqNcAWmEIj38,1c89e947d02949ed86d05ec22a7350bf,2026-01-05T14:58:37Z,1,,3f2e9bf02ca2448a9d5a3b76c78a4548
spotify:track:1wk5QI8DKu2iwDGpMfUSss,1c89e947d02949ed86d05ec22a7350bf,2026-01-05T14:58:37Z,3,That was nice ,3f2e9bf02ca2448a9d5a3b76c78a4548
spotify:track:2CaQfveKx9S7BnCMktGUUa,1c89e947d02949ed86d05ec22a7350bf,2026-01-05T14:58:37Z,0,Too many noises not enough song ,3f2e9bf02ca2448a9d5a3b76c78a4548
spotify:track:2SA0sqeKiA992kqZkGsIWa,1c89e947d02949ed86d05ec22a7350bf,2026-01-05T14:58:37Z,2,"Nice groove but too long, didnt go anywhere",3f2e9bf02ca2448a9d5a3b76c78a4548
spotify:track:4j1Z2nBiE63ybrVJFUlJnA,1c89e947d02949ed86d05ec22a7350bf,2026-01-05T14:58:37Z,1,nice collab,3f2e9bf02ca2448a9d5a3b76c78a4548
spotify:track:4z5SurpQi9XM881Bh9cIlL,1c89e947d02949ed86d05ec22a7350bf,2026-01-05T14:58:37Z,2,This sounded like something that I couldnt put my finger on,3f2e9bf02ca2448a9d5a3b76c78a4548
spotify:track:5PMrjBIsDgeaQaqh25JXnb,1c89e947d02949ed86d05ec22a7350bf,2026-01-05T14:58:37Z,1,,3f2e9bf02ca2448a9d5a3b76c78a4548
spotify:track:6H6IVgPFH96wwwEcHIzW9a,1c89e947d02949ed86d05ec22a7350bf,2026-01-05T14:58:37Z,2,Classic,3f2e9bf02ca2448a9d5a3b76c78a4548
spotify:track:6WFFIg9YV0yA8An4XcFjU8,1c89e947d02949ed86d05ec22a7350bf,2026-01-05T14:58:37Z,1,+2 for being bela fleck -1 for being front and center last round,3f2e9bf02ca2448a9d5a3b76c78a4548
spotify:track:7xzqgS9xNlvZi2AZvGBa7m,1c89e947d02949ed86d05ec22a7350bf,2026-01-05T14:58:37Z,3,"great way to end the list, prob my favorite ",3f2e9bf02ca2448a9d5a3b76c78a4548
spotify:track:0gsci1xkgAK6gZGr7Lqqxu,a2909b31d1c04d728cfcf68ca0d73cca,2026-01-05T16:47:01Z,0,Good song but not hitting the theme like I wanted. ,3f2e9bf02ca2448a9d5a3b76c78a4548
spotify:track:0krvVcQqfZTltbCNEOmw5d,a2909b31d1c04d728cfcf68ca0d73cca,2026-01-05T16:47:01Z,1,,3f2e9bf02ca2448a9d5a3b76c78a4548
spotify:track:1hcO1dtHeCosJwvRi1GBcB,a2909b31d1c04d728cfcf68ca0d73cca,2026-01-05T16:47:01Z,0,I spend a lot of time chilling watching visualizers to Polo & Pan so this fit the theme for me. ,3f2e9bf02ca2448a9d5a3b76c78a4548
spotify:track:1Rzz5Oo9yowqNcAWmEIj38,a2909b31d1c04d728cfcf68ca0d73cca,2026-01-05T16:47:01Z,1,,3f2e9bf02ca2448a9d5a3b76c78a4548
spotify:track:1wk5QI8DKu2iwDGpMfUSss,a2909b31d1c04d728cfcf68ca0d73cca,2026-01-05T16:47:01Z,1,Love the vocals on this one!,3f2e9bf02ca2448a9d5a3b76c78a4548
spotify:track:1xhz0RlOVHEqxobHkLwmDo,a2909b31d1c04d728cfcf68ca0d73cca,2026-01-05T16:47:01Z,1,Even though it’s a repeat from last season it’s still solid,3f2e9bf02ca2448a9d5a3b76c78a4548
spotify:track:22Owv4nARWNLMrMOARWzo7,a2909b31d1c04d728cfcf68ca0d73cca,2026-01-05T16:47:01Z,1,,3f2e9bf02ca2448a9d5a3b76c78a4548
spotify:track:2CaQfveKx9S7BnCMktGUUa,a2909b31d1c04d728cfcf68ca0d73cca,2026-01-05T16:47:01Z,1,Chilling but in space with robots. ,3f2e9bf02ca2448a9d5a3b76c78a4548
spotify:track:2SA0sqeKiA992kqZkGsIWa,a2909b31d1c04d728cfcf68ca0d73cca,2026-01-05T16:47:01Z,2,I think this might be my fav but hard to decide ,3f2e9bf02ca2448a9d5a3b76c78a4548
spotify:track:4j1Z2nBiE63ybrVJFUlJnA,a2909b31d1c04d728cfcf68ca0d73cca,2026-01-05T16:47:01Z,1,,3f2e9bf02ca2448a9d5a3b76c78a4548
spotify:track:4z5SurpQi9XM881Bh9cIlL,a2909b31d1c04d728cfcf68ca0d73cca,2026-01-05T16:47:01Z,2,Another fav!,3f2e9bf02ca2448a9d5a3b76c78a4548
spotify:track:5PMrjBIsDgeaQaqh25JXnb,a2909b31d1c04d728cfcf68ca0d73cca,2026-01-05T16:47:01Z,1,,3f2e9bf02ca2448a9d5a3b76c78a4548
spotify:track:6H6IVgPFH96wwwEcHIzW9a,a2909b31d1c04d728cfcf68ca0d73cca,2026-01-05T16:47:01Z,0,Sorry but this didn’t have the vibe I was looking for ,3f2e9bf02ca2448a9d5a3b76c78a4548
spotify:track:6WFFIg9YV0yA8An4XcFjU8,a2909b31d1c04d728cfcf68ca0d73cca,2026-01-05T16:47:01Z,1,,3f2e9bf02ca2448a9d5a3b76c78a4548
spotify:track:7FE9gpMY21ujjILiOsfaM0,a2909b31d1c04d728cfcf68ca0d73cca,2026-01-05T16:47:01Z,1,,3f2e9bf02ca2448a9d5a3b76c78a4548
spotify:track:7xzqgS9xNlvZi2AZvGBa7m,a2909b31d1c04d728cfcf68ca0d73cca,2026-01-05T16:47:01Z,2,3rd fav!,3f2e9bf02ca2448a9d5a3b76c78a4548
spotify:track:0gsci1xkgAK6gZGr7Lqqxu,605866a938e54c5da212fc8595186729,2026-01-05T17:01:50Z,2,Pleasant — the lyrics are cozy and the music grew on me!,3f2e9bf02ca2448a9d5a3b76c78a4548
spotify:track:0krvVcQqfZTltbCNEOmw5d,605866a938e54c5da212fc8595186729,2026-01-05T17:01:50Z,0,I’m getting more of a “listening alone in a quiet room vibe” /too ethereal for the prompt ,3f2e9bf02ca2448a9d5a3b76c78a4548
spotify:track:1hcO1dtHeCosJwvRi1GBcB,605866a938e54c5da212fc8595186729,2026-01-05T17:01:50Z,0,"Also very ethereal…give me a bean bag chair to lay on, doesn’t matter if there are other people around ",3f2e9bf02ca2448a9d5a3b76c78a4548
spotify:track:1Rzz5Oo9yowqNcAWmEIj38,605866a938e54c5da212fc8595186729,2026-01-05T17:01:50Z,1,Very pleasant—liked the song a lot! But not sure it fits the prompt 🤷‍♀️,3f2e9bf02ca2448a9d5a3b76c78a4548
spotify:track:1wk5QI8DKu2iwDGpMfUSss,605866a938e54c5da212fc8595186729,2026-01-05T17:01:50Z,0,This feels like the opposite of gezellig ,3f2e9bf02ca2448a9d5a3b76c78a4548
spotify:track:1xhz0RlOVHEqxobHkLwmDo,605866a938e54c5da212fc8595186729,2026-01-05T17:01:50Z,0,"+ 1 for vibe, - 1 for repeat song ",3f2e9bf02ca2448a9d5a3b76c78a4548
spotify:track:22Owv4nARWNLMrMOARWzo7,605866a938e54c5da212fc8595186729,2026-01-05T17:01:50Z,0,Do you remember how the chair stuck to the backs of your leg and neck? - not comfortable or cozy!!,3f2e9bf02ca2448a9d5a3b76c78a4548
spotify:track:2CaQfveKx9S7BnCMktGUUa,605866a938e54c5da212fc8595186729,2026-01-05T17:01:50Z,4,So whimsical and enjoyable! Feel like I’m at a carnival 🎡 ,3f2e9bf02ca2448a9d5a3b76c78a4548
spotify:track:2SA0sqeKiA992kqZkGsIWa,605866a938e54c5da212fc8595186729,2026-01-05T17:01:50Z,0,"Too chill for the prompt, and too long and repetitive ",3f2e9bf02ca2448a9d5a3b76c78a4548
spotify:track:4j1Z2nBiE63ybrVJFUlJnA,605866a938e54c5da212fc8595186729,2026-01-05T17:01:50Z,1,,3f2e9bf02ca2448a9d5a3b76c78a4548
spotify:track:4z5SurpQi9XM881Bh9cIlL,605866a938e54c5da212fc8595186729,2026-01-05T17:01:50Z,4,,3f2e9bf02ca2448a9d5a3b76c78a4548
spotify:track:6H6IVgPFH96wwwEcHIzW9a,605866a938e54c5da212fc8595186729,2026-01-05T17:01:50Z,0,I think I’d like to hear this without lyrics ,3f2e9bf02ca2448a9d5a3b76c78a4548
spotify:track:6WFFIg9YV0yA8An4XcFjU8,605866a938e54c5da212fc8595186729,2026-01-05T17:01:50Z,2,I’m feeling gezellig but deducted one for repeat artist ,3f2e9bf02ca2448a9d5a3b76c78a4548
spotify:track:7FE9gpMY21ujjILiOsfaM0,605866a938e54c5da212fc8595186729,2026-01-05T17:01:50Z,0,No gezellig here! ,3f2e9bf02ca2448a9d5a3b76c78a4548
spotify:track:7xzqgS9xNlvZi2AZvGBa7m,605866a938e54c5da212fc8595186729,2026-01-05T17:01:50Z,2,,3f2e9bf02ca2448a9d5a3b76c78a4548
spotify:track:0krvVcQqfZTltbCNEOmw5d,49a5ff7c4466457eb8016aaf873224cb,2026-01-05T21:53:32Z,1,Vocals took me back to an exo-tech show or somethin. Dig. ,3f2e9bf02ca2448a9d5a3b76c78a4548
spotify:track:1hcO1dtHeCosJwvRi1GBcB,49a5ff7c4466457eb8016aaf873224cb,2026-01-05T21:53:32Z,1,iOS screenshot + translate on the Spotify lyrics was pretty cool. ,3f2e9bf02ca2448a9d5a3b76c78a4548
spotify:track:1Rzz5Oo9yowqNcAWmEIj38,49a5ff7c4466457eb8016aaf873224cb,2026-01-05T21:53:32Z,2,Richarrrd? Lovely. Bliss but constantly interesting and still only clocks in at barely 3 min. Makaya does it right. ,3f2e9bf02ca2448a9d5a3b76c78a4548
spotify:track:1wk5QI8DKu2iwDGpMfUSss,49a5ff7c4466457eb8016aaf873224cb,2026-01-05T21:53:32Z,2,No doubt felt cozy on this one.  ,3f2e9bf02ca2448a9d5a3b76c78a4548
spotify:track:1xhz0RlOVHEqxobHkLwmDo,49a5ff7c4466457eb8016aaf873224cb,2026-01-05T21:53:32Z,1,AI-sake. Meow. I would’ve never caught the song repeat so I won’t fault it there. Also I think the guy does actually make the music on assorted keyboards based on my light stalkin. ,3f2e9bf02ca2448a9d5a3b76c78a4548
spotify:track:22Owv4nARWNLMrMOARWzo7,49a5ff7c4466457eb8016aaf873224cb,2026-01-05T21:53:32Z,2,Grooooovy. Bobbin along. Jacket would do a sick cover of this. I gezz’d,3f2e9bf02ca2448a9d5a3b76c78a4548
spotify:track:2CaQfveKx9S7BnCMktGUUa,49a5ff7c4466457eb8016aaf873224cb,2026-01-05T21:53:32Z,1,If I grew up in a traveling circus this would probably get 5 points from me. ,3f2e9bf02ca2448a9d5a3b76c78a4548
spotify:track:2SA0sqeKiA992kqZkGsIWa,49a5ff7c4466457eb8016aaf873224cb,2026-01-05T21:53:32Z,0,"Love how this started. Unfortunately that is about all it did for 7min. Definitely blissed me out, but could have used some variation.  ",3f2e9bf02ca2448a9d5a3b76c78a4548
spotify:track:4j1Z2nBiE63ybrVJFUlJnA,49a5ff7c4466457eb8016aaf873224cb,2026-01-05T21:53:32Z,1,"Like Mavis, Norah cheat code activated. The tune makes me feel cozy but this feels like it’s about longing more than anything. A little sad / forlorn. ",3f2e9bf02ca2448a9d5a3b76c78a4548
spotify:track:4z5SurpQi9XM881Bh9cIlL,49a5ff7c4466457eb8016aaf873224cb,2026-01-05T21:53:32Z,1,Hangin out. Chillin. ,3f2e9bf02ca2448a9d5a3b76c78a4548
spotify:track:5PMrjBIsDgeaQaqh25JXnb,49a5ff7c4466457eb8016aaf873224cb,2026-01-05T21:53:32Z,1,Thing gave me some nice tingles. Wanted it to break out into somethin a lil more neat. Still got me goin though. ,3f2e9bf02ca2448a9d5a3b76c78a4548
spotify:track:6H6IVgPFH96wwwEcHIzW9a,49a5ff7c4466457eb8016aaf873224cb,2026-01-05T21:53:32Z,0,A classic that I’ll probably toss one to. Maybe. Not that we have to be under the radar in every round… but Hitsville USA is pretty funny choice of version. Just asking to get blasted by this crew. ,3f2e9bf02ca2448a9d5a3b76c78a4548
spotify:track:6WFFIg9YV0yA8An4XcFjU8,49a5ff7c4466457eb8016aaf873224cb,2026-01-05T21:53:32Z,2,Hell yeah. Loved this. Artist repeat be damned. No qualms there (big surprise that I didn’t mind the flecktones repeat). Hope people didn’t pass on ya thinking you were me. ,3f2e9bf02ca2448a9d5a3b76c78a4548
spotify:track:7FE9gpMY21ujjILiOsfaM0,49a5ff7c4466457eb8016aaf873224cb,2026-01-05T21:53:32Z,0,"Gram was my Gone to Soon pick and I love his style, but it’s another sort of sad/longing song that did not make me gezz. ",3f2e9bf02ca2448a9d5a3b76c78a4548
spotify:track:7xzqgS9xNlvZi2AZvGBa7m,49a5ff7c4466457eb8016aaf873224cb,2026-01-05T21:53:32Z,1,"Wanted to give this more, but already stretching my points out so thin that I can’t even give one a 3. Didn’t have a clear winner. ",3f2e9bf02ca2448a9d5a3b76c78a4548
spotify:track:0gsci1xkgAK6gZGr7Lqqxu,9b7e03ea90dd46db9779dc21eb04ca5a,2026-01-05T22:48:34Z,1,,3f2e9bf02ca2448a9d5a3b76c78a4548
spotify:track:0krvVcQqfZTltbCNEOmw5d,9b7e03ea90dd46db9779dc21eb04ca5a,2026-01-05T22:48:34Z,2,Very well done. Favorite discovery yet this season ,3f2e9bf02ca2448a9d5a3b76c78a4548
spotify:track:1hcO1dtHeCosJwvRi1GBcB,9b7e03ea90dd46db9779dc21eb04ca5a,2026-01-05T22:48:34Z,2,Really perfect and another awesome discovery for me. Thank you. ,3f2e9bf02ca2448a9d5a3b76c78a4548
spotify:track:1Rzz5Oo9yowqNcAWmEIj38,9b7e03ea90dd46db9779dc21eb04ca5a,2026-01-05T22:48:34Z,2,,3f2e9bf02ca2448a9d5a3b76c78a4548
spotify:track:22Owv4nARWNLMrMOARWzo7,9b7e03ea90dd46db9779dc21eb04ca5a,2026-01-05T22:48:34Z,0,One of my favorite songs of the last few years but to me it doesn’t fit the prompt. This gets my pulse rising and wanting to get after it. ,3f2e9bf02ca2448a9d5a3b76c78a4548
spotify:track:2CaQfveKx9S7BnCMktGUUa,9b7e03ea90dd46db9779dc21eb04ca5a,2026-01-05T22:48:34Z,1,Again. I love it but for me doesn’t really fit the prompt. ,3f2e9bf02ca2448a9d5a3b76c78a4548
spotify:track:4j1Z2nBiE63ybrVJFUlJnA,9b7e03ea90dd46db9779dc21eb04ca5a,2026-01-05T22:48:34Z,1,,3f2e9bf02ca2448a9d5a3b76c78a4548
spotify:track:5PMrjBIsDgeaQaqh25JXnb,9b7e03ea90dd46db9779dc21eb04ca5a,2026-01-05T22:48:34Z,2,,3f2e9bf02ca2448a9d5a3b76c78a4548
spotify:track:6H6IVgPFH96wwwEcHIzW9a,9b7e03ea90dd46db9779dc21eb04ca5a,2026-01-05T22:48:34Z,0,Like it but more dancing than chilling. ,3f2e9bf02ca2448a9d5a3b76c78a4548
spotify:track:6WFFIg9YV0yA8An4XcFjU8,9b7e03ea90dd46db9779dc21eb04ca5a,2026-01-05T22:48:34Z,2,,3f2e9bf02ca2448a9d5a3b76c78a4548
spotify:track:7xzqgS9xNlvZi2AZvGBa7m,9b7e03ea90dd46db9779dc21eb04ca5a,2026-01-05T22:48:34Z,3,Was in my top 5 for my AOTY,3f2e9bf02ca2448a9d5a3b76c78a4548
spotify:track:0gsci1xkgAK6gZGr7Lqqxu,4e117e3021d7466c8bf0b654f8357418,2026-01-06T01:18:44Z,2,,3f2e9bf02ca2448a9d5a3b76c78a4548
spotify:track:0krvVcQqfZTltbCNEOmw5d,4e117e3021d7466c8bf0b654f8357418,2026-01-06T01:18:44Z,1,,3f2e9bf02ca2448a9d5a3b76c78a4548
spotify:track:1hcO1dtHeCosJwvRi1GBcB,4e117e3021d7466c8bf0b654f8357418,2026-01-06T01:18:44Z,2,,3f2e9bf02ca2448a9d5a3b76c78a4548
spotify:track:1Rzz5Oo9yowqNcAWmEIj38,4e117e3021d7466c8bf0b654f8357418,2026-01-06T01:18:44Z,1,,3f2e9bf02ca2448a9d5a3b76c78a4548
spotify:track:1xhz0RlOVHEqxobHkLwmDo,4e117e3021d7466c8bf0b654f8357418,2026-01-06T01:18:44Z,1,,3f2e9bf02ca2448a9d5a3b76c78a4548
spotify:track:22Owv4nARWNLMrMOARWzo7,4e117e3021d7466c8bf0b654f8357418,2026-01-06T01:18:44Z,1,,3f2e9bf02ca2448a9d5a3b76c78a4548
spotify:track:2CaQfveKx9S7BnCMktGUUa,4e117e3021d7466c8bf0b654f8357418,2026-01-06T01:18:44Z,3,,3f2e9bf02ca2448a9d5a3b76c78a4548
spotify:track:5PMrjBIsDgeaQaqh25JXnb,4e117e3021d7466c8bf0b654f8357418,2026-01-06T01:18:44Z,2,,3f2e9bf02ca2448a9d5a3b76c78a4548
spotify:track:6WFFIg9YV0yA8An4XcFjU8,4e117e3021d7466c8bf0b654f8357418,2026-01-06T01:18:44Z,1,,3f2e9bf02ca2448a9d5a3b76c78a4548
spotify:track:7FE9gpMY21ujjILiOsfaM0,4e117e3021d7466c8bf0b654f8357418,2026-01-06T01:18:44Z,1,,3f2e9bf02ca2448a9d5a3b76c78a4548
spotify:track:7xzqgS9xNlvZi2AZvGBa7m,4e117e3021d7466c8bf0b654f8357418,2026-01-06T01:18:44Z,1,,3f2e9bf02ca2448a9d5a3b76c78a4548
spotify:track:0gsci1xkgAK6gZGr7Lqqxu,f1f0f2ed0eb64306992b613229fb7972,2026-01-06T03:32:29Z,2,Lyrics are cozy AF! Guessing this is Zach’s submission? ,3f2e9bf02ca2448a9d5a3b76c78a4548
spotify:track:0krvVcQqfZTltbCNEOmw5d,f1f0f2ed0eb64306992b613229fb7972,2026-01-06T03:32:29Z,1,Rather lovely indeed 👌,3f2e9bf02ca2448a9d5a3b76c78a4548
spotify:track:1hcO1dtHeCosJwvRi1GBcB,f1f0f2ed0eb64306992b613229fb7972,2026-01-06T03:32:29Z,1,"French for ""The Night"" 🌝 Very pleasant! ",3f2e9bf02ca2448a9d5a3b76c78a4548
spotify:track:1Rzz5Oo9yowqNcAWmEIj38,f1f0f2ed0eb64306992b613229fb7972,2026-01-06T03:32:29Z,1,The intro to this sounds *very* good in headphones 👌 A little jazzy but I’ll allow it,3f2e9bf02ca2448a9d5a3b76c78a4548
spotify:track:1wk5QI8DKu2iwDGpMfUSss,f1f0f2ed0eb64306992b613229fb7972,2026-01-06T03:32:29Z,3,Loved the message in this one 🥺💞 Togetherness 🤝,3f2e9bf02ca2448a9d5a3b76c78a4548
spotify:track:1xhz0RlOVHEqxobHkLwmDo,f1f0f2ed0eb64306992b613229fb7972,2026-01-06T03:32:29Z,0,"“It is widely speculated that the Spotify artist ""Aisake"" uses AI to generate both their music and album artwork, as noted by various online communities and discussions. There is no official confirmation or labeling from Spotify itself, as the platform does not currently label AI-generated music. “ 🙅🏻‍♀️🙅🏻‍♂️🙅🏻",3f2e9bf02ca2448a9d5a3b76c78a4548
spotify:track:22Owv4nARWNLMrMOARWzo7,f1f0f2ed0eb64306992b613229fb7972,2026-01-06T03:32:29Z,0,Feels a lil’ too sultry to be cozy/friendly to me 😳,3f2e9bf02ca2448a9d5a3b76c78a4548
spotify:track:2CaQfveKx9S7BnCMktGUUa,f1f0f2ed0eb64306992b613229fb7972,2026-01-06T03:32:29Z,0,"A little too upbeat/circusy/spacey for this prompt, IMO 🎪👽",3f2e9bf02ca2448a9d5a3b76c78a4548
spotify:track:2SA0sqeKiA992kqZkGsIWa,f1f0f2ed0eb64306992b613229fb7972,2026-01-06T03:32:29Z,1,Kinda spacey too but I dig it ,3f2e9bf02ca2448a9d5a3b76c78a4548
spotify:track:4j1Z2nBiE63ybrVJFUlJnA,f1f0f2ed0eb64306992b613229fb7972,2026-01-06T03:32:29Z,2,"Great call with Norah Jones here. Her voice IS Gezellig to me 🥰💗 Honestly, wish that I could hear her more on this track, tho! STFU Jesse Harris, NORAH IS SINGING!! 😤",3f2e9bf02ca2448a9d5a3b76c78a4548
spotify:track:4z5SurpQi9XM881Bh9cIlL,f1f0f2ed0eb64306992b613229fb7972,2026-01-06T03:32:29Z,1,Immediately liked this one 👍,3f2e9bf02ca2448a9d5a3b76c78a4548
spotify:track:5PMrjBIsDgeaQaqh25JXnb,f1f0f2ed0eb64306992b613229fb7972,2026-01-06T03:32:29Z,1,This is nice! ,3f2e9bf02ca2448a9d5a3b76c78a4548
spotify:track:6H6IVgPFH96wwwEcHIzW9a,f1f0f2ed0eb64306992b613229fb7972,2026-01-06T03:32:29Z,1,Togetherness 👯‍♂️,3f2e9bf02ca2448a9d5a3b76c78a4548
spotify:track:7FE9gpMY21ujjILiOsfaM0,f1f0f2ed0eb64306992b613229fb7972,2026-01-06T03:32:29Z,1,Beautiful follow after Bela. Nothing cozier than an acoustic guitar to me ¯\_(ツ)_/¯ ,3f2e9bf02ca2448a9d5a3b76c78a4548
spotify:track:7xzqgS9xNlvZi2AZvGBa7m,f1f0f2ed0eb64306992b613229fb7972,2026-01-06T03:32:29Z,1,"Ok, I guess piano is pretty cozy, too… ",3f2e9bf02ca2448a9d5a3b76c78a4548
spotify:track:0gsci1xkgAK6gZGr7Lqqxu,e5c2390073644e979f43e744c33e6c60,2026-01-06T17:40:20Z,1,,3f2e9bf02ca2448a9d5a3b76c78a4548
spotify:track:0krvVcQqfZTltbCNEOmw5d,e5c2390073644e979f43e744c33e6c60,2026-01-06T17:40:20Z,1,Not much going for me on this one initially but gave it a second listen and gets a point,3f2e9bf02ca2448a9d5a3b76c78a4548
spotify:track:1hcO1dtHeCosJwvRi1GBcB,e5c2390073644e979f43e744c33e6c60,2026-01-06T17:40:20Z,1,Felt like I was sitting in a cafe in France….(I’ve never been to France),3f2e9bf02ca2448a9d5a3b76c78a4548
spotify:track:1Rzz5Oo9yowqNcAWmEIj38,e5c2390073644e979f43e744c33e6c60,2026-01-06T17:40:20Z,1,,3f2e9bf02ca2448a9d5a3b76c78a4548
spotify:track:1xhz0RlOVHEqxobHkLwmDo,e5c2390073644e979f43e744c33e6c60,2026-01-06T17:40:20Z,0,Sorry no points for repeats ,3f2e9bf02ca2448a9d5a3b76c78a4548
spotify:track:2CaQfveKx9S7BnCMktGUUa,e5c2390073644e979f43e744c33e6c60,2026-01-06T17:40:20Z,2,Fun carnival type feel ,3f2e9bf02ca2448a9d5a3b76c78a4548
spotify:track:2SA0sqeKiA992kqZkGsIWa,e5c2390073644e979f43e744c33e6c60,2026-01-06T17:40:20Z,1,"Very spacey not sure it fits with the topic, unless it’s a post show zoom quilt and no one is talking to each other ",3f2e9bf02ca2448a9d5a3b76c78a4548
spotify:track:4j1Z2nBiE63ybrVJFUlJnA,e5c2390073644e979f43e744c33e6c60,2026-01-06T17:40:20Z,1,Fireside in a cabin after a day of skiing/tubing ,3f2e9bf02ca2448a9d5a3b76c78a4548
spotify:track:4z5SurpQi9XM881Bh9cIlL,e5c2390073644e979f43e744c33e6c60,2026-01-06T17:40:20Z,3,Comforting song felt upset and happy. Would love to hear with lyrics probably favorite of the list,3f2e9bf02ca2448a9d5a3b76c78a4548
spotify:track:5PMrjBIsDgeaQaqh25JXnb,e5c2390073644e979f43e744c33e6c60,2026-01-06T17:40:20Z,2,Renaissance fair meets ska,3f2e9bf02ca2448a9d5a3b76c78a4548
spotify:track:6H6IVgPFH96wwwEcHIzW9a,e5c2390073644e979f43e744c33e6c60,2026-01-06T17:40:20Z,1,Classic friendship/love song take a point,3f2e9bf02ca2448a9d5a3b76c78a4548
spotify:track:6WFFIg9YV0yA8An4XcFjU8,e5c2390073644e979f43e744c33e6c60,2026-01-06T17:40:20Z,1,Very DMB sounding from Bela and the flecktones on this one,3f2e9bf02ca2448a9d5a3b76c78a4548
spotify:track:7FE9gpMY21ujjILiOsfaM0,e5c2390073644e979f43e744c33e6c60,2026-01-06T17:40:20Z,0,Not really feeling this one sorry,3f2e9bf02ca2448a9d5a3b76c78a4548
spotify:track:7xzqgS9xNlvZi2AZvGBa7m,e5c2390073644e979f43e744c33e6c60,2026-01-06T17:40:20Z,1,A little playlist bias but very sleepy end to the list,3f2e9bf02ca2448a9d5a3b76c78a4548
spotify:track:7rtcBPsHDLeYW9cHDrO0NB,4e117e3021d7466c8bf0b654f8357418,2026-01-09T22:18:43Z,1,,f3db9a6a85274b4483914dde08b4f7ce
spotify:track:01w7fMIOWxnspak412Eqnb,4e117e3021d7466c8bf0b654f8357418,2026-01-09T22:18:43Z,2,,f3db9a6a85274b4483914dde08b4f7ce
spotify:track:1zW2csx1vVJrKfvDrFQNVt,4e117e3021d7466c8bf0b654f8357418,2026-01-09T22:18:43Z,1,,f3db9a6a85274b4483914dde08b4f7ce
spotify:track:2bxpTuSEQC9pjAFQOQOlaX,4e117e3021d7466c8bf0b654f8357418,2026-01-09T22:18:43Z,2,,f3db9a6a85274b4483914dde08b4f7ce
spotify:track:2kXkaplZ6HdXz5XYBtdunj,4e117e3021d7466c8bf0b654f8357418,2026-01-09T22:18:43Z,1,,f3db9a6a85274b4483914dde08b4f7ce
spotify:track:2UMTGUu66hP2dW3rvQJIgL,4e117e3021d7466c8bf0b654f8357418,2026-01-09T22:18:43Z,1,,f3db9a6a85274b4483914dde08b4f7ce
spotify:track:3bMc9oRaUWnojCrYTUXXcQ,4e117e3021d7466c8bf0b654f8357418,2026-01-09T22:18:43Z,0,"Let ‘em have it, Asa!",f3db9a6a85274b4483914dde08b4f7ce
spotify:track:3cF7YOhl4aWT9EhmvhkG3q,4e117e3021d7466c8bf0b654f8357418,2026-01-09T22:18:43Z,2,,f3db9a6a85274b4483914dde08b4f7ce
spotify:track:4mNU7ddD6fRyjMRBOOfj28,4e117e3021d7466c8bf0b654f8357418,2026-01-09T22:18:43Z,2,,f3db9a6a85274b4483914dde08b4f7ce
spotify:track:5xbpOEf3xlls7xksepyOyp,4e117e3021d7466c8bf0b654f8357418,2026-01-09T22:18:43Z,1,Brazilian running down a dream,f3db9a6a85274b4483914dde08b4f7ce
spotify:track:7CRJV0qUMAxftqySiPazpK,4e117e3021d7466c8bf0b654f8357418,2026-01-09T22:18:43Z,3,,f3db9a6a85274b4483914dde08b4f7ce
spotify:track:0QAUgW2vTmlUWhbiNeSkWm,183c5f6ed1b147099842917a9576c8f4,2026-01-09T23:20:52Z,1,Fresh heat...I think that hot waiter is looking at us,f3db9a6a85274b4483914dde08b4f7ce
spotify:track:7Hcr7ccPe792TCpYhFgqBb,183c5f6ed1b147099842917a9576c8f4,2026-01-09T23:20:52Z,1,,f3db9a6a85274b4483914dde08b4f7ce
spotify:track:7CRJV0qUMAxftqySiPazpK,183c5f6ed1b147099842917a9576c8f4,2026-01-09T23:20:52Z,1,"+ 1 for those fast hands
- 1 for cover
+ 1 for sexy album art",f3db9a6a85274b4483914dde08b4f7ce
spotify:track:5xbpOEf3xlls7xksepyOyp,183c5f6ed1b147099842917a9576c8f4,2026-01-09T23:20:52Z,1,"What else are you into, Ricardo?",f3db9a6a85274b4483914dde08b4f7ce
spotify:track:5MlrBIIbUYw0Nj1TEHWhmX,183c5f6ed1b147099842917a9576c8f4,2026-01-09T23:20:52Z,1,Tried to submit this...so good yet overshadowed by some of the others. Still grooving with R,f3db9a6a85274b4483914dde08b4f7ce
spotify:track:5EUh2m1rTsojG22W7XrCBG,183c5f6ed1b147099842917a9576c8f4,2026-01-09T23:20:52Z,0,My skepticism based on the band's name was warranted...wrong hemisphere ,f3db9a6a85274b4483914dde08b4f7ce
spotify:track:4mNU7ddD6fRyjMRBOOfj28,183c5f6ed1b147099842917a9576c8f4,2026-01-09T23:20:52Z,3,"Peaking. Sexy AF, danceable, not from London. My #1 in a strong week. ",f3db9a6a85274b4483914dde08b4f7ce
spotify:track:3cF7YOhl4aWT9EhmvhkG3q,183c5f6ed1b147099842917a9576c8f4,2026-01-09T23:20:52Z,1,Like 3 songs playing at once and it works. I'm putty in Ricardo's manos fuertes,f3db9a6a85274b4483914dde08b4f7ce
spotify:track:3bMc9oRaUWnojCrYTUXXcQ,183c5f6ed1b147099842917a9576c8f4,2026-01-09T23:20:52Z,0,Might be my favorite song of the week,f3db9a6a85274b4483914dde08b4f7ce
spotify:track:2UMTGUu66hP2dW3rvQJIgL,183c5f6ed1b147099842917a9576c8f4,2026-01-09T23:20:52Z,1,Had a few of theirs on my list. Great selection. But not taking off my clothes ,f3db9a6a85274b4483914dde08b4f7ce
spotify:track:2kXkaplZ6HdXz5XYBtdunj,183c5f6ed1b147099842917a9576c8f4,2026-01-09T23:20:52Z,1,Was hemming and hawing; the Spotify video pushed it over the top. Nice cool down on the list. ,f3db9a6a85274b4483914dde08b4f7ce
spotify:track:2bxpTuSEQC9pjAFQOQOlaX,183c5f6ed1b147099842917a9576c8f4,2026-01-09T23:20:52Z,2,Absolute banger.  So what's the local late night scene Ricardo,f3db9a6a85274b4483914dde08b4f7ce
spotify:track:1zW2csx1vVJrKfvDrFQNVt,183c5f6ed1b147099842917a9576c8f4,2026-01-09T23:20:52Z,0,Basic American Beetlejuice,f3db9a6a85274b4483914dde08b4f7ce
spotify:track:1kQqiC1rS1FiuVpeBKN0QN,183c5f6ed1b147099842917a9576c8f4,2026-01-09T23:20:52Z,2,Fucking loved this and I wish I could play it loud with my car windows down 😞. Ricardo definitely drives a Vespa ,f3db9a6a85274b4483914dde08b4f7ce
spotify:track:01w7fMIOWxnspak412Eqnb,183c5f6ed1b147099842917a9576c8f4,2026-01-09T23:20:52Z,1,Perfect hip opener to kick off the list. Our waiter's pretty smoking huh?,f3db9a6a85274b4483914dde08b4f7ce
spotify:track:7rtcBPsHDLeYW9cHDrO0NB,48468f9ee55c4e71b349a5f376d4d792,2026-01-10T00:05:12Z,4,why 4? cause i just like it,f3db9a6a85274b4483914dde08b4f7ce
spotify:track:2bxpTuSEQC9pjAFQOQOlaX,48468f9ee55c4e71b349a5f376d4d792,2026-01-10T00:05:12Z,1,its good and its jumpy and movey ,f3db9a6a85274b4483914dde08b4f7ce
spotify:track:1kQqiC1rS1FiuVpeBKN0QN,48468f9ee55c4e71b349a5f376d4d792,2026-01-10T00:05:12Z,0,its not a good song,f3db9a6a85274b4483914dde08b4f7ce
spotify:track:0QAUgW2vTmlUWhbiNeSkWm,48468f9ee55c4e71b349a5f376d4d792,2026-01-10T00:05:12Z,1,i like it but its not really jumpy,f3db9a6a85274b4483914dde08b4f7ce
spotify:track:01w7fMIOWxnspak412Eqnb,48468f9ee55c4e71b349a5f376d4d792,2026-01-10T00:05:12Z,2,its really jumpy and like really cool,f3db9a6a85274b4483914dde08b4f7ce
spotify:track:2kXkaplZ6HdXz5XYBtdunj,48468f9ee55c4e71b349a5f376d4d792,2026-01-10T00:05:12Z,2,I like it and it makes me want to dance. i dont know what they are saying but its good. ,f3db9a6a85274b4483914dde08b4f7ce
spotify:track:2UMTGUu66hP2dW3rvQJIgL,48468f9ee55c4e71b349a5f376d4d792,2026-01-10T00:05:12Z,1,too much cowbell,f3db9a6a85274b4483914dde08b4f7ce
spotify:track:3bMc9oRaUWnojCrYTUXXcQ,48468f9ee55c4e71b349a5f376d4d792,2026-01-10T00:05:12Z,0,its not a really fast song,f3db9a6a85274b4483914dde08b4f7ce
spotify:track:3cF7YOhl4aWT9EhmvhkG3q,48468f9ee55c4e71b349a5f376d4d792,2026-01-10T00:05:12Z,0,its like not that fast (editors note: i think he likes higher BPM),f3db9a6a85274b4483914dde08b4f7ce
spotify:track:4mNU7ddD6fRyjMRBOOfj28,48468f9ee55c4e71b349a5f376d4d792,2026-01-10T00:05:12Z,1,its good but its not fast,f3db9a6a85274b4483914dde08b4f7ce
spotify:track:5EUh2m1rTsojG22W7XrCBG,48468f9ee55c4e71b349a5f376d4d792,2026-01-10T00:05:12Z,2,its REALLY good,f3db9a6a85274b4483914dde08b4f7ce
spotify:track:5MlrBIIbUYw0Nj1TEHWhmX,48468f9ee55c4e71b349a5f376d4d792,2026-01-10T00:05:12Z,0,tooooooo slow,f3db9a6a85274b4483914dde08b4f7ce
spotify:track:5xbpOEf3xlls7xksepyOyp,48468f9ee55c4e71b349a5f376d4d792,2026-01-10T00:05:12Z,0,"too many ""oooo oooo oooo""'s",f3db9a6a85274b4483914dde08b4f7ce
spotify:track:7CRJV0qUMAxftqySiPazpK,48468f9ee55c4e71b349a5f376d4d792,2026-01-10T00:05:12Z,1,cover inappropriate looks disgusting! (editors note with a smile),f3db9a6a85274b4483914dde08b4f7ce
spotify:track:7Hcr7ccPe792TCpYhFgqBb,48468f9ee55c4e71b349a5f376d4d792,2026-01-10T00:05:12Z,1,,f3db9a6a85274b4483914dde08b4f7ce
spotify:track:1kQqiC1rS1FiuVpeBKN0QN,0d42af6c19054b7dbbe4aa499186e408,2026-01-10T04:33:28Z,0,"Sordid flashbacks to Barceloneta clubs circa 2008. My Spanish was bad. I didn’t want to go clubbing. I wanted to do the same thing I did every night and play foosball at our local dive. My friends thought I needed to step away from the futboli table and onto the dance floor to experience a bit of Aughts euro culture. To show my disdain i ordered the cheapest whiskey the club had, with coke and ice. Or so I thought. I confused “barato” with “caro” and instead was the a**hole in a navy sweatsuit unknowingly ordering Johnny blue. I stepped in just in time to say to the bartender “sin hielo y cola, por favor!” when I realized what was happening. I drank my vastly overpriced, misanthropic whiskey in self-disgusted silence while my friends danced to songs exactly like this. I never returned to the clubs, there or anywhere else—except for an ill-fated tryst in Vieques years later where I split my pants—but you bet your culata I made lifelong friends in that little foosball bar. Zero points.",f3db9a6a85274b4483914dde08b4f7ce
spotify:track:0QAUgW2vTmlUWhbiNeSkWm,0d42af6c19054b7dbbe4aa499186e408,2026-01-10T04:33:28Z,1,Almost too vibey for me (see below) but not quite. The acoustic grounding and that sultry voice make up for it. ,f3db9a6a85274b4483914dde08b4f7ce
spotify:track:1zW2csx1vVJrKfvDrFQNVt,0d42af6c19054b7dbbe4aa499186e408,2026-01-10T04:33:28Z,1,Beetlejuice is a top 20 movie ,f3db9a6a85274b4483914dde08b4f7ce
spotify:track:2bxpTuSEQC9pjAFQOQOlaX,0d42af6c19054b7dbbe4aa499186e408,2026-01-10T04:33:28Z,3,Ya this is really good. A Brazilian Cymande. Rare song on a playlist where I wish it was longer. 3 points. ,f3db9a6a85274b4483914dde08b4f7ce
spotify:track:2kXkaplZ6HdXz5XYBtdunj,0d42af6c19054b7dbbe4aa499186e408,2026-01-10T04:33:28Z,2,"Zero points, or so I thought until I saw the accompanying, grainy video clip. Which caused me to question my own definition of joy. This is wonderful. The lounginess of the voice. The recycled 70s baseline. I’m tickled. ",f3db9a6a85274b4483914dde08b4f7ce
spotify:track:2UMTGUu66hP2dW3rvQJIgL,0d42af6c19054b7dbbe4aa499186e408,2026-01-10T04:33:28Z,1,Really liked this. The right length for the groove. Jammy. Strong notes of wah. ,f3db9a6a85274b4483914dde08b4f7ce
spotify:track:3bMc9oRaUWnojCrYTUXXcQ,0d42af6c19054b7dbbe4aa499186e408,2026-01-10T04:33:28Z,1,"As someone who will also likely be penalized for the non-southern-neighborliness of a (contributing) artist, I should note that many personnel on this album are in fact from South of the border. I’ll single out the bass player, Sergio Portillo, who according to Wikipedia is a Venezuelan-American painter, sculptor, and illustrator best known for using paints that have human ashes in them. Sultry indeed. ",f3db9a6a85274b4483914dde08b4f7ce
spotify:track:3cF7YOhl4aWT9EhmvhkG3q,0d42af6c19054b7dbbe4aa499186e408,2026-01-10T04:33:28Z,2,Another one of those songs that just reminds me how lucky I am to be a part of this group. This is wonderful. ,f3db9a6a85274b4483914dde08b4f7ce
spotify:track:4mNU7ddD6fRyjMRBOOfj28,0d42af6c19054b7dbbe4aa499186e408,2026-01-10T04:33:28Z,2,Same as above. 70s funk with some Caribbean and clave. Real fun ,f3db9a6a85274b4483914dde08b4f7ce
spotify:track:5EUh2m1rTsojG22W7XrCBG,0d42af6c19054b7dbbe4aa499186e408,2026-01-10T04:33:28Z,0,Not for me. It’s just too hot maybe. ,f3db9a6a85274b4483914dde08b4f7ce
spotify:track:5MlrBIIbUYw0Nj1TEHWhmX,0d42af6c19054b7dbbe4aa499186e408,2026-01-10T04:33:28Z,0,"May come back for a point. Enjoy this but other songs on this playlist from this era i like more. 

No points left to give. ",f3db9a6a85274b4483914dde08b4f7ce
spotify:track:5xbpOEf3xlls7xksepyOyp,0d42af6c19054b7dbbe4aa499186e408,2026-01-10T04:33:28Z,1,This is cool. ,f3db9a6a85274b4483914dde08b4f7ce
spotify:track:7CRJV0qUMAxftqySiPazpK,0d42af6c19054b7dbbe4aa499186e408,2026-01-10T04:33:28Z,1,Sweet jam ,f3db9a6a85274b4483914dde08b4f7ce
spotify:track:7Hcr7ccPe792TCpYhFgqBb,0d42af6c19054b7dbbe4aa499186e408,2026-01-10T04:33:28Z,0,Did not not enjoy it. Just wanted to disperse points elsewhere. ,f3db9a6a85274b4483914dde08b4f7ce
spotify:track:7rtcBPsHDLeYW9cHDrO0NB,0d42af6c19054b7dbbe4aa499186e408,2026-01-10T04:33:28Z,1,Great horns. ,f3db9a6a85274b4483914dde08b4f7ce
spotify:track:2UMTGUu66hP2dW3rvQJIgL,8453d173315c468e8134e2527a658ba5,2026-01-10T12:08:26Z,1,,f3db9a6a85274b4483914dde08b4f7ce
spotify:track:3bMc9oRaUWnojCrYTUXXcQ,8453d173315c468e8134e2527a658ba5,2026-01-10T12:08:26Z,0,I do not support this cultural appropriation ,f3db9a6a85274b4483914dde08b4f7ce
spotify:track:3cF7YOhl4aWT9EhmvhkG3q,8453d173315c468e8134e2527a658ba5,2026-01-10T12:08:26Z,4,"2 clear faves for me this week, this was one ",f3db9a6a85274b4483914dde08b4f7ce
spotify:track:4mNU7ddD6fRyjMRBOOfj28,8453d173315c468e8134e2527a658ba5,2026-01-10T12:08:26Z,4,"2 clear faves for me this week, this was one",f3db9a6a85274b4483914dde08b4f7ce
spotify:track:5MlrBIIbUYw0Nj1TEHWhmX,8453d173315c468e8134e2527a658ba5,2026-01-10T12:08:26Z,2,,f3db9a6a85274b4483914dde08b4f7ce
spotify:track:7CRJV0qUMAxftqySiPazpK,8453d173315c468e8134e2527a658ba5,2026-01-10T12:08:26Z,2,"If I hadn’t used Mongo in a previous music league, would have used him here. Nice Motown cover ",f3db9a6a85274b4483914dde08b4f7ce
spotify:track:7rtcBPsHDLeYW9cHDrO0NB,8453d173315c468e8134e2527a658ba5,2026-01-10T12:08:26Z,1,,f3db9a6a85274b4483914dde08b4f7ce
spotify:track:1zW2csx1vVJrKfvDrFQNVt,8453d173315c468e8134e2527a658ba5,2026-01-10T12:08:26Z,0,Can’t vote for this if Marvin Gaye gets last place. Just trying to fit in ,f3db9a6a85274b4483914dde08b4f7ce
spotify:track:01w7fMIOWxnspak412Eqnb,8453d173315c468e8134e2527a658ba5,2026-01-10T12:08:26Z,1,,f3db9a6a85274b4483914dde08b4f7ce
spotify:track:2kXkaplZ6HdXz5XYBtdunj,8453d173315c468e8134e2527a658ba5,2026-01-10T12:08:26Z,1,,f3db9a6a85274b4483914dde08b4f7ce
spotify:track:5EUh2m1rTsojG22W7XrCBG,ce76a5e6ff274137bb5127db7065d9a8,2026-01-10T12:55:06Z,0,"British. We’re trying to seduce Ricardo, not Sir Richard Earl of Shrewsbury ",f3db9a6a85274b4483914dde08b4f7ce
spotify:track:5MlrBIIbUYw0Nj1TEHWhmX,ce76a5e6ff274137bb5127db7065d9a8,2026-01-10T12:55:06Z,1,,f3db9a6a85274b4483914dde08b4f7ce
spotify:track:7CRJV0qUMAxftqySiPazpK,ce76a5e6ff274137bb5127db7065d9a8,2026-01-10T12:55:06Z,2,Had one extra point to throw around and it goes to the sweatiest album cover,f3db9a6a85274b4483914dde08b4f7ce
spotify:track:7Hcr7ccPe792TCpYhFgqBb,ce76a5e6ff274137bb5127db7065d9a8,2026-01-10T12:55:06Z,1,,f3db9a6a85274b4483914dde08b4f7ce
spotify:track:2kXkaplZ6HdXz5XYBtdunj,ce76a5e6ff274137bb5127db7065d9a8,2026-01-10T12:55:06Z,1,Not my favorite from Mr. Maia but I do love his buttery voice ,f3db9a6a85274b4483914dde08b4f7ce
spotify:track:7rtcBPsHDLeYW9cHDrO0NB,ce76a5e6ff274137bb5127db7065d9a8,2026-01-10T12:55:06Z,1,,f3db9a6a85274b4483914dde08b4f7ce
spotify:track:2bxpTuSEQC9pjAFQOQOlaX,ce76a5e6ff274137bb5127db7065d9a8,2026-01-10T12:55:06Z,2,Brazilians sure love that Cuica,f3db9a6a85274b4483914dde08b4f7ce
spotify:track:01w7fMIOWxnspak412Eqnb,ce76a5e6ff274137bb5127db7065d9a8,2026-01-10T12:55:06Z,2,Wasn’t sure about Ry Cooder as a southern neighbor but Manuel Galban works. This was one of my favorites of the list as a song and booty shaker,f3db9a6a85274b4483914dde08b4f7ce
spotify:track:0QAUgW2vTmlUWhbiNeSkWm,ce76a5e6ff274137bb5127db7065d9a8,2026-01-10T12:55:06Z,1,,f3db9a6a85274b4483914dde08b4f7ce
spotify:track:1kQqiC1rS1FiuVpeBKN0QN,ce76a5e6ff274137bb5127db7065d9a8,2026-01-10T12:55:06Z,0,Just not a style I particularly enjoy,f3db9a6a85274b4483914dde08b4f7ce
spotify:track:1zW2csx1vVJrKfvDrFQNVt,ce76a5e6ff274137bb5127db7065d9a8,2026-01-10T12:55:06Z,0,"Might come back for a Beetlejuice point depending how things shake out. Maybe not the most inspired pick. And I say that cuz this was a round I felt I really I had to work for to find something I liked, and ended up discovering some cool stuff. ",f3db9a6a85274b4483914dde08b4f7ce
spotify:track:2UMTGUu66hP2dW3rvQJIgL,ce76a5e6ff274137bb5127db7065d9a8,2026-01-10T12:55:06Z,1,,f3db9a6a85274b4483914dde08b4f7ce
spotify:track:3bMc9oRaUWnojCrYTUXXcQ,ce76a5e6ff274137bb5127db7065d9a8,2026-01-10T12:55:06Z,0,"It’s a good song but this feels like a cop out. Just cuz the name is about Brazil…the artist is Japanese and the song doesn’t strike me as particularly Latin American. Apparently he recorded parts of the album in Rio (and parts in LA), so at least there’s that. But sticking to my cop out comment. Sorry",f3db9a6a85274b4483914dde08b4f7ce
spotify:track:3cF7YOhl4aWT9EhmvhkG3q,ce76a5e6ff274137bb5127db7065d9a8,2026-01-10T12:55:06Z,2,Spacious weird funk. One of my favorites of the round,f3db9a6a85274b4483914dde08b4f7ce
spotify:track:4mNU7ddD6fRyjMRBOOfj28,ce76a5e6ff274137bb5127db7065d9a8,2026-01-10T12:55:06Z,2,,f3db9a6a85274b4483914dde08b4f7ce
spotify:track:7rtcBPsHDLeYW9cHDrO0NB,d0b05ef03f5e4598a3e8532b812c3330,2026-01-10T13:51:31Z,1,Nice,f3db9a6a85274b4483914dde08b4f7ce
spotify:track:01w7fMIOWxnspak412Eqnb,d0b05ef03f5e4598a3e8532b812c3330,2026-01-10T13:51:31Z,1,Unique. Maybe a little too cute and fancy but still a great tune ,f3db9a6a85274b4483914dde08b4f7ce
spotify:track:0QAUgW2vTmlUWhbiNeSkWm,d0b05ef03f5e4598a3e8532b812c3330,2026-01-10T13:51:31Z,1,Nice vibe ,f3db9a6a85274b4483914dde08b4f7ce
spotify:track:7Hcr7ccPe792TCpYhFgqBb,d0b05ef03f5e4598a3e8532b812c3330,2026-01-10T13:51:31Z,1,Nice,f3db9a6a85274b4483914dde08b4f7ce
spotify:track:7CRJV0qUMAxftqySiPazpK,d0b05ef03f5e4598a3e8532b812c3330,2026-01-10T13:51:31Z,1,Put me at attention ,f3db9a6a85274b4483914dde08b4f7ce
spotify:track:5xbpOEf3xlls7xksepyOyp,d0b05ef03f5e4598a3e8532b812c3330,2026-01-10T13:51:31Z,1,Interesting mix within this mix. Dig it ,f3db9a6a85274b4483914dde08b4f7ce
spotify:track:5MlrBIIbUYw0Nj1TEHWhmX,d0b05ef03f5e4598a3e8532b812c3330,2026-01-10T13:51:31Z,0,I’m a music snob. Heard this too many times. I go for songs I haven’t heard before. It’s not you it’s me. ,f3db9a6a85274b4483914dde08b4f7ce
spotify:track:5EUh2m1rTsojG22W7XrCBG,d0b05ef03f5e4598a3e8532b812c3330,2026-01-10T13:51:31Z,0,I’m a music snob. Heard this too many times. I go for songs I haven’t heard before. It’s not you it’s me. ,f3db9a6a85274b4483914dde08b4f7ce
spotify:track:3cF7YOhl4aWT9EhmvhkG3q,d0b05ef03f5e4598a3e8532b812c3330,2026-01-10T13:51:31Z,1,Great! ,f3db9a6a85274b4483914dde08b4f7ce
spotify:track:3bMc9oRaUWnojCrYTUXXcQ,d0b05ef03f5e4598a3e8532b812c3330,2026-01-10T13:51:31Z,0,I’m a music snob. Heard this too many times. I go for songs I haven’t heard before. It’s not you it’s me. ,f3db9a6a85274b4483914dde08b4f7ce
spotify:track:2UMTGUu66hP2dW3rvQJIgL,d0b05ef03f5e4598a3e8532b812c3330,2026-01-10T13:51:31Z,1,Interesting ! ,f3db9a6a85274b4483914dde08b4f7ce
spotify:track:2kXkaplZ6HdXz5XYBtdunj,d0b05ef03f5e4598a3e8532b812c3330,2026-01-10T13:51:31Z,3,My fav of the week. Fantastic soul disco ,f3db9a6a85274b4483914dde08b4f7ce
spotify:track:2bxpTuSEQC9pjAFQOQOlaX,d0b05ef03f5e4598a3e8532b812c3330,2026-01-10T13:51:31Z,2,Nice banger. Actually wished it was longer. ,f3db9a6a85274b4483914dde08b4f7ce
spotify:track:1zW2csx1vVJrKfvDrFQNVt,d0b05ef03f5e4598a3e8532b812c3330,2026-01-10T13:51:31Z,3,"Oldie but goodie. I mean how good is this song on its face. Imagine how hot and sexy and sweaty those clubs were playing this in 1961. I can smell the must, the hair, the sweat, the cigarettes. So hottt",f3db9a6a85274b4483914dde08b4f7ce
spotify:track:1kQqiC1rS1FiuVpeBKN0QN,d0b05ef03f5e4598a3e8532b812c3330,2026-01-10T13:51:31Z,0,Prob fluffs club pick. A little hard for my taste. ,f3db9a6a85274b4483914dde08b4f7ce
spotify:track:5xbpOEf3xlls7xksepyOyp,49a5ff7c4466457eb8016aaf873224cb,2026-01-10T16:46:17Z,1,Interesting vibes. Not much electric guitar on the list. Dig the riff. Gets at least a point from me. ,f3db9a6a85274b4483914dde08b4f7ce
spotify:track:7CRJV0qUMAxftqySiPazpK,49a5ff7c4466457eb8016aaf873224cb,2026-01-10T16:46:17Z,1,"Killer cover. Wasn't near my phone during the first playthru and was like hmmmm this sounds awfully familiar (for the 90 sec or so build), then the drop happens and I was like ohhh yeah. Sweet.",f3db9a6a85274b4483914dde08b4f7ce
spotify:track:7Hcr7ccPe792TCpYhFgqBb,49a5ff7c4466457eb8016aaf873224cb,2026-01-10T16:46:17Z,0,"Sounded like that Timmy Bongos song for a sec. Wanted more to happen. Overall dug it. Might sneak a point outta me!  (Vaitimbora ended up taking the point for the groove. Kept waiting for some sort of drop in this one that never came, stayed real thin the whole time)",f3db9a6a85274b4483914dde08b4f7ce
spotify:track:7rtcBPsHDLeYW9cHDrO0NB,49a5ff7c4466457eb8016aaf873224cb,2026-01-10T16:46:17Z,1,Also sounded like that Timmy Bongos song for a sec. Diggin the horn line a lot. Good ol Formula 1 song. This is the fast version??,f3db9a6a85274b4483914dde08b4f7ce
spotify:track:01w7fMIOWxnspak412Eqnb,49a5ff7c4466457eb8016aaf873224cb,2026-01-10T16:46:17Z,1,"Strong start. Not trying to rate it based on playlist order, but it most definitely set the stage very nicely. Friend to the west or not. It got me in the mood. Ya got a Cuban dude in there, good enough for me.",f3db9a6a85274b4483914dde08b4f7ce
spotify:track:0QAUgW2vTmlUWhbiNeSkWm,49a5ff7c4466457eb8016aaf873224cb,2026-01-10T16:46:17Z,1,This one snuck the point out over Recordnando Iquitos. Had me groovin and bouncin a bit more. ,f3db9a6a85274b4483914dde08b4f7ce
spotify:track:1kQqiC1rS1FiuVpeBKN0QN,49a5ff7c4466457eb8016aaf873224cb,2026-01-10T16:46:17Z,0,Not for me.,f3db9a6a85274b4483914dde08b4f7ce
spotify:track:1zW2csx1vVJrKfvDrFQNVt,49a5ff7c4466457eb8016aaf873224cb,2026-01-10T16:46:17Z,1,Saw it on the list and admittedly scoffed a bit. Assuming this was what Dianna’s deleted comment was referring to. Upon listening… still fucks. ,f3db9a6a85274b4483914dde08b4f7ce
spotify:track:2bxpTuSEQC9pjAFQOQOlaX,49a5ff7c4466457eb8016aaf873224cb,2026-01-10T16:46:17Z,1,"Groovin. Not a ton happenin but not a ton not happenin either, ya heard?",f3db9a6a85274b4483914dde08b4f7ce
spotify:track:2kXkaplZ6HdXz5XYBtdunj,49a5ff7c4466457eb8016aaf873224cb,2026-01-10T16:46:17Z,2,Dianna? Jacob? Only because I regularly went back to Tim Maia in the final moments and never saw the artist being taken notification. Leaning Dianna for the disco vibes. Had some Maia on the shortlist. Has so many amazing tracks. One thing I learned from this finding tracks for this round is that Brazil has alllll the bangers. ,f3db9a6a85274b4483914dde08b4f7ce
spotify:track:2UMTGUu66hP2dW3rvQJIgL,49a5ff7c4466457eb8016aaf873224cb,2026-01-10T16:46:17Z,1,Los Khruangbin. Not that there’s anything wrong with that.  ,f3db9a6a85274b4483914dde08b4f7ce
spotify:track:3bMc9oRaUWnojCrYTUXXcQ,49a5ff7c4466457eb8016aaf873224cb,2026-01-10T16:46:17Z,2,Love the airy but distinctly disco vibes. Pure smiles. Found a lot of latin (specifically samba) music that leaned disco. ,f3db9a6a85274b4483914dde08b4f7ce
spotify:track:3cF7YOhl4aWT9EhmvhkG3q,49a5ff7c4466457eb8016aaf873224cb,2026-01-10T16:46:17Z,0,Viva o Brasil,f3db9a6a85274b4483914dde08b4f7ce
spotify:track:4mNU7ddD6fRyjMRBOOfj28,49a5ff7c4466457eb8016aaf873224cb,2026-01-10T16:46:17Z,2,Hell yeah. Sister sister. Loved the flow of this one.,f3db9a6a85274b4483914dde08b4f7ce
spotify:track:5EUh2m1rTsojG22W7XrCBG,49a5ff7c4466457eb8016aaf873224cb,2026-01-10T16:46:17Z,0,-10 points for submitting a bunch of Brits and commenting fire emojis for all to see. The song is fine.,f3db9a6a85274b4483914dde08b4f7ce
spotify:track:5MlrBIIbUYw0Nj1TEHWhmX,49a5ff7c4466457eb8016aaf873224cb,2026-01-10T16:46:17Z,2,"Oh yeah baby. Love the monster walk groove. Not sure what that means, but that's what it made me think of. Brazil continues to slay. ",f3db9a6a85274b4483914dde08b4f7ce
spotify:track:7CRJV0qUMAxftqySiPazpK,a2909b31d1c04d728cfcf68ca0d73cca,2026-01-11T15:37:53Z,1,Extra point for the cover art. Don’t @ me,f3db9a6a85274b4483914dde08b4f7ce
spotify:track:01w7fMIOWxnspak412Eqnb,a2909b31d1c04d728cfcf68ca0d73cca,2026-01-11T15:37:53Z,1,,f3db9a6a85274b4483914dde08b4f7ce
spotify:track:0QAUgW2vTmlUWhbiNeSkWm,a2909b31d1c04d728cfcf68ca0d73cca,2026-01-11T15:37:53Z,2,,f3db9a6a85274b4483914dde08b4f7ce
spotify:track:1zW2csx1vVJrKfvDrFQNVt,a2909b31d1c04d728cfcf68ca0d73cca,2026-01-11T15:37:53Z,1,+1 for a classic. This song is way longer than I thought ,f3db9a6a85274b4483914dde08b4f7ce
spotify:track:2bxpTuSEQC9pjAFQOQOlaX,a2909b31d1c04d728cfcf68ca0d73cca,2026-01-11T15:37:53Z,2,Great use of squeaks,f3db9a6a85274b4483914dde08b4f7ce
spotify:track:2kXkaplZ6HdXz5XYBtdunj,a2909b31d1c04d728cfcf68ca0d73cca,2026-01-11T15:37:53Z,1,Never knew I needed to hear Brazilian disco. Now I know. ,f3db9a6a85274b4483914dde08b4f7ce
spotify:track:2UMTGUu66hP2dW3rvQJIgL,a2909b31d1c04d728cfcf68ca0d73cca,2026-01-11T15:37:53Z,1,,f3db9a6a85274b4483914dde08b4f7ce
spotify:track:3cF7YOhl4aWT9EhmvhkG3q,a2909b31d1c04d728cfcf68ca0d73cca,2026-01-11T15:37:53Z,1,,f3db9a6a85274b4483914dde08b4f7ce
spotify:track:4mNU7ddD6fRyjMRBOOfj28,a2909b31d1c04d728cfcf68ca0d73cca,2026-01-11T15:37:53Z,1,,f3db9a6a85274b4483914dde08b4f7ce
spotify:track:5EUh2m1rTsojG22W7XrCBG,a2909b31d1c04d728cfcf68ca0d73cca,2026-01-11T15:37:53Z,1,,f3db9a6a85274b4483914dde08b4f7ce
spotify:track:5MlrBIIbUYw0Nj1TEHWhmX,a2909b31d1c04d728cfcf68ca0d73cca,2026-01-11T15:37:53Z,1,,f3db9a6a85274b4483914dde08b4f7ce
spotify:track:5xbpOEf3xlls7xksepyOyp,a2909b31d1c04d728cfcf68ca0d73cca,2026-01-11T15:37:53Z,1,,f3db9a6a85274b4483914dde08b4f7ce
spotify:track:7Hcr7ccPe792TCpYhFgqBb,a2909b31d1c04d728cfcf68ca0d73cca,2026-01-11T15:37:53Z,1,,f3db9a6a85274b4483914dde08b4f7ce
spotify:track:7rtcBPsHDLeYW9cHDrO0NB,a2909b31d1c04d728cfcf68ca0d73cca,2026-01-11T15:37:53Z,1,,f3db9a6a85274b4483914dde08b4f7ce
spotify:track:7CRJV0qUMAxftqySiPazpK,7fdceb56429c4e38939c3e5ee41bfdd0,2026-01-11T20:30:40Z,2,,f3db9a6a85274b4483914dde08b4f7ce
spotify:track:7Hcr7ccPe792TCpYhFgqBb,7fdceb56429c4e38939c3e5ee41bfdd0,2026-01-11T20:30:40Z,1,,f3db9a6a85274b4483914dde08b4f7ce
spotify:track:7rtcBPsHDLeYW9cHDrO0NB,7fdceb56429c4e38939c3e5ee41bfdd0,2026-01-11T20:30:40Z,1,,f3db9a6a85274b4483914dde08b4f7ce
spotify:track:01w7fMIOWxnspak412Eqnb,7fdceb56429c4e38939c3e5ee41bfdd0,2026-01-11T20:30:40Z,1,,f3db9a6a85274b4483914dde08b4f7ce
spotify:track:1kQqiC1rS1FiuVpeBKN0QN,7fdceb56429c4e38939c3e5ee41bfdd0,2026-01-11T20:30:40Z,2,Well done straying from the typical genre submissions for  the group. ,f3db9a6a85274b4483914dde08b4f7ce
spotify:track:1zW2csx1vVJrKfvDrFQNVt,7fdceb56429c4e38939c3e5ee41bfdd0,2026-01-11T20:30:40Z,0,Lyrics = prompt instructions. ,f3db9a6a85274b4483914dde08b4f7ce
spotify:track:2bxpTuSEQC9pjAFQOQOlaX,7fdceb56429c4e38939c3e5ee41bfdd0,2026-01-11T20:30:40Z,1,,f3db9a6a85274b4483914dde08b4f7ce
spotify:track:2UMTGUu66hP2dW3rvQJIgL,7fdceb56429c4e38939c3e5ee41bfdd0,2026-01-11T20:30:40Z,2,I had also found these guys in my search. Dig their stuff. ,f3db9a6a85274b4483914dde08b4f7ce
spotify:track:3bMc9oRaUWnojCrYTUXXcQ,7fdceb56429c4e38939c3e5ee41bfdd0,2026-01-11T20:30:40Z,0,Gotta dock this as a stickler for the prompt as the dudes not “a neighbor from down south”,f3db9a6a85274b4483914dde08b4f7ce
spotify:track:3cF7YOhl4aWT9EhmvhkG3q,7fdceb56429c4e38939c3e5ee41bfdd0,2026-01-11T20:30:40Z,2,,f3db9a6a85274b4483914dde08b4f7ce
spotify:track:4mNU7ddD6fRyjMRBOOfj28,7fdceb56429c4e38939c3e5ee41bfdd0,2026-01-11T20:30:40Z,3,Pick o the week!,f3db9a6a85274b4483914dde08b4f7ce
spotify:track:5EUh2m1rTsojG22W7XrCBG,7fdceb56429c4e38939c3e5ee41bfdd0,2026-01-11T20:30:40Z,0,Straight outta south London,f3db9a6a85274b4483914dde08b4f7ce
spotify:track:5xbpOEf3xlls7xksepyOyp,7fdceb56429c4e38939c3e5ee41bfdd0,2026-01-11T20:30:40Z,1,I can easily see the David Bryrne connection ,f3db9a6a85274b4483914dde08b4f7ce
spotify:track:5MlrBIIbUYw0Nj1TEHWhmX,f1f0f2ed0eb64306992b613229fb7972,2026-01-12T01:26:50Z,1,Groovy. Me gusta 👯‍♂️,f3db9a6a85274b4483914dde08b4f7ce
spotify:track:1zW2csx1vVJrKfvDrFQNVt,f1f0f2ed0eb64306992b613229fb7972,2026-01-12T01:26:50Z,0,"Lol, great song but idk if dark, sultry Ricardo would be into this 👴🏻 Also, Harry Belatonte is from Harlem which is decidedly not a “neighbor down south” ",f3db9a6a85274b4483914dde08b4f7ce
spotify:track:2bxpTuSEQC9pjAFQOQOlaX,f1f0f2ed0eb64306992b613229fb7972,2026-01-12T01:26:50Z,1,"Solid enough but whatever that weird, monkey-sounding instrument is is not really doing it for me, tbh. I actually almost submitted a song that featured that instrument as well but thought folks would hate on it, like I am currently doing 😹",f3db9a6a85274b4483914dde08b4f7ce
spotify:track:2UMTGUu66hP2dW3rvQJIgL,f1f0f2ed0eb64306992b613229fb7972,2026-01-12T01:26:50Z,1,Started off strong but kind of lost me. Decent enough for a point. ,f3db9a6a85274b4483914dde08b4f7ce
spotify:track:3bMc9oRaUWnojCrYTUXXcQ,f1f0f2ed0eb64306992b613229fb7972,2026-01-12T01:26:50Z,0,"Incredible song from an undeniably Japanese artist, which is unfortunately not one of our “neighbors down south” 🫤 0 points ",f3db9a6a85274b4483914dde08b4f7ce
spotify:track:3cF7YOhl4aWT9EhmvhkG3q,f1f0f2ed0eb64306992b613229fb7972,2026-01-12T01:26:50Z,1,"Hmmm, I liked this more before the vocals came in. They’re oddly high in the mix to a point of being kind of off-putting? Still funky, and there’s that monkey instrument again 😂🐒",f3db9a6a85274b4483914dde08b4f7ce
spotify:track:4mNU7ddD6fRyjMRBOOfj28,f1f0f2ed0eb64306992b613229fb7972,2026-01-12T01:26:50Z,2,I almost submitted this song too 😹 Dig it a lot ,f3db9a6a85274b4483914dde08b4f7ce
spotify:track:5EUh2m1rTsojG22W7XrCBG,f1f0f2ed0eb64306992b613229fb7972,2026-01-12T01:26:50Z,0,"Sultry, hip-shaking tune but this song is likely in English because these blokes are British! Lo siento, cero puntos.",f3db9a6a85274b4483914dde08b4f7ce
spotify:track:7rtcBPsHDLeYW9cHDrO0NB,f1f0f2ed0eb64306992b613229fb7972,2026-01-12T01:26:50Z,1,👏,f3db9a6a85274b4483914dde08b4f7ce
spotify:track:7Hcr7ccPe792TCpYhFgqBb,f1f0f2ed0eb64306992b613229fb7972,2026-01-12T01:26:50Z,2,Yes. This is what this playlist should’ve been all about 👌,f3db9a6a85274b4483914dde08b4f7ce
spotify:track:7CRJV0qUMAxftqySiPazpK,f1f0f2ed0eb64306992b613229fb7972,2026-01-12T01:26:50Z,2,"Here we GO 💃🏻🪘🇨🇺 Ricardo is ready for a night out on the TOWN (just lemme see that bag again, real quick…? 👀)",f3db9a6a85274b4483914dde08b4f7ce
spotify:track:5xbpOEf3xlls7xksepyOyp,f1f0f2ed0eb64306992b613229fb7972,2026-01-12T01:26:50Z,1,Hips are shaking a little but idk about body sweating here. A little too dark & brooding. I’m kind of scared?,f3db9a6a85274b4483914dde08b4f7ce
spotify:track:01w7fMIOWxnspak412Eqnb,f1f0f2ed0eb64306992b613229fb7972,2026-01-12T01:26:50Z,1,I was literally going to submit this song but I thought everyone was going to be sticklers about it just saying “Ry Cooder” (who is from California) in the artist area so I didn’t. Great hip-shaking song but if this wins… 😾,f3db9a6a85274b4483914dde08b4f7ce
spotify:track:0QAUgW2vTmlUWhbiNeSkWm,f1f0f2ed0eb64306992b613229fb7972,2026-01-12T01:26:50Z,1,"Sultry 💃🏻 Love the inclusion of a reggaeton beat without being too obnoxious or overwhelming. Also, points for her being a FOX  😮‍💨",f3db9a6a85274b4483914dde08b4f7ce
spotify:track:1kQqiC1rS1FiuVpeBKN0QN,f1f0f2ed0eb64306992b613229fb7972,2026-01-12T01:26:50Z,2,"Lol, so obnoxiously reggaeton. Brings me back to my childhood on Long Island, listening to 🗣️ CIEN CINCO PUNTO NUEVE — LA CALLE 🎶 on the radio driving around town, lol. That beat really gets under your skin in the best, worst way 🙃",f3db9a6a85274b4483914dde08b4f7ce
spotify:track:7CRJV0qUMAxftqySiPazpK,e5c2390073644e979f43e744c33e6c60,2026-01-12T11:41:19Z,1,,f3db9a6a85274b4483914dde08b4f7ce
spotify:track:2UMTGUu66hP2dW3rvQJIgL,e5c2390073644e979f43e744c33e6c60,2026-01-12T11:41:19Z,2,,f3db9a6a85274b4483914dde08b4f7ce
spotify:track:2kXkaplZ6HdXz5XYBtdunj,e5c2390073644e979f43e744c33e6c60,2026-01-12T11:41:19Z,2,,f3db9a6a85274b4483914dde08b4f7ce
spotify:track:0QAUgW2vTmlUWhbiNeSkWm,e5c2390073644e979f43e744c33e6c60,2026-01-12T11:41:19Z,3,,f3db9a6a85274b4483914dde08b4f7ce
spotify:track:01w7fMIOWxnspak412Eqnb,e5c2390073644e979f43e744c33e6c60,2026-01-12T11:41:19Z,2,,f3db9a6a85274b4483914dde08b4f7ce
spotify:track:7rtcBPsHDLeYW9cHDrO0NB,e5c2390073644e979f43e744c33e6c60,2026-01-12T11:41:19Z,4,,f3db9a6a85274b4483914dde08b4f7ce
spotify:track:7Hcr7ccPe792TCpYhFgqBb,e5c2390073644e979f43e744c33e6c60,2026-01-12T11:41:19Z,2,,f3db9a6a85274b4483914dde08b4f7ce
spotify:track:3cF7YOhl4aWT9EhmvhkG3q,1c89e947d02949ed86d05ec22a7350bf,2026-01-12T14:28:52Z,1,,f3db9a6a85274b4483914dde08b4f7ce
spotify:track:3bMc9oRaUWnojCrYTUXXcQ,1c89e947d02949ed86d05ec22a7350bf,2026-01-12T14:28:52Z,0,ehhhh questionable interpretation of down south,f3db9a6a85274b4483914dde08b4f7ce
spotify:track:2UMTGUu66hP2dW3rvQJIgL,1c89e947d02949ed86d05ec22a7350bf,2026-01-12T14:28:52Z,2,,f3db9a6a85274b4483914dde08b4f7ce
spotify:track:2kXkaplZ6HdXz5XYBtdunj,1c89e947d02949ed86d05ec22a7350bf,2026-01-12T14:28:52Z,1,the spotify video of Tim Maia won this one a point ,f3db9a6a85274b4483914dde08b4f7ce
spotify:track:2bxpTuSEQC9pjAFQOQOlaX,1c89e947d02949ed86d05ec22a7350bf,2026-01-12T14:28:52Z,2,fun one,f3db9a6a85274b4483914dde08b4f7ce
spotify:track:1zW2csx1vVJrKfvDrFQNVt,1c89e947d02949ed86d05ec22a7350bf,2026-01-12T14:28:52Z,0,is it happy hour on the cruise?,f3db9a6a85274b4483914dde08b4f7ce
spotify:track:1kQqiC1rS1FiuVpeBKN0QN,1c89e947d02949ed86d05ec22a7350bf,2026-01-12T14:28:52Z,0,"are these the venga boys, timmy? ",f3db9a6a85274b4483914dde08b4f7ce
spotify:track:01w7fMIOWxnspak412Eqnb,1c89e947d02949ed86d05ec22a7350bf,2026-01-12T14:28:52Z,1,,f3db9a6a85274b4483914dde08b4f7ce
spotify:track:7rtcBPsHDLeYW9cHDrO0NB,1c89e947d02949ed86d05ec22a7350bf,2026-01-12T14:28:52Z,1,,f3db9a6a85274b4483914dde08b4f7ce
spotify:track:7Hcr7ccPe792TCpYhFgqBb,1c89e947d02949ed86d05ec22a7350bf,2026-01-12T14:28:52Z,2,,f3db9a6a85274b4483914dde08b4f7ce
spotify:track:5xbpOEf3xlls7xksepyOyp,1c89e947d02949ed86d05ec22a7350bf,2026-01-12T14:28:52Z,1,,f3db9a6a85274b4483914dde08b4f7ce
spotify:track:5MlrBIIbUYw0Nj1TEHWhmX,1c89e947d02949ed86d05ec22a7350bf,2026-01-12T14:28:52Z,2,,f3db9a6a85274b4483914dde08b4f7ce
spotify:track:5EUh2m1rTsojG22W7XrCBG,1c89e947d02949ed86d05ec22a7350bf,2026-01-12T14:28:52Z,2,,f3db9a6a85274b4483914dde08b4f7ce
spotify:track:4mNU7ddD6fRyjMRBOOfj28,1c89e947d02949ed86d05ec22a7350bf,2026-01-12T14:28:52Z,1,,f3db9a6a85274b4483914dde08b4f7ce
spotify:track:1zW2csx1vVJrKfvDrFQNVt,9b7e03ea90dd46db9779dc21eb04ca5a,2026-01-12T14:36:48Z,1,,f3db9a6a85274b4483914dde08b4f7ce
spotify:track:2bxpTuSEQC9pjAFQOQOlaX,9b7e03ea90dd46db9779dc21eb04ca5a,2026-01-12T14:36:48Z,2,,f3db9a6a85274b4483914dde08b4f7ce
spotify:track:2kXkaplZ6HdXz5XYBtdunj,9b7e03ea90dd46db9779dc21eb04ca5a,2026-01-12T14:36:48Z,2,,f3db9a6a85274b4483914dde08b4f7ce
spotify:track:2UMTGUu66hP2dW3rvQJIgL,9b7e03ea90dd46db9779dc21eb04ca5a,2026-01-12T14:36:48Z,1,,f3db9a6a85274b4483914dde08b4f7ce
spotify:track:3bMc9oRaUWnojCrYTUXXcQ,9b7e03ea90dd46db9779dc21eb04ca5a,2026-01-12T14:36:48Z,1,,f3db9a6a85274b4483914dde08b4f7ce
spotify:track:3cF7YOhl4aWT9EhmvhkG3q,9b7e03ea90dd46db9779dc21eb04ca5a,2026-01-12T14:36:48Z,3,,f3db9a6a85274b4483914dde08b4f7ce
spotify:track:4mNU7ddD6fRyjMRBOOfj28,9b7e03ea90dd46db9779dc21eb04ca5a,2026-01-12T14:36:48Z,1,,f3db9a6a85274b4483914dde08b4f7ce
spotify:track:5MlrBIIbUYw0Nj1TEHWhmX,9b7e03ea90dd46db9779dc21eb04ca5a,2026-01-12T14:36:48Z,1,,f3db9a6a85274b4483914dde08b4f7ce
spotify:track:5xbpOEf3xlls7xksepyOyp,9b7e03ea90dd46db9779dc21eb04ca5a,2026-01-12T14:36:48Z,3,,f3db9a6a85274b4483914dde08b4f7ce
spotify:track:7Hcr7ccPe792TCpYhFgqBb,9b7e03ea90dd46db9779dc21eb04ca5a,2026-01-12T14:36:48Z,1,,f3db9a6a85274b4483914dde08b4f7ce
spotify:track:7rtcBPsHDLeYW9cHDrO0NB,605866a938e54c5da212fc8595186729,2026-01-12T15:55:08Z,1,,f3db9a6a85274b4483914dde08b4f7ce
spotify:track:01w7fMIOWxnspak412Eqnb,605866a938e54c5da212fc8595186729,2026-01-12T15:55:08Z,1,,f3db9a6a85274b4483914dde08b4f7ce
spotify:track:0QAUgW2vTmlUWhbiNeSkWm,605866a938e54c5da212fc8595186729,2026-01-12T15:55:08Z,1,,f3db9a6a85274b4483914dde08b4f7ce
spotify:track:2bxpTuSEQC9pjAFQOQOlaX,605866a938e54c5da212fc8595186729,2026-01-12T15:55:08Z,2,,f3db9a6a85274b4483914dde08b4f7ce
spotify:track:2UMTGUu66hP2dW3rvQJIgL,605866a938e54c5da212fc8595186729,2026-01-12T15:55:08Z,2,,f3db9a6a85274b4483914dde08b4f7ce
spotify:track:3bMc9oRaUWnojCrYTUXXcQ,605866a938e54c5da212fc8595186729,2026-01-12T15:55:08Z,2,Does this count? I like it regardless! ,f3db9a6a85274b4483914dde08b4f7ce
spotify:track:3cF7YOhl4aWT9EhmvhkG3q,605866a938e54c5da212fc8595186729,2026-01-12T15:55:08Z,2,,f3db9a6a85274b4483914dde08b4f7ce
spotify:track:4mNU7ddD6fRyjMRBOOfj28,605866a938e54c5da212fc8595186729,2026-01-12T15:55:08Z,1,,f3db9a6a85274b4483914dde08b4f7ce
spotify:track:5EUh2m1rTsojG22W7XrCBG,605866a938e54c5da212fc8595186729,2026-01-12T15:55:08Z,1,,f3db9a6a85274b4483914dde08b4f7ce
spotify:track:5xbpOEf3xlls7xksepyOyp,605866a938e54c5da212fc8595186729,2026-01-12T15:55:08Z,1,,f3db9a6a85274b4483914dde08b4f7ce
spotify:track:7CRJV0qUMAxftqySiPazpK,605866a938e54c5da212fc8595186729,2026-01-12T15:55:08Z,2,,f3db9a6a85274b4483914dde08b4f7ce
spotify:track:01w7fMIOWxnspak412Eqnb,0b4377c224ba402d97adce848425da90,2026-01-12T16:38:44Z,0,It’s giving… game show theme song,f3db9a6a85274b4483914dde08b4f7ce
spotify:track:0QAUgW2vTmlUWhbiNeSkWm,0b4377c224ba402d97adce848425da90,2026-01-12T16:38:44Z,3,Real smooth. Sexy making out on the dance floor. ,f3db9a6a85274b4483914dde08b4f7ce
spotify:track:1kQqiC1rS1FiuVpeBKN0QN,0b4377c224ba402d97adce848425da90,2026-01-12T16:38:44Z,0,Reggaeton is like a reverse cheat code for me. This is probably in the top 10% of Reggaeton songs I’ve ever heard. ,f3db9a6a85274b4483914dde08b4f7ce
spotify:track:1zW2csx1vVJrKfvDrFQNVt,0b4377c224ba402d97adce848425da90,2026-01-12T16:38:44Z,0,Its giving… Club Med with my parents,f3db9a6a85274b4483914dde08b4f7ce
spotify:track:2bxpTuSEQC9pjAFQOQOlaX,0b4377c224ba402d97adce848425da90,2026-01-12T16:38:44Z,1,Primal funk,f3db9a6a85274b4483914dde08b4f7ce
spotify:track:2kXkaplZ6HdXz5XYBtdunj,0b4377c224ba402d97adce848425da90,2026-01-12T16:38:44Z,1,,f3db9a6a85274b4483914dde08b4f7ce
spotify:track:3bMc9oRaUWnojCrYTUXXcQ,0b4377c224ba402d97adce848425da90,2026-01-12T16:38:44Z,0,It’s giving… hold music. “Your call is muy importante to us. ,f3db9a6a85274b4483914dde08b4f7ce
spotify:track:3cF7YOhl4aWT9EhmvhkG3q,0b4377c224ba402d97adce848425da90,2026-01-12T16:38:44Z,3,Her voice could get anybody in the mood. ,f3db9a6a85274b4483914dde08b4f7ce
spotify:track:4mNU7ddD6fRyjMRBOOfj28,0b4377c224ba402d97adce848425da90,2026-01-12T16:38:44Z,1,Groovy,f3db9a6a85274b4483914dde08b4f7ce
spotify:track:5EUh2m1rTsojG22W7XrCBG,0b4377c224ba402d97adce848425da90,2026-01-12T16:38:44Z,0,"In the immortal words of Asa: 
Zero. Why? Cause I don’t like it. ",f3db9a6a85274b4483914dde08b4f7ce
spotify:track:5MlrBIIbUYw0Nj1TEHWhmX,0b4377c224ba402d97adce848425da90,2026-01-12T16:38:44Z,2,🎯 ,f3db9a6a85274b4483914dde08b4f7ce
spotify:track:5xbpOEf3xlls7xksepyOyp,0b4377c224ba402d97adce848425da90,2026-01-12T16:38:44Z,1,Confounding track of the week for me. Main riff sounds like Black Sabbath or something  Still not sure if I like it. ,f3db9a6a85274b4483914dde08b4f7ce
spotify:track:7CRJV0qUMAxftqySiPazpK,0b4377c224ba402d97adce848425da90,2026-01-12T16:38:44Z,2,"What’s this song called? 
Unclear… slaps though…",f3db9a6a85274b4483914dde08b4f7ce
spotify:track:7Hcr7ccPe792TCpYhFgqBb,0b4377c224ba402d97adce848425da90,2026-01-12T16:38:44Z,1,Groovy,f3db9a6a85274b4483914dde08b4f7ce
spotify:track:7rtcBPsHDLeYW9cHDrO0NB,0b4377c224ba402d97adce848425da90,2026-01-12T16:38:44Z,1,Nice pace,f3db9a6a85274b4483914dde08b4f7ce
spotify:track:6xYM0nJc6bTthgnY4FOD1s,d0b05ef03f5e4598a3e8532b812c3330,2026-01-14T20:36:31Z,0,Snooze ,a76bad086b81442287448689d2112452
spotify:track:6nl3jCIB5DTVx3DCtwKngi,d0b05ef03f5e4598a3e8532b812c3330,2026-01-14T20:36:31Z,0,A little horny for the baby ,a76bad086b81442287448689d2112452
spotify:track:673do07xdvVTt65SIwRtc3,d0b05ef03f5e4598a3e8532b812c3330,2026-01-14T20:36:31Z,0,Just a tad bit outside  ,a76bad086b81442287448689d2112452
spotify:track:60ELJe2Bp0gCAnAINQz1Zj,d0b05ef03f5e4598a3e8532b812c3330,2026-01-14T20:36:31Z,1,Really nice ,a76bad086b81442287448689d2112452
spotify:track:5aGXoGa7ZmsYr3dvQJsR7R,d0b05ef03f5e4598a3e8532b812c3330,2026-01-14T20:36:31Z,4,Love this song. And it’s nice we actually have a good song in here ,a76bad086b81442287448689d2112452
spotify:track:4Hm5W5XsJlJ5FdF8w9eIaj,d0b05ef03f5e4598a3e8532b812c3330,2026-01-14T20:36:31Z,2,Liked a lot!,a76bad086b81442287448689d2112452
spotify:track:3Z13wg2GTvw6wq1HyRn8XN,d0b05ef03f5e4598a3e8532b812c3330,2026-01-14T20:36:31Z,0,Had one like this picked but a little two uppity for 2am,a76bad086b81442287448689d2112452
spotify:track:3y7Ho5xek9xSNF1SMVyl1u,d0b05ef03f5e4598a3e8532b812c3330,2026-01-14T20:36:31Z,0,AI? Jk know he’s real but not my fav,a76bad086b81442287448689d2112452
spotify:track:3qY3u3BoCnBwpETj2LY7xK,d0b05ef03f5e4598a3e8532b812c3330,2026-01-14T20:36:31Z,1,Baby psyc rock! nice ,a76bad086b81442287448689d2112452
spotify:track:2wF5jnXSY4BMza03KP6LYg,d0b05ef03f5e4598a3e8532b812c3330,2026-01-14T20:36:31Z,1,A little heavy plucking the strings. Please don’t wake the baby. But very nice ,a76bad086b81442287448689d2112452
spotify:track:2V0t5vLMCKMTZ6DjFJw9T7,d0b05ef03f5e4598a3e8532b812c3330,2026-01-14T20:36:31Z,1,Nice! A proper song! In music league! Go figure!,a76bad086b81442287448689d2112452
spotify:track:2gT4fhfO3wp8RrJUBGG4Qj,d0b05ef03f5e4598a3e8532b812c3330,2026-01-14T20:36:31Z,0,Too ambient for me sorry not sorry ,a76bad086b81442287448689d2112452
spotify:track:24ZoOFXC0hmTCJ0C2FAMEw,d0b05ef03f5e4598a3e8532b812c3330,2026-01-14T20:36:31Z,2,Love Lyle. Really nice. ,a76bad086b81442287448689d2112452
spotify:track:1cwQahQmKdmKaCijjdNEv3,d0b05ef03f5e4598a3e8532b812c3330,2026-01-14T20:36:31Z,2,Really really nice ,a76bad086b81442287448689d2112452
spotify:track:0dXF2xOPWR3mPDqA5Lt9nJ,d0b05ef03f5e4598a3e8532b812c3330,2026-01-14T20:36:31Z,2,Really nice ,a76bad086b81442287448689d2112452
spotify:track:0dXF2xOPWR3mPDqA5Lt9nJ,49a5ff7c4466457eb8016aaf873224cb,2026-01-14T23:16:44Z,1,Lovely start. Potentially too much human mouth singing for my idea of the prompt. Or maybe I just watched The Lion King too many times too recently while making the No Scar cut for Jónsi Stearns. LOTTA Jones action in the list.,a76bad086b81442287448689d2112452
spotify:track:6xYM0nJc6bTthgnY4FOD1s,49a5ff7c4466457eb8016aaf873224cb,2026-01-14T23:16:44Z,0,"Had a few I was cycling, but I kept coming back to this one. Nothing profound, but man, it really put me at peace every time I listened to it. Here's hoping chillvibes fatigue has not set in by the end of this playlist + here's hoping Asa has a full fiver left for me.",a76bad086b81442287448689d2112452
spotify:track:6nl3jCIB5DTVx3DCtwKngi,49a5ff7c4466457eb8016aaf873224cb,2026-01-14T23:16:44Z,2,"Ohhhhh yazz flute, you say? And that beat... hellll yeah. Could be a fav of the week. ",a76bad086b81442287448689d2112452
spotify:track:673do07xdvVTt65SIwRtc3,49a5ff7c4466457eb8016aaf873224cb,2026-01-14T23:16:44Z,2,"Simply lovely. The overall sound is a bit tinny/treble-y/jarring on the ears (if i'm putting myself in a stupid, uncultured baby's booties)... but it is workin for me. ",a76bad086b81442287448689d2112452
spotify:track:60ELJe2Bp0gCAnAINQz1Zj,49a5ff7c4466457eb8016aaf873224cb,2026-01-14T23:16:44Z,2,"Love this a LOT. Tried to submit a different Lage song, but got artist blocked. Accused Zeez of submitting it, but he denied it. WHO DUN IT??? DIANNA (Julian Labe)? JACOB????? ",a76bad086b81442287448689d2112452
spotify:track:5aGXoGa7ZmsYr3dvQJsR7R,49a5ff7c4466457eb8016aaf873224cb,2026-01-14T23:16:44Z,0,"Hmmmm not loving it. Vocals are not what I want to hear at 2am or really any time. Also, I take offense to the anti-masking rhetoric. But love the use of alabaster. Really caught between a rock and a hard place here. ",a76bad086b81442287448689d2112452
spotify:track:4Hm5W5XsJlJ5FdF8w9eIaj,49a5ff7c4466457eb8016aaf873224cb,2026-01-14T23:16:44Z,1,"Excellent song that happens to be a repeat from last season... but oh well, it's getting some points because it damn well fits the theme. If it's jdisk, you can officially revoke this point and then some from the final score. ",a76bad086b81442287448689d2112452
spotify:track:3Z13wg2GTvw6wq1HyRn8XN,49a5ff7c4466457eb8016aaf873224cb,2026-01-14T23:16:44Z,0,"Certainly groovy, but quite wordy. The swung beat and off-time vocals are a little unsettling. Having trouble finding peace. Sorry, Fluff and/or Spund. ",a76bad086b81442287448689d2112452
spotify:track:3y7Ho5xek9xSNF1SMVyl1u,49a5ff7c4466457eb8016aaf873224cb,2026-01-14T23:16:44Z,1,"My song is similar to this one and I like mine more. Only room for one ambient naturey some around these parts. Might get a point, though.",a76bad086b81442287448689d2112452
spotify:track:3qY3u3BoCnBwpETj2LY7xK,49a5ff7c4466457eb8016aaf873224cb,2026-01-14T23:16:44Z,1,It's giving Causa Sui,a76bad086b81442287448689d2112452
spotify:track:2wF5jnXSY4BMza03KP6LYg,49a5ff7c4466457eb8016aaf873224cb,2026-01-14T23:16:44Z,0,It's okay. May or may not be able to toss it a loosey. Jónsi did it better.,a76bad086b81442287448689d2112452
spotify:track:2VAoH18TYdu6VNczjaw0IQ,49a5ff7c4466457eb8016aaf873224cb,2026-01-14T23:16:44Z,2,I liked it until the whistle-y organ hit... then I loved it. ,a76bad086b81442287448689d2112452
spotify:track:2V0t5vLMCKMTZ6DjFJw9T7,49a5ff7c4466457eb8016aaf873224cb,2026-01-14T23:16:44Z,1,"More of an LSD fan myself. Actually liked this one but just wanted to make that dumb joke, but also I am probably out of points. Sorry! (Edit: You're in luck, ended up with one to spare!)",a76bad086b81442287448689d2112452
spotify:track:2gT4fhfO3wp8RrJUBGG4Qj,49a5ff7c4466457eb8016aaf873224cb,2026-01-14T23:16:44Z,1,Kingdom of Jónsi. Canon in D? ,a76bad086b81442287448689d2112452
spotify:track:24ZoOFXC0hmTCJ0C2FAMEw,49a5ff7c4466457eb8016aaf873224cb,2026-01-14T23:16:44Z,2,Won't you be my Neighbor? ,a76bad086b81442287448689d2112452
spotify:track:1cwQahQmKdmKaCijjdNEv3,49a5ff7c4466457eb8016aaf873224cb,2026-01-14T23:16:44Z,0,"I believe that... I don't really want to listen to this anymore. Overall, I am feeling the vibe, and I hate to pass on songs just because of their length, but it definitely dragged on for me even at only 4min. Might get a point when I come back around. (OCD stole your point, sry Spund)",a76bad086b81442287448689d2112452
spotify:track:3Z13wg2GTvw6wq1HyRn8XN,ce76a5e6ff274137bb5127db7065d9a8,2026-01-15T00:51:58Z,0,"As a parent currently dealing with a child who is having horrible sleep troubles and separation anxiety, a song about running away is very much not it for a playlist about putting kids back to sleep",a76bad086b81442287448689d2112452
spotify:track:3y7Ho5xek9xSNF1SMVyl1u,ce76a5e6ff274137bb5127db7065d9a8,2026-01-15T00:51:58Z,1,Tricky one for me. I like it. It feels like it could be too upbeat but it’s also not. It’s certainly wondrous. It works,a76bad086b81442287448689d2112452
spotify:track:3qY3u3BoCnBwpETj2LY7xK,ce76a5e6ff274137bb5127db7065d9a8,2026-01-15T00:51:58Z,1,"Someone’s always gotta sneak in the el paraiso guys huh? I was leaning towards too jammy, but they do find a nice chill almost fall asleep groove there with some noises that feel like the weight pulling your eyelids down. ",a76bad086b81442287448689d2112452
spotify:track:2VAoH18TYdu6VNczjaw0IQ,ce76a5e6ff274137bb5127db7065d9a8,2026-01-15T00:51:58Z,0,This is nice but I can’t imagine playing it while trying to put a baby to bed. Too upbeat,a76bad086b81442287448689d2112452
spotify:track:2V0t5vLMCKMTZ6DjFJw9T7,ce76a5e6ff274137bb5127db7065d9a8,2026-01-15T00:51:58Z,2,The reverby droney sounds are pretty much the sound I imagined trying to find when I thought about answering this prompt. Really liked this one even more second time around,a76bad086b81442287448689d2112452
spotify:track:2gT4fhfO3wp8RrJUBGG4Qj,ce76a5e6ff274137bb5127db7065d9a8,2026-01-15T00:51:58Z,2,"Wow this was very pretty. Definitely wondrous. Love the waves at the end, very bedtime white noise ",a76bad086b81442287448689d2112452
spotify:track:24ZoOFXC0hmTCJ0C2FAMEw,ce76a5e6ff274137bb5127db7065d9a8,2026-01-15T00:51:58Z,1,I associate neighbor with tree songs for some reason. Are all their songs about trees? This is the neighbor guy right? Nice little guitar ditty ,a76bad086b81442287448689d2112452
spotify:track:1cwQahQmKdmKaCijjdNEv3,ce76a5e6ff274137bb5127db7065d9a8,2026-01-15T00:51:58Z,0,Much too upbeat for my interpretation of the prompt,a76bad086b81442287448689d2112452
spotify:track:0dXF2xOPWR3mPDqA5Lt9nJ,ce76a5e6ff274137bb5127db7065d9a8,2026-01-15T00:51:58Z,3,"Loved it. Great kickoff to the list. Nailed the vibe, loved that I didn’t understand the words so they were just soothing musical sounds",a76bad086b81442287448689d2112452
spotify:track:6xYM0nJc6bTthgnY4FOD1s,ce76a5e6ff274137bb5127db7065d9a8,2026-01-15T00:51:58Z,3,Nailed it,a76bad086b81442287448689d2112452
spotify:track:6nl3jCIB5DTVx3DCtwKngi,ce76a5e6ff274137bb5127db7065d9a8,2026-01-15T00:51:58Z,0,I’m struggling between this and the euro jammers for my last point. It’s chill but maybe has a little too much of a bop going,a76bad086b81442287448689d2112452
spotify:track:673do07xdvVTt65SIwRtc3,ce76a5e6ff274137bb5127db7065d9a8,2026-01-15T00:51:58Z,1,Twin Peaks meets Friday Night Lights,a76bad086b81442287448689d2112452
spotify:track:60ELJe2Bp0gCAnAINQz1Zj,ce76a5e6ff274137bb5127db7065d9a8,2026-01-15T00:51:58Z,2,"Love Lage, maybe my favorite guitar player around right now. He didn’t cross my mind for this prompt cuz I think of his playing as so angular and ripping mind bending licks all over the neck. But then he has tracks like this. Totally works, excited for the album to come out",a76bad086b81442287448689d2112452
spotify:track:5aGXoGa7ZmsYr3dvQJsR7R,ce76a5e6ff274137bb5127db7065d9a8,2026-01-15T00:51:58Z,0,I don’t know how I feel about this one. Upon further listening: not hitting this vibe for me,a76bad086b81442287448689d2112452
spotify:track:4Hm5W5XsJlJ5FdF8w9eIaj,ce76a5e6ff274137bb5127db7065d9a8,2026-01-15T00:51:58Z,0,Do we have a list of songs that were used last time? I’ve been trying to figure out some that I’m not sure about. I feel bad nitpicking. This definitely fits the vibe so might come back to give it a point anyway but only if there’s one to shake out. ,a76bad086b81442287448689d2112452
spotify:track:3Z13wg2GTvw6wq1HyRn8XN,f1f0f2ed0eb64306992b613229fb7972,2026-01-15T05:16:35Z,0,Human mouth stuff again… 😬,a76bad086b81442287448689d2112452
spotify:track:3qY3u3BoCnBwpETj2LY7xK,f1f0f2ed0eb64306992b613229fb7972,2026-01-15T05:16:35Z,0,"Way too jazzy. Between the arrhythmic drumming & the high pitched flute, this baby is UP & it is NOT happy… ",a76bad086b81442287448689d2112452
spotify:track:2wF5jnXSY4BMza03KP6LYg,f1f0f2ed0eb64306992b613229fb7972,2026-01-15T05:16:35Z,0,"Very pretty, but definitely a bit too upbeat/too many notes to fit the “quiet, wondrous” vibe, IMO",a76bad086b81442287448689d2112452
spotify:track:2VAoH18TYdu6VNczjaw0IQ,f1f0f2ed0eb64306992b613229fb7972,2026-01-15T05:16:35Z,0,"Wayyyyy too upbeat. Baby would be up, snapping its fingers & tapping its toes to this “jumpy” lil’ number ",a76bad086b81442287448689d2112452
spotify:track:2V0t5vLMCKMTZ6DjFJw9T7,f1f0f2ed0eb64306992b613229fb7972,2026-01-15T05:16:35Z,0,"Kinda with Kenny here that human mouths cannot really play into the kind of quiet, wondrous songs I’m looking for in this prompt, sry? ¯\_(ツ)_/¯ ",a76bad086b81442287448689d2112452
spotify:track:2gT4fhfO3wp8RrJUBGG4Qj,f1f0f2ed0eb64306992b613229fb7972,2026-01-15T05:16:35Z,3,"This is beautiful & feels hopeful despite not having any words. Sigur Rós adjacent, makes sense! Will absolutely be delving into this catalog more deeply after this… Mad at myself for not throwing a Sigur Rós song at this prompt, but even more so appreciate being introduced to this artist, instead! Thank you, whoever submitted this. Favorite of the week, probably? 💗 Ocean sounds at the end put it over the edge. Perfection for this prompt 😴",a76bad086b81442287448689d2112452
spotify:track:24ZoOFXC0hmTCJ0C2FAMEw,f1f0f2ed0eb64306992b613229fb7972,2026-01-15T05:16:35Z,2,"Excellent choice, Paug. Looooves me some LyLy 💞",a76bad086b81442287448689d2112452
spotify:track:1cwQahQmKdmKaCijjdNEv3,f1f0f2ed0eb64306992b613229fb7972,2026-01-15T05:16:35Z,0,A little too upbeat to feel “quiet & wondrous” ,a76bad086b81442287448689d2112452
spotify:track:0dXF2xOPWR3mPDqA5Lt9nJ,f1f0f2ed0eb64306992b613229fb7972,2026-01-15T05:16:35Z,3,"This is really lovely. Incredibly strong start to this playlist. I know a human mouth is singing words, but since it’s in a language I don’t understand, it’s basically just another instrument to my brain. It doesn’t make me start considering understanding the lyrics, it’s just another layer of beautiful notes on top of one another. Really delightful, especially in headphones. The vocals halfway through, when they swell up, make me feel all warm & fuzzy inside. This track really is great. Going to explore more from this artist.",a76bad086b81442287448689d2112452
spotify:track:6xYM0nJc6bTthgnY4FOD1s,f1f0f2ed0eb64306992b613229fb7972,2026-01-15T05:16:35Z,3,Beautiful. Ethereal. Love the nature sounds in the background. Could absolutely see myself falling asleep to this (Hopefully I remember to put the baby down first 😬) ,a76bad086b81442287448689d2112452
spotify:track:6nl3jCIB5DTVx3DCtwKngi,f1f0f2ed0eb64306992b613229fb7972,2026-01-15T05:16:35Z,0,Jazz flute into followed by a steady drum beat with crashing cymbals? I think I had a very different interpretation of “quiet & wondrous” than most. I’ve also never bottle fed a baby at 2 AM tho so what do I know? 🙃,a76bad086b81442287448689d2112452
spotify:track:673do07xdvVTt65SIwRtc3,f1f0f2ed0eb64306992b613229fb7972,2026-01-15T05:16:35Z,1,"Definitely feeling *wondrous* from the background music behind the intense guitar picking. That stuff up front feels a bit frenetic to me. Still worthy of a point, at least. ",a76bad086b81442287448689d2112452
spotify:track:60ELJe2Bp0gCAnAINQz1Zj,f1f0f2ed0eb64306992b613229fb7972,2026-01-15T05:16:35Z,2,Julian Lage cheat code 😮‍💨 The man is rivaled by few on that instrument. Beautiful music maker. I should listen to more Julian Lage… ,a76bad086b81442287448689d2112452
spotify:track:5aGXoGa7ZmsYr3dvQJsR7R,f1f0f2ed0eb64306992b613229fb7972,2026-01-15T05:16:35Z,0,"Ohhhh… “Well, you’re up all night” — I get it! 🙄 (Far too upbeat to be quiet or wondrous, lol. Could’ve easily gone with re: stacks which actually would’ve been a great pick for this prompt! But yeah, this is not it, ha) Also, what the FUCK happens at 1:58 of this track?? Is that an auditory ghost?! Horrible. Heart rate elevated. I’m never getting back to sleep at this point… 😰 ",a76bad086b81442287448689d2112452
spotify:track:4Hm5W5XsJlJ5FdF8w9eIaj,f1f0f2ed0eb64306992b613229fb7972,2026-01-15T05:16:35Z,2,Really pretty & vibey. Hate that it’s not an ñ but I guess I shouldn’t deduct points for my own OCD… 😶‍🌫️ A little more sultry than quiet/wondrous but still really nice. Dig it a lot. ,a76bad086b81442287448689d2112452
spotify:track:4Hm5W5XsJlJ5FdF8w9eIaj,0d42af6c19054b7dbbe4aa499186e408,2026-01-15T05:32:15Z,2,"Had a lot of fun veering off into a Spotify journey exploring more of this band. @zach felt like a band Ali Ob would like so asked her if she had ever heard them and sure enough she was listening to them this morning. No real point there except to say I like this music, and after listening to a few of their songs feel like this was a great choice within their catalogue for this prompt. ",a76bad086b81442287448689d2112452
spotify:track:3y7Ho5xek9xSNF1SMVyl1u,0d42af6c19054b7dbbe4aa499186e408,2026-01-15T05:32:15Z,1,"Leans more wondrous to me than hopeful, which certainly works. I just don’t feel anything when I hear it. Could come back and give it a point for woodsiness. 

Point for woodsiness. ",a76bad086b81442287448689d2112452
spotify:track:3qY3u3BoCnBwpETj2LY7xK,0d42af6c19054b7dbbe4aa499186e408,2026-01-15T05:32:15Z,0,Too vibey/trippy for me for this prompt. Respect tho for the find ,a76bad086b81442287448689d2112452
spotify:track:2wF5jnXSY4BMza03KP6LYg,0d42af6c19054b7dbbe4aa499186e408,2026-01-15T05:32:15Z,2,"One of my favorite instrumentals on this playlist. Led me to explore the rest of the album. Another cinematic song. 

Further exploration led me to to the song highway anxiety, which I really liked, and which is also a life mantra for one-eyed drivers like myself. ",a76bad086b81442287448689d2112452
spotify:track:2VAoH18TYdu6VNczjaw0IQ,0d42af6c19054b7dbbe4aa499186e408,2026-01-15T05:32:15Z,0,Did not dislike this as a song. But it’s too joyful and bouncy for me for this. ,a76bad086b81442287448689d2112452
spotify:track:2V0t5vLMCKMTZ6DjFJw9T7,0d42af6c19054b7dbbe4aa499186e408,2026-01-15T05:32:15Z,3,"Maybe my fav from the playlist. Just very up my folk ass alley. Lyrically, an ocean cliff drive is at once hopeful and scary, which is how I imagined this prompt. ",a76bad086b81442287448689d2112452
spotify:track:2gT4fhfO3wp8RrJUBGG4Qj,0d42af6c19054b7dbbe4aa499186e408,2026-01-15T05:32:15Z,1,Cinematic and hopeful. Also watched the how to train your dragon series a good amount during these flu times so credit where it’s due. ,a76bad086b81442287448689d2112452
spotify:track:24ZoOFXC0hmTCJ0C2FAMEw,0d42af6c19054b7dbbe4aa499186e408,2026-01-15T05:32:15Z,1,Enjoyed this. I wanted lyrics after a while but the acoustic vibe is nice. ,a76bad086b81442287448689d2112452
spotify:track:1cwQahQmKdmKaCijjdNEv3,0d42af6c19054b7dbbe4aa499186e408,2026-01-15T05:32:15Z,0,"Don’t hate it, but to me a lil glitzy/poppy for this prompt ",a76bad086b81442287448689d2112452
spotify:track:6xYM0nJc6bTthgnY4FOD1s,0d42af6c19054b7dbbe4aa499186e408,2026-01-15T05:32:15Z,2,"Loved this. Perhaps benefits as a closer but again great as it’s own piece and also as the stamp on the larger group of songs…bookends it all very well. Maybe the song on here that reminds me the most of other songs I’ve heard but can’t place, which in and of itself is a mark of hopefulness. ",a76bad086b81442287448689d2112452
spotify:track:6nl3jCIB5DTVx3DCtwKngi,0d42af6c19054b7dbbe4aa499186e408,2026-01-15T05:32:15Z,1,"Bit jazzy for me for this prompt but it works in this space in the playlist, if you look at this entire conglomeration as a journey to something, or nothing. ",a76bad086b81442287448689d2112452
spotify:track:673do07xdvVTt65SIwRtc3,0d42af6c19054b7dbbe4aa499186e408,2026-01-15T05:32:15Z,2,Really enjoyed this. To ultimately feel hopeful you must also endure hopelessness. This song has both. ,a76bad086b81442287448689d2112452
spotify:track:60ELJe2Bp0gCAnAINQz1Zj,0d42af6c19054b7dbbe4aa499186e408,2026-01-15T05:32:15Z,1,This starts a solid back half instrumental run of the playlist. Not my favorite of the bunch but fits the prompt. ,a76bad086b81442287448689d2112452
spotify:track:5aGXoGa7ZmsYr3dvQJsR7R,0d42af6c19054b7dbbe4aa499186e408,2026-01-15T05:32:15Z,0,"So every time I hear bon Iver (which is never; this is the first time) I am reminded that there is a better band out there called the fruit bats. But I don’t hate this. Will maybe make me listen to more, maybe? Or I’ll just go on with my life ",a76bad086b81442287448689d2112452
spotify:track:3Z13wg2GTvw6wq1HyRn8XN,0d42af6c19054b7dbbe4aa499186e408,2026-01-15T05:32:15Z,0,A jarring break in the playlist for me. Fine song just not how I interpreted this prompt ,a76bad086b81442287448689d2112452
spotify:track:2wF5jnXSY4BMza03KP6LYg,a2909b31d1c04d728cfcf68ca0d73cca,2026-01-15T12:39:46Z,2,,a76bad086b81442287448689d2112452
spotify:track:3y7Ho5xek9xSNF1SMVyl1u,a2909b31d1c04d728cfcf68ca0d73cca,2026-01-15T12:39:46Z,2,,a76bad086b81442287448689d2112452
spotify:track:3Z13wg2GTvw6wq1HyRn8XN,a2909b31d1c04d728cfcf68ca0d73cca,2026-01-15T12:39:46Z,0,Just cause there’s a baby on the cover doesn’t make this fit the theme ,a76bad086b81442287448689d2112452
spotify:track:4Hm5W5XsJlJ5FdF8w9eIaj,a2909b31d1c04d728cfcf68ca0d73cca,2026-01-15T12:39:46Z,1,,a76bad086b81442287448689d2112452
spotify:track:5aGXoGa7ZmsYr3dvQJsR7R,a2909b31d1c04d728cfcf68ca0d73cca,2026-01-15T12:39:46Z,0,Did he suck up a bunch of helium before singing this one?,a76bad086b81442287448689d2112452
spotify:track:60ELJe2Bp0gCAnAINQz1Zj,a2909b31d1c04d728cfcf68ca0d73cca,2026-01-15T12:39:46Z,2,Extra point for Medeski,a76bad086b81442287448689d2112452
spotify:track:673do07xdvVTt65SIwRtc3,a2909b31d1c04d728cfcf68ca0d73cca,2026-01-15T12:39:46Z,1,,a76bad086b81442287448689d2112452
spotify:track:6nl3jCIB5DTVx3DCtwKngi,a2909b31d1c04d728cfcf68ca0d73cca,2026-01-15T12:39:46Z,1,,a76bad086b81442287448689d2112452
spotify:track:6xYM0nJc6bTthgnY4FOD1s,a2909b31d1c04d728cfcf68ca0d73cca,2026-01-15T12:39:46Z,1,,a76bad086b81442287448689d2112452
spotify:track:1cwQahQmKdmKaCijjdNEv3,a2909b31d1c04d728cfcf68ca0d73cca,2026-01-15T12:39:46Z,0,Doesn’t really fit the theme for me,a76bad086b81442287448689d2112452
spotify:track:2gT4fhfO3wp8RrJUBGG4Qj,a2909b31d1c04d728cfcf68ca0d73cca,2026-01-15T12:39:46Z,1,,a76bad086b81442287448689d2112452
spotify:track:0dXF2xOPWR3mPDqA5Lt9nJ,a2909b31d1c04d728cfcf68ca0d73cca,2026-01-15T12:39:46Z,1,,a76bad086b81442287448689d2112452
spotify:track:2V0t5vLMCKMTZ6DjFJw9T7,a2909b31d1c04d728cfcf68ca0d73cca,2026-01-15T12:39:46Z,1,,a76bad086b81442287448689d2112452
spotify:track:2VAoH18TYdu6VNczjaw0IQ,a2909b31d1c04d728cfcf68ca0d73cca,2026-01-15T12:39:46Z,2,,a76bad086b81442287448689d2112452
spotify:track:3qY3u3BoCnBwpETj2LY7xK,a2909b31d1c04d728cfcf68ca0d73cca,2026-01-15T12:39:46Z,1,,a76bad086b81442287448689d2112452
spotify:track:4Hm5W5XsJlJ5FdF8w9eIaj,8453d173315c468e8134e2527a658ba5,2026-01-15T14:09:12Z,2,,a76bad086b81442287448689d2112452
spotify:track:5aGXoGa7ZmsYr3dvQJsR7R,8453d173315c468e8134e2527a658ba5,2026-01-15T14:09:12Z,0,I can’t with these vocals ,a76bad086b81442287448689d2112452
spotify:track:60ELJe2Bp0gCAnAINQz1Zj,8453d173315c468e8134e2527a658ba5,2026-01-15T14:09:12Z,1,,a76bad086b81442287448689d2112452
spotify:track:6nl3jCIB5DTVx3DCtwKngi,8453d173315c468e8134e2527a658ba5,2026-01-15T14:09:12Z,4,Fave of the week ,a76bad086b81442287448689d2112452
spotify:track:0dXF2xOPWR3mPDqA5Lt9nJ,8453d173315c468e8134e2527a658ba5,2026-01-15T14:09:12Z,1,,a76bad086b81442287448689d2112452
spotify:track:24ZoOFXC0hmTCJ0C2FAMEw,8453d173315c468e8134e2527a658ba5,2026-01-15T14:09:12Z,3,Very nice and wondrous. I love tree songs,a76bad086b81442287448689d2112452
spotify:track:2V0t5vLMCKMTZ6DjFJw9T7,8453d173315c468e8134e2527a658ba5,2026-01-15T14:09:12Z,1,,a76bad086b81442287448689d2112452
spotify:track:2VAoH18TYdu6VNczjaw0IQ,8453d173315c468e8134e2527a658ba5,2026-01-15T14:09:12Z,2,,a76bad086b81442287448689d2112452
spotify:track:2wF5jnXSY4BMza03KP6LYg,8453d173315c468e8134e2527a658ba5,2026-01-15T14:09:12Z,1,,a76bad086b81442287448689d2112452
spotify:track:3Z13wg2GTvw6wq1HyRn8XN,8453d173315c468e8134e2527a658ba5,2026-01-15T14:09:12Z,1,Vocals don’t necessarily fit the vibe for me but great track,a76bad086b81442287448689d2112452
spotify:track:24ZoOFXC0hmTCJ0C2FAMEw,183c5f6ed1b147099842917a9576c8f4,2026-01-15T16:32:17Z,1,,a76bad086b81442287448689d2112452
spotify:track:0dXF2xOPWR3mPDqA5Lt9nJ,183c5f6ed1b147099842917a9576c8f4,2026-01-15T16:32:17Z,1,Nice surprise to kick of the list. Ayub means Hope in Swahili. ,a76bad086b81442287448689d2112452
spotify:track:1cwQahQmKdmKaCijjdNEv3,183c5f6ed1b147099842917a9576c8f4,2026-01-15T16:32:17Z,0,Nah,a76bad086b81442287448689d2112452
spotify:track:2V0t5vLMCKMTZ6DjFJw9T7,183c5f6ed1b147099842917a9576c8f4,2026-01-15T16:32:17Z,3,"Perfection.  ""Honey, I can't see
The road ahead of me
But I'm coming...When you see me, a ways and a whistling
You speak I can't hear, but I'm listening
Closer please, I'm begging
I want to start a kiss, with no ending""
",a76bad086b81442287448689d2112452
spotify:track:2VAoH18TYdu6VNczjaw0IQ,183c5f6ed1b147099842917a9576c8f4,2026-01-15T16:32:17Z,2,Dug this big time. Not sure it's perfect for that moment but close enough.  Rikardo agrees. ,a76bad086b81442287448689d2112452
spotify:track:2wF5jnXSY4BMza03KP6LYg,183c5f6ed1b147099842917a9576c8f4,2026-01-15T16:32:17Z,1,"A beautiful, wondrous kingdom. Big Stearns feels",a76bad086b81442287448689d2112452
spotify:track:3qY3u3BoCnBwpETj2LY7xK,183c5f6ed1b147099842917a9576c8f4,2026-01-15T16:32:17Z,3,Maybe my favorite of the week. Hit the mark on all fronts. Well done!,a76bad086b81442287448689d2112452
spotify:track:3y7Ho5xek9xSNF1SMVyl1u,183c5f6ed1b147099842917a9576c8f4,2026-01-15T16:32:17Z,1,,a76bad086b81442287448689d2112452
spotify:track:3Z13wg2GTvw6wq1HyRn8XN,183c5f6ed1b147099842917a9576c8f4,2026-01-15T16:32:17Z,0,Soft? Not really. Wondrous? Big no. ,a76bad086b81442287448689d2112452
spotify:track:4Hm5W5XsJlJ5FdF8w9eIaj,183c5f6ed1b147099842917a9576c8f4,2026-01-15T16:32:17Z,0,Apologies if Al or Lil Disk...but anything on last season's list gets a 0. Tough to be the new guy. ,a76bad086b81442287448689d2112452
spotify:track:5aGXoGa7ZmsYr3dvQJsR7R,183c5f6ed1b147099842917a9576c8f4,2026-01-15T16:32:17Z,0,"Was very excited about a Bon Iver, soft, soothing selection. This was the wrong selection. ",a76bad086b81442287448689d2112452
spotify:track:60ELJe2Bp0gCAnAINQz1Zj,183c5f6ed1b147099842917a9576c8f4,2026-01-15T16:32:17Z,2,"Cozy, warm, plenty of hope. ",a76bad086b81442287448689d2112452
spotify:track:673do07xdvVTt65SIwRtc3,183c5f6ed1b147099842917a9576c8f4,2026-01-15T16:32:17Z,1,"Love the strumming over the ambient synth. Not enough hope for 2 points for me, but great selection.  ",a76bad086b81442287448689d2112452
spotify:track:6nl3jCIB5DTVx3DCtwKngi,183c5f6ed1b147099842917a9576c8f4,2026-01-15T16:32:17Z,0,Too much beat.  Not trying to Gizillig here. ,a76bad086b81442287448689d2112452
spotify:track:6xYM0nJc6bTthgnY4FOD1s,183c5f6ed1b147099842917a9576c8f4,2026-01-15T16:32:17Z,1,Beautiful song. Wish I had more points - counting on the Asa bump bc I'm not sure so this list is gonna hit for him. ,a76bad086b81442287448689d2112452
spotify:track:673do07xdvVTt65SIwRtc3,1c89e947d02949ed86d05ec22a7350bf,2026-01-15T16:57:15Z,2,,a76bad086b81442287448689d2112452
spotify:track:0dXF2xOPWR3mPDqA5Lt9nJ,1c89e947d02949ed86d05ec22a7350bf,2026-01-15T16:57:15Z,0,not my middle of the night vibe,a76bad086b81442287448689d2112452
spotify:track:24ZoOFXC0hmTCJ0C2FAMEw,1c89e947d02949ed86d05ec22a7350bf,2026-01-15T16:57:15Z,3,"Excellent selection, Timmy",a76bad086b81442287448689d2112452
spotify:track:2gT4fhfO3wp8RrJUBGG4Qj,1c89e947d02949ed86d05ec22a7350bf,2026-01-15T16:57:15Z,2,,a76bad086b81442287448689d2112452
spotify:track:2V0t5vLMCKMTZ6DjFJw9T7,1c89e947d02949ed86d05ec22a7350bf,2026-01-15T16:57:15Z,1,,a76bad086b81442287448689d2112452
spotify:track:2wF5jnXSY4BMza03KP6LYg,1c89e947d02949ed86d05ec22a7350bf,2026-01-15T16:57:15Z,2,Zach? Is this for Prince Jones? ❤️,a76bad086b81442287448689d2112452
spotify:track:3qY3u3BoCnBwpETj2LY7xK,1c89e947d02949ed86d05ec22a7350bf,2026-01-15T16:57:15Z,1,,a76bad086b81442287448689d2112452
spotify:track:3y7Ho5xek9xSNF1SMVyl1u,1c89e947d02949ed86d05ec22a7350bf,2026-01-15T16:57:15Z,1,,a76bad086b81442287448689d2112452
spotify:track:3Z13wg2GTvw6wq1HyRn8XN,1c89e947d02949ed86d05ec22a7350bf,2026-01-15T16:57:15Z,0,"As much as you want to run away from your crying baby at 2am, it’s very much frowned upon. ",a76bad086b81442287448689d2112452
spotify:track:4Hm5W5XsJlJ5FdF8w9eIaj,1c89e947d02949ed86d05ec22a7350bf,2026-01-15T16:57:15Z,2,"Big fan of these guys, almost submitted another one of theirs ",a76bad086b81442287448689d2112452
spotify:track:5aGXoGa7ZmsYr3dvQJsR7R,1c89e947d02949ed86d05ec22a7350bf,2026-01-15T16:57:15Z,0,Used to be a big bon iver fan but not feeling this one  ,a76bad086b81442287448689d2112452
spotify:track:60ELJe2Bp0gCAnAINQz1Zj,1c89e947d02949ed86d05ec22a7350bf,2026-01-15T16:57:15Z,2,from a new release! thats exciting,a76bad086b81442287448689d2112452
spotify:track:6nl3jCIB5DTVx3DCtwKngi,7fdceb56429c4e38939c3e5ee41bfdd0,2026-01-15T18:17:59Z,2,,a76bad086b81442287448689d2112452
spotify:track:0dXF2xOPWR3mPDqA5Lt9nJ,7fdceb56429c4e38939c3e5ee41bfdd0,2026-01-15T18:17:59Z,1,"Maybe eek out a point. Gets a little repetitive but it is nice and calming 
Yup. ",a76bad086b81442287448689d2112452
spotify:track:24ZoOFXC0hmTCJ0C2FAMEw,7fdceb56429c4e38939c3e5ee41bfdd0,2026-01-15T18:17:59Z,2,,a76bad086b81442287448689d2112452
spotify:track:2gT4fhfO3wp8RrJUBGG4Qj,7fdceb56429c4e38939c3e5ee41bfdd0,2026-01-15T18:17:59Z,2,,a76bad086b81442287448689d2112452
spotify:track:2V0t5vLMCKMTZ6DjFJw9T7,7fdceb56429c4e38939c3e5ee41bfdd0,2026-01-15T18:17:59Z,1,Sultry vocals,a76bad086b81442287448689d2112452
spotify:track:2wF5jnXSY4BMza03KP6LYg,7fdceb56429c4e38939c3e5ee41bfdd0,2026-01-15T18:17:59Z,1,,a76bad086b81442287448689d2112452
spotify:track:3y7Ho5xek9xSNF1SMVyl1u,7fdceb56429c4e38939c3e5ee41bfdd0,2026-01-15T18:17:59Z,1,,a76bad086b81442287448689d2112452
spotify:track:4Hm5W5XsJlJ5FdF8w9eIaj,7fdceb56429c4e38939c3e5ee41bfdd0,2026-01-15T18:17:59Z,0,Love the song. Hate the repeat of exact song from last season. ,a76bad086b81442287448689d2112452
spotify:track:60ELJe2Bp0gCAnAINQz1Zj,7fdceb56429c4e38939c3e5ee41bfdd0,2026-01-15T18:17:59Z,3,Tops. Just all around chill vibes,a76bad086b81442287448689d2112452
spotify:track:673do07xdvVTt65SIwRtc3,7fdceb56429c4e38939c3e5ee41bfdd0,2026-01-15T18:17:59Z,2,,a76bad086b81442287448689d2112452
spotify:track:6xYM0nJc6bTthgnY4FOD1s,7fdceb56429c4e38939c3e5ee41bfdd0,2026-01-15T18:17:59Z,1,,a76bad086b81442287448689d2112452
spotify:track:6nl3jCIB5DTVx3DCtwKngi,e5c2390073644e979f43e744c33e6c60,2026-01-16T14:29:24Z,3,One of my favorites of the playlist,a76bad086b81442287448689d2112452
spotify:track:0dXF2xOPWR3mPDqA5Lt9nJ,e5c2390073644e979f43e744c33e6c60,2026-01-16T14:29:24Z,0,No this will not soothe during those early morning feeds,a76bad086b81442287448689d2112452
spotify:track:1cwQahQmKdmKaCijjdNEv3,e5c2390073644e979f43e744c33e6c60,2026-01-16T14:29:24Z,0,Your repetition is my kryptonite ,a76bad086b81442287448689d2112452
spotify:track:24ZoOFXC0hmTCJ0C2FAMEw,e5c2390073644e979f43e744c33e6c60,2026-01-16T14:29:24Z,2,Dude loves his trees!,a76bad086b81442287448689d2112452
spotify:track:2gT4fhfO3wp8RrJUBGG4Qj,e5c2390073644e979f43e744c33e6c60,2026-01-16T14:29:24Z,1,+2 for great smith ambient soundscape  -1 for increasing volume through the song making more of an alarm clock!,a76bad086b81442287448689d2112452
spotify:track:2VAoH18TYdu6VNczjaw0IQ,e5c2390073644e979f43e744c33e6c60,2026-01-16T14:29:24Z,0,Really likes this one but was too uptempo for calming late night ,a76bad086b81442287448689d2112452
spotify:track:2wF5jnXSY4BMza03KP6LYg,e5c2390073644e979f43e744c33e6c60,2026-01-16T14:29:24Z,2,,a76bad086b81442287448689d2112452
spotify:track:3qY3u3BoCnBwpETj2LY7xK,e5c2390073644e979f43e744c33e6c60,2026-01-16T14:29:24Z,1,Ambient spacey feels more club/lounge than sitting at 2 am with a bottle,a76bad086b81442287448689d2112452
spotify:track:3y7Ho5xek9xSNF1SMVyl1u,e5c2390073644e979f43e744c33e6c60,2026-01-16T14:29:24Z,1,I used to have the bose sleep headphones and this was definitely one of the sounds to fall asleep to!,a76bad086b81442287448689d2112452
spotify:track:3Z13wg2GTvw6wq1HyRn8XN,e5c2390073644e979f43e744c33e6c60,2026-01-16T14:29:24Z,0,Song is fantastic just doesn’t fit this prompt for me,a76bad086b81442287448689d2112452
spotify:track:5aGXoGa7ZmsYr3dvQJsR7R,e5c2390073644e979f43e744c33e6c60,2026-01-16T14:29:24Z,0,Sounds like when I used to pull the tape out of the cassette then wind it back up at play again….harsh stretched out vocals ,a76bad086b81442287448689d2112452
spotify:track:60ELJe2Bp0gCAnAINQz1Zj,e5c2390073644e979f43e744c33e6c60,2026-01-16T14:29:24Z,4,Beautiful song perfect for rocking a baby at 2am,a76bad086b81442287448689d2112452
spotify:track:673do07xdvVTt65SIwRtc3,e5c2390073644e979f43e744c33e6c60,2026-01-16T14:29:24Z,1,Ambient spacey gets a point,a76bad086b81442287448689d2112452
spotify:track:6xYM0nJc6bTthgnY4FOD1s,e5c2390073644e979f43e744c33e6c60,2026-01-16T14:29:24Z,1,Nice calming could listen while trying to calm a colicky baby,a76bad086b81442287448689d2112452
spotify:track:1cwQahQmKdmKaCijjdNEv3,605866a938e54c5da212fc8595186729,2026-01-16T21:28:22Z,0,Not for me  ,a76bad086b81442287448689d2112452
spotify:track:6xYM0nJc6bTthgnY4FOD1s,605866a938e54c5da212fc8595186729,2026-01-16T21:28:22Z,1,,a76bad086b81442287448689d2112452
spotify:track:6nl3jCIB5DTVx3DCtwKngi,605866a938e54c5da212fc8595186729,2026-01-16T21:28:22Z,2,,a76bad086b81442287448689d2112452
spotify:track:60ELJe2Bp0gCAnAINQz1Zj,605866a938e54c5da212fc8595186729,2026-01-16T21:28:22Z,3,,a76bad086b81442287448689d2112452
spotify:track:5aGXoGa7ZmsYr3dvQJsR7R,605866a938e54c5da212fc8595186729,2026-01-16T21:28:22Z,0,Nothing about this fits the prompt ,a76bad086b81442287448689d2112452
spotify:track:4Hm5W5XsJlJ5FdF8w9eIaj,605866a938e54c5da212fc8595186729,2026-01-16T21:28:22Z,1,,a76bad086b81442287448689d2112452
spotify:track:3Z13wg2GTvw6wq1HyRn8XN,605866a938e54c5da212fc8595186729,2026-01-16T21:28:22Z,0,………,a76bad086b81442287448689d2112452
spotify:track:3y7Ho5xek9xSNF1SMVyl1u,605866a938e54c5da212fc8595186729,2026-01-16T21:28:22Z,2,,a76bad086b81442287448689d2112452
spotify:track:3qY3u3BoCnBwpETj2LY7xK,605866a938e54c5da212fc8595186729,2026-01-16T21:28:22Z,3,Immediately went back to this ,a76bad086b81442287448689d2112452
spotify:track:2wF5jnXSY4BMza03KP6LYg,605866a938e54c5da212fc8595186729,2026-01-16T21:28:22Z,0,Can’t get into this ,a76bad086b81442287448689d2112452
spotify:track:2VAoH18TYdu6VNczjaw0IQ,605866a938e54c5da212fc8595186729,2026-01-16T21:28:22Z,1,Little too loud and exciting ,a76bad086b81442287448689d2112452
spotify:track:2V0t5vLMCKMTZ6DjFJw9T7,605866a938e54c5da212fc8595186729,2026-01-16T21:28:22Z,0,Liked this less on re-listen 🤷‍♀️,a76bad086b81442287448689d2112452
spotify:track:2gT4fhfO3wp8RrJUBGG4Qj,605866a938e54c5da212fc8595186729,2026-01-16T21:28:22Z,1,I wish it didn’t have the waves at the end ,a76bad086b81442287448689d2112452
spotify:track:24ZoOFXC0hmTCJ0C2FAMEw,605866a938e54c5da212fc8595186729,2026-01-16T21:28:22Z,1,1:34 is very jarring ! But otherwise lovely ,a76bad086b81442287448689d2112452
spotify:track:0dXF2xOPWR3mPDqA5Lt9nJ,605866a938e54c5da212fc8595186729,2026-01-16T21:28:22Z,1,Soothing but no idea what he’s saying,a76bad086b81442287448689d2112452
spotify:track:0dXF2xOPWR3mPDqA5Lt9nJ,0b4377c224ba402d97adce848425da90,2026-01-16T23:12:17Z,0,"It’s chill. But too baby talk adjacent. No offense, but it’s triggering. ",a76bad086b81442287448689d2112452
spotify:track:1cwQahQmKdmKaCijjdNEv3,0b4377c224ba402d97adce848425da90,2026-01-16T23:12:17Z,0,Way more soothing than the first track but still no. Too fast. ,a76bad086b81442287448689d2112452
spotify:track:24ZoOFXC0hmTCJ0C2FAMEw,0b4377c224ba402d97adce848425da90,2026-01-16T23:12:17Z,2,"Wow, someone finally shut the fuck up. Talk about great placement on the list! No, don’t talk about it. ",a76bad086b81442287448689d2112452
spotify:track:2gT4fhfO3wp8RrJUBGG4Qj,0b4377c224ba402d97adce848425da90,2026-01-16T23:12:17Z,3,"Now, we’re talking! Pun intended. Wondrous AF. ",a76bad086b81442287448689d2112452
spotify:track:2V0t5vLMCKMTZ6DjFJw9T7,0b4377c224ba402d97adce848425da90,2026-01-16T23:12:17Z,0,They say a picture is worth a thousand words. This is worth zero points. Nice album photo though. ,a76bad086b81442287448689d2112452
spotify:track:2VAoH18TYdu6VNczjaw0IQ,0b4377c224ba402d97adce848425da90,2026-01-16T23:12:17Z,0,"It’s got a whimsical, Marco Benevento vibe that didn’t quite fit the category for me. ",a76bad086b81442287448689d2112452
spotify:track:2wF5jnXSY4BMza03KP6LYg,0b4377c224ba402d97adce848425da90,2026-01-16T23:12:17Z,2,"That’s what I’m talking about! 
No, not talking. ",a76bad086b81442287448689d2112452
spotify:track:3qY3u3BoCnBwpETj2LY7xK,0b4377c224ba402d97adce848425da90,2026-01-16T23:12:17Z,3,Does El Paraiso have a lab somewhere in Europe where they grow these great instrumental bands?? Wonderful stuff here. ,a76bad086b81442287448689d2112452
spotify:track:3y7Ho5xek9xSNF1SMVyl1u,0b4377c224ba402d97adce848425da90,2026-01-16T23:12:17Z,1,Classic one pointer ,a76bad086b81442287448689d2112452
spotify:track:3Z13wg2GTvw6wq1HyRn8XN,0b4377c224ba402d97adce848425da90,2026-01-16T23:12:17Z,0,Way too bouncy. ,a76bad086b81442287448689d2112452
spotify:track:5aGXoGa7ZmsYr3dvQJsR7R,0b4377c224ba402d97adce848425da90,2026-01-16T23:12:17Z,0,Shhhhhh. Immediate skip. ,a76bad086b81442287448689d2112452
spotify:track:4Hm5W5XsJlJ5FdF8w9eIaj,0b4377c224ba402d97adce848425da90,2026-01-16T23:12:17Z,1,"Love this track, but I submitted it last season. ",a76bad086b81442287448689d2112452
spotify:track:673do07xdvVTt65SIwRtc3,0b4377c224ba402d97adce848425da90,2026-01-16T23:12:17Z,2,I have this on a few playlists. Great track. ,a76bad086b81442287448689d2112452
spotify:track:6nl3jCIB5DTVx3DCtwKngi,0b4377c224ba402d97adce848425da90,2026-01-16T23:12:17Z,1,,a76bad086b81442287448689d2112452
spotify:track:6xYM0nJc6bTthgnY4FOD1s,0b4377c224ba402d97adce848425da90,2026-01-16T23:12:17Z,1,,a76bad086b81442287448689d2112452
spotify:track:673do07xdvVTt65SIwRtc3,4e117e3021d7466c8bf0b654f8357418,2026-01-16T23:58:57Z,2,,a76bad086b81442287448689d2112452
spotify:track:0dXF2xOPWR3mPDqA5Lt9nJ,4e117e3021d7466c8bf0b654f8357418,2026-01-16T23:58:57Z,1,,a76bad086b81442287448689d2112452
spotify:track:24ZoOFXC0hmTCJ0C2FAMEw,4e117e3021d7466c8bf0b654f8357418,2026-01-16T23:58:57Z,1,,a76bad086b81442287448689d2112452
spotify:track:2gT4fhfO3wp8RrJUBGG4Qj,4e117e3021d7466c8bf0b654f8357418,2026-01-16T23:58:57Z,2,,a76bad086b81442287448689d2112452
spotify:track:2wF5jnXSY4BMza03KP6LYg,4e117e3021d7466c8bf0b654f8357418,2026-01-16T23:58:57Z,2,,a76bad086b81442287448689d2112452
spotify:track:6xYM0nJc6bTthgnY4FOD1s,4e117e3021d7466c8bf0b654f8357418,2026-01-16T23:58:57Z,1,,a76bad086b81442287448689d2112452
spotify:track:3qY3u3BoCnBwpETj2LY7xK,4e117e3021d7466c8bf0b654f8357418,2026-01-16T23:58:57Z,3,,a76bad086b81442287448689d2112452
spotify:track:3y7Ho5xek9xSNF1SMVyl1u,4e117e3021d7466c8bf0b654f8357418,2026-01-16T23:58:57Z,2,,a76bad086b81442287448689d2112452
spotify:track:4Hm5W5XsJlJ5FdF8w9eIaj,4e117e3021d7466c8bf0b654f8357418,2026-01-16T23:58:57Z,1,,a76bad086b81442287448689d2112452
spotify:track:60ELJe2Bp0gCAnAINQz1Zj,4e117e3021d7466c8bf0b654f8357418,2026-01-16T23:58:57Z,1,,a76bad086b81442287448689d2112452
spotify:track:0dXF2xOPWR3mPDqA5Lt9nJ,48468f9ee55c4e71b349a5f376d4d792,2026-01-17T18:48:12Z,1,it doesnt have english but its really good,a76bad086b81442287448689d2112452
spotify:track:4Hm5W5XsJlJ5FdF8w9eIaj,48468f9ee55c4e71b349a5f376d4d792,2026-01-17T18:48:12Z,0,too slow,a76bad086b81442287448689d2112452
spotify:track:3Z13wg2GTvw6wq1HyRn8XN,48468f9ee55c4e71b349a5f376d4d792,2026-01-17T18:48:12Z,1,i like it who ever picked this song good job,a76bad086b81442287448689d2112452
spotify:track:3y7Ho5xek9xSNF1SMVyl1u,48468f9ee55c4e71b349a5f376d4d792,2026-01-17T18:48:12Z,0,what is that?? i dont know what that is it sounds like bones are breaking,a76bad086b81442287448689d2112452
spotify:track:3qY3u3BoCnBwpETj2LY7xK,48468f9ee55c4e71b349a5f376d4d792,2026-01-17T18:48:12Z,0,same thing cant really hear the other instruments,a76bad086b81442287448689d2112452
spotify:track:2wF5jnXSY4BMza03KP6LYg,48468f9ee55c4e71b349a5f376d4d792,2026-01-17T18:48:12Z,0,too much guitar and cant really hear the other instruments,a76bad086b81442287448689d2112452
spotify:track:2VAoH18TYdu6VNczjaw0IQ,48468f9ee55c4e71b349a5f376d4d792,2026-01-17T18:48:12Z,2,its really good and calm,a76bad086b81442287448689d2112452
spotify:track:2V0t5vLMCKMTZ6DjFJw9T7,48468f9ee55c4e71b349a5f376d4d792,2026-01-17T18:48:12Z,1,its smooth,a76bad086b81442287448689d2112452
spotify:track:2gT4fhfO3wp8RrJUBGG4Qj,48468f9ee55c4e71b349a5f376d4d792,2026-01-17T18:48:12Z,0,its peaceful but no words,a76bad086b81442287448689d2112452
spotify:track:24ZoOFXC0hmTCJ0C2FAMEw,48468f9ee55c4e71b349a5f376d4d792,2026-01-17T18:48:12Z,2,its peaceful,a76bad086b81442287448689d2112452
spotify:track:1cwQahQmKdmKaCijjdNEv3,48468f9ee55c4e71b349a5f376d4d792,2026-01-17T18:48:12Z,1,i like it,a76bad086b81442287448689d2112452
spotify:track:60ELJe2Bp0gCAnAINQz1Zj,48468f9ee55c4e71b349a5f376d4d792,2026-01-17T18:48:12Z,1,nice ,a76bad086b81442287448689d2112452
spotify:track:6xYM0nJc6bTthgnY4FOD1s,48468f9ee55c4e71b349a5f376d4d792,2026-01-17T18:48:12Z,5,,a76bad086b81442287448689d2112452
spotify:track:6nl3jCIB5DTVx3DCtwKngi,48468f9ee55c4e71b349a5f376d4d792,2026-01-17T18:48:12Z,1,good job ,a76bad086b81442287448689d2112452
spotify:track:673do07xdvVTt65SIwRtc3,48468f9ee55c4e71b349a5f376d4d792,2026-01-17T18:48:12Z,1,,a76bad086b81442287448689d2112452
spotify:track:24ZoOFXC0hmTCJ0C2FAMEw,9b7e03ea90dd46db9779dc21eb04ca5a,2026-01-17T19:09:12Z,1,,a76bad086b81442287448689d2112452
spotify:track:2V0t5vLMCKMTZ6DjFJw9T7,9b7e03ea90dd46db9779dc21eb04ca5a,2026-01-17T19:09:12Z,2,,a76bad086b81442287448689d2112452
spotify:track:2VAoH18TYdu6VNczjaw0IQ,9b7e03ea90dd46db9779dc21eb04ca5a,2026-01-17T19:09:12Z,1,,a76bad086b81442287448689d2112452
spotify:track:2wF5jnXSY4BMza03KP6LYg,9b7e03ea90dd46db9779dc21eb04ca5a,2026-01-17T19:09:12Z,1,,a76bad086b81442287448689d2112452
spotify:track:3qY3u3BoCnBwpETj2LY7xK,9b7e03ea90dd46db9779dc21eb04ca5a,2026-01-17T19:09:12Z,2,,a76bad086b81442287448689d2112452
spotify:track:4Hm5W5XsJlJ5FdF8w9eIaj,9b7e03ea90dd46db9779dc21eb04ca5a,2026-01-17T19:09:12Z,1,,a76bad086b81442287448689d2112452
spotify:track:60ELJe2Bp0gCAnAINQz1Zj,9b7e03ea90dd46db9779dc21eb04ca5a,2026-01-17T19:09:12Z,2,,a76bad086b81442287448689d2112452
spotify:track:6xYM0nJc6bTthgnY4FOD1s,9b7e03ea90dd46db9779dc21eb04ca5a,2026-01-17T19:09:12Z,3,,a76bad086b81442287448689d2112452
spotify:track:0dXF2xOPWR3mPDqA5Lt9nJ,9b7e03ea90dd46db9779dc21eb04ca5a,2026-01-17T19:09:12Z,1,,a76bad086b81442287448689d2112452
spotify:track:1cwQahQmKdmKaCijjdNEv3,9b7e03ea90dd46db9779dc21eb04ca5a,2026-01-17T19:09:12Z,2,,a76bad086b81442287448689d2112452
spotify:track:0Os4cioPDzZGowivtM9zP1,49a5ff7c4466457eb8016aaf873224cb,2026-01-20T04:43:34Z,2,"+2 for being so good
-1 for being a cover
+1 for me also submitting a cover
-2 for not using the word fuckin
+1 for using the word hell very nicely
+1 for the laughter at the end

Where did we net out here? We'll go with 2 for now. Cool ass submission. 

Killlllllller start to the list, the only one I think could win over mine. Genuinely awesome cover'd song power combined with someone ready to prove themselves with it. ",d9fd674ba147437bb67f2f15b4fd6ef0
spotify:track:1GEzw8efHVrRQebzOqXxAk,49a5ff7c4466457eb8016aaf873224cb,2026-01-20T04:43:34Z,0,"Maybe I am an uncultured swine, but just what in the hell is goin on here? Cant wait for Fluff to become a martyr yet again. ",d9fd674ba147437bb67f2f15b4fd6ef0
spotify:track:2cjU1DoNHP5Wk9lkHuB6sP,49a5ff7c4466457eb8016aaf873224cb,2026-01-20T04:43:34Z,0,I'm trying to love this one but it just isn't happening. Especially with how strong the ladies close out the list. The vocal performance is just feeling a tad uninspired when I have to put it up against every other track here. ,d9fd674ba147437bb67f2f15b4fd6ef0
spotify:track:406xUjgGJD0H3RqLKq1YFf,49a5ff7c4466457eb8016aaf873224cb,2026-01-20T04:43:34Z,0,I'm struggling with my decision to give this 0. We can talk about it offline. Just know I am very sorry. Text me. ,d9fd674ba147437bb67f2f15b4fd6ef0
spotify:track:4cAsKEGHGZ2nMxwSduCgVb,49a5ff7c4466457eb8016aaf873224cb,2026-01-20T04:43:34Z,0,"Sheeeeeeeeesh I better start thinkin of my next prompt, eh? Was worried about submitting a cover... especially with my dumbass using the word ""irreplaceable"" in the prompt, but holy fuckin hell this track is just an absolute crusher. I didn't actually have it in mind when I submitted the prompt, but it was a no-brainer once I thought of it. Glad to see other covers on the list, which may give me a bit of a free pass. I hope everyone gave it a few listens and appreciates all the parts as much as I do. There is just nothing like the ""wake up to the sound of music' > 'speaking words of wisdom' sections of this track. And then the basically sobbing breathy voice at the very end, I mean god damn. I truly cannot get enough of it. Good luck out there. You do not stand a chance. ",d9fd674ba147437bb67f2f15b4fd6ef0
spotify:track:4VN7eV87N6Mm5ZEDlE9ZeN,49a5ff7c4466457eb8016aaf873224cb,2026-01-20T04:43:34Z,0,"Sick ass beat. I want to play this bassline for eternity. Will get 0-1 points as I am WAY too enamored by the beat than the voice. Another one I feel so wrong giving a zero, but it is what it is. Pick a less fuckin sick beat next time. ",d9fd674ba147437bb67f2f15b4fd6ef0
spotify:track:5grvrZh5z2jsPjCOy1d8fP,49a5ff7c4466457eb8016aaf873224cb,2026-01-20T04:43:34Z,0,"Stevie Songs In The Key Of Life feels like a cheat code that didn't actually work on me. Sorry, Spund. Someone else will hopefully give this the points it deserves. I seemingly cannot afford them. ",d9fd674ba147437bb67f2f15b4fd6ef0
spotify:track:5GWCndQ8ykzf6rYRvwrFcj,49a5ff7c4466457eb8016aaf873224cb,2026-01-20T04:43:34Z,2,"Oh man, I adore this song. Really nice pick. ",d9fd674ba147437bb67f2f15b4fd6ef0
spotify:track:5lDBVCbyuRgMyzMhbBcU0Y,49a5ff7c4466457eb8016aaf873224cb,2026-01-20T04:43:34Z,2,"Fully appreciate the shot you took here. Might not do numbers, but you went for it and that is enough for me. Cool ass track. ",d9fd674ba147437bb67f2f15b4fd6ef0
spotify:track:5r4HuhGFuMJVGruKsPeo49,49a5ff7c4466457eb8016aaf873224cb,2026-01-20T04:43:34Z,2,"Beautiful. Reminded me of Nanci Griffith's Five and Dime... which I suggest you check out. This version specifically. https://www.youtube.com/watch?v=2GK462XnRjQ

Would've been a killer pick for this round. Mesmerizing. Plz watch the video if you want to feel good inside and out. 

Anyway, that song aside... this was such a cool selection. thank you for this one!",d9fd674ba147437bb67f2f15b4fd6ef0
spotify:track:63rNcT6kPeF4IynGMIf0NX,49a5ff7c4466457eb8016aaf873224cb,2026-01-20T04:43:34Z,1,"Another simply gorgeous tune. The recording is so good. No offense, but I might have to give it 1 just because so many other aspects of the recording blew my mind. The voice was undoubtedly incredible, but wow, the whole vibe was incredible. Feels wrong to dock any points, but I was mostly moved by what complimented The Voice. ",d9fd674ba147437bb67f2f15b4fd6ef0
spotify:track:756CJtQRFSxEx9jV4P9hpA,49a5ff7c4466457eb8016aaf873224cb,2026-01-20T04:43:34Z,1,"I support you. I might not be able to give more than 1 point, but you are not wrong at all. What a cool vocal performance. I would not have guessed the year this song came out to save my life. I could only really picture the chorus, but thought it was much older.  If they wrote better songs, they could be a strange aughts reincarnation of Queen. ",d9fd674ba147437bb67f2f15b4fd6ef0
spotify:track:7hDVYcQq6MxkdJGweuCtl9,49a5ff7c4466457eb8016aaf873224cb,2026-01-20T04:43:34Z,0,"Billie Eyelash. Obviously the artist Al was too scared to submit. It's okay, but it's also heavily edited in Post. No ill will towards Billie, much respect as an artist, but the track has a minimum of 19 vocal layers/effects and it makes it hard for me to rate on the pure quality of voice. Will give it at least 1 if I can. It's a nice song. I searched and searched and could not find a single genuine live version of this, just not buying the vocal quality. I did find a cool ass version sang by lady soldiers, though: https://www.youtube.com/watch?v=qLWo_7Afqfw",d9fd674ba147437bb67f2f15b4fd6ef0
spotify:track:7JgNAnCjJvL8hBR1kmCOFF,49a5ff7c4466457eb8016aaf873224cb,2026-01-20T04:43:34Z,2,What a fuckin BOP. I was a little hesitant to give this one its due after my Billie Eyelash review. But ya looked up a live version of this and gawwwd damn she sings sings SINGS her ass off. That's a fuckin vocalist. Amy Winehouse if she got healthy. Might be my fav of the week other than mine. Check it: https://www.youtube.com/watch?v=uoAzWUHCRpU,d9fd674ba147437bb67f2f15b4fd6ef0
spotify:track:7r9kOxiNDnkAg5QKqtyjVk,49a5ff7c4466457eb8016aaf873224cb,2026-01-20T04:43:34Z,2,So many hopeful and powerful bangers in the final quarter of this playlist. Doing my best to objectively give points to the most deserving... but it is quite difficult. This one earned it for sure. ,d9fd674ba147437bb67f2f15b4fd6ef0
spotify:track:7wkRBmg2JZiOHImcoousXm,49a5ff7c4466457eb8016aaf873224cb,2026-01-20T04:43:34Z,2,What a CLOSER. Speaking of Amy Dubs. The last three on the list were some knockout choices,d9fd674ba147437bb67f2f15b4fd6ef0
spotify:track:0Os4cioPDzZGowivtM9zP1,f1f0f2ed0eb64306992b613229fb7972,2026-01-20T04:50:35Z,2,"Whoa. Immediately awestruck by this. Incredible. As a non-Radiohead fan, it’s pretty amazing how much better this woman’s voice makes this song. Wowowowow. Holy shit, what a song to kick off this playlist. Gonna be TOUGH to follow this, LOL 🙃 My song is about to get *trounced* ",d9fd674ba147437bb67f2f15b4fd6ef0
spotify:track:1GEzw8efHVrRQebzOqXxAk,f1f0f2ed0eb64306992b613229fb7972,2026-01-20T04:50:35Z,0,"Too groovy of a beat for this prompt. He’s got a great voice but this groove is the driving force of this song, I think. Upon arriving to the end of the song, I realized that I had no idea of what I had listened to for the prior 4 & a half minutes *aside* from the beat 😂 So yeah, opposite of what I’d be expecting for this prompt. Sorry 😕 No points ",d9fd674ba147437bb67f2f15b4fd6ef0
spotify:track:2cjU1DoNHP5Wk9lkHuB6sP,f1f0f2ed0eb64306992b613229fb7972,2026-01-20T04:50:35Z,0,"May have the same problem as the song before it with the funky ass instrumental intro. Let’s see… Hmm, she’s got a nice voice but I’m not sure I’d say irreplaceable. ",d9fd674ba147437bb67f2f15b4fd6ef0
spotify:track:406xUjgGJD0H3RqLKq1YFf,f1f0f2ed0eb64306992b613229fb7972,2026-01-20T04:50:35Z,0,"Another bop but potentially too swingy to say that the vocals are the driving force of this track. Great voices, for sure. Just a lot else going on in this track (horns,  clapping, percussion, etc.) that detract from the vocals. ",d9fd674ba147437bb67f2f15b4fd6ef0
spotify:track:4cAsKEGHGZ2nMxwSduCgVb,f1f0f2ed0eb64306992b613229fb7972,2026-01-20T04:50:35Z,3,"Yep. This is it. Started welling up 15 seconds in. LOVED this soundtrack & this is a *great* call here 👌 Oh, wow. Yep. Forgot about this track, holy moly. This is exceptional 😭💖 Absolutely have tears streaming down my face right now, thank you for bringing this track back into my life. Yowza. 🙌🏾 Carol Woods FTMFW 🙌🏾",d9fd674ba147437bb67f2f15b4fd6ef0
spotify:track:4VN7eV87N6Mm5ZEDlE9ZeN,f1f0f2ed0eb64306992b613229fb7972,2026-01-20T04:50:35Z,1,"Very beautiful voice + harmonies. Don’t know this artist. (Lemansky, this your pick?) I dig it. A bit too upbeat for the vocals to be *the* driving force of the track, but I do enjoy them quite a bit. ",d9fd674ba147437bb67f2f15b4fd6ef0
spotify:track:5grvrZh5z2jsPjCOy1d8fP,f1f0f2ed0eb64306992b613229fb7972,2026-01-20T04:50:35Z,0,"Love Stevie & his voice but there is just too much going on in this track. The high pitched, quasi digital sounds (??) in the background are really distracting. ",d9fd674ba147437bb67f2f15b4fd6ef0
spotify:track:5lDBVCbyuRgMyzMhbBcU0Y,f1f0f2ed0eb64306992b613229fb7972,2026-01-20T04:50:35Z,1,"Interesting choice here. Sounds like Future Man of Béla Fleck 🤣🤣🤣 Upon further inspection, it is not, in fact, Future Man, but here’s a point for playing into that joke, if you were doing so intentionally (I sure hope so). And another for originality. May need to rescind that I don’t have enough at the end, however... (I did have to do that, sorry 🫤) ",d9fd674ba147437bb67f2f15b4fd6ef0
spotify:track:5r4HuhGFuMJVGruKsPeo49,f1f0f2ed0eb64306992b613229fb7972,2026-01-20T04:50:35Z,0,"Pretty voice but the guitar playing behind it is absolutely spectacular. Hard to one up that. I’ve also heard so many other incredible versions of this song. I can’t say hers is one of my favorites. Eh, maybe 1 point. We’ll see. (Sorry, too many better tracks at the end of the playlist 🤷🏻‍♀️)",d9fd674ba147437bb67f2f15b4fd6ef0
spotify:track:63rNcT6kPeF4IynGMIf0NX,f1f0f2ed0eb64306992b613229fb7972,2026-01-20T04:50:35Z,2,Beautiful voice. The minimalist backing music definitely adds to the vocals being the driving force of this track. Really loved this. Don’t know them but will absolutely bring diving deeper into their catalog. Thanks 💕,d9fd674ba147437bb67f2f15b4fd6ef0
spotify:track:756CJtQRFSxEx9jV4P9hpA,f1f0f2ed0eb64306992b613229fb7972,2026-01-20T04:50:35Z,0,"This song rules, as does his voice, but the rocking guitar solos behind the singing + the drums that all kick the song off are probably more of the driving force of it.  Definitely irreplaceable vocals on this track however. Ok, fine. You can have *a* point. (Jk, needed it elsewhere, sry!)",d9fd674ba147437bb67f2f15b4fd6ef0
spotify:track:7hDVYcQq6MxkdJGweuCtl9,f1f0f2ed0eb64306992b613229fb7972,2026-01-20T04:50:35Z,1,"Solid start 😳 (Jen?) Enjoyed it, even if it was a bit boppy. I don’t give Billie enough credit. I should explore her catalog a bit more… ",d9fd674ba147437bb67f2f15b4fd6ef0
spotify:track:7JgNAnCjJvL8hBR1kmCOFF,f1f0f2ed0eb64306992b613229fb7972,2026-01-20T04:50:35Z,2,"Dig the vocal layers here. It’s obviously groovy but the singing is definitely a strong force here. Top overall track of the week for me. Going to be singing “Worth it, worth it, worth it, worth it!” for the rest of the week/my life, however. Not sure if that’s a good or a bad thing… 🤔",d9fd674ba147437bb67f2f15b4fd6ef0
spotify:track:7r9kOxiNDnkAg5QKqtyjVk,f1f0f2ed0eb64306992b613229fb7972,2026-01-20T04:50:35Z,2,"Immediately loved the sound of her voice. Adele-ish (complimentary). Quiet instrumentation behind the vocals adds to the strength of her sound. (Kinda reminds me of “A Thousand Years” by Christina Perri, like… a lot. Complimentary? 🤷🏻‍♀️ Now I can’t stop singing the chorus to that song in my head… 😑) ",d9fd674ba147437bb67f2f15b4fd6ef0
spotify:track:7wkRBmg2JZiOHImcoousXm,f1f0f2ed0eb64306992b613229fb7972,2026-01-20T04:50:35Z,2,"Very strong finish. Wow. Ugh, where am I going to find another point for this one?? (Did it 👌) ",d9fd674ba147437bb67f2f15b4fd6ef0
spotify:track:0Os4cioPDzZGowivtM9zP1,a2909b31d1c04d728cfcf68ca0d73cca,2026-01-20T12:38:02Z,1,Great cover,d9fd674ba147437bb67f2f15b4fd6ef0
spotify:track:1GEzw8efHVrRQebzOqXxAk,a2909b31d1c04d728cfcf68ca0d73cca,2026-01-20T12:38:02Z,0,[insert WTF meme],d9fd674ba147437bb67f2f15b4fd6ef0
spotify:track:2cjU1DoNHP5Wk9lkHuB6sP,a2909b31d1c04d728cfcf68ca0d73cca,2026-01-20T12:38:02Z,1,Wish the vocals did more,d9fd674ba147437bb67f2f15b4fd6ef0
spotify:track:406xUjgGJD0H3RqLKq1YFf,a2909b31d1c04d728cfcf68ca0d73cca,2026-01-20T12:38:02Z,1,,d9fd674ba147437bb67f2f15b4fd6ef0
spotify:track:4cAsKEGHGZ2nMxwSduCgVb,a2909b31d1c04d728cfcf68ca0d73cca,2026-01-20T12:38:02Z,1,Another great cover,d9fd674ba147437bb67f2f15b4fd6ef0
spotify:track:4VN7eV87N6Mm5ZEDlE9ZeN,a2909b31d1c04d728cfcf68ca0d73cca,2026-01-20T12:38:02Z,2,Really dig this one,d9fd674ba147437bb67f2f15b4fd6ef0
spotify:track:5grvrZh5z2jsPjCOy1d8fP,a2909b31d1c04d728cfcf68ca0d73cca,2026-01-20T12:38:02Z,1,Appreciate the deeper cut Stevie,d9fd674ba147437bb67f2f15b4fd6ef0
spotify:track:5GWCndQ8ykzf6rYRvwrFcj,a2909b31d1c04d728cfcf68ca0d73cca,2026-01-20T12:38:02Z,2,,d9fd674ba147437bb67f2f15b4fd6ef0
spotify:track:5lDBVCbyuRgMyzMhbBcU0Y,a2909b31d1c04d728cfcf68ca0d73cca,2026-01-20T12:38:02Z,1,Most unique pick of the round and I dig it,d9fd674ba147437bb67f2f15b4fd6ef0
spotify:track:5r4HuhGFuMJVGruKsPeo49,a2909b31d1c04d728cfcf68ca0d73cca,2026-01-20T12:38:02Z,1,,d9fd674ba147437bb67f2f15b4fd6ef0
spotify:track:63rNcT6kPeF4IynGMIf0NX,a2909b31d1c04d728cfcf68ca0d73cca,2026-01-20T12:38:02Z,1,,d9fd674ba147437bb67f2f15b4fd6ef0
spotify:track:756CJtQRFSxEx9jV4P9hpA,a2909b31d1c04d728cfcf68ca0d73cca,2026-01-20T12:38:02Z,0,This met the prompt but heard it too many times. ,d9fd674ba147437bb67f2f15b4fd6ef0
spotify:track:7hDVYcQq6MxkdJGweuCtl9,a2909b31d1c04d728cfcf68ca0d73cca,2026-01-20T12:38:02Z,1,Never listened to Billie and enjoyed this ,d9fd674ba147437bb67f2f15b4fd6ef0
spotify:track:7r9kOxiNDnkAg5QKqtyjVk,a2909b31d1c04d728cfcf68ca0d73cca,2026-01-20T12:38:02Z,2,This is the type of vocals I was hoping for,d9fd674ba147437bb67f2f15b4fd6ef0
spotify:track:7wkRBmg2JZiOHImcoousXm,a2909b31d1c04d728cfcf68ca0d73cca,2026-01-20T12:38:02Z,1,Very Adele adjacent ,d9fd674ba147437bb67f2f15b4fd6ef0
spotify:track:0Os4cioPDzZGowivtM9zP1,8453d173315c468e8134e2527a658ba5,2026-01-20T12:53:19Z,1,Sick of this song. Heard versions just as good on the voice. Might get a black lady point if I have any at the end ,d9fd674ba147437bb67f2f15b4fd6ef0
spotify:track:1GEzw8efHVrRQebzOqXxAk,8453d173315c468e8134e2527a658ba5,2026-01-20T12:53:19Z,0,The beat was the best part of this track ,d9fd674ba147437bb67f2f15b4fd6ef0
spotify:track:2cjU1DoNHP5Wk9lkHuB6sP,8453d173315c468e8134e2527a658ba5,2026-01-20T12:53:19Z,4,Fave of the week,d9fd674ba147437bb67f2f15b4fd6ef0
spotify:track:4cAsKEGHGZ2nMxwSduCgVb,8453d173315c468e8134e2527a658ba5,2026-01-20T12:53:19Z,3,Great performance. I love when a good cover exposes how much the Beatles actually suck,d9fd674ba147437bb67f2f15b4fd6ef0
spotify:track:4VN7eV87N6Mm5ZEDlE9ZeN,8453d173315c468e8134e2527a658ba5,2026-01-20T12:53:19Z,1,,d9fd674ba147437bb67f2f15b4fd6ef0
spotify:track:5grvrZh5z2jsPjCOy1d8fP,8453d173315c468e8134e2527a658ba5,2026-01-20T12:53:19Z,1,Not the Stevie song I would have gone with,d9fd674ba147437bb67f2f15b4fd6ef0
spotify:track:5lDBVCbyuRgMyzMhbBcU0Y,8453d173315c468e8134e2527a658ba5,2026-01-20T12:53:19Z,1,I lol’d,d9fd674ba147437bb67f2f15b4fd6ef0
spotify:track:756CJtQRFSxEx9jV4P9hpA,8453d173315c468e8134e2527a658ba5,2026-01-20T12:53:19Z,0,Big nope,d9fd674ba147437bb67f2f15b4fd6ef0
spotify:track:7JgNAnCjJvL8hBR1kmCOFF,8453d173315c468e8134e2527a658ba5,2026-01-20T12:53:19Z,2,"Nice voice, got me boppin",d9fd674ba147437bb67f2f15b4fd6ef0
spotify:track:7r9kOxiNDnkAg5QKqtyjVk,8453d173315c468e8134e2527a658ba5,2026-01-20T12:53:19Z,2,Best of the folksy white women this week,d9fd674ba147437bb67f2f15b4fd6ef0
spotify:track:7wkRBmg2JZiOHImcoousXm,8453d173315c468e8134e2527a658ba5,2026-01-20T12:53:19Z,1,,d9fd674ba147437bb67f2f15b4fd6ef0
spotify:track:0Os4cioPDzZGowivtM9zP1,1c89e947d02949ed86d05ec22a7350bf,2026-01-20T16:28:31Z,1,"I have never understood the obsession with radiohead, most specifically this song, but ill say this version is very beautiful ",d9fd674ba147437bb67f2f15b4fd6ef0
spotify:track:1GEzw8efHVrRQebzOqXxAk,1c89e947d02949ed86d05ec22a7350bf,2026-01-20T16:28:31Z,0,sry no ,d9fd674ba147437bb67f2f15b4fd6ef0
spotify:track:2cjU1DoNHP5Wk9lkHuB6sP,1c89e947d02949ed86d05ec22a7350bf,2026-01-20T16:28:31Z,1,"only 12 monthly listeners?? do you know her personally?  fun song, not sure the vocals are what drives the song forward completely but a good bop nonetheless",d9fd674ba147437bb67f2f15b4fd6ef0
spotify:track:406xUjgGJD0H3RqLKq1YFf,1c89e947d02949ed86d05ec22a7350bf,2026-01-20T16:28:31Z,0,Stevie/Irma stole the point that coulda gone here. sry.,d9fd674ba147437bb67f2f15b4fd6ef0
spotify:track:4cAsKEGHGZ2nMxwSduCgVb,1c89e947d02949ed86d05ec22a7350bf,2026-01-20T16:28:31Z,1,"is this the week covers finally get their deserved love? should be. both of these are better than their overrated originals, IMO ",d9fd674ba147437bb67f2f15b4fd6ef0
spotify:track:4VN7eV87N6Mm5ZEDlE9ZeN,1c89e947d02949ed86d05ec22a7350bf,2026-01-20T16:28:31Z,0,"this was nice, but too much competition this round for female talent",d9fd674ba147437bb67f2f15b4fd6ef0
spotify:track:5grvrZh5z2jsPjCOy1d8fP,1c89e947d02949ed86d05ec22a7350bf,2026-01-20T16:28:31Z,1,"cant not give stevie a point, but others shine on this list more for me",d9fd674ba147437bb67f2f15b4fd6ef0
spotify:track:5GWCndQ8ykzf6rYRvwrFcj,1c89e947d02949ed86d05ec22a7350bf,2026-01-20T16:28:31Z,2,queen,d9fd674ba147437bb67f2f15b4fd6ef0
spotify:track:5lDBVCbyuRgMyzMhbBcU0Y,1c89e947d02949ed86d05ec22a7350bf,2026-01-20T16:28:31Z,0,"i just couldnt, no. not feeling these outside the box choices disrupting the flow of an otherwise beautiful playlist",d9fd674ba147437bb67f2f15b4fd6ef0
spotify:track:5r4HuhGFuMJVGruKsPeo49,1c89e947d02949ed86d05ec22a7350bf,2026-01-20T16:28:31Z,1,refreshing vocals after that throat stuff. ,d9fd674ba147437bb67f2f15b4fd6ef0
spotify:track:63rNcT6kPeF4IynGMIf0NX,1c89e947d02949ed86d05ec22a7350bf,2026-01-20T16:28:31Z,2,"Saw them at Club Passim a few times back in the day, I miss that place and pretty shows like this",d9fd674ba147437bb67f2f15b4fd6ef0
spotify:track:756CJtQRFSxEx9jV4P9hpA,1c89e947d02949ed86d05ec22a7350bf,2026-01-20T16:28:31Z,0,doesnt do it for me,d9fd674ba147437bb67f2f15b4fd6ef0
spotify:track:7hDVYcQq6MxkdJGweuCtl9,1c89e947d02949ed86d05ec22a7350bf,2026-01-20T16:28:31Z,3,"Earmarked Billie for the deformity round (she has tourettes!) but glad to see her making on this more appropriate list, she's an incredible talent. fav of the week (i think? lot of good ones in here to close out the playlist)",d9fd674ba147437bb67f2f15b4fd6ef0
spotify:track:7JgNAnCjJvL8hBR1kmCOFF,1c89e947d02949ed86d05ec22a7350bf,2026-01-20T16:28:31Z,2,"Feeling Lizzo vibes here, other fav of the week.  ",d9fd674ba147437bb67f2f15b4fd6ef0
spotify:track:7r9kOxiNDnkAg5QKqtyjVk,1c89e947d02949ed86d05ec22a7350bf,2026-01-20T16:28:31Z,0,"her voice gives me goose bumps in the best way, kept coming back to it all week ",d9fd674ba147437bb67f2f15b4fd6ef0
spotify:track:7wkRBmg2JZiOHImcoousXm,1c89e947d02949ed86d05ec22a7350bf,2026-01-20T16:28:31Z,2,Really incredible finish to the list.  Those are some Adele-like pipes. Well deserving of the inevitable Asa bump ,d9fd674ba147437bb67f2f15b4fd6ef0
spotify:track:0Os4cioPDzZGowivtM9zP1,ce76a5e6ff274137bb5127db7065d9a8,2026-01-20T17:24:06Z,0,"Mixed feelings on cover, giving me American Idol/The Voice (yeah yeah) vibe",d9fd674ba147437bb67f2f15b4fd6ef0
spotify:track:1GEzw8efHVrRQebzOqXxAk,ce76a5e6ff274137bb5127db7065d9a8,2026-01-20T17:24:06Z,4,"This has to be AL. What a find, had no idea Burroughs made music. Super unique voice fits perfectly with these absurd “lyrics.” That voice is haunting. Spare. Ass. Annie. Really sticking with me, randomly popping into my head 😂

Even more points second time around. So much of this list felt very similar to me and this is way out there 

Ok I’m gonna put this comment here with my favorite pick of the week. Who am I to judge these voices? They were all great. I could give a point to every song. But I decided it had to come down to this: the song had to differentiate itself enough on this list, have a catchy melody or super unique vocal quality, while also having the voice be the most driving/defining force AND be a song I actually liked. You all deserved points for this round but I had to draw a line somewhere ",d9fd674ba147437bb67f2f15b4fd6ef0
spotify:track:2cjU1DoNHP5Wk9lkHuB6sP,ce76a5e6ff274137bb5127db7065d9a8,2026-01-20T17:24:06Z,0,This is nice but idk if the voice is really what’s sticking out most to me,d9fd674ba147437bb67f2f15b4fd6ef0
spotify:track:406xUjgGJD0H3RqLKq1YFf,ce76a5e6ff274137bb5127db7065d9a8,2026-01-20T17:24:06Z,1,"Will need another listen

Getting a point for the only strong male raspy soul voice ",d9fd674ba147437bb67f2f15b4fd6ef0
spotify:track:4cAsKEGHGZ2nMxwSduCgVb,ce76a5e6ff274137bb5127db7065d9a8,2026-01-20T17:24:06Z,0,I think the best part was the backing chorus. Does that count for voice? I guess so. I like the original better. Sue me,d9fd674ba147437bb67f2f15b4fd6ef0
spotify:track:4VN7eV87N6Mm5ZEDlE9ZeN,ce76a5e6ff274137bb5127db7065d9a8,2026-01-20T17:24:06Z,2,That’s smooth. Sexy,d9fd674ba147437bb67f2f15b4fd6ef0
spotify:track:5grvrZh5z2jsPjCOy1d8fP,ce76a5e6ff274137bb5127db7065d9a8,2026-01-20T17:24:06Z,1,"I love Stevie and his voice, but the funky noises are way more the defining feature of this song for me. Update: coming back for a point anyway cuz I like his voice more than most of this list ",d9fd674ba147437bb67f2f15b4fd6ef0
spotify:track:5GWCndQ8ykzf6rYRvwrFcj,ce76a5e6ff274137bb5127db7065d9a8,2026-01-20T17:24:06Z,2,Nice lead and backup,d9fd674ba147437bb67f2f15b4fd6ef0
spotify:track:5r4HuhGFuMJVGruKsPeo49,ce76a5e6ff274137bb5127db7065d9a8,2026-01-20T17:24:06Z,1,That Bob Dylan guy’s got a way with words ,d9fd674ba147437bb67f2f15b4fd6ef0
spotify:track:63rNcT6kPeF4IynGMIf0NX,ce76a5e6ff274137bb5127db7065d9a8,2026-01-20T17:24:06Z,2,Pretty. Very pretty,d9fd674ba147437bb67f2f15b4fd6ef0
spotify:track:756CJtQRFSxEx9jV4P9hpA,ce76a5e6ff274137bb5127db7065d9a8,2026-01-20T17:24:06Z,1,"Haven’t heard that one in a long time. Would never have remembered the music to the song, but def the voice. Gave me a chuckle ",d9fd674ba147437bb67f2f15b4fd6ef0
spotify:track:7hDVYcQq6MxkdJGweuCtl9,ce76a5e6ff274137bb5127db7065d9a8,2026-01-20T17:24:06Z,0,This didn’t do it for me first time around. It’s a great voice but idk. Didn’t like the song or didn’t stick with me?,d9fd674ba147437bb67f2f15b4fd6ef0
spotify:track:7JgNAnCjJvL8hBR1kmCOFF,ce76a5e6ff274137bb5127db7065d9a8,2026-01-20T17:24:06Z,2,I liked the way the vocals kept going off in different directions I wasn’t expecting ,d9fd674ba147437bb67f2f15b4fd6ef0
spotify:track:7r9kOxiNDnkAg5QKqtyjVk,ce76a5e6ff274137bb5127db7065d9a8,2026-01-20T17:24:06Z,0,She’s got a nice voice. But this was where I started to realize a lot of this list was sounding similar to me,d9fd674ba147437bb67f2f15b4fd6ef0
spotify:track:7wkRBmg2JZiOHImcoousXm,ce76a5e6ff274137bb5127db7065d9a8,2026-01-20T17:24:06Z,0,"First time through, I was worried a lot of these songs were starting to sound like slightly different takes on the same idea. Second time through, yes her voice differentiates itself, but I still think I have ear fatigue ",d9fd674ba147437bb67f2f15b4fd6ef0
spotify:track:0Os4cioPDzZGowivtM9zP1,4e117e3021d7466c8bf0b654f8357418,2026-01-20T17:56:40Z,2,,d9fd674ba147437bb67f2f15b4fd6ef0
spotify:track:1GEzw8efHVrRQebzOqXxAk,4e117e3021d7466c8bf0b654f8357418,2026-01-20T17:56:40Z,0,"Love Naked Punch. That being said, zero points. ",d9fd674ba147437bb67f2f15b4fd6ef0
spotify:track:4cAsKEGHGZ2nMxwSduCgVb,4e117e3021d7466c8bf0b654f8357418,2026-01-20T17:56:40Z,1,One of the better covers from a pretty buns movie,d9fd674ba147437bb67f2f15b4fd6ef0
spotify:track:5grvrZh5z2jsPjCOy1d8fP,4e117e3021d7466c8bf0b654f8357418,2026-01-20T17:56:40Z,1,"Would’ve gone with As, but it’ll suffice. ",d9fd674ba147437bb67f2f15b4fd6ef0
spotify:track:5GWCndQ8ykzf6rYRvwrFcj,4e117e3021d7466c8bf0b654f8357418,2026-01-20T17:56:40Z,1,,d9fd674ba147437bb67f2f15b4fd6ef0
spotify:track:5lDBVCbyuRgMyzMhbBcU0Y,4e117e3021d7466c8bf0b654f8357418,2026-01-20T17:56:40Z,2,Finally some outside the box thinking,d9fd674ba147437bb67f2f15b4fd6ef0
spotify:track:5r4HuhGFuMJVGruKsPeo49,4e117e3021d7466c8bf0b654f8357418,2026-01-20T17:56:40Z,3,,d9fd674ba147437bb67f2f15b4fd6ef0
spotify:track:63rNcT6kPeF4IynGMIf0NX,4e117e3021d7466c8bf0b654f8357418,2026-01-20T17:56:40Z,2,Could’ve been a seamless fit on the O Brither soundtrack ,d9fd674ba147437bb67f2f15b4fd6ef0
spotify:track:7hDVYcQq6MxkdJGweuCtl9,4e117e3021d7466c8bf0b654f8357418,2026-01-20T17:56:40Z,1,First Billie song I’ve enjoyed!,d9fd674ba147437bb67f2f15b4fd6ef0
spotify:track:7JgNAnCjJvL8hBR1kmCOFF,4e117e3021d7466c8bf0b654f8357418,2026-01-20T17:56:40Z,1,,d9fd674ba147437bb67f2f15b4fd6ef0
spotify:track:7r9kOxiNDnkAg5QKqtyjVk,4e117e3021d7466c8bf0b654f8357418,2026-01-20T17:56:40Z,1,,d9fd674ba147437bb67f2f15b4fd6ef0
spotify:track:7wkRBmg2JZiOHImcoousXm,4e117e3021d7466c8bf0b654f8357418,2026-01-20T17:56:40Z,1,,d9fd674ba147437bb67f2f15b4fd6ef0
spotify:track:0Os4cioPDzZGowivtM9zP1,d0b05ef03f5e4598a3e8532b812c3330,2026-01-20T19:15:18Z,1,Her voice is INCREDIBLE... Ive just heard way too many creep covers,d9fd674ba147437bb67f2f15b4fd6ef0
spotify:track:1GEzw8efHVrRQebzOqXxAk,d0b05ef03f5e4598a3e8532b812c3330,2026-01-20T19:15:18Z,1,Lol very fun. ,d9fd674ba147437bb67f2f15b4fd6ef0
spotify:track:2cjU1DoNHP5Wk9lkHuB6sP,d0b05ef03f5e4598a3e8532b812c3330,2026-01-20T19:15:18Z,1,one of the better tunes. ,d9fd674ba147437bb67f2f15b4fd6ef0
spotify:track:406xUjgGJD0H3RqLKq1YFf,d0b05ef03f5e4598a3e8532b812c3330,2026-01-20T19:15:18Z,2,Oh hell yeah. The old school recording really shines here with the vocals. ,d9fd674ba147437bb67f2f15b4fd6ef0
spotify:track:4cAsKEGHGZ2nMxwSduCgVb,d0b05ef03f5e4598a3e8532b812c3330,2026-01-20T19:15:18Z,1,"yep, incredible vocals ",d9fd674ba147437bb67f2f15b4fd6ef0
spotify:track:4VN7eV87N6Mm5ZEDlE9ZeN,d0b05ef03f5e4598a3e8532b812c3330,2026-01-20T19:15:18Z,1,really nice unexpected soft yet powerful vocals ,d9fd674ba147437bb67f2f15b4fd6ef0
spotify:track:5grvrZh5z2jsPjCOy1d8fP,d0b05ef03f5e4598a3e8532b812c3330,2026-01-20T19:15:18Z,1,"played this with asa, the chorus is just perfect with the background vocals ",d9fd674ba147437bb67f2f15b4fd6ef0
spotify:track:5GWCndQ8ykzf6rYRvwrFcj,d0b05ef03f5e4598a3e8532b812c3330,2026-01-20T19:15:18Z,1,wow not too familiar with her work...,d9fd674ba147437bb67f2f15b4fd6ef0
spotify:track:5lDBVCbyuRgMyzMhbBcU0Y,d0b05ef03f5e4598a3e8532b812c3330,2026-01-20T19:15:18Z,0,i get the idea... just didnt hit,d9fd674ba147437bb67f2f15b4fd6ef0
spotify:track:63rNcT6kPeF4IynGMIf0NX,d0b05ef03f5e4598a3e8532b812c3330,2026-01-20T19:15:18Z,3,im a softy for folk vocals ,d9fd674ba147437bb67f2f15b4fd6ef0
spotify:track:756CJtQRFSxEx9jV4P9hpA,d0b05ef03f5e4598a3e8532b812c3330,2026-01-20T19:15:18Z,1,"yes, very good",d9fd674ba147437bb67f2f15b4fd6ef0
spotify:track:7hDVYcQq6MxkdJGweuCtl9,d0b05ef03f5e4598a3e8532b812c3330,2026-01-20T19:15:18Z,1,billie does have an all time voice. ,d9fd674ba147437bb67f2f15b4fd6ef0
spotify:track:7JgNAnCjJvL8hBR1kmCOFF,d0b05ef03f5e4598a3e8532b812c3330,2026-01-20T19:15:18Z,1,ive seen more of raye... def like her!,d9fd674ba147437bb67f2f15b4fd6ef0
spotify:track:7r9kOxiNDnkAg5QKqtyjVk,d0b05ef03f5e4598a3e8532b812c3330,2026-01-20T19:15:18Z,0,nice voice just not exceptional like the others,d9fd674ba147437bb67f2f15b4fd6ef0
spotify:track:7wkRBmg2JZiOHImcoousXm,d0b05ef03f5e4598a3e8532b812c3330,2026-01-20T19:15:18Z,1,jesus what a voice,d9fd674ba147437bb67f2f15b4fd6ef0
spotify:track:0Os4cioPDzZGowivtM9zP1,0d42af6c19054b7dbbe4aa499186e408,2026-01-20T20:50:22Z,2,"This is a great song no matter what who sings it, and this voice (probably my favorite of the more conventional, ""lesser-known"" voices on here) provides a really compelling version.  I selfishly found joy that it segued into a very different voice, that of one of the greatest self-proclaimed creeps/freaks in American Literature. ",d9fd674ba147437bb67f2f15b4fd6ef0
spotify:track:2cjU1DoNHP5Wk9lkHuB6sP,0d42af6c19054b7dbbe4aa499186e408,2026-01-20T20:50:22Z,0,"I didn't find the voice here to be the most compelling or unique component of this track, which was my main criterion for this prompt. ",d9fd674ba147437bb67f2f15b4fd6ef0
spotify:track:406xUjgGJD0H3RqLKq1YFf,0d42af6c19054b7dbbe4aa499186e408,2026-01-20T20:50:22Z,1,Classic doo-wop. Truly distinct? Maybe not--but I enjoyed it enough for a point.,d9fd674ba147437bb67f2f15b4fd6ef0
spotify:track:4cAsKEGHGZ2nMxwSduCgVb,0d42af6c19054b7dbbe4aa499186e408,2026-01-20T20:50:22Z,2,I mean ya. What a powerful version of this song. Also reminds me of how great this soundtrack is. Also also love that covers are getting love. Probably my favorite conventional voice of the playlist. ,d9fd674ba147437bb67f2f15b4fd6ef0
spotify:track:4VN7eV87N6Mm5ZEDlE9ZeN,0d42af6c19054b7dbbe4aa499186e408,2026-01-20T20:50:22Z,0,"Again--respect the find here. And did not mind the song. But I don't find the vocal component to be the most distinct/compelling component of this song, and up against other, more powerful voices on this playlist, tough to eek out a point. ",d9fd674ba147437bb67f2f15b4fd6ef0
spotify:track:5grvrZh5z2jsPjCOy1d8fP,0d42af6c19054b7dbbe4aa499186e408,2026-01-20T20:50:22Z,0,Really like this song but am most moved by the instrumental components. ,d9fd674ba147437bb67f2f15b4fd6ef0
spotify:track:5GWCndQ8ykzf6rYRvwrFcj,0d42af6c19054b7dbbe4aa499186e408,2026-01-20T20:50:22Z,1,A classic voice for a reason.,d9fd674ba147437bb67f2f15b4fd6ef0
spotify:track:5lDBVCbyuRgMyzMhbBcU0Y,0d42af6c19054b7dbbe4aa499186e408,2026-01-20T20:50:22Z,3,"How? How are these sounds humanly possible? Could I listen to an entire album of this without going nuts...probably not. But for this prompt, for sheer vocal talent, for distinctiveness, for being the driving, jarring ""instrument"" of the song, and for being partial to the non-conventional...probably my favorite discovery from this playlist.",d9fd674ba147437bb67f2f15b4fd6ef0
spotify:track:5r4HuhGFuMJVGruKsPeo49,0d42af6c19054b7dbbe4aa499186e408,2026-01-20T20:50:22Z,2,Oh boy who opened the Dylan floodgates? I've been trying to keep my impartiality here hidden. Any Dylan cover will get points from me. Almost did Shawn Colvin's cover of Viva Las Vegas for this...I love her voice. Also love hearing a female voice sing anything off Blood on the Tracks...It feels like it is Sara's response to her husband. ,d9fd674ba147437bb67f2f15b4fd6ef0
spotify:track:63rNcT6kPeF4IynGMIf0NX,0d42af6c19054b7dbbe4aa499186e408,2026-01-20T20:50:22Z,1,"Good song. Great instrumental components here too, but the voice to me is distinct/powerful enough throughout the song to garner a point for this prompt. For another prompt may have given more points. ",d9fd674ba147437bb67f2f15b4fd6ef0
spotify:track:756CJtQRFSxEx9jV4P9hpA,0d42af6c19054b7dbbe4aa499186e408,2026-01-20T20:50:22Z,0,"Almost got a point for the mere fact my ""band"" (we had one ""gig"") in college covered this for a battle of the bands and came in third out of four bands...but alas not a vocal vehicle for me. ",d9fd674ba147437bb67f2f15b4fd6ef0
spotify:track:7hDVYcQq6MxkdJGweuCtl9,0d42af6c19054b7dbbe4aa499186e408,2026-01-20T20:50:22Z,2,"Pop is a huge hole for me...but I like everything I ever hear by Billie Eilish. Remember being blown away by her voice when I saw her perform on SNL years ago...and still am when I hear this. Which makes me think...I know music is not a meritocracy, and there is SO much great stuff out there that never gets the attention it deserves (as evidenced by so many discoveries from this group)...but in this instance, for this prompt, I am struck by how much more I enjoyed the ""popular"" voices versus the discoveries, at least as far as conventional voices go. Though there is always the risk of being overproduced...so many of these pop stars have really great voices. I feel like this group was well-represented here, and that this prompt didn't lend itself as well to discoveries as maybe other prompts. Seems many voices are popular for good reason, just as others aren't...thank you for coming to my Ted Talk. ",d9fd674ba147437bb67f2f15b4fd6ef0
spotify:track:7JgNAnCjJvL8hBR1kmCOFF,0d42af6c19054b7dbbe4aa499186e408,2026-01-20T20:50:22Z,0,With that being said (above comments on pop and Billie)...did not find RAYE's voice to be the driving force of this track. But I do get psyched every time that Husband song comes on the Peloton ,d9fd674ba147437bb67f2f15b4fd6ef0
spotify:track:7r9kOxiNDnkAg5QKqtyjVk,0d42af6c19054b7dbbe4aa499186e408,2026-01-20T20:50:22Z,1,point-worthy ,d9fd674ba147437bb67f2f15b4fd6ef0
spotify:track:7wkRBmg2JZiOHImcoousXm,0d42af6c19054b7dbbe4aa499186e408,2026-01-20T20:50:22Z,1,especially impressive that this was live. great voice. ,d9fd674ba147437bb67f2f15b4fd6ef0
spotify:track:0Os4cioPDzZGowivtM9zP1,183c5f6ed1b147099842917a9576c8f4,2026-01-20T23:07:50Z,1,"Vulnerable, haunting cover. The original is also vulnerable and haunting so I couldn't give more. Beautiful selection. ",d9fd674ba147437bb67f2f15b4fd6ef0
spotify:track:1GEzw8efHVrRQebzOqXxAk,183c5f6ed1b147099842917a9576c8f4,2026-01-20T23:07:50Z,2,Asa is going to have the best stories for his friends.  This is a gem that could only be told by William S. Burroughs. ,d9fd674ba147437bb67f2f15b4fd6ef0
spotify:track:2cjU1DoNHP5Wk9lkHuB6sP,183c5f6ed1b147099842917a9576c8f4,2026-01-20T23:07:50Z,0,May set a record of obscurity here with ELEVEN monthly listeners. But JazMarge isn't getting a 12th from me 😔  Bumping her stats 125% is a nice consolation prize!,d9fd674ba147437bb67f2f15b4fd6ef0
spotify:track:406xUjgGJD0H3RqLKq1YFf,183c5f6ed1b147099842917a9576c8f4,2026-01-20T23:07:50Z,1,Favorite harmony vote of the week. ,d9fd674ba147437bb67f2f15b4fd6ef0
spotify:track:4cAsKEGHGZ2nMxwSduCgVb,183c5f6ed1b147099842917a9576c8f4,2026-01-20T23:07:50Z,1,Torn on this. Take one of the most beautiful songs ever written and give it to incredible gospel singers with an acappela intro seems like a cheat code that shouldn't be exploited. ,d9fd674ba147437bb67f2f15b4fd6ef0
spotify:track:4VN7eV87N6Mm5ZEDlE9ZeN,183c5f6ed1b147099842917a9576c8f4,2026-01-20T23:07:50Z,0,A little over produced to give me all the vocal feels. Didn't stand out. ,d9fd674ba147437bb67f2f15b4fd6ef0
spotify:track:5grvrZh5z2jsPjCOy1d8fP,183c5f6ed1b147099842917a9576c8f4,2026-01-20T23:07:50Z,1,"After all that deformity talk, feel like I can't leave Stevie hanging. Nice selection and always love his super smoothe vocals. ",d9fd674ba147437bb67f2f15b4fd6ef0
spotify:track:5GWCndQ8ykzf6rYRvwrFcj,183c5f6ed1b147099842917a9576c8f4,2026-01-20T23:07:50Z,1,"Spent the first 3 listens trying to figure out if the intro vocal notes are a mondegreen for ""take a look""",d9fd674ba147437bb67f2f15b4fd6ef0
spotify:track:5lDBVCbyuRgMyzMhbBcU0Y,183c5f6ed1b147099842917a9576c8f4,2026-01-20T23:07:50Z,2,Well this threw me into a giggling fit that literally got me  kicked out of my bedroom. Human throat-singers!! The commitment to the bit is as audacious as it is hilarious. Have to limit the scoring based on all the other incredible mouth talent submission.  But I love you. 🥰,d9fd674ba147437bb67f2f15b4fd6ef0
spotify:track:5r4HuhGFuMJVGruKsPeo49,183c5f6ed1b147099842917a9576c8f4,2026-01-20T23:07:50Z,0,"It's a nice song. Feel like whoever submitted this has a great, big heart. But it's a heart without points from me, unfortunately.  ",d9fd674ba147437bb67f2f15b4fd6ef0
spotify:track:63rNcT6kPeF4IynGMIf0NX,183c5f6ed1b147099842917a9576c8f4,2026-01-20T23:07:50Z,0,I feel like Shawn Colvin could sing this song and I wouldnt know the difference. Didn't meet my irreplaceable standard. ,d9fd674ba147437bb67f2f15b4fd6ef0
spotify:track:756CJtQRFSxEx9jV4P9hpA,183c5f6ed1b147099842917a9576c8f4,2026-01-20T23:07:50Z,2,From Prince to Clap Your Hands Say Yeah! I'm a sucker for a rock falsetto. Add this to the pantheon.  Irreplaceable and so fun to try to emulate. Hit the nail on the head for the challenge  wonder if Diskin's heard this before 🙄,d9fd674ba147437bb67f2f15b4fd6ef0
spotify:track:7hDVYcQq6MxkdJGweuCtl9,183c5f6ed1b147099842917a9576c8f4,2026-01-20T23:07:50Z,1,I don't know a lot of Billie Eilish. Should I? Really did enjoy her voice...how does it translate to the stage?  This is a very good song!,d9fd674ba147437bb67f2f15b4fd6ef0
spotify:track:7JgNAnCjJvL8hBR1kmCOFF,183c5f6ed1b147099842917a9576c8f4,2026-01-20T23:07:50Z,2,I don't care if Spotify tells me it's the most popular on the list.  These are my votes and I'm going to keep bopping to this song for weeks on end before never being able to listen to it ever again. ,d9fd674ba147437bb67f2f15b4fd6ef0
spotify:track:7r9kOxiNDnkAg5QKqtyjVk,183c5f6ed1b147099842917a9576c8f4,2026-01-20T23:07:50Z,2,"Comforting, soul affirming, strong and vulnerable at the same time. Really nice selection.",d9fd674ba147437bb67f2f15b4fd6ef0
spotify:track:0Os4cioPDzZGowivtM9zP1,7fdceb56429c4e38939c3e5ee41bfdd0,2026-01-21T01:38:32Z,0,She’s got a great voice. I just can’t get past that thom yorke already has the OG force for it. Even if it was one of her songs maybe I’d have an easier time w it. ,d9fd674ba147437bb67f2f15b4fd6ef0
spotify:track:1GEzw8efHVrRQebzOqXxAk,7fdceb56429c4e38939c3e5ee41bfdd0,2026-01-21T01:38:32Z,1,I’ll give it a point for discovery as I would never ever find that on my own. And maybe wouldn’t want to? Here’s a spare ass point. ,d9fd674ba147437bb67f2f15b4fd6ef0
spotify:track:4cAsKEGHGZ2nMxwSduCgVb,7fdceb56429c4e38939c3e5ee41bfdd0,2026-01-21T01:38:32Z,1,That choir got me ,d9fd674ba147437bb67f2f15b4fd6ef0
spotify:track:4VN7eV87N6Mm5ZEDlE9ZeN,7fdceb56429c4e38939c3e5ee41bfdd0,2026-01-21T01:38:32Z,2,,d9fd674ba147437bb67f2f15b4fd6ef0
spotify:track:5grvrZh5z2jsPjCOy1d8fP,7fdceb56429c4e38939c3e5ee41bfdd0,2026-01-21T01:38:32Z,1,,d9fd674ba147437bb67f2f15b4fd6ef0
spotify:track:5GWCndQ8ykzf6rYRvwrFcj,7fdceb56429c4e38939c3e5ee41bfdd0,2026-01-21T01:38:32Z,1,,d9fd674ba147437bb67f2f15b4fd6ef0
spotify:track:5lDBVCbyuRgMyzMhbBcU0Y,7fdceb56429c4e38939c3e5ee41bfdd0,2026-01-21T01:38:32Z,1,How many of their songs did you listen to in order to find this? A point for following the prompt really to the letter. But I’m also ok not hearing it again. ,d9fd674ba147437bb67f2f15b4fd6ef0
spotify:track:5r4HuhGFuMJVGruKsPeo49,7fdceb56429c4e38939c3e5ee41bfdd0,2026-01-21T01:38:32Z,1,,d9fd674ba147437bb67f2f15b4fd6ef0
spotify:track:63rNcT6kPeF4IynGMIf0NX,7fdceb56429c4e38939c3e5ee41bfdd0,2026-01-21T01:38:32Z,2,Great pick. Formed in Cambridge in 2001….They Def played our local Irish pub in Davis Square in college. ,d9fd674ba147437bb67f2f15b4fd6ef0
spotify:track:756CJtQRFSxEx9jV4P9hpA,7fdceb56429c4e38939c3e5ee41bfdd0,2026-01-21T01:38:32Z,1,Classic aughts,d9fd674ba147437bb67f2f15b4fd6ef0
spotify:track:7JgNAnCjJvL8hBR1kmCOFF,7fdceb56429c4e38939c3e5ee41bfdd0,2026-01-21T01:38:32Z,2,Thought about a Raye track too,d9fd674ba147437bb67f2f15b4fd6ef0
spotify:track:7r9kOxiNDnkAg5QKqtyjVk,7fdceb56429c4e38939c3e5ee41bfdd0,2026-01-21T01:38:32Z,2,,d9fd674ba147437bb67f2f15b4fd6ef0
spotify:track:7wkRBmg2JZiOHImcoousXm,7fdceb56429c4e38939c3e5ee41bfdd0,2026-01-21T01:38:32Z,1,,d9fd674ba147437bb67f2f15b4fd6ef0
spotify:track:0Os4cioPDzZGowivtM9zP1,e5c2390073644e979f43e744c33e6c60,2026-01-21T13:45:48Z,2,Love Danielle’s voice she does a phenomenal job on this cover. ,d9fd674ba147437bb67f2f15b4fd6ef0
spotify:track:1GEzw8efHVrRQebzOqXxAk,e5c2390073644e979f43e744c33e6c60,2026-01-21T13:45:48Z,0,I get all prompts are a guide and up for interpretation but If this does better than my track I quit!,d9fd674ba147437bb67f2f15b4fd6ef0
spotify:track:406xUjgGJD0H3RqLKq1YFf,e5c2390073644e979f43e744c33e6c60,2026-01-21T13:45:48Z,1,,d9fd674ba147437bb67f2f15b4fd6ef0
spotify:track:4cAsKEGHGZ2nMxwSduCgVb,e5c2390073644e979f43e744c33e6c60,2026-01-21T13:45:48Z,2,"Oh man was not prepared for this. First off I love across the universe it’s a fantastic adaptation of Beatles music. But here comes the the hard part for me (trigger warning about loss/NICU) we played this song while Evan was in the NICU as we were told music could help stimulate activity. Everytime I hear it now I get taken back and the tears start flowing, as heartbroken as I am I feel amazing joy that we are lucky to have Isaac in our life. Will never forget Evan as he is with me everyday",d9fd674ba147437bb67f2f15b4fd6ef0
spotify:track:4VN7eV87N6Mm5ZEDlE9ZeN,e5c2390073644e979f43e744c33e6c60,2026-01-21T13:45:48Z,1,,d9fd674ba147437bb67f2f15b4fd6ef0
spotify:track:5grvrZh5z2jsPjCOy1d8fP,e5c2390073644e979f43e744c33e6c60,2026-01-21T13:45:48Z,1,,d9fd674ba147437bb67f2f15b4fd6ef0
spotify:track:5lDBVCbyuRgMyzMhbBcU0Y,e5c2390073644e979f43e744c33e6c60,2026-01-21T13:45:48Z,1,If ya’ll want to party like we do if ya’ll want I party like us let me hear you say Ah Ah ah ah ahah,d9fd674ba147437bb67f2f15b4fd6ef0
spotify:track:5r4HuhGFuMJVGruKsPeo49,e5c2390073644e979f43e744c33e6c60,2026-01-21T13:45:48Z,1,Was going to give this song 2 points then lone pilgrim came on and they sounded so similar i split the points ,d9fd674ba147437bb67f2f15b4fd6ef0
spotify:track:63rNcT6kPeF4IynGMIf0NX,e5c2390073644e979f43e744c33e6c60,2026-01-21T13:45:48Z,1,Split points,d9fd674ba147437bb67f2f15b4fd6ef0
spotify:track:756CJtQRFSxEx9jV4P9hpA,e5c2390073644e979f43e744c33e6c60,2026-01-21T13:45:48Z,0,"Classic song, such unique vocals however overplayed on radio and then parodied in Dr Pepper ads",d9fd674ba147437bb67f2f15b4fd6ef0
spotify:track:7hDVYcQq6MxkdJGweuCtl9,e5c2390073644e979f43e744c33e6c60,2026-01-21T13:45:48Z,1,"Billie with range, haven’t heard this song before",d9fd674ba147437bb67f2f15b4fd6ef0
spotify:track:7JgNAnCjJvL8hBR1kmCOFF,e5c2390073644e979f43e744c33e6c60,2026-01-21T13:45:48Z,2,Really enjoyed this one Will have to look up more songs,d9fd674ba147437bb67f2f15b4fd6ef0
spotify:track:7r9kOxiNDnkAg5QKqtyjVk,e5c2390073644e979f43e744c33e6c60,2026-01-21T13:45:48Z,1,,d9fd674ba147437bb67f2f15b4fd6ef0
spotify:track:7wkRBmg2JZiOHImcoousXm,e5c2390073644e979f43e744c33e6c60,2026-01-21T13:45:48Z,2,,d9fd674ba147437bb67f2f15b4fd6ef0
spotify:track:1GEzw8efHVrRQebzOqXxAk,605866a938e54c5da212fc8595186729,2026-01-21T23:23:51Z,0,"Definitely fits the prompt, but definitely don’t want to listen to it",d9fd674ba147437bb67f2f15b4fd6ef0
spotify:track:2cjU1DoNHP5Wk9lkHuB6sP,605866a938e54c5da212fc8595186729,2026-01-21T23:23:51Z,1,"Lovely, cool voice ",d9fd674ba147437bb67f2f15b4fd6ef0
spotify:track:406xUjgGJD0H3RqLKq1YFf,605866a938e54c5da212fc8595186729,2026-01-21T23:23:51Z,1,"This is great but I’m not sure the vocals are THE track over the music , so -1",d9fd674ba147437bb67f2f15b4fd6ef0
spotify:track:4cAsKEGHGZ2nMxwSduCgVb,605866a938e54c5da212fc8595186729,2026-01-21T23:23:51Z,3,Excellent ,d9fd674ba147437bb67f2f15b4fd6ef0
spotify:track:4VN7eV87N6Mm5ZEDlE9ZeN,605866a938e54c5da212fc8595186729,2026-01-21T23:23:51Z,1,,d9fd674ba147437bb67f2f15b4fd6ef0
spotify:track:5grvrZh5z2jsPjCOy1d8fP,605866a938e54c5da212fc8595186729,2026-01-21T23:23:51Z,1,"Also great but also not sure the vocals are THE track over the music , so -1",d9fd674ba147437bb67f2f15b4fd6ef0
spotify:track:5GWCndQ8ykzf6rYRvwrFcj,605866a938e54c5da212fc8595186729,2026-01-21T23:23:51Z,1,,d9fd674ba147437bb67f2f15b4fd6ef0
spotify:track:5lDBVCbyuRgMyzMhbBcU0Y,605866a938e54c5da212fc8595186729,2026-01-21T23:23:51Z,0,I want to hear the music without the mouth noises ,d9fd674ba147437bb67f2f15b4fd6ef0
spotify:track:5r4HuhGFuMJVGruKsPeo49,605866a938e54c5da212fc8595186729,2026-01-21T23:23:51Z,1,,d9fd674ba147437bb67f2f15b4fd6ef0
spotify:track:63rNcT6kPeF4IynGMIf0NX,605866a938e54c5da212fc8595186729,2026-01-21T23:23:51Z,2,Really gorgeous mouth noises but also really gorgeous instruments,d9fd674ba147437bb67f2f15b4fd6ef0
spotify:track:756CJtQRFSxEx9jV4P9hpA,605866a938e54c5da212fc8595186729,2026-01-21T23:23:51Z,0,"Can’t decide if this deserves a point but none to spare 
",d9fd674ba147437bb67f2f15b4fd6ef0
spotify:track:7hDVYcQq6MxkdJGweuCtl9,605866a938e54c5da212fc8595186729,2026-01-21T23:23:51Z,1,,d9fd674ba147437bb67f2f15b4fd6ef0
spotify:track:7JgNAnCjJvL8hBR1kmCOFF,605866a938e54c5da212fc8595186729,2026-01-21T23:23:51Z,0,This is nice but no points to spare!,d9fd674ba147437bb67f2f15b4fd6ef0
spotify:track:7r9kOxiNDnkAg5QKqtyjVk,605866a938e54c5da212fc8595186729,2026-01-21T23:23:51Z,3,Love her voice ,d9fd674ba147437bb67f2f15b4fd6ef0
spotify:track:7wkRBmg2JZiOHImcoousXm,605866a938e54c5da212fc8595186729,2026-01-21T23:23:51Z,1,,d9fd674ba147437bb67f2f15b4fd6ef0
spotify:track:0Os4cioPDzZGowivtM9zP1,9b7e03ea90dd46db9779dc21eb04ca5a,2026-01-22T15:27:08Z,1,Wow. ,d9fd674ba147437bb67f2f15b4fd6ef0
spotify:track:1GEzw8efHVrRQebzOqXxAk,9b7e03ea90dd46db9779dc21eb04ca5a,2026-01-22T15:27:08Z,0,😡,d9fd674ba147437bb67f2f15b4fd6ef0
spotify:track:406xUjgGJD0H3RqLKq1YFf,9b7e03ea90dd46db9779dc21eb04ca5a,2026-01-22T15:27:08Z,2,What pipes,d9fd674ba147437bb67f2f15b4fd6ef0
spotify:track:5grvrZh5z2jsPjCOy1d8fP,9b7e03ea90dd46db9779dc21eb04ca5a,2026-01-22T15:27:08Z,3,,d9fd674ba147437bb67f2f15b4fd6ef0
spotify:track:5GWCndQ8ykzf6rYRvwrFcj,9b7e03ea90dd46db9779dc21eb04ca5a,2026-01-22T15:27:08Z,1,,d9fd674ba147437bb67f2f15b4fd6ef0
spotify:track:5lDBVCbyuRgMyzMhbBcU0Y,9b7e03ea90dd46db9779dc21eb04ca5a,2026-01-22T15:27:08Z,1,,d9fd674ba147437bb67f2f15b4fd6ef0
spotify:track:5r4HuhGFuMJVGruKsPeo49,9b7e03ea90dd46db9779dc21eb04ca5a,2026-01-22T15:27:08Z,1,,d9fd674ba147437bb67f2f15b4fd6ef0
spotify:track:63rNcT6kPeF4IynGMIf0NX,9b7e03ea90dd46db9779dc21eb04ca5a,2026-01-22T15:27:08Z,1,,d9fd674ba147437bb67f2f15b4fd6ef0
spotify:track:756CJtQRFSxEx9jV4P9hpA,9b7e03ea90dd46db9779dc21eb04ca5a,2026-01-22T15:27:08Z,1,,d9fd674ba147437bb67f2f15b4fd6ef0
spotify:track:7hDVYcQq6MxkdJGweuCtl9,9b7e03ea90dd46db9779dc21eb04ca5a,2026-01-22T15:27:08Z,1,,d9fd674ba147437bb67f2f15b4fd6ef0
spotify:track:7JgNAnCjJvL8hBR1kmCOFF,9b7e03ea90dd46db9779dc21eb04ca5a,2026-01-22T15:27:08Z,2,,d9fd674ba147437bb67f2f15b4fd6ef0
spotify:track:7r9kOxiNDnkAg5QKqtyjVk,9b7e03ea90dd46db9779dc21eb04ca5a,2026-01-22T15:27:08Z,1,,d9fd674ba147437bb67f2f15b4fd6ef0
spotify:track:7wkRBmg2JZiOHImcoousXm,9b7e03ea90dd46db9779dc21eb04ca5a,2026-01-22T15:27:08Z,1,,d9fd674ba147437bb67f2f15b4fd6ef0
spotify:track:1GEzw8efHVrRQebzOqXxAk,0b4377c224ba402d97adce848425da90,2026-01-22T19:28:20Z,0,Sick beat. But this is a vocal category. ,d9fd674ba147437bb67f2f15b4fd6ef0
spotify:track:2cjU1DoNHP5Wk9lkHuB6sP,0b4377c224ba402d97adce848425da90,2026-01-22T19:28:20Z,1,,d9fd674ba147437bb67f2f15b4fd6ef0
spotify:track:406xUjgGJD0H3RqLKq1YFf,0b4377c224ba402d97adce848425da90,2026-01-22T19:28:20Z,2,Attitude is everything on this one,d9fd674ba147437bb67f2f15b4fd6ef0
spotify:track:4cAsKEGHGZ2nMxwSduCgVb,0b4377c224ba402d97adce848425da90,2026-01-22T19:28:20Z,1,Can’t argue with that ,d9fd674ba147437bb67f2f15b4fd6ef0
spotify:track:4VN7eV87N6Mm5ZEDlE9ZeN,0b4377c224ba402d97adce848425da90,2026-01-22T19:28:20Z,2,Generous. Vulnerable. ,d9fd674ba147437bb67f2f15b4fd6ef0
spotify:track:5GWCndQ8ykzf6rYRvwrFcj,0b4377c224ba402d97adce848425da90,2026-01-22T19:28:20Z,2,Delicate. Restrained. ,d9fd674ba147437bb67f2f15b4fd6ef0
spotify:track:5lDBVCbyuRgMyzMhbBcU0Y,0b4377c224ba402d97adce848425da90,2026-01-22T19:28:20Z,0,Ballsy choice. But unpleasant. ,d9fd674ba147437bb67f2f15b4fd6ef0
spotify:track:5r4HuhGFuMJVGruKsPeo49,0b4377c224ba402d97adce848425da90,2026-01-22T19:28:20Z,1,,d9fd674ba147437bb67f2f15b4fd6ef0
spotify:track:756CJtQRFSxEx9jV4P9hpA,0b4377c224ba402d97adce848425da90,2026-01-22T19:28:20Z,2,Nice call. Irreplaceable. ,d9fd674ba147437bb67f2f15b4fd6ef0
spotify:track:7hDVYcQq6MxkdJGweuCtl9,0b4377c224ba402d97adce848425da90,2026-01-22T19:28:20Z,1,"Ok, Billie… I was not familiar with your game!",d9fd674ba147437bb67f2f15b4fd6ef0
spotify:track:7JgNAnCjJvL8hBR1kmCOFF,0b4377c224ba402d97adce848425da90,2026-01-22T19:28:20Z,1,Too catchy to not give a point,d9fd674ba147437bb67f2f15b4fd6ef0
spotify:track:7r9kOxiNDnkAg5QKqtyjVk,0b4377c224ba402d97adce848425da90,2026-01-22T19:28:20Z,3,"Wonderful control, restraint ",d9fd674ba147437bb67f2f15b4fd6ef0
spotify:track:0Os4cioPDzZGowivtM9zP1,48468f9ee55c4e71b349a5f376d4d792,2026-01-22T22:08:26Z,1,its a good voice but it doesnt make me feel something,d9fd674ba147437bb67f2f15b4fd6ef0
spotify:track:1GEzw8efHVrRQebzOqXxAk,48468f9ee55c4e71b349a5f376d4d792,2026-01-22T22:08:26Z,0,i like it but its not really moving me ,d9fd674ba147437bb67f2f15b4fd6ef0
spotify:track:2cjU1DoNHP5Wk9lkHuB6sP,48468f9ee55c4e71b349a5f376d4d792,2026-01-22T22:08:26Z,2,good song and it makes me feel happy,d9fd674ba147437bb67f2f15b4fd6ef0
spotify:track:406xUjgGJD0H3RqLKq1YFf,48468f9ee55c4e71b349a5f376d4d792,2026-01-22T22:08:26Z,2,i like it and it makes me feel happy,d9fd674ba147437bb67f2f15b4fd6ef0
spotify:track:4cAsKEGHGZ2nMxwSduCgVb,48468f9ee55c4e71b349a5f376d4d792,2026-01-22T22:08:26Z,0,the only instrument is a piano and people are just singing in the background its so boring,d9fd674ba147437bb67f2f15b4fd6ef0
spotify:track:4VN7eV87N6Mm5ZEDlE9ZeN,48468f9ee55c4e71b349a5f376d4d792,2026-01-22T22:08:26Z,1,i like it but dont feel much,d9fd674ba147437bb67f2f15b4fd6ef0
spotify:track:5GWCndQ8ykzf6rYRvwrFcj,48468f9ee55c4e71b349a5f376d4d792,2026-01-22T22:08:26Z,0,for 23 seconds its do do do do ,d9fd674ba147437bb67f2f15b4fd6ef0
spotify:track:5lDBVCbyuRgMyzMhbBcU0Y,48468f9ee55c4e71b349a5f376d4d792,2026-01-22T22:08:26Z,0,clear zero,d9fd674ba147437bb67f2f15b4fd6ef0
spotify:track:5r4HuhGFuMJVGruKsPeo49,48468f9ee55c4e71b349a5f376d4d792,2026-01-22T22:08:26Z,1,its really good,d9fd674ba147437bb67f2f15b4fd6ef0
spotify:track:63rNcT6kPeF4IynGMIf0NX,48468f9ee55c4e71b349a5f376d4d792,2026-01-22T22:08:26Z,0,too boring ,d9fd674ba147437bb67f2f15b4fd6ef0
spotify:track:756CJtQRFSxEx9jV4P9hpA,48468f9ee55c4e71b349a5f376d4d792,2026-01-22T22:08:26Z,3,its really moving!!!!!!!!!!,d9fd674ba147437bb67f2f15b4fd6ef0
spotify:track:7hDVYcQq6MxkdJGweuCtl9,48468f9ee55c4e71b349a5f376d4d792,2026-01-22T22:08:26Z,2,it makes me feel something,d9fd674ba147437bb67f2f15b4fd6ef0
spotify:track:7JgNAnCjJvL8hBR1kmCOFF,48468f9ee55c4e71b349a5f376d4d792,2026-01-22T22:08:26Z,2,it was only boo boo boo boo for a while but when the song actually started it was good. kinda sounds christmasy and i love christmas songs,d9fd674ba147437bb67f2f15b4fd6ef0
spotify:track:7r9kOxiNDnkAg5QKqtyjVk,48468f9ee55c4e71b349a5f376d4d792,2026-01-22T22:08:26Z,0,really sad it made me tear up. (so if it makes you feel something shouldnt you give it points?) Answer: no ,d9fd674ba147437bb67f2f15b4fd6ef0
spotify:track:7wkRBmg2JZiOHImcoousXm,48468f9ee55c4e71b349a5f376d4d792,2026-01-22T22:08:26Z,2,you know my strategy ,d9fd674ba147437bb67f2f15b4fd6ef0
spotify:track:0izzSOqBR4gdzCCWRnrzPd,49a5ff7c4466457eb8016aaf873224cb,2026-01-26T03:34:41Z,0,"Another one it is super hard to not give a point to, but man I am stretched thin and this one fell victim to being too well-known to me. Great select, though. ",f46457fc78804fbe85722d33fed87653
spotify:track:0q5giEtY4wsFTwjWqswLwx,49a5ff7c4466457eb8016aaf873224cb,2026-01-26T03:34:41Z,0,"Really hard to not give Bob 1, but I think you probably knew this was coming. It was already hard as hell to divvy up my points this round. ",f46457fc78804fbe85722d33fed87653
spotify:track:0uZxnOtCu446rl8zEAEuwX,49a5ff7c4466457eb8016aaf873224cb,2026-01-26T03:34:41Z,1,Whew this one hit. 'Left up to us... straighten it out..'. 1972... that generation seemed to have failed. Will we? Perhaps. ,f46457fc78804fbe85722d33fed87653
spotify:track:0wIPOYPwoD1y4LyU3ZDi6D,49a5ff7c4466457eb8016aaf873224cb,2026-01-26T03:34:41Z,0,"A beaut, we'll see where it lands. I do not know if the points will come this way, I am sorry!",f46457fc78804fbe85722d33fed87653
spotify:track:18bzuq8A21sRcI4w4gqGD2,49a5ff7c4466457eb8016aaf873224cb,2026-01-26T03:34:41Z,1,Love. Yet another excellently crafted song lyrically. 10/10 would sing at the pub with the boys. ,f46457fc78804fbe85722d33fed87653
spotify:track:19vif5x0vGqHgc3GEirUqN,49a5ff7c4466457eb8016aaf873224cb,2026-01-26T03:34:41Z,2,Probably gonna win the round on account'a the immediate relevance. Great tune all around. Great lyrics. ,f46457fc78804fbe85722d33fed87653
spotify:track:1CX9AI9oP2fBDxv0IEmiD4,49a5ff7c4466457eb8016aaf873224cb,2026-01-26T03:34:41Z,0,"Definitely had to check if this was AI. Found clips of him from 2001. Still not sure (early adopter). I cannot in good conscience give Bob Marley 0 and give this a point. Especially when Dick Cheese likely did not personally contribute to any movement. 

____________

Ran out of characters in my Sinead story, so might as well use this track for something good. 

Video of Billy Jack: https://www.youtube.com/watch?v=AdJNnowhsME

PT Thread: https://www.phantasytour.com/bands/phish/threads/3163885/attn-nyc-couples-enter-quickly#page/1",f46457fc78804fbe85722d33fed87653
spotify:track:1XaSgwyBiioxTuWfruk0XW,49a5ff7c4466457eb8016aaf873224cb,2026-01-26T03:34:41Z,2,Absolute heaaat. Whew baby. Probably my favorite song music-wise. ,f46457fc78804fbe85722d33fed87653
spotify:track:2OVpBPW9PnqpfwlhW09J2C,49a5ff7c4466457eb8016aaf873224cb,2026-01-26T03:34:41Z,1,Push on til the Day'd? I know Trey's idea when forming TAB was inspired by bands like this. Sure feels like he might've ripped this one off... errrr took inspiration from. ,f46457fc78804fbe85722d33fed87653
spotify:track:3O19QKuUpencddzSXCoKBY,49a5ff7c4466457eb8016aaf873224cb,2026-01-26T03:34:41Z,2,"Damn, this one is probably the best lyrically. Amazing. Hard to say. So many of them had some real good ways of putting pen to paper. ",f46457fc78804fbe85722d33fed87653
spotify:track:4Lmy3mRYPTCQE6ppBwskMl,49a5ff7c4466457eb8016aaf873224cb,2026-01-26T03:34:41Z,0,"No idea why this studio take has disappeared from platforms. The entire '1980' album is not readily available. 'Push Comes to Shove' is another all time GSH favorite of mine, the best take of it also on this album.  Find the full album here: https://drive.google.com/drive/u/0/folders/1ArsiQN4Q7ggfg8k_gZaMykiiZbuVEBxj

Do ya'self a favor and give it a spin, at least Shut um Down and Push Come to Shove. 

The piano rumble intro also, wheweeee boy.

Thank you.",f46457fc78804fbe85722d33fed87653
spotify:track:58H2Z73c7k2UoTMAR739Az,49a5ff7c4466457eb8016aaf873224cb,2026-01-26T03:34:41Z,1,"Voice of a songbird. I've told this story to anyone that will listen... but I've got some fresh eyes/ears here I think, and others of you are forgetful... so gather 'round! 

I once got 2 free tickets front row center via PT (yes, that PT) to a Curtis Mayfield tribute @ Lincoln Center. Someone won a concert date night experience via a dating site, but they lived in Chicago and offered em up. Gooch found the post and sent it to TT. I said fuck it, let's fuckin go.

I went with a random person from Twitter after not being able to find anyone to go with me. We got free glasses of champagne and long-stemmed roses. We still keep in touch. Magical night. Sinead O'Connor sang Billy Jack. There are no official recordings of this night, which is a god damn shame (I have emailed Lincoln Center multiple times asking for a release), but BIlly Jack was captured from almost my exact POV. I am probably 1k of the 10k views. Ran out of characters, find links in Dick Cheese comment.

Anyway, one point.",f46457fc78804fbe85722d33fed87653
spotify:track:5ZHwfKavsGKZiEXs68y7CF,49a5ff7c4466457eb8016aaf873224cb,2026-01-26T03:34:41Z,1,"Lovely. Tried to squeeze it more than 1, but musically only songs just did it more for me. ",f46457fc78804fbe85722d33fed87653
spotify:track:6dSdoRdRIJ7fUvxDRq9Ln1,49a5ff7c4466457eb8016aaf873224cb,2026-01-26T03:34:41Z,2,"Man, I have listened to a ton of Curtis, and this one was not really in my lexicon. Doesn't really seem like a deep cut, but has eluded my somehow. Amazing track. ",f46457fc78804fbe85722d33fed87653
spotify:track:7aYWqMmkmU8tGp0tl5fHGJ,49a5ff7c4466457eb8016aaf873224cb,2026-01-26T03:34:41Z,1,One that sort of gave me hope for better days. Assorted discussion around the true translation and meaning of it. Almost seems like if things ARE too good... ya better watch out. Or perhaps that music will let us power through dark days. Hard to say for sure! ,f46457fc78804fbe85722d33fed87653
spotify:track:7ytzJQs2dMr3n8rjbhO7ZY,49a5ff7c4466457eb8016aaf873224cb,2026-01-26T03:34:41Z,2,What a finale! Another one with awesomely crafted lyrics. ,f46457fc78804fbe85722d33fed87653
spotify:track:0izzSOqBR4gdzCCWRnrzPd,ce76a5e6ff274137bb5127db7065d9a8,2026-01-26T13:59:21Z,0,"Worthy of a point, but I ran out sorry",f46457fc78804fbe85722d33fed87653
spotify:track:0q5giEtY4wsFTwjWqswLwx,ce76a5e6ff274137bb5127db7065d9a8,2026-01-26T13:59:21Z,0,Great song but too obvious for me,f46457fc78804fbe85722d33fed87653
spotify:track:0uZxnOtCu446rl8zEAEuwX,ce76a5e6ff274137bb5127db7065d9a8,2026-01-26T13:59:21Z,0,Another worthy of a point but ran out,f46457fc78804fbe85722d33fed87653
spotify:track:0wIPOYPwoD1y4LyU3ZDi6D,ce76a5e6ff274137bb5127db7065d9a8,2026-01-26T13:59:21Z,1,Ken Burns,f46457fc78804fbe85722d33fed87653
spotify:track:18bzuq8A21sRcI4w4gqGD2,ce76a5e6ff274137bb5127db7065d9a8,2026-01-26T13:59:21Z,2,Great. The history nerd in me really enjoyed this ,f46457fc78804fbe85722d33fed87653
spotify:track:19vif5x0vGqHgc3GEirUqN,ce76a5e6ff274137bb5127db7065d9a8,2026-01-26T13:59:21Z,2,Timely. Fuck ice. He’s playing at the Cap March 7,f46457fc78804fbe85722d33fed87653
spotify:track:1CX9AI9oP2fBDxv0IEmiD4,ce76a5e6ff274137bb5127db7065d9a8,2026-01-26T13:59:21Z,0,Give me the real thing ,f46457fc78804fbe85722d33fed87653
spotify:track:1XaSgwyBiioxTuWfruk0XW,ce76a5e6ff274137bb5127db7065d9a8,2026-01-26T13:59:21Z,1,I wanted to hear the Milestones at the end too ,f46457fc78804fbe85722d33fed87653
spotify:track:3O19QKuUpencddzSXCoKBY,ce76a5e6ff274137bb5127db7065d9a8,2026-01-26T13:59:21Z,1,Unfortunately I wish Bush was our president these days,f46457fc78804fbe85722d33fed87653
spotify:track:4Lmy3mRYPTCQE6ppBwskMl,ce76a5e6ff274137bb5127db7065d9a8,2026-01-26T13:59:21Z,1,"Maybe not the most worthy of causes on the list, but it was funky and I hadn’t heard it before so you’re getting my last point ",f46457fc78804fbe85722d33fed87653
spotify:track:58H2Z73c7k2UoTMAR739Az,ce76a5e6ff274137bb5127db7065d9a8,2026-01-26T13:59:21Z,3,God damn she was one badass bitch. Loved this. Favorite of the round,f46457fc78804fbe85722d33fed87653
spotify:track:5ZHwfKavsGKZiEXs68y7CF,ce76a5e6ff274137bb5127db7065d9a8,2026-01-26T13:59:21Z,2,Damn. Resistance revival chorus is an awesome concept ,f46457fc78804fbe85722d33fed87653
spotify:track:6dSdoRdRIJ7fUvxDRq9Ln1,ce76a5e6ff274137bb5127db7065d9a8,2026-01-26T13:59:21Z,1,,f46457fc78804fbe85722d33fed87653
spotify:track:7aYWqMmkmU8tGp0tl5fHGJ,ce76a5e6ff274137bb5127db7065d9a8,2026-01-26T13:59:21Z,1,,f46457fc78804fbe85722d33fed87653
spotify:track:7ytzJQs2dMr3n8rjbhO7ZY,ce76a5e6ff274137bb5127db7065d9a8,2026-01-26T13:59:21Z,1,,f46457fc78804fbe85722d33fed87653
spotify:track:0izzSOqBR4gdzCCWRnrzPd,d0b05ef03f5e4598a3e8532b812c3330,2026-01-26T16:10:58Z,1,Doesnt get more protest song then the unofficial song of the civil rights movement. Automatic point and the recording is beautiful.   ,f46457fc78804fbe85722d33fed87653
spotify:track:0q5giEtY4wsFTwjWqswLwx,d0b05ef03f5e4598a3e8532b812c3330,2026-01-26T16:10:58Z,0,Bobby boy I love you and your incredible commitment to inspiring social change. I just burned this song out when I was 13 years old. ,f46457fc78804fbe85722d33fed87653
spotify:track:0uZxnOtCu446rl8zEAEuwX,d0b05ef03f5e4598a3e8532b812c3330,2026-01-26T16:10:58Z,2,Great tune and great message... depressing that every generation needs to take the burden of what the last fucked up... ,f46457fc78804fbe85722d33fed87653
spotify:track:0wIPOYPwoD1y4LyU3ZDi6D,d0b05ef03f5e4598a3e8532b812c3330,2026-01-26T16:10:58Z,1,Beautiful song and recording. Absolutely a protest song. In fact the genre prob started from african american spirituals subversively sung.,f46457fc78804fbe85722d33fed87653
spotify:track:18bzuq8A21sRcI4w4gqGD2,d0b05ef03f5e4598a3e8532b812c3330,2026-01-26T16:10:58Z,0,For sure protest song but more depressive on the long history of our war mongering as oppose to inspiring. ,f46457fc78804fbe85722d33fed87653
spotify:track:1CX9AI9oP2fBDxv0IEmiD4,d0b05ef03f5e4598a3e8532b812c3330,2026-01-26T16:10:58Z,0,WOW. I mean... OK.... Nasty little guy eh? ,f46457fc78804fbe85722d33fed87653
spotify:track:1XaSgwyBiioxTuWfruk0XW,d0b05ef03f5e4598a3e8532b812c3330,2026-01-26T16:10:58Z,1,GOAT ,f46457fc78804fbe85722d33fed87653
spotify:track:2OVpBPW9PnqpfwlhW09J2C,d0b05ef03f5e4598a3e8532b812c3330,2026-01-26T16:10:58Z,1,Great song and rich history but the lyrics arent as colorful and robust as the others,f46457fc78804fbe85722d33fed87653
spotify:track:3O19QKuUpencddzSXCoKBY,d0b05ef03f5e4598a3e8532b812c3330,2026-01-26T16:10:58Z,2,"Yes... was definitely hoping for some more recent protest songs. this is exceptional and love the anger, the attitude, the title... hell yeah",f46457fc78804fbe85722d33fed87653
spotify:track:4Lmy3mRYPTCQE6ppBwskMl,d0b05ef03f5e4598a3e8532b812c3330,2026-01-26T16:10:58Z,1,The rare anti nuclear protest song. love you gil,f46457fc78804fbe85722d33fed87653
spotify:track:58H2Z73c7k2UoTMAR739Az,d0b05ef03f5e4598a3e8532b812c3330,2026-01-26T16:10:58Z,1,"Incredibly powerful. Yet, like Sinead, just slightly out of touch and unrealistic... ""And I love my boy and that's why I'm leaving
I don't want him to be aware that there's
Any such thing as grieving"" Sorry Sinead, cant hide that from the children. ",f46457fc78804fbe85722d33fed87653
spotify:track:5ZHwfKavsGKZiEXs68y7CF,d0b05ef03f5e4598a3e8532b812c3330,2026-01-26T16:10:58Z,1,Another prominent civil rights protest song. god damn beautiful ,f46457fc78804fbe85722d33fed87653
spotify:track:6dSdoRdRIJ7fUvxDRq9Ln1,d0b05ef03f5e4598a3e8532b812c3330,2026-01-26T16:10:58Z,1,So fucking goood,f46457fc78804fbe85722d33fed87653
spotify:track:7aYWqMmkmU8tGp0tl5fHGJ,d0b05ef03f5e4598a3e8532b812c3330,2026-01-26T16:10:58Z,2,"yeppp amazing history here, thrown into jail for this...",f46457fc78804fbe85722d33fed87653
spotify:track:7ytzJQs2dMr3n8rjbhO7ZY,d0b05ef03f5e4598a3e8532b812c3330,2026-01-26T16:10:58Z,2,"Fucking straight to your face you fuckers. this is what protest song and lyrics are about. Creative, artistic, and right on the nose anti-establishment.",f46457fc78804fbe85722d33fed87653
spotify:track:0q5giEtY4wsFTwjWqswLwx,183c5f6ed1b147099842917a9576c8f4,2026-01-26T16:26:06Z,0,"Wasn't looking for something new per se, but need to be at least be re-woke by something so ubiquitous. ",f46457fc78804fbe85722d33fed87653
spotify:track:0uZxnOtCu446rl8zEAEuwX,183c5f6ed1b147099842917a9576c8f4,2026-01-26T16:26:06Z,0,"Just not as emotionally resonant as the others. Wanted to give a point for originality, but didn't have one to give. Nice find. ",f46457fc78804fbe85722d33fed87653
spotify:track:0wIPOYPwoD1y4LyU3ZDi6D,183c5f6ed1b147099842917a9576c8f4,2026-01-26T16:26:06Z,2,"Spiritual, new to me, and powerful. Musically as interesting as I can imagine with no instruments.  Going to hunt down some of the other versions now. ",f46457fc78804fbe85722d33fed87653
spotify:track:18bzuq8A21sRcI4w4gqGD2,183c5f6ed1b147099842917a9576c8f4,2026-01-26T16:26:06Z,1,"My mom was a huge Phil Ochs fans and have like 4 of his records. Love the progression of the narrator internalizing all the various American atrocities and just saying ""nope.""",f46457fc78804fbe85722d33fed87653
spotify:track:19vif5x0vGqHgc3GEirUqN,183c5f6ed1b147099842917a9576c8f4,2026-01-26T16:26:06Z,2,Fuck the fascist pigs and hope we see some of our favorite acts being more active in this fight.  Hope this gets covered extensively. ,f46457fc78804fbe85722d33fed87653
spotify:track:1CX9AI9oP2fBDxv0IEmiD4,183c5f6ed1b147099842917a9576c8f4,2026-01-26T16:26:06Z,0,"If this is Asa, good try, it is funny they say motherf*cker. 

If not, what the motherfuck are we even doing here?  A lounge version of this masterpiece -- we don't get to hear tom morello voice this cry against authoritarianism.  Just not going to cut it. ",f46457fc78804fbe85722d33fed87653
spotify:track:1XaSgwyBiioxTuWfruk0XW,183c5f6ed1b147099842917a9576c8f4,2026-01-26T16:26:06Z,2,"Was on my shortlist. Underrated (at least by me) funky beat. Absolutely love this live version from this ferocious, fascinating woman. ",f46457fc78804fbe85722d33fed87653
spotify:track:2OVpBPW9PnqpfwlhW09J2C,183c5f6ed1b147099842917a9576c8f4,2026-01-26T16:26:06Z,1,Love a joyous protest song.  Not my favorite musically but it gets a point from me for being so important in the anti-apartheid movement and the originality. ,f46457fc78804fbe85722d33fed87653
spotify:track:3O19QKuUpencddzSXCoKBY,183c5f6ed1b147099842917a9576c8f4,2026-01-26T16:26:06Z,0,"I just have trouble listening to this one. Maybe that's the point. But while the message is 🎯, I don't love it from a musical perspective. ",f46457fc78804fbe85722d33fed87653
spotify:track:4Lmy3mRYPTCQE6ppBwskMl,183c5f6ed1b147099842917a9576c8f4,2026-01-26T16:26:06Z,1,Nice GSH pick - think the obvious one was the revolution will not be televised. He needed to be on this list and this was a worthy selection. ,f46457fc78804fbe85722d33fed87653
spotify:track:58H2Z73c7k2UoTMAR739Az,183c5f6ed1b147099842917a9576c8f4,2026-01-26T16:26:06Z,2,"I had this on my shortlist for planes trains and automobiles. If Sinead was protesting black kids getting shot in the UK, somebody shoulda showed her what goes on over here. ",f46457fc78804fbe85722d33fed87653
spotify:track:5ZHwfKavsGKZiEXs68y7CF,183c5f6ed1b147099842917a9576c8f4,2026-01-26T16:26:06Z,1,Love the new take on this civil rights classic. Not sure it hits the same notes we need for today's fight -- that's why Join ICE got my 2 points -- but this is powerful stuff. ,f46457fc78804fbe85722d33fed87653
spotify:track:6dSdoRdRIJ7fUvxDRq9Ln1,183c5f6ed1b147099842917a9576c8f4,2026-01-26T16:26:06Z,0,Breakdown around the 2 minute mark was fantastic. Second greatest Curtis protest song on the list --  just too many powerful songs that came out ahead for me. ,f46457fc78804fbe85722d33fed87653
spotify:track:7aYWqMmkmU8tGp0tl5fHGJ,183c5f6ed1b147099842917a9576c8f4,2026-01-26T16:26:06Z,2,"I almost submitted a Zimbabwe protest song as well -- but I like this one better.  Mapfumo seems like a bad ass mother who don't take no crap off of nobody. Great song, even better story. Well done!",f46457fc78804fbe85722d33fed87653
spotify:track:7ytzJQs2dMr3n8rjbhO7ZY,183c5f6ed1b147099842917a9576c8f4,2026-01-26T16:26:06Z,2,"Similar to Join Ice, the pseudo-country genre drives the message even deeper. Very glad this was added to the list. Get off of everyone's f'n bodies!",f46457fc78804fbe85722d33fed87653
spotify:track:0izzSOqBR4gdzCCWRnrzPd,8453d173315c468e8134e2527a658ba5,2026-01-26T17:18:23Z,1,Classic but I preferred the other Curtis choice this round,f46457fc78804fbe85722d33fed87653
spotify:track:0q5giEtY4wsFTwjWqswLwx,8453d173315c468e8134e2527a658ba5,2026-01-26T17:18:23Z,1,,f46457fc78804fbe85722d33fed87653
spotify:track:19vif5x0vGqHgc3GEirUqN,8453d173315c468e8134e2527a658ba5,2026-01-26T17:18:23Z,2,This is great! Would have gotten more points most weeks but I’m spread thin ,f46457fc78804fbe85722d33fed87653
spotify:track:1XaSgwyBiioxTuWfruk0XW,8453d173315c468e8134e2527a658ba5,2026-01-26T17:18:23Z,2,Fantastic. Love the banter ,f46457fc78804fbe85722d33fed87653
spotify:track:3O19QKuUpencddzSXCoKBY,8453d173315c468e8134e2527a658ba5,2026-01-26T17:18:23Z,1,,f46457fc78804fbe85722d33fed87653
spotify:track:4Lmy3mRYPTCQE6ppBwskMl,8453d173315c468e8134e2527a658ba5,2026-01-26T17:18:23Z,2,,f46457fc78804fbe85722d33fed87653
spotify:track:58H2Z73c7k2UoTMAR739Az,8453d173315c468e8134e2527a658ba5,2026-01-26T17:18:23Z,1,Dustin’s best pick of the season for sure ,f46457fc78804fbe85722d33fed87653
spotify:track:5ZHwfKavsGKZiEXs68y7CF,8453d173315c468e8134e2527a658ba5,2026-01-26T17:18:23Z,3,Fave of the week! 🙌🏻🙌🏻🙌🏻,f46457fc78804fbe85722d33fed87653
spotify:track:6dSdoRdRIJ7fUvxDRq9Ln1,8453d173315c468e8134e2527a658ba5,2026-01-26T17:18:23Z,2,,f46457fc78804fbe85722d33fed87653
spotify:track:7ytzJQs2dMr3n8rjbhO7ZY,8453d173315c468e8134e2527a658ba5,2026-01-26T17:18:23Z,1,,f46457fc78804fbe85722d33fed87653
spotify:track:0uZxnOtCu446rl8zEAEuwX,4e117e3021d7466c8bf0b654f8357418,2026-01-26T22:49:28Z,1,,f46457fc78804fbe85722d33fed87653
spotify:track:0wIPOYPwoD1y4LyU3ZDi6D,4e117e3021d7466c8bf0b654f8357418,2026-01-26T22:49:28Z,2,,f46457fc78804fbe85722d33fed87653
spotify:track:18bzuq8A21sRcI4w4gqGD2,4e117e3021d7466c8bf0b654f8357418,2026-01-26T22:49:28Z,1,,f46457fc78804fbe85722d33fed87653
spotify:track:19vif5x0vGqHgc3GEirUqN,4e117e3021d7466c8bf0b654f8357418,2026-01-26T22:49:28Z,1,,f46457fc78804fbe85722d33fed87653
spotify:track:1XaSgwyBiioxTuWfruk0XW,4e117e3021d7466c8bf0b654f8357418,2026-01-26T22:49:28Z,2,,f46457fc78804fbe85722d33fed87653
spotify:track:2OVpBPW9PnqpfwlhW09J2C,4e117e3021d7466c8bf0b654f8357418,2026-01-26T22:49:28Z,1,,f46457fc78804fbe85722d33fed87653
spotify:track:4Lmy3mRYPTCQE6ppBwskMl,4e117e3021d7466c8bf0b654f8357418,2026-01-26T22:49:28Z,2,,f46457fc78804fbe85722d33fed87653
spotify:track:58H2Z73c7k2UoTMAR739Az,4e117e3021d7466c8bf0b654f8357418,2026-01-26T22:49:28Z,2,,f46457fc78804fbe85722d33fed87653
spotify:track:5ZHwfKavsGKZiEXs68y7CF,4e117e3021d7466c8bf0b654f8357418,2026-01-26T22:49:28Z,1,,f46457fc78804fbe85722d33fed87653
spotify:track:6dSdoRdRIJ7fUvxDRq9Ln1,4e117e3021d7466c8bf0b654f8357418,2026-01-26T22:49:28Z,1,,f46457fc78804fbe85722d33fed87653
spotify:track:7aYWqMmkmU8tGp0tl5fHGJ,4e117e3021d7466c8bf0b654f8357418,2026-01-26T22:49:28Z,1,,f46457fc78804fbe85722d33fed87653
spotify:track:7ytzJQs2dMr3n8rjbhO7ZY,4e117e3021d7466c8bf0b654f8357418,2026-01-26T22:49:28Z,1,,f46457fc78804fbe85722d33fed87653
spotify:track:5ZHwfKavsGKZiEXs68y7CF,7fdceb56429c4e38939c3e5ee41bfdd0,2026-01-27T04:04:47Z,1,,f46457fc78804fbe85722d33fed87653
spotify:track:0izzSOqBR4gdzCCWRnrzPd,7fdceb56429c4e38939c3e5ee41bfdd0,2026-01-27T04:04:47Z,1,Right off the bat w another mayfield tune. ,f46457fc78804fbe85722d33fed87653
spotify:track:0q5giEtY4wsFTwjWqswLwx,7fdceb56429c4e38939c3e5ee41bfdd0,2026-01-27T04:04:47Z,0,Love the man. Love the song. Love the protest. Don’t love the effort. ,f46457fc78804fbe85722d33fed87653
spotify:track:0uZxnOtCu446rl8zEAEuwX,7fdceb56429c4e38939c3e5ee41bfdd0,2026-01-27T04:04:47Z,2,Love it,f46457fc78804fbe85722d33fed87653
spotify:track:0wIPOYPwoD1y4LyU3ZDi6D,7fdceb56429c4e38939c3e5ee41bfdd0,2026-01-27T04:04:47Z,2,DC love. And great vocal love. If there was a throat singer you’d have gotten 4 points. Next time…,f46457fc78804fbe85722d33fed87653
spotify:track:19vif5x0vGqHgc3GEirUqN,7fdceb56429c4e38939c3e5ee41bfdd0,2026-01-27T04:04:47Z,1,,f46457fc78804fbe85722d33fed87653
spotify:track:1XaSgwyBiioxTuWfruk0XW,7fdceb56429c4e38939c3e5ee41bfdd0,2026-01-27T04:04:47Z,1,,f46457fc78804fbe85722d33fed87653
spotify:track:2OVpBPW9PnqpfwlhW09J2C,7fdceb56429c4e38939c3e5ee41bfdd0,2026-01-27T04:04:47Z,2,,f46457fc78804fbe85722d33fed87653
spotify:track:4Lmy3mRYPTCQE6ppBwskMl,7fdceb56429c4e38939c3e5ee41bfdd0,2026-01-27T04:04:47Z,2,Had a few of his on my short list too,f46457fc78804fbe85722d33fed87653
spotify:track:58H2Z73c7k2UoTMAR739Az,7fdceb56429c4e38939c3e5ee41bfdd0,2026-01-27T04:04:47Z,2,Was not expecting this,f46457fc78804fbe85722d33fed87653
spotify:track:7aYWqMmkmU8tGp0tl5fHGJ,7fdceb56429c4e38939c3e5ee41bfdd0,2026-01-27T04:04:47Z,1,,f46457fc78804fbe85722d33fed87653
spotify:track:7ytzJQs2dMr3n8rjbhO7ZY,7fdceb56429c4e38939c3e5ee41bfdd0,2026-01-27T04:04:47Z,1,Awesome for the prompt ,f46457fc78804fbe85722d33fed87653
spotify:track:7aYWqMmkmU8tGp0tl5fHGJ,0d42af6c19054b7dbbe4aa499186e408,2026-01-27T05:23:59Z,2,"Imprisoned and in exile for decades, and 80 years old and still doing it. Also just a really, really good song. ",f46457fc78804fbe85722d33fed87653
spotify:track:7ytzJQs2dMr3n8rjbhO7ZY,0d42af6c19054b7dbbe4aa499186e408,2026-01-27T05:23:59Z,1,Not my favorite song musically but who cares what I think. This was so ahead of its time. ,f46457fc78804fbe85722d33fed87653
spotify:track:5ZHwfKavsGKZiEXs68y7CF,0d42af6c19054b7dbbe4aa499186e408,2026-01-27T05:23:59Z,1,beautiful. man these noise-canceling AirPods are fun. ,f46457fc78804fbe85722d33fed87653
spotify:track:58H2Z73c7k2UoTMAR739Az,0d42af6c19054b7dbbe4aa499186e408,2026-01-27T05:23:59Z,3,"Well Sinead O'Rebellion...shock me shock me shock me with that deviant behavior. (https://www.youtube.com/watch?v=V4V4eztRr-8&t=2s)

Perhaps my favorite of the playlist. Man people did this woman dirty while she was alive. This song is so powerful. Certainly, the one I've gone back to the most here. The idea of not wanting your own children to be aware of the present horrors facing Other children really hits home in a sort of Maggie Smith Good Bones (https://www.poetryfoundation.org/poems/89897/good-bones) kind of way. 

But then I remember there are kickass 9 year olds like Asa rocking their Dad's music league, and I know we will all be ok. 

P.S. the opening ""Margaret Thatcher on TV"" really reminds me of the slowed-down cadence of ""Mott the Hoople and the Game of Life/ya ya ya ya...""  ",f46457fc78804fbe85722d33fed87653
spotify:track:4Lmy3mRYPTCQE6ppBwskMl,0d42af6c19054b7dbbe4aa499186e408,2026-01-27T05:23:59Z,1,"Another great find by a clearly, hugely influential human whom I am just learning about now because of this group. And we both studied writing in Baltimore...I wrote about Spare Ass Annie...he wrote poems and songs that changed the world. Also had no idea he played on Blazing Arrow... ",f46457fc78804fbe85722d33fed87653
spotify:track:3O19QKuUpencddzSXCoKBY,0d42af6c19054b7dbbe4aa499186e408,2026-01-27T05:23:59Z,1,"Exactly 40 years after the Phil Ochs tune and an eerie retelling. And funny, too. Remember when all we cared about was imperialism and election fraud? ",f46457fc78804fbe85722d33fed87653
spotify:track:2OVpBPW9PnqpfwlhW09J2C,0d42af6c19054b7dbbe4aa499186e408,2026-01-27T05:23:59Z,1,What a find. This song is awesome. ,f46457fc78804fbe85722d33fed87653
spotify:track:1XaSgwyBiioxTuWfruk0XW,0d42af6c19054b7dbbe4aa499186e408,2026-01-27T05:23:59Z,2,"Killing in the Name-- 0 points. Appreciate the take but the original is just so perfect; this kind of reinterpretation makes it all feel too light. Which I guess is the point of comedy. 

Mississippi Goddam - 2 goddamn points. Go Nina. And to be written directly post Medgar Evans/Birmingham church bombing in less than an hour. And to be performed by an artist who was already so popular for work that was not this level of publicly pissed off. When to be this publicly pissed off was (..still is?) dangerous for a black woman...Go Nina. ",f46457fc78804fbe85722d33fed87653
spotify:track:1CX9AI9oP2fBDxv0IEmiD4,0d42af6c19054b7dbbe4aa499186e408,2026-01-27T05:23:59Z,0,"...as American slaves would sing in a call/response while actively in the process of being enslaved, and it was more than a 100 years after that when slavery was abolished, reverberations of which we all know persist and define us. So how is it a protest song? Is the mere singing of it an act of protest, when singing--and not speaking or chanting--was often the only thing allowed in slave fields? Did this song and those like it lead to the abolition of slavery? No. But maybe it and other 18th/19th century traditionals helped give a voice to the voiceless, which in turn maybe, hopefully, gave our most marginalized and abused members of humanity a collective feeling that one day they would overcome the atrocities imposed upon them. I have no idea, and as a privileged white boy from the NYC suburbs, I am not equipped to be opining on any of this...except that as good as this playlist is, amidst everything happening today, I feel less hopeful about the power of music...Cont. for pts.",f46457fc78804fbe85722d33fed87653
spotify:track:19vif5x0vGqHgc3GEirUqN,0d42af6c19054b7dbbe4aa499186e408,2026-01-27T05:23:59Z,0,"I respect that this artist exists in a contemporary time when this music is needed. His spotify radio wormhole highlighted a much larger group of artists in this current space than I realized...or perhaps more shamefully...have cared to seek out? Do things feel a too dismal, dystopian, pre-determined for there to be any kind of hope that any kind of music could have any kind of impact--especially folk? Is this just a derivative of a scene that was once edgy and is now more heralded by musicianship than lyricism? Or doesn't lend itself to angry vocals the way rap or heavy metal does? OR are we experiencing a conscientious folk revival that I am too lazy to explore? I fully acknowledge that the latter may be the reality, but I also tend to agree with Dylan's sentiment that you can't change anything with a song, only of course that a song can be representative of something much larger. The song I chose probably originated around 1750 (Cont. next comment...) ",f46457fc78804fbe85722d33fed87653
spotify:track:18bzuq8A21sRcI4w4gqGD2,0d42af6c19054b7dbbe4aa499186e408,2026-01-27T05:23:59Z,1,"Point for folk, for comedic commentary, and for an artist who left us too early. ",f46457fc78804fbe85722d33fed87653
spotify:track:6dSdoRdRIJ7fUvxDRq9Ln1,0d42af6c19054b7dbbe4aa499186e408,2026-01-27T05:23:59Z,0,"Just a casualty of the playlist. I happen to like the earlier Mayfield song more, and ran out of points to give. As I currently type this I'm at 19/16 and need to figure out how to make it under the gun...",f46457fc78804fbe85722d33fed87653
spotify:track:0izzSOqBR4gdzCCWRnrzPd,0d42af6c19054b7dbbe4aa499186e408,2026-01-27T05:23:59Z,2,"Huge blind spot here. Knew the Dylan version from the extended basement tapes and assumed it was an old folk tune, not a 1965 (2 years before dylan/the Band recorded) gospel/doo-wop tune. Does it fit the Diskin pre-determined cannon of songs you can chant/sing while actively protesting...no. Not the least of which because no one can sing like this. At what point is the writing/composing of a song during a dangerous time for the writer/composer enough of an act of protest in and of itself? Even if this wasn't an athem...and even if it's popular...it's a damn near perfect song. ",f46457fc78804fbe85722d33fed87653
spotify:track:0uZxnOtCu446rl8zEAEuwX,0d42af6c19054b7dbbe4aa499186e408,2026-01-27T05:23:59Z,1,I'm in awe of this group's ability to find strong early 70s funk songs. Lyrics a little hokey? Ya...but the music is awesome. And it's 1972. And it's a new discovery for me. Point.,f46457fc78804fbe85722d33fed87653
spotify:track:0q5giEtY4wsFTwjWqswLwx,0d42af6c19054b7dbbe4aa499186e408,2026-01-27T05:23:59Z,0,"Glad Marley is represented here. Book Rec: A Brief History of Seven Killings.

Not the tune I would have picked (wanted for a time to add Soul Captives to this playlist but sadly another Spotify victim...the irony of us hosting a protest playlist on spotify. alas our best option. reminds me of the chinatown line: https://www.youtube.com/watch?v=kh0exWqvxeI :""Course he has to swim in the same water we all do."") 

Pains me to give any Marley song 0 points but that is simply because of the quality of the rest of these ",f46457fc78804fbe85722d33fed87653
spotify:track:0izzSOqBR4gdzCCWRnrzPd,a2909b31d1c04d728cfcf68ca0d73cca,2026-01-27T12:59:39Z,1,,f46457fc78804fbe85722d33fed87653
spotify:track:0q5giEtY4wsFTwjWqswLwx,a2909b31d1c04d728cfcf68ca0d73cca,2026-01-27T12:59:39Z,1,Classic ,f46457fc78804fbe85722d33fed87653
spotify:track:0uZxnOtCu446rl8zEAEuwX,a2909b31d1c04d728cfcf68ca0d73cca,2026-01-27T12:59:39Z,1,,f46457fc78804fbe85722d33fed87653
spotify:track:0wIPOYPwoD1y4LyU3ZDi6D,a2909b31d1c04d728cfcf68ca0d73cca,2026-01-27T12:59:39Z,1,,f46457fc78804fbe85722d33fed87653
spotify:track:18bzuq8A21sRcI4w4gqGD2,a2909b31d1c04d728cfcf68ca0d73cca,2026-01-27T12:59:39Z,1,,f46457fc78804fbe85722d33fed87653
spotify:track:19vif5x0vGqHgc3GEirUqN,a2909b31d1c04d728cfcf68ca0d73cca,2026-01-27T12:59:39Z,1,,f46457fc78804fbe85722d33fed87653
spotify:track:1CX9AI9oP2fBDxv0IEmiD4,a2909b31d1c04d728cfcf68ca0d73cca,2026-01-27T12:59:39Z,1,This is much happier sounding than the original,f46457fc78804fbe85722d33fed87653
spotify:track:2OVpBPW9PnqpfwlhW09J2C,a2909b31d1c04d728cfcf68ca0d73cca,2026-01-27T12:59:39Z,1,,f46457fc78804fbe85722d33fed87653
spotify:track:3O19QKuUpencddzSXCoKBY,a2909b31d1c04d728cfcf68ca0d73cca,2026-01-27T12:59:39Z,1,Very good question ,f46457fc78804fbe85722d33fed87653
spotify:track:4Lmy3mRYPTCQE6ppBwskMl,a2909b31d1c04d728cfcf68ca0d73cca,2026-01-27T12:59:39Z,2,Has to be Kenny’s pick.,f46457fc78804fbe85722d33fed87653
spotify:track:58H2Z73c7k2UoTMAR739Az,a2909b31d1c04d728cfcf68ca0d73cca,2026-01-27T12:59:39Z,1,Damn guess I can use this for the next round anymore ,f46457fc78804fbe85722d33fed87653
spotify:track:5ZHwfKavsGKZiEXs68y7CF,a2909b31d1c04d728cfcf68ca0d73cca,2026-01-27T12:59:39Z,1,,f46457fc78804fbe85722d33fed87653
spotify:track:6dSdoRdRIJ7fUvxDRq9Ln1,a2909b31d1c04d728cfcf68ca0d73cca,2026-01-27T12:59:39Z,1,,f46457fc78804fbe85722d33fed87653
spotify:track:7aYWqMmkmU8tGp0tl5fHGJ,a2909b31d1c04d728cfcf68ca0d73cca,2026-01-27T12:59:39Z,1,Gonna need to google what this is about ,f46457fc78804fbe85722d33fed87653
spotify:track:7ytzJQs2dMr3n8rjbhO7ZY,a2909b31d1c04d728cfcf68ca0d73cca,2026-01-27T12:59:39Z,1,Not the kind of protest I was thinking of but still giving it a point for creativity ,f46457fc78804fbe85722d33fed87653
spotify:track:0izzSOqBR4gdzCCWRnrzPd,9b7e03ea90dd46db9779dc21eb04ca5a,2026-01-27T14:28:04Z,1,,f46457fc78804fbe85722d33fed87653
spotify:track:0uZxnOtCu446rl8zEAEuwX,9b7e03ea90dd46db9779dc21eb04ca5a,2026-01-27T14:28:04Z,2,,f46457fc78804fbe85722d33fed87653
spotify:track:19vif5x0vGqHgc3GEirUqN,9b7e03ea90dd46db9779dc21eb04ca5a,2026-01-27T14:28:04Z,1,,f46457fc78804fbe85722d33fed87653
spotify:track:1XaSgwyBiioxTuWfruk0XW,9b7e03ea90dd46db9779dc21eb04ca5a,2026-01-27T14:28:04Z,2,,f46457fc78804fbe85722d33fed87653
spotify:track:2OVpBPW9PnqpfwlhW09J2C,9b7e03ea90dd46db9779dc21eb04ca5a,2026-01-27T14:28:04Z,3,,f46457fc78804fbe85722d33fed87653
spotify:track:4Lmy3mRYPTCQE6ppBwskMl,9b7e03ea90dd46db9779dc21eb04ca5a,2026-01-27T14:28:04Z,1,,f46457fc78804fbe85722d33fed87653
spotify:track:5ZHwfKavsGKZiEXs68y7CF,9b7e03ea90dd46db9779dc21eb04ca5a,2026-01-27T14:28:04Z,2,,f46457fc78804fbe85722d33fed87653
spotify:track:6dSdoRdRIJ7fUvxDRq9Ln1,9b7e03ea90dd46db9779dc21eb04ca5a,2026-01-27T14:28:04Z,1,,f46457fc78804fbe85722d33fed87653
spotify:track:7aYWqMmkmU8tGp0tl5fHGJ,9b7e03ea90dd46db9779dc21eb04ca5a,2026-01-27T14:28:04Z,2,,f46457fc78804fbe85722d33fed87653
spotify:track:7ytzJQs2dMr3n8rjbhO7ZY,9b7e03ea90dd46db9779dc21eb04ca5a,2026-01-27T14:28:04Z,1,,f46457fc78804fbe85722d33fed87653
spotify:track:19vif5x0vGqHgc3GEirUqN,0b4377c224ba402d97adce848425da90,2026-01-27T16:54:54Z,2,Incisive,f46457fc78804fbe85722d33fed87653
spotify:track:1XaSgwyBiioxTuWfruk0XW,0b4377c224ba402d97adce848425da90,2026-01-27T16:54:54Z,2,Was on my short list for On the Map. Better here. Nice version 👌 ,f46457fc78804fbe85722d33fed87653
spotify:track:2OVpBPW9PnqpfwlhW09J2C,0b4377c224ba402d97adce848425da90,2026-01-27T16:54:54Z,1,,f46457fc78804fbe85722d33fed87653
spotify:track:3O19QKuUpencddzSXCoKBY,0b4377c224ba402d97adce848425da90,2026-01-27T16:54:54Z,2,So many great lines ,f46457fc78804fbe85722d33fed87653
spotify:track:4Lmy3mRYPTCQE6ppBwskMl,0b4377c224ba402d97adce848425da90,2026-01-27T16:54:54Z,1,,f46457fc78804fbe85722d33fed87653
spotify:track:5ZHwfKavsGKZiEXs68y7CF,0b4377c224ba402d97adce848425da90,2026-01-27T16:54:54Z,1,Gorgeous ,f46457fc78804fbe85722d33fed87653
spotify:track:6dSdoRdRIJ7fUvxDRq9Ln1,0b4377c224ba402d97adce848425da90,2026-01-27T16:54:54Z,4,"This song has everything. Great lyrics, nasty breakdown section… then he hits you with the harp?!Total package. ",f46457fc78804fbe85722d33fed87653
spotify:track:7aYWqMmkmU8tGp0tl5fHGJ,0b4377c224ba402d97adce848425da90,2026-01-27T16:54:54Z,3,Willie O. vibes... in the best way. Rolling Stone called the song a Molotov cocktail thrown at the white government. So I assume the lyrics are cool. ,f46457fc78804fbe85722d33fed87653
spotify:track:58H2Z73c7k2UoTMAR739Az,f1f0f2ed0eb64306992b613229fb7972,2026-01-27T20:17:36Z,1,"Ugh, I can't not give Sinéad any points. She *is* protest music. Need to find one somewhere. This is pretty, have never heard it before. The great part about protest songs/political/social commentary is that it sheds light on events that may have otherwise been forgotten. I didn't know about the event she was singing about, but now I do ❤️‍🩹",f46457fc78804fbe85722d33fed87653
spotify:track:0wIPOYPwoD1y4LyU3ZDi6D,f1f0f2ed0eb64306992b613229fb7972,2026-01-27T20:17:36Z,1,"Beautiful voices. What are they protesting, though? I'm reading an analysis of this song rn here https://www.hymnfortheday.com/post/hymn-303-we-are-climbing-jacob-s-ladder but I'm not sure I would've understood the context of the song had I not read that. For that reason, I'm not sure I can give it that many points as a protest song. It's pretty to listen to, however, so here is 1. ",f46457fc78804fbe85722d33fed87653
spotify:track:18bzuq8A21sRcI4w4gqGD2,f1f0f2ed0eb64306992b613229fb7972,2026-01-27T20:17:36Z,2,"""It's always the old to lead us to the wars
Always the young to fall
Now look at all we've won with the saber and the gun
Tell me is it worth it all?"" -- Same as it ever was... Definitely a timeless protest song. This should probably win ¯\_(ツ)_/¯ ",f46457fc78804fbe85722d33fed87653
spotify:track:19vif5x0vGqHgc3GEirUqN,f1f0f2ed0eb64306992b613229fb7972,2026-01-27T20:17:36Z,1,"Oooooof. Fuck this shit. I hate this timeline so god damn much. Ugh, how is this real life? ""They're in need of you needin' to feel like a man"" is so fucking real. 

""If you're seekin' respect and attention
If you're in need of a gig that'll make you feel big
Come with me and put some folks in detention""

Great lyrics here. Dig this one a lot. ",f46457fc78804fbe85722d33fed87653
spotify:track:1CX9AI9oP2fBDxv0IEmiD4,f1f0f2ed0eb64306992b613229fb7972,2026-01-27T20:17:36Z,0,"Ugh, lol. This is SUCH a sick Rage song. It is just *not* scratching that itch for me here, lol. (Gotta be Kenny, right?) Fwiw, I *am* cracking up, but I'm not sure I'm happy about it. This is so rough, lol. Like, the biggest of blue balls here. Solid xylo solo, however... 🤔 Ugh, maybe I can spare a point. (Fuck you, I will not do what you tell me!) Upon further investigation, RATM *is* available on Spotify so no idea why you went with this version vs. the original. Zero points. Sry. ",f46457fc78804fbe85722d33fed87653
spotify:track:1XaSgwyBiioxTuWfruk0XW,f1f0f2ed0eb64306992b613229fb7972,2026-01-27T20:17:36Z,2,"Same ""Ugh, same as it ever was..."" feeling about this tune from 1964?? SIXTY TWO years ago? And we're still dealing with the saaaaame shit? Ugh ugh ugh. (What PIPES on Ms. Simone, however. And the 'tude. Goddam is right ❤️‍🔥 Brown v. Board of Ed was only 10 years before this track was sung. That's WILD. This country is a FUCKED up place to live... 🫠",f46457fc78804fbe85722d33fed87653
spotify:track:2OVpBPW9PnqpfwlhW09J2C,f1f0f2ed0eb64306992b613229fb7972,2026-01-27T20:17:36Z,1,"Wow, love this. What an upbeat, happy-sounding song. It's direct in its request but not in an angry or aggressive way. This is great. Okay, trumpet solo! 🎺 Wow. Feels like a JazzFest late night jam sesh that has jumped the rails (in the BEST way imaginable 😮‍💨). Really, catchy AF. Enjoyed this track quite a bit. Didn't have enough points to earn the 2 it started out with. Too many great tracks on this week's playlist! Sorry!!!",f46457fc78804fbe85722d33fed87653
spotify:track:3O19QKuUpencddzSXCoKBY,f1f0f2ed0eb64306992b613229fb7972,2026-01-27T20:17:36Z,1,Oof. This one hurts in our current situation. Didn't realize Bright Eyes were so political. This is intense (complimentary). ,f46457fc78804fbe85722d33fed87653
spotify:track:0izzSOqBR4gdzCCWRnrzPd,f1f0f2ed0eb64306992b613229fb7972,2026-01-27T20:17:36Z,1,"(Spund?) While I definitely like this song, even with reading the lyrics as I listen, I have absolutely no idea what it's protesting? With some research, I learned that ""Martin Luther King Jr. named the song the unofficial anthem of the Civil Rights Movement and often used the song to get people marching or to calm and comfort them."" (!!) I definitely wouldn't have known that from just listening. Really lovely song. Point worthy. ",f46457fc78804fbe85722d33fed87653
spotify:track:0q5giEtY4wsFTwjWqswLwx,f1f0f2ed0eb64306992b613229fb7972,2026-01-27T20:17:36Z,0,"Classic. Feels like a bit of a basic pick to me tho. That was bound to happen to *some* extent with this prompt however, I only see 1 or 2 more that I'm familiar with so...  ¯\_(ツ)_/¯  Maybe not. Probably gets 1 point, not sure I can give more than that. (Edit: Sry, had to borrow this point to gift to another pick. Apologies!) ",f46457fc78804fbe85722d33fed87653
spotify:track:0uZxnOtCu446rl8zEAEuwX,f1f0f2ed0eb64306992b613229fb7972,2026-01-27T20:17:36Z,2,"Fuck yeah. Love this tune. But whoa, boy... What Kenny said -- ""God damn it’s sad how old some of these songs are. Saaaaame ol shit"" -- It is. This song just feels SO relevant right now, and the fact that it was written FIFTY FIVE years ago??? Oof. Fuckkkk that shit, man. What are we all DOING??? 😑😑😑 ",f46457fc78804fbe85722d33fed87653
spotify:track:4Lmy3mRYPTCQE6ppBwskMl,f1f0f2ed0eb64306992b613229fb7972,2026-01-27T20:17:36Z,1,"G S-H screams Kenny to me, but this could also be Rick... Very catchy song, had not heard it before. This song *sounds* like it's from 1980, ha. It's a bop, but it's probably about twice as long as it needs to be. Just got receptive after a while. I guess protest songs rely on repetition to be memorable & effective, but this just got tired after a while. Hmm, I guess the last minute & a half of the track is talking? Let's see what this is about. Oh, it's an intro to the next song. Hmmm, that makes me think it might be Kenny again, bc I'd understand that this was maybe not the best version. Although, he did just start talking about illegal aliens, which adds to the protest song element of this choice. However, it then just cuts off. Strange. Hmm. Maybe 1 point. ",f46457fc78804fbe85722d33fed87653
spotify:track:5ZHwfKavsGKZiEXs68y7CF,f1f0f2ed0eb64306992b613229fb7972,2026-01-27T20:17:36Z,1,"This is spectacularly beautiful. And then we're clapping, too?? Oh, fuck yes 👏🏾👏🏾👏🏾  This is catchy AF. Going to find myself singing this to myself all week, methinks. Walk... walk... walk.. walk... Aw, man. The cheers from fellow choir members when she sings, ""When I'm singing and shouting with my mind stayеd on freedom!""?? 🥹😭💖 Goosebumps! ",f46457fc78804fbe85722d33fed87653
spotify:track:6dSdoRdRIJ7fUvxDRq9Ln1,f1f0f2ed0eb64306992b613229fb7972,2026-01-27T20:17:36Z,1,"Didn't know this one by him. Digging it, lyrically. This lil' breakdown here is dope, as well. ",f46457fc78804fbe85722d33fed87653
spotify:track:7aYWqMmkmU8tGp0tl5fHGJ,f1f0f2ed0eb64306992b613229fb7972,2026-01-27T20:17:36Z,1,"Dug this one. Love that it was an encoded protest song, that's pretty badass. ",f46457fc78804fbe85722d33fed87653
spotify:track:7ytzJQs2dMr3n8rjbhO7ZY,f1f0f2ed0eb64306992b613229fb7972,2026-01-27T20:17:36Z,0,"One of her best known songs as well as the most controversial record of her career. It's about the freedom a woman receives from birth control pills. The song tells a story of a wife who is upset about her husband getting her pregnant year after year, but is now happy bc she can control her own reproductive choices because she has ""the pill"" (which had been introduced in 1960). The song, like many of Lynn's other hits, suggested her personal life: she'd had SIX children, FOUR of whom were born BEFORE SHE WAS 20! The song's frank discussion of birth control, something that was considered risqué subject matter at the time (especially in country music), led to a number of country radio stations refusing to play it. In an interview, Lynn recounted how she had been congratulated after the song's success by a number of rural physicians, telling her how ""The Pill"" had done more to highlight the availability of birth control in isolated, rural areas, than all the literature they had released.",f46457fc78804fbe85722d33fed87653
spotify:track:0izzSOqBR4gdzCCWRnrzPd,e5c2390073644e979f43e744c33e6c60,2026-01-28T00:16:05Z,1,I have never heard this version before! Only bob’s one love/people get ready. And I feel ashamed since my first tattoo says one love one heart in Hebrew,f46457fc78804fbe85722d33fed87653
spotify:track:0q5giEtY4wsFTwjWqswLwx,e5c2390073644e979f43e744c33e6c60,2026-01-28T00:16:05Z,1,Great song but very introductory protest song from Robert Nesta Marley! Lots of others to choose from,f46457fc78804fbe85722d33fed87653
spotify:track:0uZxnOtCu446rl8zEAEuwX,e5c2390073644e979f43e744c33e6c60,2026-01-28T00:16:05Z,2,Powerful funky song one of my favorites this round,f46457fc78804fbe85722d33fed87653
spotify:track:0wIPOYPwoD1y4LyU3ZDi6D,e5c2390073644e979f43e744c33e6c60,2026-01-28T00:16:05Z,1,,f46457fc78804fbe85722d33fed87653
spotify:track:18bzuq8A21sRcI4w4gqGD2,e5c2390073644e979f43e744c33e6c60,2026-01-28T00:16:05Z,2,,f46457fc78804fbe85722d33fed87653
spotify:track:19vif5x0vGqHgc3GEirUqN,e5c2390073644e979f43e744c33e6c60,2026-01-28T00:16:05Z,0,Sorry I hate this dude,f46457fc78804fbe85722d33fed87653
spotify:track:1CX9AI9oP2fBDxv0IEmiD4,e5c2390073644e979f43e744c33e6c60,2026-01-28T00:16:05Z,1,"Had to make sure this wasn’t AI, I love rage too much to give this more than 1 point",f46457fc78804fbe85722d33fed87653
spotify:track:1XaSgwyBiioxTuWfruk0XW,e5c2390073644e979f43e744c33e6c60,2026-01-28T00:16:05Z,2,,f46457fc78804fbe85722d33fed87653
spotify:track:2OVpBPW9PnqpfwlhW09J2C,e5c2390073644e979f43e744c33e6c60,2026-01-28T00:16:05Z,2,,f46457fc78804fbe85722d33fed87653
spotify:track:3O19QKuUpencddzSXCoKBY,e5c2390073644e979f43e744c33e6c60,2026-01-28T00:16:05Z,1,,f46457fc78804fbe85722d33fed87653
spotify:track:4Lmy3mRYPTCQE6ppBwskMl,e5c2390073644e979f43e744c33e6c60,2026-01-28T00:16:05Z,2,,f46457fc78804fbe85722d33fed87653
spotify:track:6dSdoRdRIJ7fUvxDRq9Ln1,e5c2390073644e979f43e744c33e6c60,2026-01-28T00:16:05Z,1,,f46457fc78804fbe85722d33fed87653
spotify:track:0izzSOqBR4gdzCCWRnrzPd,605866a938e54c5da212fc8595186729,2026-01-28T14:24:58Z,2,Gorgeous,f46457fc78804fbe85722d33fed87653
spotify:track:0q5giEtY4wsFTwjWqswLwx,605866a938e54c5da212fc8595186729,2026-01-28T14:24:58Z,1,,f46457fc78804fbe85722d33fed87653
spotify:track:0uZxnOtCu446rl8zEAEuwX,605866a938e54c5da212fc8595186729,2026-01-28T14:24:58Z,1,,f46457fc78804fbe85722d33fed87653
spotify:track:0wIPOYPwoD1y4LyU3ZDi6D,605866a938e54c5da212fc8595186729,2026-01-28T14:24:58Z,1,,f46457fc78804fbe85722d33fed87653
spotify:track:19vif5x0vGqHgc3GEirUqN,605866a938e54c5da212fc8595186729,2026-01-28T14:24:58Z,0,Already not a Jesse Welles fan and really hate this tbh. I appreciate that he’s responding to the moment but also feels like he’s doing it for his social media presence… not a fan ,f46457fc78804fbe85722d33fed87653
spotify:track:1CX9AI9oP2fBDxv0IEmiD4,605866a938e54c5da212fc8595186729,2026-01-28T14:24:58Z,0,I don’t care for this ,f46457fc78804fbe85722d33fed87653
spotify:track:1XaSgwyBiioxTuWfruk0XW,605866a938e54c5da212fc8595186729,2026-01-28T14:24:58Z,2,Was on my short list! ,f46457fc78804fbe85722d33fed87653
spotify:track:2OVpBPW9PnqpfwlhW09J2C,605866a938e54c5da212fc8595186729,2026-01-28T14:24:58Z,1,,f46457fc78804fbe85722d33fed87653
spotify:track:3O19QKuUpencddzSXCoKBY,605866a938e54c5da212fc8595186729,2026-01-28T14:24:58Z,0,Most spoken word “songs” aren’t for me… sorry  ,f46457fc78804fbe85722d33fed87653
spotify:track:4Lmy3mRYPTCQE6ppBwskMl,605866a938e54c5da212fc8595186729,2026-01-28T14:24:58Z,1,,f46457fc78804fbe85722d33fed87653
spotify:track:58H2Z73c7k2UoTMAR739Az,605866a938e54c5da212fc8595186729,2026-01-28T14:24:58Z,2,Had a whole Sinead phase a few years ago <3,f46457fc78804fbe85722d33fed87653
spotify:track:5ZHwfKavsGKZiEXs68y7CF,605866a938e54c5da212fc8595186729,2026-01-28T14:24:58Z,1,Love this and loved seeing them at Newport <3 but a few too many hallelujahs for 2 pts on this playlist ,f46457fc78804fbe85722d33fed87653
spotify:track:6dSdoRdRIJ7fUvxDRq9Ln1,605866a938e54c5da212fc8595186729,2026-01-28T14:24:58Z,2,,f46457fc78804fbe85722d33fed87653
spotify:track:7aYWqMmkmU8tGp0tl5fHGJ,605866a938e54c5da212fc8595186729,2026-01-28T14:24:58Z,1,Enjoyed this in my research! ,f46457fc78804fbe85722d33fed87653
spotify:track:7ytzJQs2dMr3n8rjbhO7ZY,605866a938e54c5da212fc8595186729,2026-01-28T14:24:58Z,1,,f46457fc78804fbe85722d33fed87653
spotify:track:0izzSOqBR4gdzCCWRnrzPd,1c89e947d02949ed86d05ec22a7350bf,2026-01-28T14:56:39Z,1,"great start to the list, very grounding ",f46457fc78804fbe85722d33fed87653
spotify:track:0q5giEtY4wsFTwjWqswLwx,1c89e947d02949ed86d05ec22a7350bf,2026-01-28T14:56:39Z,1,classic,f46457fc78804fbe85722d33fed87653
spotify:track:0uZxnOtCu446rl8zEAEuwX,1c89e947d02949ed86d05ec22a7350bf,2026-01-28T14:56:39Z,1,,f46457fc78804fbe85722d33fed87653
spotify:track:0wIPOYPwoD1y4LyU3ZDi6D,1c89e947d02949ed86d05ec22a7350bf,2026-01-28T14:56:39Z,2,"preach, clearly influenced the Resistance Revival Corus that I found.  super powerful stuff",f46457fc78804fbe85722d33fed87653
spotify:track:18bzuq8A21sRcI4w4gqGD2,1c89e947d02949ed86d05ec22a7350bf,2026-01-28T14:56:39Z,1,gotta keep marching. ,f46457fc78804fbe85722d33fed87653
spotify:track:19vif5x0vGqHgc3GEirUqN,1c89e947d02949ed86d05ec22a7350bf,2026-01-28T14:56:39Z,2,nailed it. i hate it here. ,f46457fc78804fbe85722d33fed87653
spotify:track:1XaSgwyBiioxTuWfruk0XW,1c89e947d02949ed86d05ec22a7350bf,2026-01-28T14:56:39Z,1,,f46457fc78804fbe85722d33fed87653
spotify:track:2OVpBPW9PnqpfwlhW09J2C,1c89e947d02949ed86d05ec22a7350bf,2026-01-28T14:56:39Z,2,I had the privilege of being in SA on Mandela's birthday once. ,f46457fc78804fbe85722d33fed87653
spotify:track:3O19QKuUpencddzSXCoKBY,1c89e947d02949ed86d05ec22a7350bf,2026-01-28T14:56:39Z,0,makes ya think for sure,f46457fc78804fbe85722d33fed87653
spotify:track:58H2Z73c7k2UoTMAR739Az,1c89e947d02949ed86d05ec22a7350bf,2026-01-28T14:56:39Z,1,lotta respect for sinead o'connor. ,f46457fc78804fbe85722d33fed87653
spotify:track:6dSdoRdRIJ7fUvxDRq9Ln1,1c89e947d02949ed86d05ec22a7350bf,2026-01-28T14:56:39Z,2,hit on both message and actual song,f46457fc78804fbe85722d33fed87653
spotify:track:7aYWqMmkmU8tGp0tl5fHGJ,1c89e947d02949ed86d05ec22a7350bf,2026-01-28T14:56:39Z,1,,f46457fc78804fbe85722d33fed87653
spotify:track:7ytzJQs2dMr3n8rjbhO7ZY,1c89e947d02949ed86d05ec22a7350bf,2026-01-28T14:56:39Z,1,f the patriarchy,f46457fc78804fbe85722d33fed87653
spotify:track:0izzSOqBR4gdzCCWRnrzPd,48468f9ee55c4e71b349a5f376d4d792,2026-01-28T21:00:17Z,1,It’s slow but it’s a protest song ,f46457fc78804fbe85722d33fed87653
spotify:track:0q5giEtY4wsFTwjWqswLwx,48468f9ee55c4e71b349a5f376d4d792,2026-01-28T21:00:17Z,3,It’s a good song and it tells people to stand up for your rights ,f46457fc78804fbe85722d33fed87653
spotify:track:0uZxnOtCu446rl8zEAEuwX,48468f9ee55c4e71b349a5f376d4d792,2026-01-28T21:00:17Z,2,I like it and it’s a protest song but I don’t know what it’s saying ,f46457fc78804fbe85722d33fed87653
spotify:track:0wIPOYPwoD1y4LyU3ZDi6D,48468f9ee55c4e71b349a5f376d4d792,2026-01-28T21:00:17Z,0,It’s a really slow song ,f46457fc78804fbe85722d33fed87653
spotify:track:7ytzJQs2dMr3n8rjbhO7ZY,48468f9ee55c4e71b349a5f376d4d792,2026-01-28T21:00:17Z,0,I didn’t like it cause I didn’t ,f46457fc78804fbe85722d33fed87653
spotify:track:7aYWqMmkmU8tGp0tl5fHGJ,48468f9ee55c4e71b349a5f376d4d792,2026-01-28T21:00:17Z,1,It’s good and it’s good as a protest song. I don’t know why but I know it says some stuff ,f46457fc78804fbe85722d33fed87653
spotify:track:6dSdoRdRIJ7fUvxDRq9Ln1,48468f9ee55c4e71b349a5f376d4d792,2026-01-28T21:00:17Z,1,It’s good ,f46457fc78804fbe85722d33fed87653
spotify:track:5ZHwfKavsGKZiEXs68y7CF,48468f9ee55c4e71b349a5f376d4d792,2026-01-28T21:00:17Z,2,It was good and freedom is good because before people couldn’t do what they wanted to do like Amelia Earhart and Martin Luther king ,f46457fc78804fbe85722d33fed87653
spotify:track:58H2Z73c7k2UoTMAR739Az,48468f9ee55c4e71b349a5f376d4d792,2026-01-28T21:00:17Z,0,It’s really way too slow ,f46457fc78804fbe85722d33fed87653
spotify:track:4Lmy3mRYPTCQE6ppBwskMl,48468f9ee55c4e71b349a5f376d4d792,2026-01-28T21:00:17Z,1,The voice is not that clear but I like background music ,f46457fc78804fbe85722d33fed87653
spotify:track:3O19QKuUpencddzSXCoKBY,48468f9ee55c4e71b349a5f376d4d792,2026-01-28T21:00:17Z,0,It’s like a little bit slow and too angry ,f46457fc78804fbe85722d33fed87653
spotify:track:2OVpBPW9PnqpfwlhW09J2C,48468f9ee55c4e71b349a5f376d4d792,2026-01-28T21:00:17Z,2,There is good trumpet in it ,f46457fc78804fbe85722d33fed87653
spotify:track:1XaSgwyBiioxTuWfruk0XW,48468f9ee55c4e71b349a5f376d4d792,2026-01-28T21:00:17Z,1,It’s really good but I’m not really sure what it’s saying ,f46457fc78804fbe85722d33fed87653
spotify:track:19vif5x0vGqHgc3GEirUqN,48468f9ee55c4e71b349a5f376d4d792,2026-01-28T21:00:17Z,1,It’s not appropriate for kids cause it says gun,f46457fc78804fbe85722d33fed87653
spotify:track:18bzuq8A21sRcI4w4gqGD2,48468f9ee55c4e71b349a5f376d4d792,2026-01-28T21:00:17Z,1,It sounds like one of my papa’s songs ,f46457fc78804fbe85722d33fed87653
spotify:track:0jD1aIbj43vimANzZwWzoG,48468f9ee55c4e71b349a5f376d4d792,2026-01-31T15:09:26Z,1,It’s rock and roll!! It’s like the train sound but the singer sounds like he’s yelling ,f037c691958b46f79420b9d334aaf398
spotify:track:0sFjJMVHFifVUDdtJxiJbD,48468f9ee55c4e71b349a5f376d4d792,2026-01-31T15:09:26Z,0,It’s a bad song and I don’t like it cause it’s weird and I don’t know what the last train means ,f037c691958b46f79420b9d334aaf398
spotify:track:1I32D5O8mjfQEglezN4bY0,48468f9ee55c4e71b349a5f376d4d792,2026-01-31T15:09:26Z,0,It’s mostly drums and can barely hear the other instruments ,f037c691958b46f79420b9d334aaf398
spotify:track:1VYoRIkm4yC4OwGcfq9Tjm,48468f9ee55c4e71b349a5f376d4d792,2026-01-31T15:09:26Z,0,I just don’t like it ,f037c691958b46f79420b9d334aaf398
spotify:track:2WbKDH7BbDUHqACsZH0KVW,48468f9ee55c4e71b349a5f376d4d792,2026-01-31T15:09:26Z,4,It’s a really good bass. First three of the season. Oh I have an extra point after the end so give it to the song I really liked before. ,f037c691958b46f79420b9d334aaf398
spotify:track:2weyqq08Q0wTRlG5T4HPhP,48468f9ee55c4e71b349a5f376d4d792,2026-01-31T15:09:26Z,0,It’s too slow ,f037c691958b46f79420b9d334aaf398
spotify:track:3coHHhQWjkv8mcUkpkRKfC,48468f9ee55c4e71b349a5f376d4d792,2026-01-31T15:09:26Z,0,It should have words but doesn’t ,f037c691958b46f79420b9d334aaf398
spotify:track:3I9q5WkIXHCajC4kqg4KrP,48468f9ee55c4e71b349a5f376d4d792,2026-01-31T15:09:26Z,1,I like this song cause I know this song (editor no fucking way he does. He’s been off his rocker this morning. No sleep from sleep over. Extra cranky) ,f037c691958b46f79420b9d334aaf398
spotify:track:3mV0oL5UDM5dCa04UeQ0sm,48468f9ee55c4e71b349a5f376d4d792,2026-01-31T15:09:26Z,0,Another song that should have words ,f037c691958b46f79420b9d334aaf398
spotify:track:3oedaF9nEGyKbLBxlPHWfe,48468f9ee55c4e71b349a5f376d4d792,2026-01-31T15:09:26Z,1,It’s a good song ,f037c691958b46f79420b9d334aaf398
spotify:track:3UCG1rrSfyGJuV3TCgWAPU,48468f9ee55c4e71b349a5f376d4d792,2026-01-31T15:09:26Z,0,It sounds like a video game ,f037c691958b46f79420b9d334aaf398
spotify:track:4Z9R2haJASztRkUgh1Cgai,48468f9ee55c4e71b349a5f376d4d792,2026-01-31T15:09:26Z,0,No no no don’t like ,f037c691958b46f79420b9d334aaf398
spotify:track:55JiV6v9f2vNb1dWNmt8lY,48468f9ee55c4e71b349a5f376d4d792,2026-01-31T15:09:26Z,2,It sounds like a Spanish song ,f037c691958b46f79420b9d334aaf398
spotify:track:5OZ9qK8X32s0pTcNxi7lcH,48468f9ee55c4e71b349a5f376d4d792,2026-01-31T15:09:26Z,2,It’s a good song. This is yours isn’t it? ,f037c691958b46f79420b9d334aaf398
spotify:track:6lCOQTYyEf0FXVS3I9Cpq1,48468f9ee55c4e71b349a5f376d4d792,2026-01-31T15:09:26Z,5,Oh yeah five for sure ,f037c691958b46f79420b9d334aaf398
spotify:track:3I9q5WkIXHCajC4kqg4KrP,d0b05ef03f5e4598a3e8532b812c3330,2026-01-31T19:46:58Z,1,Love me sam bush for ever and always ,f037c691958b46f79420b9d334aaf398
spotify:track:6lCOQTYyEf0FXVS3I9Cpq1,d0b05ef03f5e4598a3e8532b812c3330,2026-01-31T19:46:58Z,2,Top three fav of the week,f037c691958b46f79420b9d334aaf398
spotify:track:6ITuEsxEy2qPhqMowdDAeI,d0b05ef03f5e4598a3e8532b812c3330,2026-01-31T19:46:58Z,2,Nice pick !! A classic but not too over played ,f037c691958b46f79420b9d334aaf398
spotify:track:5OZ9qK8X32s0pTcNxi7lcH,d0b05ef03f5e4598a3e8532b812c3330,2026-01-31T19:46:58Z,0,Im going through a mood right now clearly. Limited instruments. Beautiful vocals. Straight to the heart cords. ,f037c691958b46f79420b9d334aaf398
spotify:track:55JiV6v9f2vNb1dWNmt8lY,d0b05ef03f5e4598a3e8532b812c3330,2026-01-31T19:46:58Z,0,Recycling earlier research arent we!,f037c691958b46f79420b9d334aaf398
spotify:track:4Z9R2haJASztRkUgh1Cgai,d0b05ef03f5e4598a3e8532b812c3330,2026-01-31T19:46:58Z,1,Solid beck tune! love me some beck,f037c691958b46f79420b9d334aaf398
spotify:track:3UCG1rrSfyGJuV3TCgWAPU,d0b05ef03f5e4598a3e8532b812c3330,2026-01-31T19:46:58Z,0,Sorry this is kenny. ,f037c691958b46f79420b9d334aaf398
spotify:track:3oedaF9nEGyKbLBxlPHWfe,d0b05ef03f5e4598a3e8532b812c3330,2026-01-31T19:46:58Z,2,This might be kenny... love it... the spanish moon cover on the album great too,f037c691958b46f79420b9d334aaf398
spotify:track:3mV0oL5UDM5dCa04UeQ0sm,d0b05ef03f5e4598a3e8532b812c3330,2026-01-31T19:46:58Z,2,love it jacob! ,f037c691958b46f79420b9d334aaf398
spotify:track:3coHHhQWjkv8mcUkpkRKfC,d0b05ef03f5e4598a3e8532b812c3330,2026-01-31T19:46:58Z,1,Yeah... Misha is a cheat code. Next time posted you get nothing. ,f037c691958b46f79420b9d334aaf398
spotify:track:2weyqq08Q0wTRlG5T4HPhP,d0b05ef03f5e4598a3e8532b812c3330,2026-01-31T19:46:58Z,1,Came across this song and liked it enough to add it to my short list,f037c691958b46f79420b9d334aaf398
spotify:track:2WbKDH7BbDUHqACsZH0KVW,d0b05ef03f5e4598a3e8532b812c3330,2026-01-31T19:46:58Z,1,you know i love vulfpeck why? cause its good. ,f037c691958b46f79420b9d334aaf398
spotify:track:1VYoRIkm4yC4OwGcfq9Tjm,d0b05ef03f5e4598a3e8532b812c3330,2026-01-31T19:46:58Z,1,Liked this...,f037c691958b46f79420b9d334aaf398
spotify:track:1I32D5O8mjfQEglezN4bY0,d0b05ef03f5e4598a3e8532b812c3330,2026-01-31T19:46:58Z,1,Loved the train sound intro again!! ,f037c691958b46f79420b9d334aaf398
spotify:track:0sFjJMVHFifVUDdtJxiJbD,d0b05ef03f5e4598a3e8532b812c3330,2026-01-31T19:46:58Z,0,Eh just a little too basic reggae for me,f037c691958b46f79420b9d334aaf398
spotify:track:0jD1aIbj43vimANzZwWzoG,d0b05ef03f5e4598a3e8532b812c3330,2026-01-31T19:46:58Z,1,Love the train sound intro. Solid song!,f037c691958b46f79420b9d334aaf398
spotify:track:3oedaF9nEGyKbLBxlPHWfe,7fdceb56429c4e38939c3e5ee41bfdd0,2026-02-01T18:50:55Z,1,,f037c691958b46f79420b9d334aaf398
spotify:track:3I9q5WkIXHCajC4kqg4KrP,7fdceb56429c4e38939c3e5ee41bfdd0,2026-02-01T18:50:55Z,2,,f037c691958b46f79420b9d334aaf398
spotify:track:3coHHhQWjkv8mcUkpkRKfC,7fdceb56429c4e38939c3e5ee41bfdd0,2026-02-01T18:50:55Z,2,,f037c691958b46f79420b9d334aaf398
spotify:track:2weyqq08Q0wTRlG5T4HPhP,7fdceb56429c4e38939c3e5ee41bfdd0,2026-02-01T18:50:55Z,2,,f037c691958b46f79420b9d334aaf398
spotify:track:1VYoRIkm4yC4OwGcfq9Tjm,7fdceb56429c4e38939c3e5ee41bfdd0,2026-02-01T18:50:55Z,1,,f037c691958b46f79420b9d334aaf398
spotify:track:0sFjJMVHFifVUDdtJxiJbD,7fdceb56429c4e38939c3e5ee41bfdd0,2026-02-01T18:50:55Z,1,,f037c691958b46f79420b9d334aaf398
spotify:track:0jD1aIbj43vimANzZwWzoG,7fdceb56429c4e38939c3e5ee41bfdd0,2026-02-01T18:50:55Z,1,,f037c691958b46f79420b9d334aaf398
spotify:track:6lCOQTYyEf0FXVS3I9Cpq1,7fdceb56429c4e38939c3e5ee41bfdd0,2026-02-01T18:50:55Z,3,Deserving end of list point dump. Great pick!,f037c691958b46f79420b9d334aaf398
spotify:track:5OZ9qK8X32s0pTcNxi7lcH,7fdceb56429c4e38939c3e5ee41bfdd0,2026-02-01T18:50:55Z,1,,f037c691958b46f79420b9d334aaf398
spotify:track:55JiV6v9f2vNb1dWNmt8lY,7fdceb56429c4e38939c3e5ee41bfdd0,2026-02-01T18:50:55Z,1,,f037c691958b46f79420b9d334aaf398
spotify:track:4Z9R2haJASztRkUgh1Cgai,7fdceb56429c4e38939c3e5ee41bfdd0,2026-02-01T18:50:55Z,1,,f037c691958b46f79420b9d334aaf398
spotify:track:6lCOQTYyEf0FXVS3I9Cpq1,183c5f6ed1b147099842917a9576c8f4,2026-02-01T19:11:35Z,1,"Dug this. That said the artist descriptions these folks add to Spotify need to settle down...""Acantha Lang has been compared to legends like Aretha Franklin and Gladys Knight.""  She has one album. ",f037c691958b46f79420b9d334aaf398
spotify:track:0sFjJMVHFifVUDdtJxiJbD,183c5f6ed1b147099842917a9576c8f4,2026-02-01T19:11:35Z,1,You DO NOT want to miss the last train to ecstasy. ,f037c691958b46f79420b9d334aaf398
spotify:track:1I32D5O8mjfQEglezN4bY0,183c5f6ed1b147099842917a9576c8f4,2026-02-01T19:11:35Z,2,An absolute monster. Why is NYC->Boston 5 hours still...even  on the Acela!?  But I guess this song is our consolation prize. ,f037c691958b46f79420b9d334aaf398
spotify:track:2weyqq08Q0wTRlG5T4HPhP,183c5f6ed1b147099842917a9576c8f4,2026-02-01T19:11:35Z,3,Filthy. Makes me feel like everything I heard before it is straight bullshit. Benefited from soothing my brain after that Vulfpeck-induced scrambling. ,f037c691958b46f79420b9d334aaf398
spotify:track:2WbKDH7BbDUHqACsZH0KVW,183c5f6ed1b147099842917a9576c8f4,2026-02-01T19:11:35Z,0,Fuck Elon. Found this super choppy and pretty tough to listen to. ,f037c691958b46f79420b9d334aaf398
spotify:track:3coHHhQWjkv8mcUkpkRKfC,183c5f6ed1b147099842917a9576c8f4,2026-02-01T19:11:35Z,1,Discordant Misha?!  Is he ever uninteresting?  I feel so uninteresting.  I need a hobby that isn't music league. ,f037c691958b46f79420b9d334aaf398
spotify:track:3I9q5WkIXHCajC4kqg4KrP,183c5f6ed1b147099842917a9576c8f4,2026-02-01T19:11:35Z,2,Pretty much my max score for bluegrass. Congrats. ,f037c691958b46f79420b9d334aaf398
spotify:track:3mV0oL5UDM5dCa04UeQ0sm,183c5f6ed1b147099842917a9576c8f4,2026-02-01T19:11:35Z,2,3 points for the groove. Minus 1 for my kid's recorder being overly featured,f037c691958b46f79420b9d334aaf398
spotify:track:0jD1aIbj43vimANzZwWzoG,183c5f6ed1b147099842917a9576c8f4,2026-02-01T19:11:35Z,0,"Could you ask for a better table setter for the list?  Pictured him introducing each song...""Train #1...Train #2..."" with the train noises and all.  Unfortunately for the table setter, not enough food for everyone. ",f037c691958b46f79420b9d334aaf398
spotify:track:3oedaF9nEGyKbLBxlPHWfe,183c5f6ed1b147099842917a9576c8f4,2026-02-01T19:11:35Z,0,"If I heard this by a local band at a local bar, I'd say that's a good fucking local band and a bar I should frequent more often. ",f037c691958b46f79420b9d334aaf398
spotify:track:3UCG1rrSfyGJuV3TCgWAPU,183c5f6ed1b147099842917a9576c8f4,2026-02-01T19:11:35Z,0,Floating into nothingness. So much so it unfortunately got nothing from me. ,f037c691958b46f79420b9d334aaf398
spotify:track:4Z9R2haJASztRkUgh1Cgai,183c5f6ed1b147099842917a9576c8f4,2026-02-01T19:11:35Z,1,"Never really connected with Beck. When I saw it on the list, was sure I was going to neg it. Then listened coming down from a show and it f'n hit. Listened to again this morning -- and hit less...but still point worthy for the fleeting connection. ",f037c691958b46f79420b9d334aaf398
spotify:track:55JiV6v9f2vNb1dWNmt8lY,183c5f6ed1b147099842917a9576c8f4,2026-02-01T19:11:35Z,2,Favorite title for the theme gets an extra point for this sexy little romp. ,f037c691958b46f79420b9d334aaf398
spotify:track:5OZ9qK8X32s0pTcNxi7lcH,183c5f6ed1b147099842917a9576c8f4,2026-02-01T19:11:35Z,0,"Leif, you can turn this flight right the fuck around. ",f037c691958b46f79420b9d334aaf398
spotify:track:6ITuEsxEy2qPhqMowdDAeI,183c5f6ed1b147099842917a9576c8f4,2026-02-01T19:11:35Z,1,"Sure, it's not a new find...but this song just makes me happy. And happiness has to get a point or else why are we here. ",f037c691958b46f79420b9d334aaf398
spotify:track:4Z9R2haJASztRkUgh1Cgai,49a5ff7c4466457eb8016aaf873224cb,2026-02-01T19:53:39Z,2,I really love rental cars.,f037c691958b46f79420b9d334aaf398
spotify:track:0jD1aIbj43vimANzZwWzoG,49a5ff7c4466457eb8016aaf873224cb,2026-02-01T19:53:39Z,1,Train. Fun fact: I’ve never been to Memphis,f037c691958b46f79420b9d334aaf398
spotify:track:0sFjJMVHFifVUDdtJxiJbD,49a5ff7c4466457eb8016aaf873224cb,2026-02-01T19:53:39Z,1,"Train. Dont sell drugs on my turf, Aviva. ",f037c691958b46f79420b9d334aaf398
spotify:track:1I32D5O8mjfQEglezN4bY0,49a5ff7c4466457eb8016aaf873224cb,2026-02-01T19:53:39Z,0,"Fuck you, Joe Bonamassa. ",f037c691958b46f79420b9d334aaf398
spotify:track:1VYoRIkm4yC4OwGcfq9Tjm,49a5ff7c4466457eb8016aaf873224cb,2026-02-01T19:53:39Z,3,Quite enjoyable. -5 for commenting pre-vote on your own song. +8 for being a sweet track. -1 for being iffy on being a vehicle. +1 for stretching the theme and making us think. My first 3 pointer of the season. Grats. ,f037c691958b46f79420b9d334aaf398
spotify:track:2WbKDH7BbDUHqACsZH0KVW,49a5ff7c4466457eb8016aaf873224cb,2026-02-01T19:53:39Z,1,Joe Dart isn’t even that good. Teehee. ,f037c691958b46f79420b9d334aaf398
spotify:track:2weyqq08Q0wTRlG5T4HPhP,49a5ff7c4466457eb8016aaf873224cb,2026-02-01T19:53:39Z,1,"Zzzzz. No offense, buddy. 1pt",f037c691958b46f79420b9d334aaf398
spotify:track:3coHHhQWjkv8mcUkpkRKfC,49a5ff7c4466457eb8016aaf873224cb,2026-02-01T19:53:39Z,1,No train. Cool. ,f037c691958b46f79420b9d334aaf398
spotify:track:3I9q5WkIXHCajC4kqg4KrP,49a5ff7c4466457eb8016aaf873224cb,2026-02-01T19:53:39Z,1,-2 for train +3 for Sam bush ,f037c691958b46f79420b9d334aaf398
spotify:track:3mV0oL5UDM5dCa04UeQ0sm,49a5ff7c4466457eb8016aaf873224cb,2026-02-01T19:53:39Z,0,The honking was a little annoying. Too goose-like. ,f037c691958b46f79420b9d334aaf398
spotify:track:3oedaF9nEGyKbLBxlPHWfe,49a5ff7c4466457eb8016aaf873224cb,2026-02-01T19:53:39Z,1,Not the best Runaway Train,f037c691958b46f79420b9d334aaf398
spotify:track:55JiV6v9f2vNb1dWNmt8lY,49a5ff7c4466457eb8016aaf873224cb,2026-02-01T19:53:39Z,1,"-2 for making me translate, +2 for making me translate, +1 for no train. ",f037c691958b46f79420b9d334aaf398
spotify:track:5OZ9qK8X32s0pTcNxi7lcH,49a5ff7c4466457eb8016aaf873224cb,2026-02-01T19:53:39Z,1,"Lou Reed vibes. But… not a vehicle. -5 for not a vehicle, +6 because I like it. ",f037c691958b46f79420b9d334aaf398
spotify:track:6ITuEsxEy2qPhqMowdDAeI,49a5ff7c4466457eb8016aaf873224cb,2026-02-01T19:53:39Z,1,Alright it’s a bop. Even if some may discredit it for popularity. ,f037c691958b46f79420b9d334aaf398
spotify:track:6lCOQTYyEf0FXVS3I9Cpq1,49a5ff7c4466457eb8016aaf873224cb,2026-02-01T19:53:39Z,1,"Word. Fuck trains, though. Jk I love trains. But fuck Timmy. Jk I love Timmy. ",f037c691958b46f79420b9d334aaf398
spotify:track:6ITuEsxEy2qPhqMowdDAeI,8453d173315c468e8134e2527a658ba5,2026-02-02T12:52:05Z,1,,f037c691958b46f79420b9d334aaf398
spotify:track:0jD1aIbj43vimANzZwWzoG,8453d173315c468e8134e2527a658ba5,2026-02-02T12:52:05Z,1,Classic. Nice playlist opener,f037c691958b46f79420b9d334aaf398
spotify:track:0sFjJMVHFifVUDdtJxiJbD,8453d173315c468e8134e2527a658ba5,2026-02-02T12:52:05Z,1,,f037c691958b46f79420b9d334aaf398
spotify:track:1VYoRIkm4yC4OwGcfq9Tjm,8453d173315c468e8134e2527a658ba5,2026-02-02T12:52:05Z,2,Liked this way more than I thought i would when it started ,f037c691958b46f79420b9d334aaf398
spotify:track:2WbKDH7BbDUHqACsZH0KVW,8453d173315c468e8134e2527a658ba5,2026-02-02T12:52:05Z,1,,f037c691958b46f79420b9d334aaf398
spotify:track:2weyqq08Q0wTRlG5T4HPhP,8453d173315c468e8134e2527a658ba5,2026-02-02T12:52:05Z,1,,f037c691958b46f79420b9d334aaf398
spotify:track:3coHHhQWjkv8mcUkpkRKfC,8453d173315c468e8134e2527a658ba5,2026-02-02T12:52:05Z,1,,f037c691958b46f79420b9d334aaf398
spotify:track:3mV0oL5UDM5dCa04UeQ0sm,8453d173315c468e8134e2527a658ba5,2026-02-02T12:52:05Z,4,Fave of the week ,f037c691958b46f79420b9d334aaf398
spotify:track:3oedaF9nEGyKbLBxlPHWfe,8453d173315c468e8134e2527a658ba5,2026-02-02T12:52:05Z,0,Too country for me,f037c691958b46f79420b9d334aaf398
spotify:track:3UCG1rrSfyGJuV3TCgWAPU,8453d173315c468e8134e2527a658ba5,2026-02-02T12:52:05Z,1,,f037c691958b46f79420b9d334aaf398
spotify:track:5OZ9qK8X32s0pTcNxi7lcH,8453d173315c468e8134e2527a658ba5,2026-02-02T12:52:05Z,3,Loved this one. Chill vibezzzz,f037c691958b46f79420b9d334aaf398
spotify:track:0jD1aIbj43vimANzZwWzoG,a2909b31d1c04d728cfcf68ca0d73cca,2026-02-02T13:26:53Z,1,+1 for train,f037c691958b46f79420b9d334aaf398
spotify:track:0sFjJMVHFifVUDdtJxiJbD,a2909b31d1c04d728cfcf68ca0d73cca,2026-02-02T13:26:53Z,1,+1 for train,f037c691958b46f79420b9d334aaf398
spotify:track:1I32D5O8mjfQEglezN4bY0,a2909b31d1c04d728cfcf68ca0d73cca,2026-02-02T13:26:53Z,2,"+1 for train
+1 this was on my short list",f037c691958b46f79420b9d334aaf398
spotify:track:1VYoRIkm4yC4OwGcfq9Tjm,a2909b31d1c04d728cfcf68ca0d73cca,2026-02-02T13:26:53Z,1,"I’m going to give this the benefit of the doubt that the underground in the name is referring to the London subway. 

+1 for train",f037c691958b46f79420b9d334aaf398
spotify:track:2WbKDH7BbDUHqACsZH0KVW,a2909b31d1c04d728cfcf68ca0d73cca,2026-02-02T13:26:53Z,1,"-1 for making me think about Elon
+1 for vulfpeck
+1 cause I’m feeling generous",f037c691958b46f79420b9d334aaf398
spotify:track:2weyqq08Q0wTRlG5T4HPhP,a2909b31d1c04d728cfcf68ca0d73cca,2026-02-02T13:26:53Z,1,,f037c691958b46f79420b9d334aaf398
spotify:track:3coHHhQWjkv8mcUkpkRKfC,a2909b31d1c04d728cfcf68ca0d73cca,2026-02-02T13:26:53Z,1,,f037c691958b46f79420b9d334aaf398
spotify:track:3mV0oL5UDM5dCa04UeQ0sm,a2909b31d1c04d728cfcf68ca0d73cca,2026-02-02T13:26:53Z,1,+1 for train,f037c691958b46f79420b9d334aaf398
spotify:track:3oedaF9nEGyKbLBxlPHWfe,a2909b31d1c04d728cfcf68ca0d73cca,2026-02-02T13:26:53Z,1,+1 for train,f037c691958b46f79420b9d334aaf398
spotify:track:3UCG1rrSfyGJuV3TCgWAPU,a2909b31d1c04d728cfcf68ca0d73cca,2026-02-02T13:26:53Z,1,Almost gave this an extra point because I love Final Fantasy ,f037c691958b46f79420b9d334aaf398
spotify:track:4Z9R2haJASztRkUgh1Cgai,a2909b31d1c04d728cfcf68ca0d73cca,2026-02-02T13:26:53Z,2,Great pick. Huge Beck fan. There was a Beck train song on my short list. Appreciate not pandering to my prompt with this pick. ,f037c691958b46f79420b9d334aaf398
spotify:track:55JiV6v9f2vNb1dWNmt8lY,a2909b31d1c04d728cfcf68ca0d73cca,2026-02-02T13:26:53Z,0,"-1 made me have to google how this fit the theme
+1 cause it’s a good song ",f037c691958b46f79420b9d334aaf398
spotify:track:5OZ9qK8X32s0pTcNxi7lcH,a2909b31d1c04d728cfcf68ca0d73cca,2026-02-02T13:26:53Z,1,Is a “flight” the mode of transportation? I could make the argument it isn’t. But also sure whatever +1!,f037c691958b46f79420b9d334aaf398
spotify:track:6ITuEsxEy2qPhqMowdDAeI,a2909b31d1c04d728cfcf68ca0d73cca,2026-02-02T13:26:53Z,1,+1 for train,f037c691958b46f79420b9d334aaf398
spotify:track:6lCOQTYyEf0FXVS3I9Cpq1,a2909b31d1c04d728cfcf68ca0d73cca,2026-02-02T13:26:53Z,1,+1 for train,f037c691958b46f79420b9d334aaf398
spotify:track:3I9q5WkIXHCajC4kqg4KrP,ce76a5e6ff274137bb5127db7065d9a8,2026-02-02T14:21:09Z,1,"Inoffensive, and surprisingly (maybe not actually with this group) the only bluegrass song",f037c691958b46f79420b9d334aaf398
spotify:track:3mV0oL5UDM5dCa04UeQ0sm,ce76a5e6ff274137bb5127db7065d9a8,2026-02-02T14:21:09Z,1,The instrument that sounds like a toy is a little off-putting but the rest of it is nice and groovy enough to overcome that hitch,f037c691958b46f79420b9d334aaf398
spotify:track:3oedaF9nEGyKbLBxlPHWfe,ce76a5e6ff274137bb5127db7065d9a8,2026-02-02T14:21:09Z,1,"Party on, Garth!",f037c691958b46f79420b9d334aaf398
spotify:track:3UCG1rrSfyGJuV3TCgWAPU,ce76a5e6ff274137bb5127db7065d9a8,2026-02-02T14:21:09Z,1,"Interesting. Is this the actual music from the game, or someone remixed it? ",f037c691958b46f79420b9d334aaf398
spotify:track:0jD1aIbj43vimANzZwWzoG,ce76a5e6ff274137bb5127db7065d9a8,2026-02-02T14:21:09Z,1,"Didn't do much for me, but enough to earn a point. Plus I don't think anything else deserves more points",f037c691958b46f79420b9d334aaf398
spotify:track:6lCOQTYyEf0FXVS3I9Cpq1,ce76a5e6ff274137bb5127db7065d9a8,2026-02-02T14:21:09Z,1,"Smooth. Might come back for a second point, even though I don't want to give any of you pandering train song pickers more than one. 

Ok assuming Asa is gonna dump points on you, you're not getting another - call it the reverse Asa effect. Shit maybe I should take away the one point too...",f037c691958b46f79420b9d334aaf398
spotify:track:6ITuEsxEy2qPhqMowdDAeI,ce76a5e6ff274137bb5127db7065d9a8,2026-02-02T14:21:09Z,0,"I know it's not a rule that you HAVE to pick lesser known songs, but come on. If it's Asa I'm sorry ",f037c691958b46f79420b9d334aaf398
spotify:track:1I32D5O8mjfQEglezN4bY0,ce76a5e6ff274137bb5127db7065d9a8,2026-02-02T14:21:09Z,1,"I always think of Joe Bonamassa as one of those guitar players who's really technically proficient but doesn't really add anything unique or new. I guess he sings at least. Maybe gets a point. I don't love it. Alright fine, you're getting my last point",f037c691958b46f79420b9d334aaf398
spotify:track:0sFjJMVHFifVUDdtJxiJbD,ce76a5e6ff274137bb5127db7065d9a8,2026-02-02T14:21:09Z,2,"Didn't really notice the CHOO CHOOOOO the first time through, nice touch. You're the only train song I'm giving two points to, congrats",f037c691958b46f79420b9d334aaf398
spotify:track:5OZ9qK8X32s0pTcNxi7lcH,ce76a5e6ff274137bb5127db7065d9a8,2026-02-02T14:21:09Z,2,This was nice,f037c691958b46f79420b9d334aaf398
spotify:track:55JiV6v9f2vNb1dWNmt8lY,ce76a5e6ff274137bb5127db7065d9a8,2026-02-02T14:21:09Z,2,"Point for creative vehicle, point for song",f037c691958b46f79420b9d334aaf398
spotify:track:1VYoRIkm4yC4OwGcfq9Tjm,ce76a5e6ff274137bb5127db7065d9a8,2026-02-02T14:21:09Z,0,"They played some Stereolab during one of the NYE setbreaks this year and I said ""I guess I should listen to more stereolab"" cuz I liked what I heard. This made me reconsider. Sorry, went on way too long with too little variety",f037c691958b46f79420b9d334aaf398
spotify:track:2WbKDH7BbDUHqACsZH0KVW,ce76a5e6ff274137bb5127db7065d9a8,2026-02-02T14:21:09Z,1,"Point for non-train
Negative point for Tesla
Point cuz I enjoyed it",f037c691958b46f79420b9d334aaf398
spotify:track:2weyqq08Q0wTRlG5T4HPhP,ce76a5e6ff274137bb5127db7065d9a8,2026-02-02T14:21:09Z,1,Best of the straight blues submissions,f037c691958b46f79420b9d334aaf398
spotify:track:3coHHhQWjkv8mcUkpkRKfC,ce76a5e6ff274137bb5127db7065d9a8,2026-02-02T14:21:09Z,0,There was a girl in my grade whose family was super loaded and I'm pretty sure her dad sold gyroplanes,f037c691958b46f79420b9d334aaf398
spotify:track:4Z9R2haJASztRkUgh1Cgai,ce76a5e6ff274137bb5127db7065d9a8,2026-02-02T14:21:09Z,1,"Emma made me skip this one when we listened in the car. I like it though, plus this is a well played vehicle choice. 

The ""lalalalala"" part reminds me of the 2010 Meatstick snowbunny singers ",f037c691958b46f79420b9d334aaf398
spotify:track:55JiV6v9f2vNb1dWNmt8lY,1c89e947d02949ed86d05ec22a7350bf,2026-02-02T15:28:54Z,1,point for most creative vehicle,f037c691958b46f79420b9d334aaf398
spotify:track:1I32D5O8mjfQEglezN4bY0,1c89e947d02949ed86d05ec22a7350bf,2026-02-02T15:28:54Z,1,hes so damn talented,f037c691958b46f79420b9d334aaf398
spotify:track:1VYoRIkm4yC4OwGcfq9Tjm,1c89e947d02949ed86d05ec22a7350bf,2026-02-02T15:28:54Z,0,didnt work for me,f037c691958b46f79420b9d334aaf398
spotify:track:2WbKDH7BbDUHqACsZH0KVW,1c89e947d02949ed86d05ec22a7350bf,2026-02-02T15:28:54Z,1,Wild that Asa got vulfpeck to write a song about him and josh,f037c691958b46f79420b9d334aaf398
spotify:track:2weyqq08Q0wTRlG5T4HPhP,1c89e947d02949ed86d05ec22a7350bf,2026-02-02T15:28:54Z,2,,f037c691958b46f79420b9d334aaf398
spotify:track:0sFjJMVHFifVUDdtJxiJbD,1c89e947d02949ed86d05ec22a7350bf,2026-02-02T15:28:54Z,1,1 ticket please,f037c691958b46f79420b9d334aaf398
spotify:track:0jD1aIbj43vimANzZwWzoG,1c89e947d02949ed86d05ec22a7350bf,2026-02-02T15:28:54Z,1,perfect start to the playlist,f037c691958b46f79420b9d334aaf398
spotify:track:3coHHhQWjkv8mcUkpkRKfC,1c89e947d02949ed86d05ec22a7350bf,2026-02-02T15:28:54Z,1,,f037c691958b46f79420b9d334aaf398
spotify:track:3I9q5WkIXHCajC4kqg4KrP,1c89e947d02949ed86d05ec22a7350bf,2026-02-02T15:28:54Z,2,"kind of expected a full playlist like this - glad to see it much more eclectic, but this hits",f037c691958b46f79420b9d334aaf398
spotify:track:6lCOQTYyEf0FXVS3I9Cpq1,1c89e947d02949ed86d05ec22a7350bf,2026-02-02T15:28:54Z,3,fav of the week.  may have started my train-searching for the week in the funk and soul playlist (and found mine there) and had this favorited.  thanks husband,f037c691958b46f79420b9d334aaf398
spotify:track:5OZ9qK8X32s0pTcNxi7lcH,1c89e947d02949ed86d05ec22a7350bf,2026-02-02T15:28:54Z,2,this was really nice and different,f037c691958b46f79420b9d334aaf398
spotify:track:3oedaF9nEGyKbLBxlPHWfe,1c89e947d02949ed86d05ec22a7350bf,2026-02-02T15:28:54Z,1,,f037c691958b46f79420b9d334aaf398
spotify:track:1I32D5O8mjfQEglezN4bY0,f1f0f2ed0eb64306992b613229fb7972,2026-02-02T16:40:35Z,1,"It's giving train, that's for sure. I love me some fiery Southern guitar. ",f037c691958b46f79420b9d334aaf398
spotify:track:0jD1aIbj43vimANzZwWzoG,f1f0f2ed0eb64306992b613229fb7972,2026-02-02T16:40:35Z,1,Pretty amazing that the entire playlist kicks off with the sound of a train leaving the station 🚂💨💨  This sounds like a Rick to me? I dig it. ,f037c691958b46f79420b9d334aaf398
spotify:track:1VYoRIkm4yC4OwGcfq9Tjm,f1f0f2ed0eb64306992b613229fb7972,2026-02-02T16:40:35Z,0,"Tough follow after that ripping Bonamassa track. Definitely a weird start. I had a great track for this prompt that was 7:42 & I didn't end up using it bc I feared I'd be penalized for the length & people wouldn't want to listen all the way through. So far, mine was better than this one 😜 Upon reading the lyrics & finding the line ""Keep the mouth closed,"" I'm going to guess this was Al calling back to the mouth sounds nonsense from earlier this season. Can't say I'm loving the track so far & I'm only halfway through... (Dustin?)",f037c691958b46f79420b9d334aaf398
spotify:track:6lCOQTYyEf0FXVS3I9Cpq1,f1f0f2ed0eb64306992b613229fb7972,2026-02-02T16:40:35Z,2,I considered this song as well! Sam? (Guessing this bc it's a song I found on B's Funk & Soul Cave playlist *and* it's a female vocalist 😋) ,f037c691958b46f79420b9d334aaf398
spotify:track:6ITuEsxEy2qPhqMowdDAeI,f1f0f2ed0eb64306992b613229fb7972,2026-02-02T16:40:35Z,1,"Considered submitting this track for this round because it's definitely a banger but thought it might be too overplayed to do well amongst these hipsters 😜 Nevertheless, here's a point bc I love this song. Fuck everybody else. ",f037c691958b46f79420b9d334aaf398
spotify:track:5OZ9qK8X32s0pTcNxi7lcH,f1f0f2ed0eb64306992b613229fb7972,2026-02-02T16:40:35Z,2,What a beautifully powerful song. Might be my favorite track of the week.,f037c691958b46f79420b9d334aaf398
spotify:track:55JiV6v9f2vNb1dWNmt8lY,f1f0f2ed0eb64306992b613229fb7972,2026-02-02T16:40:35Z,2,"Points for originality! Also, this is just a lovely sounding song. Well done. Also happy to hear maybe the first female artist on the playlist?",f037c691958b46f79420b9d334aaf398
spotify:track:4Z9R2haJASztRkUgh1Cgai,f1f0f2ed0eb64306992b613229fb7972,2026-02-02T16:40:35Z,1,I know I just held it against the video game song that it wasn't about trains but I like Beck & I like this song better in general so here is a point. ,f037c691958b46f79420b9d334aaf398
spotify:track:3UCG1rrSfyGJuV3TCgWAPU,f1f0f2ed0eb64306992b613229fb7972,2026-02-02T16:40:35Z,0,"It's not giving train. (I know this is a transportation prompt, but I'm kind of on the train train now, sry). Initial thought was ""This sounds like video game music..."" & then I looked at the track name & lo and behold... 🤓",f037c691958b46f79420b9d334aaf398
spotify:track:3oedaF9nEGyKbLBxlPHWfe,f1f0f2ed0eb64306992b613229fb7972,2026-02-02T16:40:35Z,1,Point for Levon & Garth! ,f037c691958b46f79420b9d334aaf398
spotify:track:3mV0oL5UDM5dCa04UeQ0sm,f1f0f2ed0eb64306992b613229fb7972,2026-02-02T16:40:35Z,2,"Diggin' this, a lot. Spundo? Love how they can evoke the idea of a train without having to be so literal about it. Impressive. ",f037c691958b46f79420b9d334aaf398
spotify:track:3I9q5WkIXHCajC4kqg4KrP,f1f0f2ed0eb64306992b613229fb7972,2026-02-02T16:40:35Z,1,"There we go. Textbook train song. Not sure how I feel about him trying to rhyme ""guitar"" with ""Baltimore"" but I guess I'll let it slide. ",f037c691958b46f79420b9d334aaf398
spotify:track:3coHHhQWjkv8mcUkpkRKfC,f1f0f2ed0eb64306992b613229fb7972,2026-02-02T16:40:35Z,1,"Mmmmm, gyroplane... 🤤",f037c691958b46f79420b9d334aaf398
spotify:track:2weyqq08Q0wTRlG5T4HPhP,f1f0f2ed0eb64306992b613229fb7972,2026-02-02T16:40:35Z,1,"Alright, playlist is back on track. I'm usually not the biggest fan of the blues in general (I just don't have the patience for it a lot of the time 🫣) but this was nice. ",f037c691958b46f79420b9d334aaf398
spotify:track:2WbKDH7BbDUHqACsZH0KVW,f1f0f2ed0eb64306992b613229fb7972,2026-02-02T16:40:35Z,0,"*presses 👎 button repeatedly* Why can't I give a song negative points? 😒 I was already dubious about the Vulf but then the song is about TESLA? Yeah, that's gonna be a big ol' NOPE from me, dawg 🙅🏻‍♀️ Out of ALL the planes, trains, and automobile songs you could've chosen from, you went with THIS? Woof. (Sorry, whatever Diskin this is...)",f037c691958b46f79420b9d334aaf398
spotify:track:0jD1aIbj43vimANzZwWzoG,4e117e3021d7466c8bf0b654f8357418,2026-02-02T18:14:27Z,1,,f037c691958b46f79420b9d334aaf398
spotify:track:1VYoRIkm4yC4OwGcfq9Tjm,4e117e3021d7466c8bf0b654f8357418,2026-02-02T18:14:27Z,1,,f037c691958b46f79420b9d334aaf398
spotify:track:2WbKDH7BbDUHqACsZH0KVW,4e117e3021d7466c8bf0b654f8357418,2026-02-02T18:14:27Z,1,,f037c691958b46f79420b9d334aaf398
spotify:track:2weyqq08Q0wTRlG5T4HPhP,4e117e3021d7466c8bf0b654f8357418,2026-02-02T18:14:27Z,2,,f037c691958b46f79420b9d334aaf398
spotify:track:6lCOQTYyEf0FXVS3I9Cpq1,4e117e3021d7466c8bf0b654f8357418,2026-02-02T18:14:27Z,1,That last minute New Orleans-ass breakdown almost stole the vote from Stereolab,f037c691958b46f79420b9d334aaf398
spotify:track:6ITuEsxEy2qPhqMowdDAeI,4e117e3021d7466c8bf0b654f8357418,2026-02-02T18:14:27Z,2,Rarely give multiple points to a classic but oh baby this train gets my juices flowin ,f037c691958b46f79420b9d334aaf398
spotify:track:3oedaF9nEGyKbLBxlPHWfe,4e117e3021d7466c8bf0b654f8357418,2026-02-02T18:14:27Z,1,,f037c691958b46f79420b9d334aaf398
spotify:track:3mV0oL5UDM5dCa04UeQ0sm,4e117e3021d7466c8bf0b654f8357418,2026-02-02T18:14:27Z,2,,f037c691958b46f79420b9d334aaf398
spotify:track:55JiV6v9f2vNb1dWNmt8lY,4e117e3021d7466c8bf0b654f8357418,2026-02-02T18:14:27Z,1,,f037c691958b46f79420b9d334aaf398
spotify:track:3coHHhQWjkv8mcUkpkRKfC,4e117e3021d7466c8bf0b654f8357418,2026-02-02T18:14:27Z,3,,f037c691958b46f79420b9d334aaf398
spotify:track:3I9q5WkIXHCajC4kqg4KrP,4e117e3021d7466c8bf0b654f8357418,2026-02-02T18:14:27Z,1,,f037c691958b46f79420b9d334aaf398
spotify:track:3coHHhQWjkv8mcUkpkRKfC,605866a938e54c5da212fc8595186729,2026-02-02T19:22:20Z,1,"This is making me anxious, but I don’t hate it ",f037c691958b46f79420b9d334aaf398
spotify:track:0jD1aIbj43vimANzZwWzoG,605866a938e54c5da212fc8595186729,2026-02-02T19:22:20Z,2,,f037c691958b46f79420b9d334aaf398
spotify:track:0sFjJMVHFifVUDdtJxiJbD,605866a938e54c5da212fc8595186729,2026-02-02T19:22:20Z,1,,f037c691958b46f79420b9d334aaf398
spotify:track:1I32D5O8mjfQEglezN4bY0,605866a938e54c5da212fc8595186729,2026-02-02T19:22:20Z,2,,f037c691958b46f79420b9d334aaf398
spotify:track:1VYoRIkm4yC4OwGcfq9Tjm,605866a938e54c5da212fc8595186729,2026-02-02T19:22:20Z,0,Very noisy ,f037c691958b46f79420b9d334aaf398
spotify:track:3I9q5WkIXHCajC4kqg4KrP,605866a938e54c5da212fc8595186729,2026-02-02T19:22:20Z,1,Classic train song  ,f037c691958b46f79420b9d334aaf398
spotify:track:3mV0oL5UDM5dCa04UeQ0sm,605866a938e54c5da212fc8595186729,2026-02-02T19:22:20Z,1,,f037c691958b46f79420b9d334aaf398
spotify:track:3oedaF9nEGyKbLBxlPHWfe,605866a938e54c5da212fc8595186729,2026-02-02T19:22:20Z,1,,f037c691958b46f79420b9d334aaf398
spotify:track:55JiV6v9f2vNb1dWNmt8lY,605866a938e54c5da212fc8595186729,2026-02-02T19:22:20Z,1,,f037c691958b46f79420b9d334aaf398
spotify:track:5OZ9qK8X32s0pTcNxi7lcH,605866a938e54c5da212fc8595186729,2026-02-02T19:22:20Z,3,I’m not sure there’s a vehicle in the title but I loveee this ,f037c691958b46f79420b9d334aaf398
spotify:track:6ITuEsxEy2qPhqMowdDAeI,605866a938e54c5da212fc8595186729,2026-02-02T19:22:20Z,1,,f037c691958b46f79420b9d334aaf398
spotify:track:6lCOQTYyEf0FXVS3I9Cpq1,605866a938e54c5da212fc8595186729,2026-02-02T19:22:20Z,2,,f037c691958b46f79420b9d334aaf398
spotify:track:3mV0oL5UDM5dCa04UeQ0sm,0d42af6c19054b7dbbe4aa499186e408,2026-02-02T19:50:21Z,1,Had never heard this album and really enjoyed it. ,f037c691958b46f79420b9d334aaf398
spotify:track:3I9q5WkIXHCajC4kqg4KrP,0d42af6c19054b7dbbe4aa499186e408,2026-02-02T19:50:21Z,1,Point for good bluegrass. ,f037c691958b46f79420b9d334aaf398
spotify:track:3coHHhQWjkv8mcUkpkRKfC,0d42af6c19054b7dbbe4aa499186e408,2026-02-02T19:50:21Z,2,Favorite instrumental of this playlist. ,f037c691958b46f79420b9d334aaf398
spotify:track:2weyqq08Q0wTRlG5T4HPhP,0d42af6c19054b7dbbe4aa499186e408,2026-02-02T19:50:21Z,2,"Just a sucker for good blues these days I guess. And I ain't your buddy, guy. ",f037c691958b46f79420b9d334aaf398
spotify:track:2WbKDH7BbDUHqACsZH0KVW,0d42af6c19054b7dbbe4aa499186e408,2026-02-02T19:50:21Z,1,"Daddy, you got a point. Almost 2 for bass. ",f037c691958b46f79420b9d334aaf398
spotify:track:1VYoRIkm4yC4OwGcfq9Tjm,0d42af6c19054b7dbbe4aa499186e408,2026-02-02T19:50:21Z,0,I have a migraine. ,f037c691958b46f79420b9d334aaf398
spotify:track:1I32D5O8mjfQEglezN4bY0,0d42af6c19054b7dbbe4aa499186e408,2026-02-02T19:50:21Z,1,"Nice, heavy sound to a good blues guitar. Fun builds.",f037c691958b46f79420b9d334aaf398
spotify:track:0sFjJMVHFifVUDdtJxiJbD,0d42af6c19054b7dbbe4aa499186e408,2026-02-02T19:50:21Z,2,2 points for good reggae. Will probably always give good reggae at least a point. ,f037c691958b46f79420b9d334aaf398
spotify:track:0jD1aIbj43vimANzZwWzoG,0d42af6c19054b7dbbe4aa499186e408,2026-02-02T19:50:21Z,1,Fun start to the playlist. ,f037c691958b46f79420b9d334aaf398
spotify:track:3oedaF9nEGyKbLBxlPHWfe,0d42af6c19054b7dbbe4aa499186e408,2026-02-02T19:50:21Z,0,"I don't think this is a particularly spectacular song, and I imagine voting will reflect that. But I found its existence to be strange enough, and the Garth playing to be Garthy enough, that it hopefully warranted a share. Essentially, these lifetime bar musicians (Thomas and McCoy) who never really made it as anything more than a fun cover band, were invited (paid for access more likely) in the 2000s to record at Levon's studio. https://www.tribtoday.com/news/local-news/2022/01/area-musician-doug-thomas-traverses-autumn-road-on-album/ Levon and Garth sat in with them, and the result was two albums with some good songs and some not so good songs. But if you are a Band fan, the albums are a fun listen just to hear mostly never-before-heard (this had 0 monthly plays before our playlist) Levon and Garth songs. https://theband.hiof.no/albums/angels_serenade.html. This song appeared on both albums that came from these sessions, and this version had more Garth. ",f037c691958b46f79420b9d334aaf398
spotify:track:3UCG1rrSfyGJuV3TCgWAPU,0d42af6c19054b7dbbe4aa499186e408,2026-02-02T19:50:21Z,0,Not much of a gamer. ,f037c691958b46f79420b9d334aaf398
spotify:track:4Z9R2haJASztRkUgh1Cgai,0d42af6c19054b7dbbe4aa499186e408,2026-02-02T19:50:21Z,1,Love me some Beck. ,f037c691958b46f79420b9d334aaf398
spotify:track:55JiV6v9f2vNb1dWNmt8lY,0d42af6c19054b7dbbe4aa499186e408,2026-02-02T19:50:21Z,1,Point for anything that makes me feel like I'm drinking a cold Caipirinha beneath the hot Brazilian sun. ,f037c691958b46f79420b9d334aaf398
spotify:track:5OZ9qK8X32s0pTcNxi7lcH,0d42af6c19054b7dbbe4aa499186e408,2026-02-02T19:50:21Z,1,"soothing, Canadian indy ",f037c691958b46f79420b9d334aaf398
spotify:track:6ITuEsxEy2qPhqMowdDAeI,0d42af6c19054b7dbbe4aa499186e408,2026-02-02T19:50:21Z,1,point for poppy punk ,f037c691958b46f79420b9d334aaf398
spotify:track:6lCOQTYyEf0FXVS3I9Cpq1,0d42af6c19054b7dbbe4aa499186e408,2026-02-02T19:50:21Z,1,Powerful voice. Nice end to the playlist. ,f037c691958b46f79420b9d334aaf398
spotify:track:0jD1aIbj43vimANzZwWzoG,0b4377c224ba402d97adce848425da90,2026-02-02T19:59:15Z,1,Classic Rufus. Solid track and I’m sure he had a silly train dance to go along with it. ,f037c691958b46f79420b9d334aaf398
spotify:track:0sFjJMVHFifVUDdtJxiJbD,0b4377c224ba402d97adce848425da90,2026-02-02T19:59:15Z,0,"So many Paug Panderers groveling for their Timmy Train point. Train rides can be good for naps, too 😴 ",f037c691958b46f79420b9d334aaf398
spotify:track:1I32D5O8mjfQEglezN4bY0,0b4377c224ba402d97adce848425da90,2026-02-02T19:59:15Z,1,"Oh cool, more train sounds…………
Some pretty tasty shredding from Joe here. Wanted more.",f037c691958b46f79420b9d334aaf398
spotify:track:1VYoRIkm4yC4OwGcfq9Tjm,0b4377c224ba402d97adce848425da90,2026-02-02T19:59:15Z,1,"I don’t know what to do with this one. After the first 47 da-ba-dums, the song started to take off for me. Some interesting adjectives for trains. Then more da-ba-dums unfortunately. But it’s a long song so more good parts after that. One point I guess?",f037c691958b46f79420b9d334aaf398
spotify:track:2WbKDH7BbDUHqACsZH0KVW,0b4377c224ba402d97adce848425da90,2026-02-02T19:59:15Z,0,I just can’t with these guys. Corniest funk this side of the Mississippi. ,f037c691958b46f79420b9d334aaf398
spotify:track:2weyqq08Q0wTRlG5T4HPhP,0b4377c224ba402d97adce848425da90,2026-02-02T19:59:15Z,2,Thank you Buddy. Quite the contrast from that VP track. ,f037c691958b46f79420b9d334aaf398
spotify:track:3coHHhQWjkv8mcUkpkRKfC,0b4377c224ba402d97adce848425da90,2026-02-02T19:59:15Z,2,"+1 for a Misha song I don’t knok
+1 for teaching me about gyroplanes ",f037c691958b46f79420b9d334aaf398
spotify:track:3I9q5WkIXHCajC4kqg4KrP,0b4377c224ba402d97adce848425da90,2026-02-02T19:59:15Z,1,Pretty generic. But a couple of real nice mando sections. ,f037c691958b46f79420b9d334aaf398
spotify:track:3mV0oL5UDM5dCa04UeQ0sm,0b4377c224ba402d97adce848425da90,2026-02-02T19:59:15Z,2,I think I like every track I come across from these guys.,f037c691958b46f79420b9d334aaf398
spotify:track:3oedaF9nEGyKbLBxlPHWfe,0b4377c224ba402d97adce848425da90,2026-02-02T19:59:15Z,1,Slow burner. But it got there. ,f037c691958b46f79420b9d334aaf398
spotify:track:3UCG1rrSfyGJuV3TCgWAPU,0b4377c224ba402d97adce848425da90,2026-02-02T19:59:15Z,0,Definitely felt like I was inside a jazzy video game fwiw (zero for me). ,f037c691958b46f79420b9d334aaf398
spotify:track:5OZ9qK8X32s0pTcNxi7lcH,0b4377c224ba402d97adce848425da90,2026-02-02T19:59:15Z,3,This one really stuck sith me. Phenomenal ,f037c691958b46f79420b9d334aaf398
spotify:track:6ITuEsxEy2qPhqMowdDAeI,0b4377c224ba402d97adce848425da90,2026-02-02T19:59:15Z,1,Great tune. This was an answer (question) on Jeopardy last night,f037c691958b46f79420b9d334aaf398
spotify:track:6lCOQTYyEf0FXVS3I9Cpq1,0b4377c224ba402d97adce848425da90,2026-02-02T19:59:15Z,1,Well we certainly did ride this train all the way to the end. So so many trains. This one was lovely. ,f037c691958b46f79420b9d334aaf398
spotify:track:0sFjJMVHFifVUDdtJxiJbD,e5c2390073644e979f43e744c33e6c60,2026-02-02T23:35:22Z,1,,f037c691958b46f79420b9d334aaf398
spotify:track:1I32D5O8mjfQEglezN4bY0,e5c2390073644e979f43e744c33e6c60,2026-02-02T23:35:22Z,1,Nice guitar solo at the end there. Pretty sure I saw him at jazz fest,f037c691958b46f79420b9d334aaf398
spotify:track:1VYoRIkm4yC4OwGcfq9Tjm,e5c2390073644e979f43e744c33e6c60,2026-02-02T23:35:22Z,0,Loose interpretation of Tranportation with underground….not feeling this one anyway,f037c691958b46f79420b9d334aaf398
spotify:track:2weyqq08Q0wTRlG5T4HPhP,e5c2390073644e979f43e744c33e6c60,2026-02-02T23:35:22Z,2,,f037c691958b46f79420b9d334aaf398
spotify:track:3coHHhQWjkv8mcUkpkRKfC,e5c2390073644e979f43e744c33e6c60,2026-02-02T23:35:22Z,2,2001 vibes! Wishing I was blasting off ,f037c691958b46f79420b9d334aaf398
spotify:track:3I9q5WkIXHCajC4kqg4KrP,e5c2390073644e979f43e744c33e6c60,2026-02-02T23:35:22Z,1,Toes are a tappin +1,f037c691958b46f79420b9d334aaf398
spotify:track:3mV0oL5UDM5dCa04UeQ0sm,e5c2390073644e979f43e744c33e6c60,2026-02-02T23:35:22Z,2,Starts off like a bluesy “meat” then here come the sqwanks!!! ,f037c691958b46f79420b9d334aaf398
spotify:track:3oedaF9nEGyKbLBxlPHWfe,e5c2390073644e979f43e744c33e6c60,2026-02-02T23:35:22Z,2,Was expecting a soul asylum cover but pleasantly surprised with this,f037c691958b46f79420b9d334aaf398
spotify:track:3UCG1rrSfyGJuV3TCgWAPU,e5c2390073644e979f43e744c33e6c60,2026-02-02T23:35:22Z,0,Man I should not have listened to this on the drive home after work….almost fell asleep at the wheel it was so soothing!,f037c691958b46f79420b9d334aaf398
spotify:track:55JiV6v9f2vNb1dWNmt8lY,e5c2390073644e979f43e744c33e6c60,2026-02-02T23:35:22Z,1,,f037c691958b46f79420b9d334aaf398
spotify:track:5OZ9qK8X32s0pTcNxi7lcH,e5c2390073644e979f43e744c33e6c60,2026-02-02T23:35:22Z,1,,f037c691958b46f79420b9d334aaf398
spotify:track:6lCOQTYyEf0FXVS3I9Cpq1,e5c2390073644e979f43e744c33e6c60,2026-02-02T23:35:22Z,3,Wow the algorithm nailed this for the last track when played straight through! “Ride this train till the end” smooth silky funky loved it,f037c691958b46f79420b9d334aaf398
spotify:track:0jD1aIbj43vimANzZwWzoG,9b7e03ea90dd46db9779dc21eb04ca5a,2026-02-02T23:40:06Z,2,,f037c691958b46f79420b9d334aaf398
spotify:track:0sFjJMVHFifVUDdtJxiJbD,9b7e03ea90dd46db9779dc21eb04ca5a,2026-02-02T23:40:06Z,2,,f037c691958b46f79420b9d334aaf398
spotify:track:1I32D5O8mjfQEglezN4bY0,9b7e03ea90dd46db9779dc21eb04ca5a,2026-02-02T23:40:06Z,1,,f037c691958b46f79420b9d334aaf398
spotify:track:2weyqq08Q0wTRlG5T4HPhP,9b7e03ea90dd46db9779dc21eb04ca5a,2026-02-02T23:40:06Z,2,,f037c691958b46f79420b9d334aaf398
spotify:track:3coHHhQWjkv8mcUkpkRKfC,9b7e03ea90dd46db9779dc21eb04ca5a,2026-02-02T23:40:06Z,3,,f037c691958b46f79420b9d334aaf398
spotify:track:3mV0oL5UDM5dCa04UeQ0sm,9b7e03ea90dd46db9779dc21eb04ca5a,2026-02-02T23:40:06Z,2,,f037c691958b46f79420b9d334aaf398
spotify:track:3UCG1rrSfyGJuV3TCgWAPU,9b7e03ea90dd46db9779dc21eb04ca5a,2026-02-02T23:40:06Z,2,,f037c691958b46f79420b9d334aaf398
spotify:track:4Z9R2haJASztRkUgh1Cgai,9b7e03ea90dd46db9779dc21eb04ca5a,2026-02-02T23:40:06Z,1,,f037c691958b46f79420b9d334aaf398
spotify:track:5OZ9qK8X32s0pTcNxi7lcH,9b7e03ea90dd46db9779dc21eb04ca5a,2026-02-02T23:40:06Z,1,,f037c691958b46f79420b9d334aaf398
spotify:track:5sFOqFudczTcMqAwM0GDWB,48468f9ee55c4e71b349a5f376d4d792,2026-02-05T13:07:41Z,1,Uncle Jacob I know this is you cause it has drums in it and you love drums ,0e7063989e2b441a841c8627ba109f9e
spotify:track:5MIocbmC1RInCuRIwOjIVN,48468f9ee55c4e71b349a5f376d4d792,2026-02-05T13:07:41Z,0,Delete this song ,0e7063989e2b441a841c8627ba109f9e
spotify:track:5jkFvD4UJrmdoezzT1FRoP,48468f9ee55c4e71b349a5f376d4d792,2026-02-05T13:07:41Z,0,(Asa made a lot of fun of this one. Thought it was terrible) ,0e7063989e2b441a841c8627ba109f9e
spotify:track:5iA1eJaTX67kCAa5neAJDf,48468f9ee55c4e71b349a5f376d4d792,2026-02-05T13:07:41Z,3,,0e7063989e2b441a841c8627ba109f9e
spotify:track:55thvoyJmSBTD0shgxtktH,48468f9ee55c4e71b349a5f376d4d792,2026-02-05T13:07:41Z,3,This is good!!,0e7063989e2b441a841c8627ba109f9e
spotify:track:4X24gbKkMyC1VlNFog3EUD,48468f9ee55c4e71b349a5f376d4d792,2026-02-05T13:07:41Z,0,It doesn’t stick in my mind a lot but it’s a good song ,0e7063989e2b441a841c8627ba109f9e
spotify:track:41dDygR3r7e926oGUXfrLt,48468f9ee55c4e71b349a5f376d4d792,2026-02-05T13:07:41Z,1,This made everyone in the car shake their heads forward the same way. This is a mysterious song. ,0e7063989e2b441a841c8627ba109f9e
spotify:track:3Z2Thcr0SrxKcQpvouDpR8,48468f9ee55c4e71b349a5f376d4d792,2026-02-05T13:07:41Z,1,I don’t what he’s saying but I like the song ,0e7063989e2b441a841c8627ba109f9e
spotify:track:3oWXoSkjdbTlQlteizN7Hb,48468f9ee55c4e71b349a5f376d4d792,2026-02-05T13:07:41Z,3,Poop there it is!!!,0e7063989e2b441a841c8627ba109f9e
spotify:track:1t6tQ0ETeOIDl5cscjEC55,48468f9ee55c4e71b349a5f376d4d792,2026-02-05T13:07:41Z,0,What the… it’s a very weird song ,0e7063989e2b441a841c8627ba109f9e
spotify:track:1IAzD1muglOxOcPbUHs70R,48468f9ee55c4e71b349a5f376d4d792,2026-02-05T13:07:41Z,0,I don’t care about this song ,0e7063989e2b441a841c8627ba109f9e
spotify:track:18oWEPapjNt32E6sCM6VLb,48468f9ee55c4e71b349a5f376d4d792,2026-02-05T13:07:41Z,1,Oh this is actually a good song. But it’s hard to understand what she’s saying. ,0e7063989e2b441a841c8627ba109f9e
spotify:track:0DiWol3AO6WpXZgp0goxAV,48468f9ee55c4e71b349a5f376d4d792,2026-02-05T13:07:41Z,1,Just a 1 cause I already know this song ,0e7063989e2b441a841c8627ba109f9e
spotify:track:6oJ6le65B3SEqPwMRNXWjY,48468f9ee55c4e71b349a5f376d4d792,2026-02-05T13:07:41Z,1,I know this song this is from a movie ,0e7063989e2b441a841c8627ba109f9e
spotify:track:7vvRkLPIvfjjmCIqNxBuEZ,48468f9ee55c4e71b349a5f376d4d792,2026-02-05T13:07:41Z,1,It got groovey,0e7063989e2b441a841c8627ba109f9e
spotify:track:4X24gbKkMyC1VlNFog3EUD,49a5ff7c4466457eb8016aaf873224cb,2026-02-05T16:29:03Z,2,"Ohhh yeah, another research bleed over like mine? Nice select.",0e7063989e2b441a841c8627ba109f9e
spotify:track:7vvRkLPIvfjjmCIqNxBuEZ,49a5ff7c4466457eb8016aaf873224cb,2026-02-05T16:29:03Z,2,"Yep this stole at least a point from Marco. I am hesitant to give it more on account of the Asa dump. But nice pick, Brandon. Damn what a fuckin hook. ",0e7063989e2b441a841c8627ba109f9e
spotify:track:6oJ6le65B3SEqPwMRNXWjY,49a5ff7c4466457eb8016aaf873224cb,2026-02-05T16:29:03Z,0,"Banger of a song, not sure it worms me. I would give it points just because if Marco didn't steal them all. ",0e7063989e2b441a841c8627ba109f9e
spotify:track:5sFOqFudczTcMqAwM0GDWB,49a5ff7c4466457eb8016aaf873224cb,2026-02-05T16:29:03Z,4,"How dumb of me to not submit this. 

5 pointer for one that has been stuck in my head since Equifunk 2012, before this song even had a name or any lyrics. Everyone was singing that riff all weekend. Still has the same effect. The second I saw the track I was like awwwww hell. 

Julia texted me during the peak insanity of moving day (while I was bustin ass at the old apt with the incompetent movers and she was just CHILLIN at the new ((lemansky if you rat me out I swear, keep some things sacred, fuck))) suggesting I submit this. I missed it amongst the chaos. Assuming whoever did this (Rick?) did it fast, so maybe it was already taken. If it was Dianna in the last few min of the round then FUCK! 

Easy 5. One of the most wormiest worms. I am probably biased for a few reasons, but man this is the exact pick I was searching for and should've thought of. 

____________

Addendum: This version honestly doesn't even do it for me, but the idea of the song... yep. Good for 4 at least. ",0e7063989e2b441a841c8627ba109f9e
spotify:track:5MIocbmC1RInCuRIwOjIVN,49a5ff7c4466457eb8016aaf873224cb,2026-02-05T16:29:03Z,0,"This makes me so glad I did not submit Brandi Carlile's ""The Story"", which in my mind is a strong contender, I can NEVER get that shit out of my head... but yeah I bet it just wouldn't have landed right, like this one didn't. 
 ",0e7063989e2b441a841c8627ba109f9e
spotify:track:5jkFvD4UJrmdoezzT1FRoP,49a5ff7c4466457eb8016aaf873224cb,2026-02-05T16:29:03Z,2,"oh hell yeah, this one took a min to realize, but yep, Would love to give it 2 if I can. tbd. 

Yep you stole a point from Hall & Oates. 
",0e7063989e2b441a841c8627ba109f9e
spotify:track:5iA1eJaTX67kCAa5neAJDf,49a5ff7c4466457eb8016aaf873224cb,2026-02-05T16:29:03Z,0,"/shrug not doing it for me 

It's a fine enough song (at best), but isn't triggering the prompt in me. ",0e7063989e2b441a841c8627ba109f9e
spotify:track:55thvoyJmSBTD0shgxtktH,49a5ff7c4466457eb8016aaf873224cb,2026-02-05T16:29:03Z,1,"Gave this 2 on the first pass, but had to steal from it to distribute. It's definitely a bop. Love it while I am listening to it, but then erase it from my brain. Maybe it's the worms?",0e7063989e2b441a841c8627ba109f9e
spotify:track:41dDygR3r7e926oGUXfrLt,49a5ff7c4466457eb8016aaf873224cb,2026-02-05T16:29:03Z,1,"Yep. I can, in fact, go for that. ",0e7063989e2b441a841c8627ba109f9e
spotify:track:3Z2Thcr0SrxKcQpvouDpR8,49a5ff7c4466457eb8016aaf873224cb,2026-02-05T16:29:03Z,0,"Yes, it is a carry-over from latin research and was a close runner-up for my select (aka... submitted it probably 6 times before going with the one I went with), but it's been in my head ever since. It earwormed me then and has stuck with me. So sue me if some think that's against the #rules.",0e7063989e2b441a841c8627ba109f9e
spotify:track:3oWXoSkjdbTlQlteizN7Hb,49a5ff7c4466457eb8016aaf873224cb,2026-02-05T16:29:03Z,1,"One for the classic, idk if it earworms me. I can see how it would, though. ",0e7063989e2b441a841c8627ba109f9e
spotify:track:37jrubWAb4F9TY2GgSRG56,49a5ff7c4466457eb8016aaf873224cb,2026-02-05T16:29:03Z,1,Got me better than expected. Life Saving Gun'd ,0e7063989e2b441a841c8627ba109f9e
spotify:track:1t6tQ0ETeOIDl5cscjEC55,49a5ff7c4466457eb8016aaf873224cb,2026-02-05T16:29:03Z,0,"Never stuck. I tried, too hard. ",0e7063989e2b441a841c8627ba109f9e
spotify:track:1IAzD1muglOxOcPbUHs70R,49a5ff7c4466457eb8016aaf873224cb,2026-02-05T16:29:03Z,1,"Listened 3 times, got me boppin along, didn't really super stick with me though. Definitely a good hook. I liked it better when I thought the lyrics were “snacks on deck”. ",0e7063989e2b441a841c8627ba109f9e
spotify:track:18oWEPapjNt32E6sCM6VLb,49a5ff7c4466457eb8016aaf873224cb,2026-02-05T16:29:03Z,1,"Another that got me boppppin, not sure if it ever stuck. You get 1 on first pass. May have to place to point elsewhere. ",0e7063989e2b441a841c8627ba109f9e
spotify:track:0DiWol3AO6WpXZgp0goxAV,49a5ff7c4466457eb8016aaf873224cb,2026-02-05T16:29:03Z,0,"This song never did it for me. Not voting 0 because it's popular or whatever. Trying to avoid that line of thought this round. If you went with Around the World, I would've tossed it some. THAT one always stuck with me. ",0e7063989e2b441a841c8627ba109f9e
spotify:track:7vvRkLPIvfjjmCIqNxBuEZ,ce76a5e6ff274137bb5127db7065d9a8,2026-02-05T17:54:33Z,1,This one earns a point for just reading the song title giving me worms,0e7063989e2b441a841c8627ba109f9e
spotify:track:5MIocbmC1RInCuRIwOjIVN,ce76a5e6ff274137bb5127db7065d9a8,2026-02-05T17:54:33Z,0,Vocal melodies that take big jumps up and down really get me. Brutal playlist. ,0e7063989e2b441a841c8627ba109f9e
spotify:track:5jkFvD4UJrmdoezzT1FRoP,ce76a5e6ff274137bb5127db7065d9a8,2026-02-05T17:54:33Z,1,Lol this is absurd,0e7063989e2b441a841c8627ba109f9e
spotify:track:5iA1eJaTX67kCAa5neAJDf,ce76a5e6ff274137bb5127db7065d9a8,2026-02-05T17:54:33Z,1,Here's a point,0e7063989e2b441a841c8627ba109f9e
spotify:track:55thvoyJmSBTD0shgxtktH,ce76a5e6ff274137bb5127db7065d9a8,2026-02-05T17:54:33Z,2,I considered a song from this album too. I find it all pretty catchy (and enjoyable). Good pick,0e7063989e2b441a841c8627ba109f9e
spotify:track:4X24gbKkMyC1VlNFog3EUD,ce76a5e6ff274137bb5127db7065d9a8,2026-02-05T17:54:33Z,1,Inoffensive,0e7063989e2b441a841c8627ba109f9e
spotify:track:41dDygR3r7e926oGUXfrLt,ce76a5e6ff274137bb5127db7065d9a8,2026-02-05T17:54:33Z,1,"At least this is a good song, compared to the other ""well known"" picks on this list",0e7063989e2b441a841c8627ba109f9e
spotify:track:3Z2Thcr0SrxKcQpvouDpR8,ce76a5e6ff274137bb5127db7065d9a8,2026-02-05T17:54:33Z,2,Banana Tree doesn't roll off the tongue quite like Bananeira. Solid,0e7063989e2b441a841c8627ba109f9e
spotify:track:3oWXoSkjdbTlQlteizN7Hb,ce76a5e6ff274137bb5127db7065d9a8,2026-02-05T17:54:33Z,0,"Annoying and repetitive? Yep
Point? Nope",0e7063989e2b441a841c8627ba109f9e
spotify:track:37jrubWAb4F9TY2GgSRG56,ce76a5e6ff274137bb5127db7065d9a8,2026-02-05T17:54:33Z,1,Thanks for explaining the words in your comment. Another 90s under the radar worm. Still kinda have Brimful of Asha in my head though,0e7063989e2b441a841c8627ba109f9e
spotify:track:1IAzD1muglOxOcPbUHs70R,ce76a5e6ff274137bb5127db7065d9a8,2026-02-05T17:54:33Z,0,"Catchy? Yes
Do I like it? Not really

There are so many well known songs that are extremely catchy. I'm scratching my head about why these ""popular"" songs are the ones that made the cut. I guess maybe these are the ones that are really getting stuck in your heads? ",0e7063989e2b441a841c8627ba109f9e
spotify:track:18oWEPapjNt32E6sCM6VLb,ce76a5e6ff274137bb5127db7065d9a8,2026-02-05T17:54:33Z,1,Just glad the Daft Punk is over,0e7063989e2b441a841c8627ba109f9e
spotify:track:0DiWol3AO6WpXZgp0goxAV,ce76a5e6ff274137bb5127db7065d9a8,2026-02-05T17:54:33Z,0,"Thank you for your comment. I wanted to throw my head into a wall when this was used last year. The song needs to be wormy - sure this is catchy. But I also need to like it, and I do not like this song.",0e7063989e2b441a841c8627ba109f9e
spotify:track:1t6tQ0ETeOIDl5cscjEC55,ce76a5e6ff274137bb5127db7065d9a8,2026-02-05T17:54:33Z,3,Nice. Catchy musical melody and catchy repetitive chorus. Under the radar 90s taboot. Immediate worm. Nailed it,0e7063989e2b441a841c8627ba109f9e
spotify:track:6oJ6le65B3SEqPwMRNXWjY,ce76a5e6ff274137bb5127db7065d9a8,2026-02-05T17:54:33Z,1,"Does this particular version get stuck in your head, or you just didn't want to submit the original? ",0e7063989e2b441a841c8627ba109f9e
spotify:track:5sFOqFudczTcMqAwM0GDWB,ce76a5e6ff274137bb5127db7065d9a8,2026-02-05T17:54:33Z,1,I don't particularly like it. But here's a point,0e7063989e2b441a841c8627ba109f9e
spotify:track:0DiWol3AO6WpXZgp0goxAV,1c89e947d02949ed86d05ec22a7350bf,2026-02-05T18:55:26Z,1,"1 point because there are too many more deserving 0s.  But unless this is Al or Asa, weak sauce.  ",0e7063989e2b441a841c8627ba109f9e
spotify:track:18oWEPapjNt32E6sCM6VLb,1c89e947d02949ed86d05ec22a7350bf,2026-02-05T18:55:26Z,1,not the worst,0e7063989e2b441a841c8627ba109f9e
spotify:track:1IAzD1muglOxOcPbUHs70R,1c89e947d02949ed86d05ec22a7350bf,2026-02-05T18:55:26Z,2,sounds like college,0e7063989e2b441a841c8627ba109f9e
spotify:track:1t6tQ0ETeOIDl5cscjEC55,1c89e947d02949ed86d05ec22a7350bf,2026-02-05T18:55:26Z,1,should have gone with the fatboy slim version,0e7063989e2b441a841c8627ba109f9e
spotify:track:37jrubWAb4F9TY2GgSRG56,1c89e947d02949ed86d05ec22a7350bf,2026-02-05T18:55:26Z,0,stop this song.,0e7063989e2b441a841c8627ba109f9e
spotify:track:7vvRkLPIvfjjmCIqNxBuEZ,1c89e947d02949ed86d05ec22a7350bf,2026-02-05T18:55:26Z,2,brandon?,0e7063989e2b441a841c8627ba109f9e
spotify:track:3oWXoSkjdbTlQlteizN7Hb,1c89e947d02949ed86d05ec22a7350bf,2026-02-05T18:55:26Z,1,a nostalgia point,0e7063989e2b441a841c8627ba109f9e
spotify:track:41dDygR3r7e926oGUXfrLt,1c89e947d02949ed86d05ec22a7350bf,2026-02-05T18:55:26Z,2,i have a soft spot for hall and oates,0e7063989e2b441a841c8627ba109f9e
spotify:track:55thvoyJmSBTD0shgxtktH,1c89e947d02949ed86d05ec22a7350bf,2026-02-05T18:55:26Z,1,"There are better, and equally earwormy Franc Moody songs than this one",0e7063989e2b441a841c8627ba109f9e
spotify:track:5iA1eJaTX67kCAa5neAJDf,1c89e947d02949ed86d05ec22a7350bf,2026-02-05T18:55:26Z,2,,0e7063989e2b441a841c8627ba109f9e
spotify:track:5jkFvD4UJrmdoezzT1FRoP,1c89e947d02949ed86d05ec22a7350bf,2026-02-05T18:55:26Z,0,no,0e7063989e2b441a841c8627ba109f9e
spotify:track:5MIocbmC1RInCuRIwOjIVN,1c89e947d02949ed86d05ec22a7350bf,2026-02-05T18:55:26Z,1,"I dont find this earwormy, but I didnt want to rip my ears out either so 1 point",0e7063989e2b441a841c8627ba109f9e
spotify:track:5sFOqFudczTcMqAwM0GDWB,1c89e947d02949ed86d05ec22a7350bf,2026-02-05T18:55:26Z,2,"love me some marco, i guess this is the best one?",0e7063989e2b441a841c8627ba109f9e
spotify:track:6oJ6le65B3SEqPwMRNXWjY,f1f0f2ed0eb64306992b613229fb7972,2026-02-05T19:07:42Z,1,"I *hate* that this is a cover... (Sorry, Jen/Sam? lol, Kygo'd) This is already a great song... by Steve Winwood. Why not choose that version? 🤔 Sorry Whitney... I guess it is still a wormy tune, tho, despite all the... Kygo-ness of it, ha. I've also got a bunch of points still so here ya go.",0e7063989e2b441a841c8627ba109f9e
spotify:track:0DiWol3AO6WpXZgp0goxAV,f1f0f2ed0eb64306992b613229fb7972,2026-02-05T19:07:42Z,2,"Classic. Also, a very appropriate way to kick off this playlist! 💥😵‍💫🔫",0e7063989e2b441a841c8627ba109f9e
spotify:track:18oWEPapjNt32E6sCM6VLb,f1f0f2ed0eb64306992b613229fb7972,2026-02-05T19:07:42Z,0,"I wanted this to be Abba's ""Lay All Your Love on Me"" when it started. Shame that it isn't bc that is quite the earworm! 🕺🏻 This, on the other hand... If I had this stuck in my head for more than the length of this song, I'd probably be hoping someone would off with my head 😑",0e7063989e2b441a841c8627ba109f9e
spotify:track:1IAzD1muglOxOcPbUHs70R,f1f0f2ed0eb64306992b613229fb7972,2026-02-05T19:07:42Z,1,"Oh, man... I am immediately transported back to some dingy, off campus frat house basement where there are several tables of beer pong going. I am 19 years old again & life is good. This song, however, is... something. So bad it's kinda good? Definitely a little wormy. ",0e7063989e2b441a841c8627ba109f9e
spotify:track:1t6tQ0ETeOIDl5cscjEC55,f1f0f2ed0eb64306992b613229fb7972,2026-02-05T19:07:42Z,1,"Fluff? Definitely a worm. Don't hate it but also wow, this is way longer than I remember it being... ",0e7063989e2b441a841c8627ba109f9e
spotify:track:37jrubWAb4F9TY2GgSRG56,f1f0f2ed0eb64306992b613229fb7972,2026-02-05T19:07:42Z,2,"Ok, this definitely fits the bill. I think even more so than the lyrics, that weird little wobble sound (complimentary) is what's stuck in my head 🪱",0e7063989e2b441a841c8627ba109f9e
spotify:track:3oWXoSkjdbTlQlteizN7Hb,f1f0f2ed0eb64306992b613229fb7972,2026-02-05T19:07:42Z,2,"Oh, fuck yeah. Actually low-key love this song. Was thinking there might be some more jock jams on here. In fact, I almost submitted one myself! But I know this group does not appreciate such fine art so I decided against it... 😒 Will this be the first song from the 90s that has ever won a ML round?! ...probably not, but I'm rooting for it!",0e7063989e2b441a841c8627ba109f9e
spotify:track:3Z2Thcr0SrxKcQpvouDpR8,f1f0f2ed0eb64306992b613229fb7972,2026-02-05T19:07:42Z,1,I could see how this could be *kind of* catchy...,0e7063989e2b441a841c8627ba109f9e
spotify:track:41dDygR3r7e926oGUXfrLt,f1f0f2ed0eb64306992b613229fb7972,2026-02-05T19:07:42Z,1,"Love me some Hall & Motherfucking Oates 🕺🏻 I can, in fact, go for that. ",0e7063989e2b441a841c8627ba109f9e
spotify:track:4X24gbKkMyC1VlNFog3EUD,f1f0f2ed0eb64306992b613229fb7972,2026-02-05T19:07:42Z,0,Hard to get a song stuck in your head if you have no idea what they're saying... At least the other non-English submission was a word repeated over & over again. This is... a lot of mouth noises...,0e7063989e2b441a841c8627ba109f9e
spotify:track:55thvoyJmSBTD0shgxtktH,f1f0f2ed0eb64306992b613229fb7972,2026-02-05T19:07:42Z,1,"Dustin? Definitely a bop. And the ""good to go"" most certainly gets hammered into your skull so... Worm status achieved. ",0e7063989e2b441a841c8627ba109f9e
spotify:track:5iA1eJaTX67kCAa5neAJDf,f1f0f2ed0eb64306992b613229fb7972,2026-02-05T19:07:42Z,2,"This is either Kenny or Al. I can *hear* Kenny singing this chorus over & over & over again in his grumbly, mumbly Kenny voice (with me obviously joining is because this is such a fun lil thing to sing.) This band, which I'm unfamiliar with, sounds V v Little Feat-y to me, which is why I'm leaning. But also since I've never heard of them before, it might be Al? He's a wildcard... ",0e7063989e2b441a841c8627ba109f9e
spotify:track:5jkFvD4UJrmdoezzT1FRoP,f1f0f2ed0eb64306992b613229fb7972,2026-02-05T19:07:42Z,1,I am so happy this song has resurfaced on my social medias (thanks to Ilya Rozanov from Heated Rivalry 🇷🇺) . What a weird little ditty with an even stranger backstory? ,0e7063989e2b441a841c8627ba109f9e
spotify:track:5MIocbmC1RInCuRIwOjIVN,f1f0f2ed0eb64306992b613229fb7972,2026-02-05T19:07:42Z,0,Very curious to hear the explanation behind this one. I can't think of a less wormy worm. Wtf? lol Pretty glad my song followed this one. Hope I get a bunch of points bc of that... 🤪,0e7063989e2b441a841c8627ba109f9e
spotify:track:5sFOqFudczTcMqAwM0GDWB,f1f0f2ed0eb64306992b613229fb7972,2026-02-05T19:07:42Z,0,"Sorry, Kenny... 💥😵‍💫🔫 ",0e7063989e2b441a841c8627ba109f9e
spotify:track:7vvRkLPIvfjjmCIqNxBuEZ,f1f0f2ed0eb64306992b613229fb7972,2026-02-05T19:07:42Z,1,"Yeah, I guess this one works. ",0e7063989e2b441a841c8627ba109f9e
spotify:track:18oWEPapjNt32E6sCM6VLb,183c5f6ed1b147099842917a9576c8f4,2026-02-05T19:30:14Z,1,I remember walking around the east village with Heads Will Roll stuck in my head after a late night at Dark Room after forgetting my iPod at home. ,0e7063989e2b441a841c8627ba109f9e
spotify:track:0DiWol3AO6WpXZgp0goxAV,183c5f6ed1b147099842917a9576c8f4,2026-02-05T19:30:14Z,0,"Can we go through one season without seeing this fucking song showing its derivative, boring face?  ",0e7063989e2b441a841c8627ba109f9e
spotify:track:7vvRkLPIvfjjmCIqNxBuEZ,183c5f6ed1b147099842917a9576c8f4,2026-02-05T19:30:14Z,1,More hooky than Feris Bueller. ,0e7063989e2b441a841c8627ba109f9e
spotify:track:6oJ6le65B3SEqPwMRNXWjY,183c5f6ed1b147099842917a9576c8f4,2026-02-05T19:30:14Z,1,Sure Kygo is basic/pop edm. But this song sticks with you and I've seen weddings explode with this one. ,0e7063989e2b441a841c8627ba109f9e
spotify:track:5sFOqFudczTcMqAwM0GDWB,183c5f6ed1b147099842917a9576c8f4,2026-02-05T19:30:14Z,2,Usually leave my more profound thoughts out of the chat. But...maybe they call them worms that's what you put on the hook to catch your prey. Anyway I liked the do doo do hook.,0e7063989e2b441a841c8627ba109f9e
spotify:track:5MIocbmC1RInCuRIwOjIVN,183c5f6ed1b147099842917a9576c8f4,2026-02-05T19:30:14Z,0,The early bird must've been up this morning,0e7063989e2b441a841c8627ba109f9e
spotify:track:5jkFvD4UJrmdoezzT1FRoP,183c5f6ed1b147099842917a9576c8f4,2026-02-05T19:30:14Z,1,Likely going to pass on checking out the rest of the Boney M. catalogue. ,0e7063989e2b441a841c8627ba109f9e
spotify:track:5iA1eJaTX67kCAa5neAJDf,183c5f6ed1b147099842917a9576c8f4,2026-02-05T19:30:14Z,1,Left over point. Congrats!,0e7063989e2b441a841c8627ba109f9e
spotify:track:55thvoyJmSBTD0shgxtktH,183c5f6ed1b147099842917a9576c8f4,2026-02-05T19:30:14Z,3,I have really good news.  This my favorite of the week!  100% wormy and also interesting!  ,0e7063989e2b441a841c8627ba109f9e
spotify:track:41dDygR3r7e926oGUXfrLt,183c5f6ed1b147099842917a9576c8f4,2026-02-05T19:30:14Z,2,"The lyrics actually state ""I can just go for repeating the same old lines"". And then they do.  Over and over and over again.  This was kinda mean. ",0e7063989e2b441a841c8627ba109f9e
spotify:track:3Z2Thcr0SrxKcQpvouDpR8,183c5f6ed1b147099842917a9576c8f4,2026-02-05T19:30:14Z,1,It's listenable!  It's moderately wormy!,0e7063989e2b441a841c8627ba109f9e
spotify:track:3oWXoSkjdbTlQlteizN7Hb,183c5f6ed1b147099842917a9576c8f4,2026-02-05T19:30:14Z,0,"Sorry. Can't do it.  I tried. But as the two dudes on this list most likely to be in the Epstein files said, I can't go for that. ",0e7063989e2b441a841c8627ba109f9e
spotify:track:37jrubWAb4F9TY2GgSRG56,183c5f6ed1b147099842917a9576c8f4,2026-02-05T19:30:14Z,1,Yeah this qualifies ,0e7063989e2b441a841c8627ba109f9e
spotify:track:1t6tQ0ETeOIDl5cscjEC55,183c5f6ed1b147099842917a9576c8f4,2026-02-05T19:30:14Z,0,I don't remember this one...so not wormy enough?,0e7063989e2b441a841c8627ba109f9e
spotify:track:1IAzD1muglOxOcPbUHs70R,183c5f6ed1b147099842917a9576c8f4,2026-02-05T19:30:14Z,2,Ultimate ear warmy hip hop.,0e7063989e2b441a841c8627ba109f9e
spotify:track:0DiWol3AO6WpXZgp0goxAV,7fdceb56429c4e38939c3e5ee41bfdd0,2026-02-05T22:13:46Z,0,Played many more times than needed. And still doesn’t get stuck at this point ,0e7063989e2b441a841c8627ba109f9e
spotify:track:18oWEPapjNt32E6sCM6VLb,7fdceb56429c4e38939c3e5ee41bfdd0,2026-02-05T22:13:46Z,1,,0e7063989e2b441a841c8627ba109f9e
spotify:track:1t6tQ0ETeOIDl5cscjEC55,7fdceb56429c4e38939c3e5ee41bfdd0,2026-02-05T22:13:46Z,2,I keep hearing werewolves of London in this. Which then led me to having the “awhooooo werewolves of London” earworm in my head more than this. I probably should’ve picked that one. Thanks for making me think too much. And regretting my choices. ,0e7063989e2b441a841c8627ba109f9e
spotify:track:3oWXoSkjdbTlQlteizN7Hb,7fdceb56429c4e38939c3e5ee41bfdd0,2026-02-05T22:13:46Z,1,Classic. Whoomp! There’s a point. ,0e7063989e2b441a841c8627ba109f9e
spotify:track:3Z2Thcr0SrxKcQpvouDpR8,7fdceb56429c4e38939c3e5ee41bfdd0,2026-02-05T22:13:46Z,2,,0e7063989e2b441a841c8627ba109f9e
spotify:track:55thvoyJmSBTD0shgxtktH,7fdceb56429c4e38939c3e5ee41bfdd0,2026-02-05T22:13:46Z,0,Didn’t get the hook like most moody’s,0e7063989e2b441a841c8627ba109f9e
spotify:track:5iA1eJaTX67kCAa5neAJDf,7fdceb56429c4e38939c3e5ee41bfdd0,2026-02-05T22:13:46Z,2,Fun and not terrible to listen to. ,0e7063989e2b441a841c8627ba109f9e
spotify:track:5jkFvD4UJrmdoezzT1FRoP,7fdceb56429c4e38939c3e5ee41bfdd0,2026-02-05T22:13:46Z,3,Maybe fav of the week? Congrats?,0e7063989e2b441a841c8627ba109f9e
spotify:track:5sFOqFudczTcMqAwM0GDWB,7fdceb56429c4e38939c3e5ee41bfdd0,2026-02-05T22:13:46Z,3,Most Marcos be catchy. Do do do do do do do do do do,0e7063989e2b441a841c8627ba109f9e
spotify:track:6oJ6le65B3SEqPwMRNXWjY,7fdceb56429c4e38939c3e5ee41bfdd0,2026-02-05T22:13:46Z,2,,0e7063989e2b441a841c8627ba109f9e
spotify:track:3Z2Thcr0SrxKcQpvouDpR8,d0b05ef03f5e4598a3e8532b812c3330,2026-02-05T22:28:55Z,2,Very nice choice,0e7063989e2b441a841c8627ba109f9e
spotify:track:0DiWol3AO6WpXZgp0goxAV,d0b05ef03f5e4598a3e8532b812c3330,2026-02-05T22:28:55Z,0,no more times!! not in music league and not here!,0e7063989e2b441a841c8627ba109f9e
spotify:track:18oWEPapjNt32E6sCM6VLb,d0b05ef03f5e4598a3e8532b812c3330,2026-02-05T22:28:55Z,3,Very nice choice for this round,0e7063989e2b441a841c8627ba109f9e
spotify:track:1IAzD1muglOxOcPbUHs70R,d0b05ef03f5e4598a3e8532b812c3330,2026-02-05T22:28:55Z,0,no no no no,0e7063989e2b441a841c8627ba109f9e
spotify:track:1t6tQ0ETeOIDl5cscjEC55,d0b05ef03f5e4598a3e8532b812c3330,2026-02-05T22:28:55Z,1,Classic. Wish you went i dont need to walk around i circles though. Feel like those are both the same. ,0e7063989e2b441a841c8627ba109f9e
spotify:track:37jrubWAb4F9TY2GgSRG56,d0b05ef03f5e4598a3e8532b812c3330,2026-02-05T22:28:55Z,3,cant get you out of my head,0e7063989e2b441a841c8627ba109f9e
spotify:track:7vvRkLPIvfjjmCIqNxBuEZ,d0b05ef03f5e4598a3e8532b812c3330,2026-02-05T22:28:55Z,0,so overplayed no no no,0e7063989e2b441a841c8627ba109f9e
spotify:track:6oJ6le65B3SEqPwMRNXWjY,d0b05ef03f5e4598a3e8532b812c3330,2026-02-05T22:28:55Z,1,love kygo,0e7063989e2b441a841c8627ba109f9e
spotify:track:5sFOqFudczTcMqAwM0GDWB,d0b05ef03f5e4598a3e8532b812c3330,2026-02-05T22:28:55Z,1,Nice try but also not completely in my head,0e7063989e2b441a841c8627ba109f9e
spotify:track:5MIocbmC1RInCuRIwOjIVN,d0b05ef03f5e4598a3e8532b812c3330,2026-02-05T22:28:55Z,0,Didnt really get it take 2,0e7063989e2b441a841c8627ba109f9e
spotify:track:5jkFvD4UJrmdoezzT1FRoP,d0b05ef03f5e4598a3e8532b812c3330,2026-02-05T22:28:55Z,0,Didnt really get it,0e7063989e2b441a841c8627ba109f9e
spotify:track:55thvoyJmSBTD0shgxtktH,d0b05ef03f5e4598a3e8532b812c3330,2026-02-05T22:28:55Z,1,eh... nice song. untzy... but not stuck in my head,0e7063989e2b441a841c8627ba109f9e
spotify:track:3oWXoSkjdbTlQlteizN7Hb,d0b05ef03f5e4598a3e8532b812c3330,2026-02-05T22:28:55Z,0,NO NO,0e7063989e2b441a841c8627ba109f9e
spotify:track:41dDygR3r7e926oGUXfrLt,d0b05ef03f5e4598a3e8532b812c3330,2026-02-05T22:28:55Z,1,great song so point but dont get the earworm ,0e7063989e2b441a841c8627ba109f9e
spotify:track:4X24gbKkMyC1VlNFog3EUD,d0b05ef03f5e4598a3e8532b812c3330,2026-02-05T22:28:55Z,3,Yessss... very nice choice even though i think we are overplaying the latin hits,0e7063989e2b441a841c8627ba109f9e
spotify:track:6oJ6le65B3SEqPwMRNXWjY,8453d173315c468e8134e2527a658ba5,2026-02-05T23:33:43Z,1,,0e7063989e2b441a841c8627ba109f9e
spotify:track:5sFOqFudczTcMqAwM0GDWB,8453d173315c468e8134e2527a658ba5,2026-02-05T23:33:43Z,2,Marco can worm,0e7063989e2b441a841c8627ba109f9e
spotify:track:5iA1eJaTX67kCAa5neAJDf,8453d173315c468e8134e2527a658ba5,2026-02-05T23:33:43Z,1,,0e7063989e2b441a841c8627ba109f9e
spotify:track:4X24gbKkMyC1VlNFog3EUD,8453d173315c468e8134e2527a658ba5,2026-02-05T23:33:43Z,2,Which diskin that saw goose cover this last year picked this song? Either way Ilana loved singing along in the car,0e7063989e2b441a841c8627ba109f9e
spotify:track:41dDygR3r7e926oGUXfrLt,8453d173315c468e8134e2527a658ba5,2026-02-05T23:33:43Z,1,Def wormy,0e7063989e2b441a841c8627ba109f9e
spotify:track:3Z2Thcr0SrxKcQpvouDpR8,8453d173315c468e8134e2527a658ba5,2026-02-05T23:33:43Z,4,Fave of the week,0e7063989e2b441a841c8627ba109f9e
spotify:track:3oWXoSkjdbTlQlteizN7Hb,8453d173315c468e8134e2527a658ba5,2026-02-05T23:33:43Z,1,I knew every word of this song 30 years later somehow? Can’t not give it a point or two I guess,0e7063989e2b441a841c8627ba109f9e
spotify:track:37jrubWAb4F9TY2GgSRG56,8453d173315c468e8134e2527a658ba5,2026-02-05T23:33:43Z,3,Nailed it. This hit for me ,0e7063989e2b441a841c8627ba109f9e
spotify:track:0DiWol3AO6WpXZgp0goxAV,8453d173315c468e8134e2527a658ba5,2026-02-05T23:33:43Z,1,Probably going to have to give this a point,0e7063989e2b441a841c8627ba109f9e
spotify:track:4X24gbKkMyC1VlNFog3EUD,0b4377c224ba402d97adce848425da90,2026-02-06T01:42:47Z,1,+1,0e7063989e2b441a841c8627ba109f9e
spotify:track:5iA1eJaTX67kCAa5neAJDf,0b4377c224ba402d97adce848425da90,2026-02-06T01:42:47Z,0,0,0e7063989e2b441a841c8627ba109f9e
spotify:track:5jkFvD4UJrmdoezzT1FRoP,0b4377c224ba402d97adce848425da90,2026-02-06T01:42:47Z,1,+1,0e7063989e2b441a841c8627ba109f9e
spotify:track:5MIocbmC1RInCuRIwOjIVN,0b4377c224ba402d97adce848425da90,2026-02-06T01:42:47Z,0,-5,0e7063989e2b441a841c8627ba109f9e
spotify:track:5sFOqFudczTcMqAwM0GDWB,0b4377c224ba402d97adce848425da90,2026-02-06T01:42:47Z,2,+2,0e7063989e2b441a841c8627ba109f9e
spotify:track:6oJ6le65B3SEqPwMRNXWjY,0b4377c224ba402d97adce848425da90,2026-02-06T01:42:47Z,0,-1,0e7063989e2b441a841c8627ba109f9e
spotify:track:7vvRkLPIvfjjmCIqNxBuEZ,0b4377c224ba402d97adce848425da90,2026-02-06T01:42:47Z,3,+3,0e7063989e2b441a841c8627ba109f9e
spotify:track:0DiWol3AO6WpXZgp0goxAV,0b4377c224ba402d97adce848425da90,2026-02-06T01:42:47Z,0,-2,0e7063989e2b441a841c8627ba109f9e
spotify:track:18oWEPapjNt32E6sCM6VLb,0b4377c224ba402d97adce848425da90,2026-02-06T01:42:47Z,0,0,0e7063989e2b441a841c8627ba109f9e
spotify:track:1IAzD1muglOxOcPbUHs70R,0b4377c224ba402d97adce848425da90,2026-02-06T01:42:47Z,4,+4,0e7063989e2b441a841c8627ba109f9e
spotify:track:1t6tQ0ETeOIDl5cscjEC55,0b4377c224ba402d97adce848425da90,2026-02-06T01:42:47Z,2,+2,0e7063989e2b441a841c8627ba109f9e
spotify:track:37jrubWAb4F9TY2GgSRG56,0b4377c224ba402d97adce848425da90,2026-02-06T01:42:47Z,1,+1,0e7063989e2b441a841c8627ba109f9e
spotify:track:3oWXoSkjdbTlQlteizN7Hb,0b4377c224ba402d97adce848425da90,2026-02-06T01:42:47Z,1,+1,0e7063989e2b441a841c8627ba109f9e
spotify:track:3Z2Thcr0SrxKcQpvouDpR8,0b4377c224ba402d97adce848425da90,2026-02-06T01:42:47Z,1,+1,0e7063989e2b441a841c8627ba109f9e
spotify:track:55thvoyJmSBTD0shgxtktH,0b4377c224ba402d97adce848425da90,2026-02-06T01:42:47Z,0,-5,0e7063989e2b441a841c8627ba109f9e
spotify:track:1IAzD1muglOxOcPbUHs70R,4e117e3021d7466c8bf0b654f8357418,2026-02-06T04:15:16Z,1,"Hate this song, but it’s undeniable ",0e7063989e2b441a841c8627ba109f9e
spotify:track:0DiWol3AO6WpXZgp0goxAV,4e117e3021d7466c8bf0b654f8357418,2026-02-06T04:15:16Z,2,,0e7063989e2b441a841c8627ba109f9e
spotify:track:18oWEPapjNt32E6sCM6VLb,4e117e3021d7466c8bf0b654f8357418,2026-02-06T04:15:16Z,1,"Never in my life did I expect to give TI as many points as Karen O. Personally find Zero, Mosquito, and Gold Lion to be far more earwormy. You’re lucky it’s not (in Karen’s voice) a zeroooooo!",0e7063989e2b441a841c8627ba109f9e
spotify:track:1t6tQ0ETeOIDl5cscjEC55,4e117e3021d7466c8bf0b654f8357418,2026-02-06T04:15:16Z,1,Earned a point on relisten,0e7063989e2b441a841c8627ba109f9e
spotify:track:37jrubWAb4F9TY2GgSRG56,4e117e3021d7466c8bf0b654f8357418,2026-02-06T04:15:16Z,0,Never had such an easy time forgetting a song,0e7063989e2b441a841c8627ba109f9e
spotify:track:3oWXoSkjdbTlQlteizN7Hb,4e117e3021d7466c8bf0b654f8357418,2026-02-06T04:15:16Z,1,,0e7063989e2b441a841c8627ba109f9e
spotify:track:3Z2Thcr0SrxKcQpvouDpR8,4e117e3021d7466c8bf0b654f8357418,2026-02-06T04:15:16Z,1,Earned a point on relisten,0e7063989e2b441a841c8627ba109f9e
spotify:track:41dDygR3r7e926oGUXfrLt,4e117e3021d7466c8bf0b654f8357418,2026-02-06T04:15:16Z,3,What a world I’m living in where I’m awarding a triple to friggin Hall & Oates,0e7063989e2b441a841c8627ba109f9e
spotify:track:4X24gbKkMyC1VlNFog3EUD,4e117e3021d7466c8bf0b654f8357418,2026-02-06T04:15:16Z,2,,0e7063989e2b441a841c8627ba109f9e
spotify:track:55thvoyJmSBTD0shgxtktH,4e117e3021d7466c8bf0b654f8357418,2026-02-06T04:15:16Z,0,Thanks for another good Moody song. Saw on Spotify they’ll be at BK Steel in a couple and I think I’m gonna go. It’s also one of the two worst submissions for this specific prompt. ,0e7063989e2b441a841c8627ba109f9e
spotify:track:5iA1eJaTX67kCAa5neAJDf,4e117e3021d7466c8bf0b654f8357418,2026-02-06T04:15:16Z,2,,0e7063989e2b441a841c8627ba109f9e
spotify:track:5MIocbmC1RInCuRIwOjIVN,4e117e3021d7466c8bf0b654f8357418,2026-02-06T04:15:16Z,0,Increasingly fascinated by this group’s confusion of what an earworm is,0e7063989e2b441a841c8627ba109f9e
spotify:track:6oJ6le65B3SEqPwMRNXWjY,4e117e3021d7466c8bf0b654f8357418,2026-02-06T04:15:16Z,1,Actually dumbfounded this was chosen over the regular Whitney or even the original Stevie. Cost you two more points.,0e7063989e2b441a841c8627ba109f9e
spotify:track:7vvRkLPIvfjjmCIqNxBuEZ,4e117e3021d7466c8bf0b654f8357418,2026-02-06T04:15:16Z,1,,0e7063989e2b441a841c8627ba109f9e
spotify:track:55thvoyJmSBTD0shgxtktH,0d42af6c19054b7dbbe4aa499186e408,2026-02-06T04:55:38Z,0,"I was not good to go. 

@Kenny: In 1914, at the age of 34, Sam Crawford had 26 triples. ",0e7063989e2b441a841c8627ba109f9e
spotify:track:5iA1eJaTX67kCAa5neAJDf,0d42af6c19054b7dbbe4aa499186e408,2026-02-06T04:55:38Z,0,"My leg did not shake. 

@Kenny: In 1906, Mordecai Brown went 26-6 with a 1.04 ERA. He had three fingers as a result of a farming accident in his youth. His career era of 2.057 is 6th all time. ",0e7063989e2b441a841c8627ba109f9e
spotify:track:5jkFvD4UJrmdoezzT1FRoP,0d42af6c19054b7dbbe4aa499186e408,2026-02-06T04:55:38Z,3,"This song wormed up on me, it is hilarious, it is historical, and I got points to give. ",0e7063989e2b441a841c8627ba109f9e
spotify:track:5MIocbmC1RInCuRIwOjIVN,0d42af6c19054b7dbbe4aa499186e408,2026-02-06T04:55:38Z,1,"It's a good song, which is a rarity for this playlist. And it stuck with me after a few listens. Went down a rabbit hole with this artist and like him a lot. Myer Canyon is a pretty song. ",0e7063989e2b441a841c8627ba109f9e
spotify:track:5sFOqFudczTcMqAwM0GDWB,0d42af6c19054b7dbbe4aa499186e408,2026-02-06T04:55:38Z,0,"Not a worm for me. 

@Kenny: Eddie Collins has 512 career sacrifice hits, ranking first all time. His season high is 40 in 1919. The 2025 Mets had 15 sacrifice hits total. ",0e7063989e2b441a841c8627ba109f9e
spotify:track:6oJ6le65B3SEqPwMRNXWjY,0d42af6c19054b7dbbe4aa499186e408,2026-02-06T04:55:38Z,0,"A bop maybe, but not a worm for me. 

@Kenny: in 1901 Nap Lajoie batted .426 with 9 strikeouts in over 580 plate appearances. https://www.baseball-reference.com/players/l/lajoina01.shtml",0e7063989e2b441a841c8627ba109f9e
spotify:track:7vvRkLPIvfjjmCIqNxBuEZ,0d42af6c19054b7dbbe4aa499186e408,2026-02-06T04:55:38Z,4,"I've always said (to no one at all) that if I submitted a song, and I was alerted that it was already submitted, that song would immediately earn 5 points from me. How could I not award 5 points to the song that I myself wanted to submit? It's a matter of principle...and hubris. 

Alas I did not submit this song--I did not even think to submit this song--but I should have. It has been in my head for over 20 years. My sister and I will randomly hum it to each other. It is the perfect song (to me) for this playlist. So while I want to give it 5...I minus 1 for the (very well-deserved in this case) Asa dump. ",0e7063989e2b441a841c8627ba109f9e
spotify:track:0DiWol3AO6WpXZgp0goxAV,0d42af6c19054b7dbbe4aa499186e408,2026-02-06T04:55:38Z,1,"It's a worm. Certainly not my favorite worm, but what worm is ever favorable? It gets a point, and while points aren't given for luck of the draw, what a perfect opener to this beautiful disaster of a playlist. So many of the songs that followed...the writers really pushed the boundaries of repeating that line just ""one more time."" Apropos opener. ",0e7063989e2b441a841c8627ba109f9e
spotify:track:18oWEPapjNt32E6sCM6VLb,0d42af6c19054b7dbbe4aa499186e408,2026-02-06T04:55:38Z,1,Point. It worms. ,0e7063989e2b441a841c8627ba109f9e
spotify:track:1IAzD1muglOxOcPbUHs70R,0d42af6c19054b7dbbe4aa499186e408,2026-02-06T04:55:38Z,0,"Doesn't worm for me. 

@Kenny: In 1884, Old Hoss Radbourn went 60 and 12 with a 1.38 ERA, 441 Ks, 73 complete games, and over 678 innings pitched. https://www.baseball-reference.com/players/r/radboch01.shtml ",0e7063989e2b441a841c8627ba109f9e
spotify:track:1t6tQ0ETeOIDl5cscjEC55,0d42af6c19054b7dbbe4aa499186e408,2026-02-06T04:55:38Z,0,I'm sorry. ,0e7063989e2b441a841c8627ba109f9e
spotify:track:37jrubWAb4F9TY2GgSRG56,0d42af6c19054b7dbbe4aa499186e408,2026-02-06T04:55:38Z,1,"I enjoy that two late 90s, Britpop tunes followed one another. Wormy enough. And clearly Apollo440 sought worminess in this track. ",0e7063989e2b441a841c8627ba109f9e
spotify:track:3oWXoSkjdbTlQlteizN7Hb,0d42af6c19054b7dbbe4aa499186e408,2026-02-06T04:55:38Z,2,I mean hell ya. ,0e7063989e2b441a841c8627ba109f9e
spotify:track:3Z2Thcr0SrxKcQpvouDpR8,0d42af6c19054b7dbbe4aa499186e408,2026-02-06T04:55:38Z,1,I wasn't wormed initially. I guess I was wormed over time. Will it ever be stuck in my head? no. does it sound familiar without being familiar? yes. Do I have points to give out? yes. ,0e7063989e2b441a841c8627ba109f9e
spotify:track:41dDygR3r7e926oGUXfrLt,0d42af6c19054b7dbbe4aa499186e408,2026-02-06T04:55:38Z,0,"It didn't worm.

@Kenny: The much undersung Stuffy McInnis averaged just 19 strikeouts over a 19 year career. https://www.baseball-reference.com/players/m/mcinnst01.shtml",0e7063989e2b441a841c8627ba109f9e
spotify:track:4X24gbKkMyC1VlNFog3EUD,0d42af6c19054b7dbbe4aa499186e408,2026-02-06T04:55:38Z,2,I mean ya. Is this Rick? Its Brazilian and it fits the prompt beautifully AND it is instrumental. If it isn't Rick he should get points adjacent as an influencer.,0e7063989e2b441a841c8627ba109f9e
spotify:track:1IAzD1muglOxOcPbUHs70R,a2909b31d1c04d728cfcf68ca0d73cca,2026-02-06T12:17:22Z,1,Find me in the clerb. It’s going down. Most of this song is not memorable but that one line gets stuck. ,0e7063989e2b441a841c8627ba109f9e
spotify:track:18oWEPapjNt32E6sCM6VLb,a2909b31d1c04d728cfcf68ca0d73cca,2026-02-06T12:17:22Z,1,The chorus has some stick but not as much as some others on this playlist,0e7063989e2b441a841c8627ba109f9e
spotify:track:0DiWol3AO6WpXZgp0goxAV,a2909b31d1c04d728cfcf68ca0d73cca,2026-02-06T12:17:22Z,0,This one makes me want to dance ,0e7063989e2b441a841c8627ba109f9e
spotify:track:7vvRkLPIvfjjmCIqNxBuEZ,a2909b31d1c04d728cfcf68ca0d73cca,2026-02-06T12:17:22Z,1,,0e7063989e2b441a841c8627ba109f9e
spotify:track:6oJ6le65B3SEqPwMRNXWjY,a2909b31d1c04d728cfcf68ca0d73cca,2026-02-06T12:17:22Z,1,This would have been better as the Steve Winwood version. A little wormy,0e7063989e2b441a841c8627ba109f9e
spotify:track:5sFOqFudczTcMqAwM0GDWB,a2909b31d1c04d728cfcf68ca0d73cca,2026-02-06T12:17:22Z,2,Great pick ,0e7063989e2b441a841c8627ba109f9e
spotify:track:5MIocbmC1RInCuRIwOjIVN,a2909b31d1c04d728cfcf68ca0d73cca,2026-02-06T12:17:22Z,0,I immediately forgot what this sounded like after it finished. ,0e7063989e2b441a841c8627ba109f9e
spotify:track:5jkFvD4UJrmdoezzT1FRoP,a2909b31d1c04d728cfcf68ca0d73cca,2026-02-06T12:17:22Z,3,Perfect choice for this round.,0e7063989e2b441a841c8627ba109f9e
spotify:track:5iA1eJaTX67kCAa5neAJDf,a2909b31d1c04d728cfcf68ca0d73cca,2026-02-06T12:17:22Z,1,,0e7063989e2b441a841c8627ba109f9e
spotify:track:55thvoyJmSBTD0shgxtktH,a2909b31d1c04d728cfcf68ca0d73cca,2026-02-06T12:17:22Z,0,This is definitely good to go. ,0e7063989e2b441a841c8627ba109f9e
spotify:track:4X24gbKkMyC1VlNFog3EUD,a2909b31d1c04d728cfcf68ca0d73cca,2026-02-06T12:17:22Z,0,Didn’t quite get the stickiness ,0e7063989e2b441a841c8627ba109f9e
spotify:track:41dDygR3r7e926oGUXfrLt,a2909b31d1c04d728cfcf68ca0d73cca,2026-02-06T12:17:22Z,1,Love me some Hall and Oates but not sure this is earwormy enough for me. 1 point anyways ,0e7063989e2b441a841c8627ba109f9e
spotify:track:3Z2Thcr0SrxKcQpvouDpR8,a2909b31d1c04d728cfcf68ca0d73cca,2026-02-06T12:17:22Z,2,Oh yea super wormy,0e7063989e2b441a841c8627ba109f9e
spotify:track:3oWXoSkjdbTlQlteizN7Hb,a2909b31d1c04d728cfcf68ca0d73cca,2026-02-06T12:17:22Z,1,I always thought it was Whoop there it is. ,0e7063989e2b441a841c8627ba109f9e
spotify:track:37jrubWAb4F9TY2GgSRG56,a2909b31d1c04d728cfcf68ca0d73cca,2026-02-06T12:17:22Z,0,This might have stuck in my head if I liked the song more. ,0e7063989e2b441a841c8627ba109f9e
spotify:track:1t6tQ0ETeOIDl5cscjEC55,a2909b31d1c04d728cfcf68ca0d73cca,2026-02-06T12:17:22Z,2,Everybody DOES need a bosom. ,0e7063989e2b441a841c8627ba109f9e
spotify:track:3Z2Thcr0SrxKcQpvouDpR8,e5c2390073644e979f43e744c33e6c60,2026-02-06T20:14:03Z,1,I had the Minions in my head the entire time during this song! “Hahaha bananana”,0e7063989e2b441a841c8627ba109f9e
spotify:track:18oWEPapjNt32E6sCM6VLb,e5c2390073644e979f43e744c33e6c60,2026-02-06T20:14:03Z,2,"Ha I thought this was a song from sing 2 the movie, never looked into who actually sang it!",0e7063989e2b441a841c8627ba109f9e
spotify:track:0DiWol3AO6WpXZgp0goxAV,e5c2390073644e979f43e744c33e6c60,2026-02-06T20:14:03Z,2,Ethan is in a club/dance music phase and has recently discovered daft punk this song has been in heavy rotation in this house!,0e7063989e2b441a841c8627ba109f9e
spotify:track:7vvRkLPIvfjjmCIqNxBuEZ,e5c2390073644e979f43e744c33e6c60,2026-02-06T20:14:03Z,2,Man this brings me back…to life if you will! Teenage fluff working the local amusement park and this song playing on the radio every afternoon ,0e7063989e2b441a841c8627ba109f9e
spotify:track:6oJ6le65B3SEqPwMRNXWjY,e5c2390073644e979f43e744c33e6c60,2026-02-06T20:14:03Z,1,"This comes on all the time when I use the “DJ” option on Spotify… fyi I don’t recommend it, usually just plays the songs you’ve been listening to on repeat ",0e7063989e2b441a841c8627ba109f9e
spotify:track:5sFOqFudczTcMqAwM0GDWB,e5c2390073644e979f43e744c33e6c60,2026-02-06T20:14:03Z,2,The live version is so much better and wormier,0e7063989e2b441a841c8627ba109f9e
spotify:track:5jkFvD4UJrmdoezzT1FRoP,e5c2390073644e979f43e744c33e6c60,2026-02-06T20:14:03Z,3,,0e7063989e2b441a841c8627ba109f9e
spotify:track:41dDygR3r7e926oGUXfrLt,e5c2390073644e979f43e744c33e6c60,2026-02-06T20:14:03Z,1,I can go for that ,0e7063989e2b441a841c8627ba109f9e
spotify:track:1IAzD1muglOxOcPbUHs70R,e5c2390073644e979f43e744c33e6c60,2026-02-06T20:14:03Z,2,Thought this one was out of my system but now it’s wormed its way back in. ,0e7063989e2b441a841c8627ba109f9e
spotify:track:1IAzD1muglOxOcPbUHs70R,605866a938e54c5da212fc8595186729,2026-02-07T00:32:26Z,1,,0e7063989e2b441a841c8627ba109f9e
spotify:track:6oJ6le65B3SEqPwMRNXWjY,605866a938e54c5da212fc8595186729,2026-02-07T00:32:26Z,3,,0e7063989e2b441a841c8627ba109f9e
spotify:track:5sFOqFudczTcMqAwM0GDWB,605866a938e54c5da212fc8595186729,2026-02-07T00:32:26Z,1,,0e7063989e2b441a841c8627ba109f9e
spotify:track:5jkFvD4UJrmdoezzT1FRoP,605866a938e54c5da212fc8595186729,2026-02-07T00:32:26Z,3,The new remix version is more ear wormy but the song reminds me of my trips to Russia and visit to the Yusupov palace (where Rasputin was murdered). Who submitted this??? Disco screams Dianna but I’m guessing Al. ,0e7063989e2b441a841c8627ba109f9e
spotify:track:4X24gbKkMyC1VlNFog3EUD,605866a938e54c5da212fc8595186729,2026-02-07T00:32:26Z,1,,0e7063989e2b441a841c8627ba109f9e
spotify:track:3oWXoSkjdbTlQlteizN7Hb,605866a938e54c5da212fc8595186729,2026-02-07T00:32:26Z,1,,0e7063989e2b441a841c8627ba109f9e
spotify:track:37jrubWAb4F9TY2GgSRG56,605866a938e54c5da212fc8595186729,2026-02-07T00:32:26Z,1,,0e7063989e2b441a841c8627ba109f9e
spotify:track:1t6tQ0ETeOIDl5cscjEC55,605866a938e54c5da212fc8595186729,2026-02-07T00:32:26Z,3,,0e7063989e2b441a841c8627ba109f9e
spotify:track:7vvRkLPIvfjjmCIqNxBuEZ,605866a938e54c5da212fc8595186729,2026-02-07T00:32:26Z,1,,0e7063989e2b441a841c8627ba109f9e
spotify:track:0DiWol3AO6WpXZgp0goxAV,605866a938e54c5da212fc8595186729,2026-02-07T00:32:26Z,1,,0e7063989e2b441a841c8627ba109f9e
spotify:track:7vvRkLPIvfjjmCIqNxBuEZ,9b7e03ea90dd46db9779dc21eb04ca5a,2026-02-07T11:18:13Z,1,,0e7063989e2b441a841c8627ba109f9e
spotify:track:5sFOqFudczTcMqAwM0GDWB,9b7e03ea90dd46db9779dc21eb04ca5a,2026-02-07T11:18:13Z,1,,0e7063989e2b441a841c8627ba109f9e
spotify:track:5MIocbmC1RInCuRIwOjIVN,9b7e03ea90dd46db9779dc21eb04ca5a,2026-02-07T11:18:13Z,1,,0e7063989e2b441a841c8627ba109f9e
spotify:track:5jkFvD4UJrmdoezzT1FRoP,9b7e03ea90dd46db9779dc21eb04ca5a,2026-02-07T11:18:13Z,1,,0e7063989e2b441a841c8627ba109f9e
spotify:track:5iA1eJaTX67kCAa5neAJDf,9b7e03ea90dd46db9779dc21eb04ca5a,2026-02-07T11:18:13Z,1,,0e7063989e2b441a841c8627ba109f9e
spotify:track:4X24gbKkMyC1VlNFog3EUD,9b7e03ea90dd46db9779dc21eb04ca5a,2026-02-07T11:18:13Z,1,,0e7063989e2b441a841c8627ba109f9e
spotify:track:41dDygR3r7e926oGUXfrLt,9b7e03ea90dd46db9779dc21eb04ca5a,2026-02-07T11:18:13Z,2,,0e7063989e2b441a841c8627ba109f9e
spotify:track:3Z2Thcr0SrxKcQpvouDpR8,9b7e03ea90dd46db9779dc21eb04ca5a,2026-02-07T11:18:13Z,1,,0e7063989e2b441a841c8627ba109f9e
spotify:track:3oWXoSkjdbTlQlteizN7Hb,9b7e03ea90dd46db9779dc21eb04ca5a,2026-02-07T11:18:13Z,2,,0e7063989e2b441a841c8627ba109f9e
spotify:track:37jrubWAb4F9TY2GgSRG56,9b7e03ea90dd46db9779dc21eb04ca5a,2026-02-07T11:18:13Z,1,,0e7063989e2b441a841c8627ba109f9e
spotify:track:1t6tQ0ETeOIDl5cscjEC55,9b7e03ea90dd46db9779dc21eb04ca5a,2026-02-07T11:18:13Z,1,,0e7063989e2b441a841c8627ba109f9e
spotify:track:1IAzD1muglOxOcPbUHs70R,9b7e03ea90dd46db9779dc21eb04ca5a,2026-02-07T11:18:13Z,1,,0e7063989e2b441a841c8627ba109f9e
spotify:track:18oWEPapjNt32E6sCM6VLb,9b7e03ea90dd46db9779dc21eb04ca5a,2026-02-07T11:18:13Z,2,,0e7063989e2b441a841c8627ba109f9e
spotify:track:0k9GFwbDTBUhN8hIi3YSMT,d0b05ef03f5e4598a3e8532b812c3330,2026-02-10T16:33:01Z,1,Really fun. Would totally Shazam this ,500cdbc1487a4d7da3fbeed253e5b895
spotify:track:0tP414RMhI5EKej6pJsIvA,d0b05ef03f5e4598a3e8532b812c3330,2026-02-10T16:33:01Z,1,Great tune! I’d play this again!,500cdbc1487a4d7da3fbeed253e5b895
spotify:track:0yY4zNzkTPQ5YhXPHJlhF7,d0b05ef03f5e4598a3e8532b812c3330,2026-02-10T16:33:01Z,3,The song that typifies Shazamming for me. I would be like woah who is this and then find out it’s Lenny gravity and think that’s so cool,500cdbc1487a4d7da3fbeed253e5b895
spotify:track:15tkKpcwBE3XJhaBdLPBKJ,d0b05ef03f5e4598a3e8532b812c3330,2026-02-10T16:33:01Z,0,Sorry just didn’t do it for me ,500cdbc1487a4d7da3fbeed253e5b895
spotify:track:2fYpqxxo9itIZG6L64uZoy,d0b05ef03f5e4598a3e8532b812c3330,2026-02-10T16:33:01Z,1,Another great tune to Shazam. Need to dive into Them ,500cdbc1487a4d7da3fbeed253e5b895
spotify:track:2XGLdVl7lGeq8ksM6Al7jT,d0b05ef03f5e4598a3e8532b812c3330,2026-02-10T16:33:01Z,1,Cool song and awesome guitar solo,500cdbc1487a4d7da3fbeed253e5b895
spotify:track:4jvv7t0LuhNVvzrb5474Un,d0b05ef03f5e4598a3e8532b812c3330,2026-02-10T16:33:01Z,2,Fucking loved the guitar solo. Extra point for that. ,500cdbc1487a4d7da3fbeed253e5b895
spotify:track:4kMBC9XwaIJy2epKnyhUVY,d0b05ef03f5e4598a3e8532b812c3330,2026-02-10T16:33:01Z,1,Yesss cool tune ,500cdbc1487a4d7da3fbeed253e5b895
spotify:track:5kQ2TA3cPbDdcoNWgP6dzO,d0b05ef03f5e4598a3e8532b812c3330,2026-02-10T16:33:01Z,1,What an insane choice to name a song pancakes so stupid ,500cdbc1487a4d7da3fbeed253e5b895
spotify:track:5WlwFzToly4q0B0gnVeYFv,d0b05ef03f5e4598a3e8532b812c3330,2026-02-10T16:33:01Z,1,Great tune. Liked it. ,500cdbc1487a4d7da3fbeed253e5b895
spotify:track:6eB35pgMXdfhz5Z0WjwF1O,d0b05ef03f5e4598a3e8532b812c3330,2026-02-10T16:33:01Z,1,Need more hip hop here ,500cdbc1487a4d7da3fbeed253e5b895
spotify:track:6W1CYXq9pGEnNNCCW62xu8,d0b05ef03f5e4598a3e8532b812c3330,2026-02-10T16:33:01Z,0,I love parcels but not enough points ,500cdbc1487a4d7da3fbeed253e5b895
spotify:track:7J55uDJ84Y5CHS9rgFZ7bY,d0b05ef03f5e4598a3e8532b812c3330,2026-02-10T16:33:01Z,1,Cool tune. I dig. ,500cdbc1487a4d7da3fbeed253e5b895
spotify:track:7wStk0361hcPEtJc4KbOPf,d0b05ef03f5e4598a3e8532b812c3330,2026-02-10T16:33:01Z,2,Sarah is my guilty pleasure. I fucking love her. Her cover of come on up to the house was on repeat for a while. ,500cdbc1487a4d7da3fbeed253e5b895
spotify:track:0k9GFwbDTBUhN8hIi3YSMT,49a5ff7c4466457eb8016aaf873224cb,2026-02-10T17:14:42Z,1,Starts to dip into ear worm territory. Cool info in the about the song section. It was a little jarring to start the list for me. I wanna give it at least 1 for sure. But we shall see. ,500cdbc1487a4d7da3fbeed253e5b895
spotify:track:0oSxBpUqUDEcGxHRrdLHSL,49a5ff7c4466457eb8016aaf873224cb,2026-02-10T17:14:42Z,2,"Love this style. Reminds me a little of Brand X. Tight technical drums, airy strummy guitar, super distinct bass cutting through. Curious where the hell ya heard this ",500cdbc1487a4d7da3fbeed253e5b895
spotify:track:0tP414RMhI5EKej6pJsIvA,49a5ff7c4466457eb8016aaf873224cb,2026-02-10T17:14:42Z,0,Going back and forth on how I feel about this one. Vulfpeck/wong adjacent. Cant deny the man has great control over his voice. The song/lyrics just kinda wore me down. Tbd if it gets 1 or 0. ,500cdbc1487a4d7da3fbeed253e5b895
spotify:track:0yY4zNzkTPQ5YhXPHJlhF7,49a5ff7c4466457eb8016aaf873224cb,2026-02-10T17:14:42Z,1,"Well, it’s no American Woman. Good for him still puttin himself out there, though. Song is fine. Not sure who among you has spent some time in Chicago recently. Asa?",500cdbc1487a4d7da3fbeed253e5b895
spotify:track:15tkKpcwBE3XJhaBdLPBKJ,49a5ff7c4466457eb8016aaf873224cb,2026-02-10T17:14:42Z,1,Dug it more than expected. Not my exact style but was certainly nice to have on the list. ,500cdbc1487a4d7da3fbeed253e5b895
spotify:track:2fYpqxxo9itIZG6L64uZoy,49a5ff7c4466457eb8016aaf873224cb,2026-02-10T17:14:42Z,0,Are we still allowed to give Van the Man points? Good/inoffensive/classic Van song. #cancelled ,500cdbc1487a4d7da3fbeed253e5b895
spotify:track:2XGLdVl7lGeq8ksM6Al7jT,49a5ff7c4466457eb8016aaf873224cb,2026-02-10T17:14:42Z,3,10/10 times I would Shazam this I heard it out and about. Will try to sneak ya 3 points but I’m not sure yet. ,500cdbc1487a4d7da3fbeed253e5b895
spotify:track:4jvv7t0LuhNVvzrb5474Un,49a5ff7c4466457eb8016aaf873224cb,2026-02-10T17:14:42Z,2,"The shuffle gods sure paired these up nicely (Son of Slide). Chunky bass, baby. ",500cdbc1487a4d7da3fbeed253e5b895
spotify:track:4kMBC9XwaIJy2epKnyhUVY,49a5ff7c4466457eb8016aaf873224cb,2026-02-10T17:14:42Z,1,"Nice track. Was perpetually waiting for more to happen, though. ",500cdbc1487a4d7da3fbeed253e5b895
spotify:track:5kQ2TA3cPbDdcoNWgP6dzO,49a5ff7c4466457eb8016aaf873224cb,2026-02-10T17:14:42Z,1,Not Josh’s favorite Pancakes. Nice tune. ,500cdbc1487a4d7da3fbeed253e5b895
spotify:track:5WlwFzToly4q0B0gnVeYFv,49a5ff7c4466457eb8016aaf873224cb,2026-02-10T17:14:42Z,0,"Another very vulfy/wongy track. I don’t hate it, but has a bit of cheese to the overall sound. Idk. I just don’t really BELIEVE them, or something. ",500cdbc1487a4d7da3fbeed253e5b895
spotify:track:6eB35pgMXdfhz5Z0WjwF1O,49a5ff7c4466457eb8016aaf873224cb,2026-02-10T17:14:42Z,2,"Dug it. Sort of overstayed its welcome, but I guess that’s the idea of the track. Onnnn and onnn… but yeah overall real solid. Lauryn Hill on hype fills?",500cdbc1487a4d7da3fbeed253e5b895
spotify:track:7J55uDJ84Y5CHS9rgFZ7bY,49a5ff7c4466457eb8016aaf873224cb,2026-02-10T17:14:42Z,1,Always love this group. Even if all of their songs sound the same. Great band to toss on for light background. ,500cdbc1487a4d7da3fbeed253e5b895
spotify:track:7wStk0361hcPEtJc4KbOPf,49a5ff7c4466457eb8016aaf873224cb,2026-02-10T17:14:42Z,1,"Sarah Jarosz 😍🥰😍

",500cdbc1487a4d7da3fbeed253e5b895
spotify:track:0k9GFwbDTBUhN8hIi3YSMT,183c5f6ed1b147099842917a9576c8f4,2026-02-10T19:00:19Z,2,You heard this at a raging block party in Bed Stuy,500cdbc1487a4d7da3fbeed253e5b895
spotify:track:0oSxBpUqUDEcGxHRrdLHSL,183c5f6ed1b147099842917a9576c8f4,2026-02-10T19:00:19Z,1,You heard this at an indie movie theater while watching a French 1970s caper with a lot of cigarette smoking ,500cdbc1487a4d7da3fbeed253e5b895
spotify:track:0tP414RMhI5EKej6pJsIvA,183c5f6ed1b147099842917a9576c8f4,2026-02-10T19:00:19Z,0,You heard this being performed by Jamiroquai's opening act. ,500cdbc1487a4d7da3fbeed253e5b895
spotify:track:0yY4zNzkTPQ5YhXPHJlhF7,183c5f6ed1b147099842917a9576c8f4,2026-02-10T19:00:19Z,1,You heard this at a Chicago bar. Great bar song - going on the TouchTunes list. ,500cdbc1487a4d7da3fbeed253e5b895
spotify:track:15tkKpcwBE3XJhaBdLPBKJ,183c5f6ed1b147099842917a9576c8f4,2026-02-10T19:00:19Z,0,You heard this in the champagne room. Bold choice!,500cdbc1487a4d7da3fbeed253e5b895
spotify:track:2fYpqxxo9itIZG6L64uZoy,183c5f6ed1b147099842917a9576c8f4,2026-02-10T19:00:19Z,1,You heard this at a MAHA rally. ,500cdbc1487a4d7da3fbeed253e5b895
spotify:track:2XGLdVl7lGeq8ksM6Al7jT,183c5f6ed1b147099842917a9576c8f4,2026-02-10T19:00:19Z,1,You heard this at the funk soul cave,500cdbc1487a4d7da3fbeed253e5b895
spotify:track:4jvv7t0LuhNVvzrb5474Un,183c5f6ed1b147099842917a9576c8f4,2026-02-10T19:00:19Z,3,You heard this hiding in my closet Saturday night!  ,500cdbc1487a4d7da3fbeed253e5b895
spotify:track:4kMBC9XwaIJy2epKnyhUVY,183c5f6ed1b147099842917a9576c8f4,2026-02-10T19:00:19Z,1,You heard this at Dustin friend's Kyle's house while smoking fresh opium on a floor pillow,500cdbc1487a4d7da3fbeed253e5b895
spotify:track:5kQ2TA3cPbDdcoNWgP6dzO,183c5f6ed1b147099842917a9576c8f4,2026-02-10T19:00:19Z,2,You heard this at your eccentric uncle's house with a room nobody's ever allowed in,500cdbc1487a4d7da3fbeed253e5b895
spotify:track:5WlwFzToly4q0B0gnVeYFv,183c5f6ed1b147099842917a9576c8f4,2026-02-10T19:00:19Z,1,Now I'm starting to think everyone was in the funk soul cave without me 😞,500cdbc1487a4d7da3fbeed253e5b895
spotify:track:6eB35pgMXdfhz5Z0WjwF1O,183c5f6ed1b147099842917a9576c8f4,2026-02-10T19:00:19Z,1,You heard this in a south Bronx block party. ,500cdbc1487a4d7da3fbeed253e5b895
spotify:track:6W1CYXq9pGEnNNCCW62xu8,183c5f6ed1b147099842917a9576c8f4,2026-02-10T19:00:19Z,1,You heard this out throupling with a cute French couple ,500cdbc1487a4d7da3fbeed253e5b895
spotify:track:7J55uDJ84Y5CHS9rgFZ7bY,183c5f6ed1b147099842917a9576c8f4,2026-02-10T19:00:19Z,1,You also heard this in the funk soul cave ,500cdbc1487a4d7da3fbeed253e5b895
spotify:track:0k9GFwbDTBUhN8hIi3YSMT,ce76a5e6ff274137bb5127db7065d9a8,2026-02-10T20:51:48Z,1,A cab,500cdbc1487a4d7da3fbeed253e5b895
spotify:track:0oSxBpUqUDEcGxHRrdLHSL,ce76a5e6ff274137bb5127db7065d9a8,2026-02-10T20:51:48Z,1,Coffee shop,500cdbc1487a4d7da3fbeed253e5b895
spotify:track:0tP414RMhI5EKej6pJsIvA,ce76a5e6ff274137bb5127db7065d9a8,2026-02-10T20:51:48Z,1,A clothing store,500cdbc1487a4d7da3fbeed253e5b895
spotify:track:0yY4zNzkTPQ5YhXPHJlhF7,ce76a5e6ff274137bb5127db7065d9a8,2026-02-10T20:51:48Z,1,"A bar? Yeah this feels like a song that would be in a bar. A bar in Chicago, maybe. Specifically ALiveOne. 

Made it all the way to the end of this before realizing it was Lenny Kravitz",500cdbc1487a4d7da3fbeed253e5b895
spotify:track:15tkKpcwBE3XJhaBdLPBKJ,ce76a5e6ff274137bb5127db7065d9a8,2026-02-10T20:51:48Z,0,Z100,500cdbc1487a4d7da3fbeed253e5b895
spotify:track:2fYpqxxo9itIZG6L64uZoy,ce76a5e6ff274137bb5127db7065d9a8,2026-02-10T20:51:48Z,1,A soundtrack,500cdbc1487a4d7da3fbeed253e5b895
spotify:track:2XGLdVl7lGeq8ksM6Al7jT,ce76a5e6ff274137bb5127db7065d9a8,2026-02-10T20:51:48Z,2,Somewhere in the Funk and Soul Cave,500cdbc1487a4d7da3fbeed253e5b895
spotify:track:4jvv7t0LuhNVvzrb5474Un,ce76a5e6ff274137bb5127db7065d9a8,2026-02-10T20:51:48Z,2,"On the corner in NYC 1974, you built a time machine

Wait this is a white dude?? Totally hear the influence on Robbie Robertson in there. ",500cdbc1487a4d7da3fbeed253e5b895
spotify:track:4kMBC9XwaIJy2epKnyhUVY,ce76a5e6ff274137bb5127db7065d9a8,2026-02-10T20:51:48Z,1,Pre-show music somewhere in Brooklyn,500cdbc1487a4d7da3fbeed253e5b895
spotify:track:5kQ2TA3cPbDdcoNWgP6dzO,ce76a5e6ff274137bb5127db7065d9a8,2026-02-10T20:51:48Z,0,"A diner, obviously ",500cdbc1487a4d7da3fbeed253e5b895
spotify:track:5WlwFzToly4q0B0gnVeYFv,ce76a5e6ff274137bb5127db7065d9a8,2026-02-10T20:51:48Z,1,Brandon's car,500cdbc1487a4d7da3fbeed253e5b895
spotify:track:6eB35pgMXdfhz5Z0WjwF1O,ce76a5e6ff274137bb5127db7065d9a8,2026-02-10T20:51:48Z,0,Peloton 90s ride,500cdbc1487a4d7da3fbeed253e5b895
spotify:track:6W1CYXq9pGEnNNCCW62xu8,ce76a5e6ff274137bb5127db7065d9a8,2026-02-10T20:51:48Z,1,A Diskin’s car,500cdbc1487a4d7da3fbeed253e5b895
spotify:track:7J55uDJ84Y5CHS9rgFZ7bY,ce76a5e6ff274137bb5127db7065d9a8,2026-02-10T20:51:48Z,1,A bookstore ,500cdbc1487a4d7da3fbeed253e5b895
spotify:track:7wStk0361hcPEtJc4KbOPf,ce76a5e6ff274137bb5127db7065d9a8,2026-02-10T20:51:48Z,3,"NPR

Love Sarah. This is a beaut. Favorite song of the round",500cdbc1487a4d7da3fbeed253e5b895
spotify:track:0oSxBpUqUDEcGxHRrdLHSL,4e117e3021d7466c8bf0b654f8357418,2026-02-10T22:40:14Z,2,,500cdbc1487a4d7da3fbeed253e5b895
spotify:track:0yY4zNzkTPQ5YhXPHJlhF7,4e117e3021d7466c8bf0b654f8357418,2026-02-10T22:40:14Z,1,,500cdbc1487a4d7da3fbeed253e5b895
spotify:track:15tkKpcwBE3XJhaBdLPBKJ,4e117e3021d7466c8bf0b654f8357418,2026-02-10T22:40:14Z,0,"Ugh, and things were moving along so well…",500cdbc1487a4d7da3fbeed253e5b895
spotify:track:2XGLdVl7lGeq8ksM6Al7jT,4e117e3021d7466c8bf0b654f8357418,2026-02-10T22:40:14Z,3,"Damn, the other song I debated also featured a clown horn. We love a good honker. ",500cdbc1487a4d7da3fbeed253e5b895
spotify:track:4jvv7t0LuhNVvzrb5474Un,4e117e3021d7466c8bf0b654f8357418,2026-02-10T22:40:14Z,2,,500cdbc1487a4d7da3fbeed253e5b895
spotify:track:5kQ2TA3cPbDdcoNWgP6dzO,4e117e3021d7466c8bf0b654f8357418,2026-02-10T22:40:14Z,2,,500cdbc1487a4d7da3fbeed253e5b895
spotify:track:5WlwFzToly4q0B0gnVeYFv,4e117e3021d7466c8bf0b654f8357418,2026-02-10T22:40:14Z,1,,500cdbc1487a4d7da3fbeed253e5b895
spotify:track:6eB35pgMXdfhz5Z0WjwF1O,4e117e3021d7466c8bf0b654f8357418,2026-02-10T22:40:14Z,0,🤨,500cdbc1487a4d7da3fbeed253e5b895
spotify:track:6W1CYXq9pGEnNNCCW62xu8,4e117e3021d7466c8bf0b654f8357418,2026-02-10T22:40:14Z,1,,500cdbc1487a4d7da3fbeed253e5b895
spotify:track:7J55uDJ84Y5CHS9rgFZ7bY,4e117e3021d7466c8bf0b654f8357418,2026-02-10T22:40:14Z,1,,500cdbc1487a4d7da3fbeed253e5b895
spotify:track:7wStk0361hcPEtJc4KbOPf,4e117e3021d7466c8bf0b654f8357418,2026-02-10T22:40:14Z,3,,500cdbc1487a4d7da3fbeed253e5b895
spotify:track:0k9GFwbDTBUhN8hIi3YSMT,48468f9ee55c4e71b349a5f376d4d792,2026-02-11T00:56:24Z,0,i dont like the song,500cdbc1487a4d7da3fbeed253e5b895
spotify:track:0oSxBpUqUDEcGxHRrdLHSL,48468f9ee55c4e71b349a5f376d4d792,2026-02-11T00:56:24Z,3,you would hear this at a restaurant,500cdbc1487a4d7da3fbeed253e5b895
spotify:track:0yY4zNzkTPQ5YhXPHJlhF7,48468f9ee55c4e71b349a5f376d4d792,2026-02-11T00:56:24Z,1,i enjoy this song,500cdbc1487a4d7da3fbeed253e5b895
spotify:track:15tkKpcwBE3XJhaBdLPBKJ,48468f9ee55c4e71b349a5f376d4d792,2026-02-11T00:56:24Z,0,you would hear this out in the open but i dont like it,500cdbc1487a4d7da3fbeed253e5b895
spotify:track:2fYpqxxo9itIZG6L64uZoy,48468f9ee55c4e71b349a5f376d4d792,2026-02-11T00:56:24Z,1,i kinda like it,500cdbc1487a4d7da3fbeed253e5b895
spotify:track:2XGLdVl7lGeq8ksM6Al7jT,48468f9ee55c4e71b349a5f376d4d792,2026-02-11T00:56:24Z,1,like the bass,500cdbc1487a4d7da3fbeed253e5b895
spotify:track:4jvv7t0LuhNVvzrb5474Un,48468f9ee55c4e71b349a5f376d4d792,2026-02-11T00:56:24Z,0,i dont like it,500cdbc1487a4d7da3fbeed253e5b895
spotify:track:4kMBC9XwaIJy2epKnyhUVY,48468f9ee55c4e71b349a5f376d4d792,2026-02-11T00:56:24Z,2,this is uncle jacobs i know it,500cdbc1487a4d7da3fbeed253e5b895
spotify:track:5kQ2TA3cPbDdcoNWgP6dzO,48468f9ee55c4e71b349a5f376d4d792,2026-02-11T00:56:24Z,0,you wouldnt hear this out in the open,500cdbc1487a4d7da3fbeed253e5b895
spotify:track:5WlwFzToly4q0B0gnVeYFv,48468f9ee55c4e71b349a5f376d4d792,2026-02-11T00:56:24Z,3,i like it a lot,500cdbc1487a4d7da3fbeed253e5b895
spotify:track:6eB35pgMXdfhz5Z0WjwF1O,48468f9ee55c4e71b349a5f376d4d792,2026-02-11T00:56:24Z,0,the cover is inappropriate cause of guns ,500cdbc1487a4d7da3fbeed253e5b895
spotify:track:6W1CYXq9pGEnNNCCW62xu8,48468f9ee55c4e71b349a5f376d4d792,2026-02-11T00:56:24Z,5,i know this song and i like this one its already on my playlist ,500cdbc1487a4d7da3fbeed253e5b895
spotify:track:7J55uDJ84Y5CHS9rgFZ7bY,48468f9ee55c4e71b349a5f376d4d792,2026-02-11T00:56:24Z,0,i dont like it ,500cdbc1487a4d7da3fbeed253e5b895
spotify:track:7wStk0361hcPEtJc4KbOPf,48468f9ee55c4e71b349a5f376d4d792,2026-02-11T00:56:24Z,0,no ,500cdbc1487a4d7da3fbeed253e5b895
spotify:track:0k9GFwbDTBUhN8hIi3YSMT,0d42af6c19054b7dbbe4aa499186e408,2026-02-11T05:27:25Z,1,Point for being a good opener. ,500cdbc1487a4d7da3fbeed253e5b895
spotify:track:0oSxBpUqUDEcGxHRrdLHSL,0d42af6c19054b7dbbe4aa499186e408,2026-02-11T05:27:25Z,1,I'm realizing I really don't like flutes much. I also realize that is my own misgiving and shouldn't be projected onto others. So here's a point.,500cdbc1487a4d7da3fbeed253e5b895
spotify:track:0tP414RMhI5EKej6pJsIvA,0d42af6c19054b7dbbe4aa499186e408,2026-02-11T05:27:25Z,0,"There was a moment when this song was a point for me, maybe even 2. But that bridge killed me. When so many of these tunes on this playlist fall under the funk/jazz motif I have to be discerning. I have no desire to ever hear this again, despite almost liking it. ",500cdbc1487a4d7da3fbeed253e5b895
spotify:track:0yY4zNzkTPQ5YhXPHJlhF7,0d42af6c19054b7dbbe4aa499186e408,2026-02-11T05:27:25Z,2,"Here's the thing. If this wasn't by a well-known artist, but instead by some 70s funk band from the Upper Peninsula that called themselves the Southern Sons of Antarctica...yall would top 3 this shit. But it is Lenny. So it won't do so well. But Lenny can jam. 2 points for Lenny who can jam. ",500cdbc1487a4d7da3fbeed253e5b895
spotify:track:15tkKpcwBE3XJhaBdLPBKJ,0d42af6c19054b7dbbe4aa499186e408,2026-02-11T05:27:25Z,0,"I respect that you took this prompt very seriously and found a very bad song out in the wild. I may come back and give you a point just for authenticity. 

Nevermind. If this is the song you are playing for me on my deathbed, just let me die. ",500cdbc1487a4d7da3fbeed253e5b895
spotify:track:2fYpqxxo9itIZG6L64uZoy,0d42af6c19054b7dbbe4aa499186e408,2026-02-11T05:27:25Z,2,I'm a whore for the sound of young Van. Thing reminds me of Spanish Rose. If it was Spanish Rose it woulda gotten 3 points. ,500cdbc1487a4d7da3fbeed253e5b895
spotify:track:2XGLdVl7lGeq8ksM6Al7jT,0d42af6c19054b7dbbe4aa499186e408,2026-02-11T05:27:25Z,1,ya this is a good song ,500cdbc1487a4d7da3fbeed253e5b895
spotify:track:4kMBC9XwaIJy2epKnyhUVY,0d42af6c19054b7dbbe4aa499186e408,2026-02-11T05:27:25Z,2,"These drums are silly. I saw in the last round that Asa associated good drums with our dear commissioner. Might this be Josh ""Guanciale"" Diskin? ",500cdbc1487a4d7da3fbeed253e5b895
spotify:track:5kQ2TA3cPbDdcoNWgP6dzO,0d42af6c19054b7dbbe4aa499186e408,2026-02-11T05:27:25Z,2,I enjoyed this thoroughly. Extra point for those of us who like words...and flapjacks. ,500cdbc1487a4d7da3fbeed253e5b895
spotify:track:5WlwFzToly4q0B0gnVeYFv,0d42af6c19054b7dbbe4aa499186e408,2026-02-11T05:27:25Z,1,Ya this is awesome ,500cdbc1487a4d7da3fbeed253e5b895
spotify:track:6eB35pgMXdfhz5Z0WjwF1O,0d42af6c19054b7dbbe4aa499186e408,2026-02-11T05:27:25Z,0,no...but respect for staying true to the prompt. next time you should probably just lie. ,500cdbc1487a4d7da3fbeed253e5b895
spotify:track:6W1CYXq9pGEnNNCCW62xu8,0d42af6c19054b7dbbe4aa499186e408,2026-02-11T05:27:25Z,1,ok ,500cdbc1487a4d7da3fbeed253e5b895
spotify:track:7J55uDJ84Y5CHS9rgFZ7bY,0d42af6c19054b7dbbe4aa499186e408,2026-02-11T05:27:25Z,0,not my cup of kiwi ,500cdbc1487a4d7da3fbeed253e5b895
spotify:track:7wStk0361hcPEtJc4KbOPf,0d42af6c19054b7dbbe4aa499186e408,2026-02-11T05:27:25Z,3,she's so wonderful. fav song of playlist ,500cdbc1487a4d7da3fbeed253e5b895
spotify:track:0oSxBpUqUDEcGxHRrdLHSL,8453d173315c468e8134e2527a658ba5,2026-02-11T12:40:04Z,1,,500cdbc1487a4d7da3fbeed253e5b895
spotify:track:0tP414RMhI5EKej6pJsIvA,8453d173315c468e8134e2527a658ba5,2026-02-11T12:40:04Z,2,Nice poppy ditty,500cdbc1487a4d7da3fbeed253e5b895
spotify:track:0yY4zNzkTPQ5YhXPHJlhF7,8453d173315c468e8134e2527a658ba5,2026-02-11T12:40:04Z,4,Fave of the week,500cdbc1487a4d7da3fbeed253e5b895
spotify:track:2XGLdVl7lGeq8ksM6Al7jT,8453d173315c468e8134e2527a658ba5,2026-02-11T12:40:04Z,1,,500cdbc1487a4d7da3fbeed253e5b895
spotify:track:4jvv7t0LuhNVvzrb5474Un,8453d173315c468e8134e2527a658ba5,2026-02-11T12:40:04Z,3,In the running for fave of the week but I like Al Green’s original better,500cdbc1487a4d7da3fbeed253e5b895
spotify:track:4kMBC9XwaIJy2epKnyhUVY,8453d173315c468e8134e2527a658ba5,2026-02-11T12:40:04Z,2,Love this album ,500cdbc1487a4d7da3fbeed253e5b895
spotify:track:6eB35pgMXdfhz5Z0WjwF1O,8453d173315c468e8134e2527a658ba5,2026-02-11T12:40:04Z,1,"Only song I had saved to a playlist this week, almost used this instead of back to life last week ",500cdbc1487a4d7da3fbeed253e5b895
spotify:track:7J55uDJ84Y5CHS9rgFZ7bY,8453d173315c468e8134e2527a658ba5,2026-02-11T12:40:04Z,2,These guys are so good,500cdbc1487a4d7da3fbeed253e5b895
spotify:track:0k9GFwbDTBUhN8hIi3YSMT,1c89e947d02949ed86d05ec22a7350bf,2026-02-11T16:44:37Z,0,"aggressive start to the playlist, wasnt ready for it",500cdbc1487a4d7da3fbeed253e5b895
spotify:track:0oSxBpUqUDEcGxHRrdLHSL,1c89e947d02949ed86d05ec22a7350bf,2026-02-11T16:44:37Z,1,,500cdbc1487a4d7da3fbeed253e5b895
spotify:track:0tP414RMhI5EKej6pJsIvA,1c89e947d02949ed86d05ec22a7350bf,2026-02-11T16:44:37Z,1,Reminds me of the Lawrence guy ,500cdbc1487a4d7da3fbeed253e5b895
spotify:track:0yY4zNzkTPQ5YhXPHJlhF7,1c89e947d02949ed86d05ec22a7350bf,2026-02-11T16:44:37Z,2,would not have expected this from lenny,500cdbc1487a4d7da3fbeed253e5b895
spotify:track:15tkKpcwBE3XJhaBdLPBKJ,1c89e947d02949ed86d05ec22a7350bf,2026-02-11T16:44:37Z,0,"giving my last point to the other zhane, sry (philly advantage)",500cdbc1487a4d7da3fbeed253e5b895
spotify:track:2fYpqxxo9itIZG6L64uZoy,1c89e947d02949ed86d05ec22a7350bf,2026-02-11T16:44:37Z,1,,500cdbc1487a4d7da3fbeed253e5b895
spotify:track:2XGLdVl7lGeq8ksM6Al7jT,1c89e947d02949ed86d05ec22a7350bf,2026-02-11T16:44:37Z,2,,500cdbc1487a4d7da3fbeed253e5b895
spotify:track:4jvv7t0LuhNVvzrb5474Un,1c89e947d02949ed86d05ec22a7350bf,2026-02-11T16:44:37Z,2,,500cdbc1487a4d7da3fbeed253e5b895
spotify:track:4kMBC9XwaIJy2epKnyhUVY,1c89e947d02949ed86d05ec22a7350bf,2026-02-11T16:44:37Z,2,,500cdbc1487a4d7da3fbeed253e5b895
spotify:track:5kQ2TA3cPbDdcoNWgP6dzO,1c89e947d02949ed86d05ec22a7350bf,2026-02-11T16:44:37Z,0,"love me some pancakes, but didnt hit for me, especially after the last few really good tracks in a row",500cdbc1487a4d7da3fbeed253e5b895
spotify:track:5WlwFzToly4q0B0gnVeYFv,1c89e947d02949ed86d05ec22a7350bf,2026-02-11T16:44:37Z,2,"another banger, good job people. ",500cdbc1487a4d7da3fbeed253e5b895
spotify:track:6eB35pgMXdfhz5Z0WjwF1O,1c89e947d02949ed86d05ec22a7350bf,2026-02-11T16:44:37Z,1,brandon? ,500cdbc1487a4d7da3fbeed253e5b895
spotify:track:6W1CYXq9pGEnNNCCW62xu8,1c89e947d02949ed86d05ec22a7350bf,2026-02-11T16:44:37Z,1,,500cdbc1487a4d7da3fbeed253e5b895
spotify:track:7J55uDJ84Y5CHS9rgFZ7bY,1c89e947d02949ed86d05ec22a7350bf,2026-02-11T16:44:37Z,0,"Not exactly found out in the wild, but the best new song that was served up to me.  New album coming out this week",500cdbc1487a4d7da3fbeed253e5b895
spotify:track:7wStk0361hcPEtJc4KbOPf,1c89e947d02949ed86d05ec22a7350bf,2026-02-11T16:44:37Z,1,"nice ending, always been a big fan of hers ",500cdbc1487a4d7da3fbeed253e5b895
spotify:track:0k9GFwbDTBUhN8hIi3YSMT,f1f0f2ed0eb64306992b613229fb7972,2026-02-11T19:59:17Z,1,"Catchy from the get! Diggin’ this 🕺🏻 Would’ve done well in the earworm round, tbh lol Na na, na na na na… Great start to the playlist 👏",500cdbc1487a4d7da3fbeed253e5b895
spotify:track:0oSxBpUqUDEcGxHRrdLHSL,f1f0f2ed0eb64306992b613229fb7972,2026-02-11T19:59:17Z,1,"Groovy, feels like. Kenny pick to me.",500cdbc1487a4d7da3fbeed253e5b895
spotify:track:0tP414RMhI5EKej6pJsIvA,f1f0f2ed0eb64306992b613229fb7972,2026-02-11T19:59:17Z,1,"Dig it from the get, but now these lyrics are kinda ruining it for me, lol (Josh or Jacob?) ",500cdbc1487a4d7da3fbeed253e5b895
spotify:track:0yY4zNzkTPQ5YhXPHJlhF7,f1f0f2ed0eb64306992b613229fb7972,2026-02-11T19:59:17Z,2,"Who knew Lenny Kravitz was so funky? A straight cold player, indeed! 🔥",500cdbc1487a4d7da3fbeed253e5b895
spotify:track:15tkKpcwBE3XJhaBdLPBKJ,f1f0f2ed0eb64306992b613229fb7972,2026-02-11T19:59:17Z,0,"No. This sounds like a song I hear on the radio & I immediately skip to the next channel. Idk how to explain it, but this sounds like every new songs these days ¯\_(ツ)_/¯ (Sam? Discovered on a Peleton ride? Lol) ",500cdbc1487a4d7da3fbeed253e5b895
spotify:track:2XGLdVl7lGeq8ksM6Al7jT,f1f0f2ed0eb64306992b613229fb7972,2026-02-11T19:59:17Z,2,"Damn, this goes hard 😮‍💨  After I got past the clown honking in the first 8 bars, I was finally able to get into this & boy, was my booting shaking. Not sure how I’m not familiar with this artist? Def going to check out more by them. ",500cdbc1487a4d7da3fbeed253e5b895
spotify:track:4jvv7t0LuhNVvzrb5474Un,f1f0f2ed0eb64306992b613229fb7972,2026-02-11T19:59:17Z,1,"Digging this. Great vocals, horns. Funky & powerful. Swinging my hips for sure. ",500cdbc1487a4d7da3fbeed253e5b895
spotify:track:4kMBC9XwaIJy2epKnyhUVY,f1f0f2ed0eb64306992b613229fb7972,2026-02-11T19:59:17Z,1,Groovy. Love this vibe. Ethereal yet somehow also funky AF. Very much enjoyed.,500cdbc1487a4d7da3fbeed253e5b895
spotify:track:5kQ2TA3cPbDdcoNWgP6dzO,f1f0f2ed0eb64306992b613229fb7972,2026-02-11T19:59:17Z,0,"Lol, wtf? Feels like an Al submission… (Sry, I barely know you, but this kinda gives Spare Ass Annie vibes…) ",500cdbc1487a4d7da3fbeed253e5b895
spotify:track:5WlwFzToly4q0B0gnVeYFv,f1f0f2ed0eb64306992b613229fb7972,2026-02-11T19:59:17Z,2,"Very feel good, upbeat funk. Can’t say no to that! Found myself liking this even more on the 2nd go round. Here’s another point! Booty is SHAKIN 💃",500cdbc1487a4d7da3fbeed253e5b895
spotify:track:6eB35pgMXdfhz5Z0WjwF1O,f1f0f2ed0eb64306992b613229fb7972,2026-02-11T19:59:17Z,1,Feels like a Fluff submission 😛 (complimentary) ,500cdbc1487a4d7da3fbeed253e5b895
spotify:track:6W1CYXq9pGEnNNCCW62xu8,f1f0f2ed0eb64306992b613229fb7972,2026-02-11T19:59:17Z,0,This is horrible. I know it says Parcels but is this actually somehow Goose? What is happening? Dustin??? Woof. ,500cdbc1487a4d7da3fbeed253e5b895
spotify:track:7J55uDJ84Y5CHS9rgFZ7bY,f1f0f2ed0eb64306992b613229fb7972,2026-02-11T19:59:17Z,2,"Love m some Olympians 💕 They have a song named “Diana,” did you know that? Named after the same thing I’m named after. 1N’d 🏹 Spotify played even more Olympians after the playlist was over & I was enjoying it a lot. I should listen to more of these guys. ",500cdbc1487a4d7da3fbeed253e5b895
spotify:track:7wStk0361hcPEtJc4KbOPf,f1f0f2ed0eb64306992b613229fb7972,2026-02-11T19:59:17Z,2," Very pretty, enjoyed this a lot.  Nice change of pace from all of our instrumental funk on this playlist. (Feels like a Jen submission, perhaps?) ",500cdbc1487a4d7da3fbeed253e5b895
spotify:track:0k9GFwbDTBUhN8hIi3YSMT,7fdceb56429c4e38939c3e5ee41bfdd0,2026-02-12T02:21:12Z,1,Really liked it. Tough round for points. ,500cdbc1487a4d7da3fbeed253e5b895
spotify:track:0oSxBpUqUDEcGxHRrdLHSL,7fdceb56429c4e38939c3e5ee41bfdd0,2026-02-12T02:21:12Z,2,Bopper,500cdbc1487a4d7da3fbeed253e5b895
spotify:track:0tP414RMhI5EKej6pJsIvA,7fdceb56429c4e38939c3e5ee41bfdd0,2026-02-12T02:21:12Z,1,,500cdbc1487a4d7da3fbeed253e5b895
spotify:track:0yY4zNzkTPQ5YhXPHJlhF7,7fdceb56429c4e38939c3e5ee41bfdd0,2026-02-12T02:21:12Z,1,,500cdbc1487a4d7da3fbeed253e5b895
spotify:track:15tkKpcwBE3XJhaBdLPBKJ,7fdceb56429c4e38939c3e5ee41bfdd0,2026-02-12T02:21:12Z,0,Not a bad song just a tough round ,500cdbc1487a4d7da3fbeed253e5b895
spotify:track:2fYpqxxo9itIZG6L64uZoy,7fdceb56429c4e38939c3e5ee41bfdd0,2026-02-12T02:21:12Z,1,,500cdbc1487a4d7da3fbeed253e5b895
spotify:track:4jvv7t0LuhNVvzrb5474Un,7fdceb56429c4e38939c3e5ee41bfdd0,2026-02-12T02:21:12Z,2,Ram should use this for a commercial. Maybe they have? Do people watch commercials any more? ,500cdbc1487a4d7da3fbeed253e5b895
spotify:track:4kMBC9XwaIJy2epKnyhUVY,7fdceb56429c4e38939c3e5ee41bfdd0,2026-02-12T02:21:12Z,2,Proteens cooked by a chef!,500cdbc1487a4d7da3fbeed253e5b895
spotify:track:5kQ2TA3cPbDdcoNWgP6dzO,7fdceb56429c4e38939c3e5ee41bfdd0,2026-02-12T02:21:12Z,1,Could’ve won the earworm round. ,500cdbc1487a4d7da3fbeed253e5b895
spotify:track:5WlwFzToly4q0B0gnVeYFv,7fdceb56429c4e38939c3e5ee41bfdd0,2026-02-12T02:21:12Z,2,This put me in a good mood on the way home from work. Hard to argue w that. ,500cdbc1487a4d7da3fbeed253e5b895
spotify:track:6W1CYXq9pGEnNNCCW62xu8,7fdceb56429c4e38939c3e5ee41bfdd0,2026-02-12T02:21:12Z,1,,500cdbc1487a4d7da3fbeed253e5b895
spotify:track:7J55uDJ84Y5CHS9rgFZ7bY,7fdceb56429c4e38939c3e5ee41bfdd0,2026-02-12T02:21:12Z,1,,500cdbc1487a4d7da3fbeed253e5b895
spotify:track:7wStk0361hcPEtJc4KbOPf,7fdceb56429c4e38939c3e5ee41bfdd0,2026-02-12T02:21:12Z,1,,500cdbc1487a4d7da3fbeed253e5b895
spotify:track:0oSxBpUqUDEcGxHRrdLHSL,e5c2390073644e979f43e744c33e6c60,2026-02-12T05:11:16Z,1,,500cdbc1487a4d7da3fbeed253e5b895
spotify:track:0yY4zNzkTPQ5YhXPHJlhF7,e5c2390073644e979f43e744c33e6c60,2026-02-12T05:11:16Z,1,Could have been used in last round like it better without the lyrics,500cdbc1487a4d7da3fbeed253e5b895
spotify:track:2fYpqxxo9itIZG6L64uZoy,e5c2390073644e979f43e744c33e6c60,2026-02-12T05:11:16Z,2,Some good van morrison,500cdbc1487a4d7da3fbeed253e5b895
spotify:track:2XGLdVl7lGeq8ksM6Al7jT,e5c2390073644e979f43e744c33e6c60,2026-02-12T05:11:16Z,4,This was the one for me this week! Disco funk with that mean guitar riff! If this is the son of slide I do not want know his daddy!,500cdbc1487a4d7da3fbeed253e5b895
spotify:track:4jvv7t0LuhNVvzrb5474Un,e5c2390073644e979f43e744c33e6c60,2026-02-12T05:11:16Z,1,I tried to like this more but Just could not get over the lyrics,500cdbc1487a4d7da3fbeed253e5b895
spotify:track:4kMBC9XwaIJy2epKnyhUVY,e5c2390073644e979f43e744c33e6c60,2026-02-12T05:11:16Z,1,Not the best but not the worst here’s a point,500cdbc1487a4d7da3fbeed253e5b895
spotify:track:5kQ2TA3cPbDdcoNWgP6dzO,e5c2390073644e979f43e744c33e6c60,2026-02-12T05:11:16Z,1,All I could think of is the scene in roadtrip where they get stoned with the old man and the dog says “have that bitch make me some blueberry pancakes!”,500cdbc1487a4d7da3fbeed253e5b895
spotify:track:5WlwFzToly4q0B0gnVeYFv,e5c2390073644e979f43e744c33e6c60,2026-02-12T05:11:16Z,2,,500cdbc1487a4d7da3fbeed253e5b895
spotify:track:6eB35pgMXdfhz5Z0WjwF1O,e5c2390073644e979f43e744c33e6c60,2026-02-12T05:11:16Z,2,Another classic r and b banger know almost every word still,500cdbc1487a4d7da3fbeed253e5b895
spotify:track:7J55uDJ84Y5CHS9rgFZ7bY,e5c2390073644e979f43e744c33e6c60,2026-02-12T05:11:16Z,1,I feel bed because another song by this band came on right after the playlist ended and I liked it so much more. +1,500cdbc1487a4d7da3fbeed253e5b895
spotify:track:0k9GFwbDTBUhN8hIi3YSMT,0b4377c224ba402d97adce848425da90,2026-02-12T19:35:27Z,0,Hey hey hey goodbye 👋 ,500cdbc1487a4d7da3fbeed253e5b895
spotify:track:0oSxBpUqUDEcGxHRrdLHSL,0b4377c224ba402d97adce848425da90,2026-02-12T19:35:27Z,3,Favorite of the week. This album is straight fire. ,500cdbc1487a4d7da3fbeed253e5b895
spotify:track:0tP414RMhI5EKej6pJsIvA,0b4377c224ba402d97adce848425da90,2026-02-12T19:35:27Z,0,Tough competition ,500cdbc1487a4d7da3fbeed253e5b895
spotify:track:0yY4zNzkTPQ5YhXPHJlhF7,0b4377c224ba402d97adce848425da90,2026-02-12T19:35:27Z,1,"The corny lyrics were a lot to overcome, but mission accomplished  Leonard 🫡 🫡 ",500cdbc1487a4d7da3fbeed253e5b895
spotify:track:15tkKpcwBE3XJhaBdLPBKJ,0b4377c224ba402d97adce848425da90,2026-02-12T19:35:27Z,0,Tough competition ,500cdbc1487a4d7da3fbeed253e5b895
spotify:track:2fYpqxxo9itIZG6L64uZoy,0b4377c224ba402d97adce848425da90,2026-02-12T19:35:27Z,0,That voice is all nose. Sounds so congested!,500cdbc1487a4d7da3fbeed253e5b895
spotify:track:2XGLdVl7lGeq8ksM6Al7jT,0b4377c224ba402d97adce848425da90,2026-02-12T19:35:27Z,2,Funkyyy,500cdbc1487a4d7da3fbeed253e5b895
spotify:track:4jvv7t0LuhNVvzrb5474Un,0b4377c224ba402d97adce848425da90,2026-02-12T19:35:27Z,3,About 90 seconds in I said to myself: damn this is good and Roy has barely picked up his guitar. Nice cut,500cdbc1487a4d7da3fbeed253e5b895
spotify:track:5kQ2TA3cPbDdcoNWgP6dzO,0b4377c224ba402d97adce848425da90,2026-02-12T19:35:27Z,1,I’m strangely attracted to this quirky tune,500cdbc1487a4d7da3fbeed253e5b895
spotify:track:5WlwFzToly4q0B0gnVeYFv,0b4377c224ba402d97adce848425da90,2026-02-12T19:35:27Z,2,Australia closing out this list strong ,500cdbc1487a4d7da3fbeed253e5b895
spotify:track:6W1CYXq9pGEnNNCCW62xu8,0b4377c224ba402d97adce848425da90,2026-02-12T19:35:27Z,2,So damn good from down under,500cdbc1487a4d7da3fbeed253e5b895
spotify:track:7J55uDJ84Y5CHS9rgFZ7bY,0b4377c224ba402d97adce848425da90,2026-02-12T19:35:27Z,1,Excited for this album. They’ve been on a couple of my shortlists,500cdbc1487a4d7da3fbeed253e5b895
spotify:track:7wStk0361hcPEtJc4KbOPf,0b4377c224ba402d97adce848425da90,2026-02-12T19:35:27Z,1,,500cdbc1487a4d7da3fbeed253e5b895
spotify:track:0k9GFwbDTBUhN8hIi3YSMT,9b7e03ea90dd46db9779dc21eb04ca5a,2026-02-12T21:11:39Z,2,,500cdbc1487a4d7da3fbeed253e5b895
spotify:track:0oSxBpUqUDEcGxHRrdLHSL,9b7e03ea90dd46db9779dc21eb04ca5a,2026-02-12T21:11:39Z,1,,500cdbc1487a4d7da3fbeed253e5b895
spotify:track:0tP414RMhI5EKej6pJsIvA,9b7e03ea90dd46db9779dc21eb04ca5a,2026-02-12T21:11:39Z,0,I love this but it’s the third music league season I’ve been in that’s been posted. ,500cdbc1487a4d7da3fbeed253e5b895
spotify:track:2fYpqxxo9itIZG6L64uZoy,9b7e03ea90dd46db9779dc21eb04ca5a,2026-02-12T21:11:39Z,1,They are them. ,500cdbc1487a4d7da3fbeed253e5b895
spotify:track:2XGLdVl7lGeq8ksM6Al7jT,9b7e03ea90dd46db9779dc21eb04ca5a,2026-02-12T21:11:39Z,1,,500cdbc1487a4d7da3fbeed253e5b895
spotify:track:4jvv7t0LuhNVvzrb5474Un,9b7e03ea90dd46db9779dc21eb04ca5a,2026-02-12T21:11:39Z,1,,500cdbc1487a4d7da3fbeed253e5b895
spotify:track:4kMBC9XwaIJy2epKnyhUVY,9b7e03ea90dd46db9779dc21eb04ca5a,2026-02-12T21:11:39Z,2,,500cdbc1487a4d7da3fbeed253e5b895
spotify:track:5kQ2TA3cPbDdcoNWgP6dzO,9b7e03ea90dd46db9779dc21eb04ca5a,2026-02-12T21:11:39Z,1,,500cdbc1487a4d7da3fbeed253e5b895
spotify:track:5WlwFzToly4q0B0gnVeYFv,9b7e03ea90dd46db9779dc21eb04ca5a,2026-02-12T21:11:39Z,3,,500cdbc1487a4d7da3fbeed253e5b895
spotify:track:6eB35pgMXdfhz5Z0WjwF1O,9b7e03ea90dd46db9779dc21eb04ca5a,2026-02-12T21:11:39Z,1,,500cdbc1487a4d7da3fbeed253e5b895
spotify:track:6W1CYXq9pGEnNNCCW62xu8,9b7e03ea90dd46db9779dc21eb04ca5a,2026-02-12T21:11:39Z,2,,500cdbc1487a4d7da3fbeed253e5b895
spotify:track:7J55uDJ84Y5CHS9rgFZ7bY,9b7e03ea90dd46db9779dc21eb04ca5a,2026-02-12T21:11:39Z,1,,500cdbc1487a4d7da3fbeed253e5b895
spotify:track:0k9GFwbDTBUhN8hIi3YSMT,605866a938e54c5da212fc8595186729,2026-02-12T23:09:24Z,2,Boppin ,500cdbc1487a4d7da3fbeed253e5b895
spotify:track:0oSxBpUqUDEcGxHRrdLHSL,605866a938e54c5da212fc8595186729,2026-02-12T23:09:24Z,2,Would probably enjoy a place playing this but it feels like more of the same for the group but I like it ,500cdbc1487a4d7da3fbeed253e5b895
spotify:track:0tP414RMhI5EKej6pJsIvA,605866a938e54c5da212fc8595186729,2026-02-12T23:09:24Z,1,Only if I have an extra point — sounds like someone who I can’t put my finger on right now ,500cdbc1487a4d7da3fbeed253e5b895
spotify:track:0yY4zNzkTPQ5YhXPHJlhF7,605866a938e54c5da212fc8595186729,2026-02-12T23:09:24Z,0,More promising than expected at first but didn’t do it for me. Blame it on the lyrics. ,500cdbc1487a4d7da3fbeed253e5b895
spotify:track:15tkKpcwBE3XJhaBdLPBKJ,605866a938e54c5da212fc8595186729,2026-02-12T23:09:24Z,1,+1 because my cousin plays bass in his band ,500cdbc1487a4d7da3fbeed253e5b895
spotify:track:2fYpqxxo9itIZG6L64uZoy,605866a938e54c5da212fc8595186729,2026-02-12T23:09:24Z,1,,500cdbc1487a4d7da3fbeed253e5b895
spotify:track:2XGLdVl7lGeq8ksM6Al7jT,605866a938e54c5da212fc8595186729,2026-02-12T23:09:24Z,1,,500cdbc1487a4d7da3fbeed253e5b895
spotify:track:4jvv7t0LuhNVvzrb5474Un,605866a938e54c5da212fc8595186729,2026-02-12T23:09:24Z,1,,500cdbc1487a4d7da3fbeed253e5b895
spotify:track:4kMBC9XwaIJy2epKnyhUVY,605866a938e54c5da212fc8595186729,2026-02-12T23:09:24Z,0,"Fine. Just like how I felt about the surprise chef show

cc Storm ",500cdbc1487a4d7da3fbeed253e5b895
spotify:track:5kQ2TA3cPbDdcoNWgP6dzO,605866a938e54c5da212fc8595186729,2026-02-12T23:09:24Z,0,Interesting artist but negative points ,500cdbc1487a4d7da3fbeed253e5b895
spotify:track:5WlwFzToly4q0B0gnVeYFv,605866a938e54c5da212fc8595186729,2026-02-12T23:09:24Z,3,Love this ! Favorite of the week ,500cdbc1487a4d7da3fbeed253e5b895
spotify:track:6W1CYXq9pGEnNNCCW62xu8,605866a938e54c5da212fc8595186729,2026-02-12T23:09:24Z,1,Thought I’d like this more than I did ,500cdbc1487a4d7da3fbeed253e5b895
spotify:track:7J55uDJ84Y5CHS9rgFZ7bY,605866a938e54c5da212fc8595186729,2026-02-12T23:09:24Z,2,,500cdbc1487a4d7da3fbeed253e5b895
spotify:track:7wStk0361hcPEtJc4KbOPf,605866a938e54c5da212fc8595186729,2026-02-12T23:09:24Z,1,,500cdbc1487a4d7da3fbeed253e5b895
spotify:track:0DczWpN2rduFJg9i2RKI8m,48468f9ee55c4e71b349a5f376d4d792,2026-02-15T15:39:13Z,2,It sucks. Just kidding I love it. ,18610863ae94440385237df817930199
spotify:track:0g3ZAtHghVNa2zrmWvMSvW,48468f9ee55c4e71b349a5f376d4d792,2026-02-15T15:39:13Z,3,It’s really good I like the drums ,18610863ae94440385237df817930199
spotify:track:0Ie9rT2kjA1I2fH9KXCbbl,48468f9ee55c4e71b349a5f376d4d792,2026-02-15T15:39:13Z,1,No horns ,18610863ae94440385237df817930199
spotify:track:15ut8ocfGxH3L1eVesGcaC,48468f9ee55c4e71b349a5f376d4d792,2026-02-15T15:39:13Z,1,It’s good ,18610863ae94440385237df817930199
spotify:track:1NgBIlgKdjamS1cz6M2NKo,48468f9ee55c4e71b349a5f376d4d792,2026-02-15T15:39:13Z,1,I like it. Good trumpet. ,18610863ae94440385237df817930199
spotify:track:3Csjh5e2hXJUeCCfgTaUg7,48468f9ee55c4e71b349a5f376d4d792,2026-02-15T15:39:13Z,3,It’s uncle Jacob cause of the drums ,18610863ae94440385237df817930199
spotify:track:3s8lqpMk9JzpSkODLZWN94,48468f9ee55c4e71b349a5f376d4d792,2026-02-15T15:39:13Z,1,I like the piano ,18610863ae94440385237df817930199
spotify:track:41z0r4oc0C6izvSRk6uiFM,48468f9ee55c4e71b349a5f376d4d792,2026-02-15T15:39:13Z,1,I like it ,18610863ae94440385237df817930199
spotify:track:4O9L11e9erSCaFMZSPLvFd,48468f9ee55c4e71b349a5f376d4d792,2026-02-15T15:39:13Z,0,Too slow ,18610863ae94440385237df817930199
spotify:track:4u4yxlAGdqwRkrpGTAKtBz,48468f9ee55c4e71b349a5f376d4d792,2026-02-15T15:39:13Z,1,,18610863ae94440385237df817930199
spotify:track:4ygXOaF2fn32KnmzwUzu8A,48468f9ee55c4e71b349a5f376d4d792,2026-02-15T15:39:13Z,1,I like it ,18610863ae94440385237df817930199
spotify:track:5INwT6CJUFBI4AJyKrzaEJ,48468f9ee55c4e71b349a5f376d4d792,2026-02-15T15:39:13Z,0,Too slow ,18610863ae94440385237df817930199
spotify:track:5YnyA2XqNiD0Rcrma0R0IU,48468f9ee55c4e71b349a5f376d4d792,2026-02-15T15:39:13Z,1,,18610863ae94440385237df817930199
spotify:track:6o2g1BJvtYQssH84kBYs7y,48468f9ee55c4e71b349a5f376d4d792,2026-02-15T15:39:13Z,0,Inappropriate. ,18610863ae94440385237df817930199
spotify:track:7pJCs1o6uosXTSVUUzu4B4,48468f9ee55c4e71b349a5f376d4d792,2026-02-15T15:39:13Z,0,I don’t like the melody ,18610863ae94440385237df817930199
spotify:track:0DczWpN2rduFJg9i2RKI8m,0d42af6c19054b7dbbe4aa499186e408,2026-02-16T04:36:36Z,1,There are two kinds of people in this world. Those who eagerly suck the brains of crustaceans and those who don’t. And I guess a third kind is people with a shellfish allergy. Anyway this song made me want to suck mudbug brains and that’s a good way to start this playlist. And the lyrics bring absolutely nothing else to mind. ,18610863ae94440385237df817930199
spotify:track:0g3ZAtHghVNa2zrmWvMSvW,0d42af6c19054b7dbbe4aa499186e408,2026-02-16T04:36:36Z,1,Just good ass brass ,18610863ae94440385237df817930199
spotify:track:0Ie9rT2kjA1I2fH9KXCbbl,0d42af6c19054b7dbbe4aa499186e408,2026-02-16T04:36:36Z,0,"Enjoyed this but cant yet tell if it is memorable enough on such a stacked playlist. May come back for a point if there is one to give. 

Sorry - none left to give ",18610863ae94440385237df817930199
spotify:track:15ut8ocfGxH3L1eVesGcaC,0d42af6c19054b7dbbe4aa499186e408,2026-02-16T04:36:36Z,1,Yup ,18610863ae94440385237df817930199
spotify:track:1NgBIlgKdjamS1cz6M2NKo,0d42af6c19054b7dbbe4aa499186e408,2026-02-16T04:36:36Z,2,What a find. This was super fun,18610863ae94440385237df817930199
spotify:track:3Csjh5e2hXJUeCCfgTaUg7,0d42af6c19054b7dbbe4aa499186e408,2026-02-16T04:36:36Z,1,“Just remember we all had mothers.” As much as this song didn’t blow me away…here’s a point cuz mouth words matter. And so do mothers ,18610863ae94440385237df817930199
spotify:track:3s8lqpMk9JzpSkODLZWN94,0d42af6c19054b7dbbe4aa499186e408,2026-02-16T04:36:36Z,1,Legend,18610863ae94440385237df817930199
spotify:track:41z0r4oc0C6izvSRk6uiFM,0d42af6c19054b7dbbe4aa499186e408,2026-02-16T04:36:36Z,0,Fun groove but points needed elsewhere ,18610863ae94440385237df817930199
spotify:track:4u4yxlAGdqwRkrpGTAKtBz,0d42af6c19054b7dbbe4aa499186e408,2026-02-16T04:36:36Z,0,Did not dislike this. Just didn’t like it enough to give to a point. ,18610863ae94440385237df817930199
spotify:track:4ygXOaF2fn32KnmzwUzu8A,0d42af6c19054b7dbbe4aa499186e408,2026-02-16T04:36:36Z,2,Probably the song on this playlist I most want to be dancing to during some timeless New Orleans moment. So multiple points ,18610863ae94440385237df817930199
spotify:track:5EvUkN9QWfDbSLE4Ybfs0u,0d42af6c19054b7dbbe4aa499186e408,2026-02-16T04:36:36Z,1,Point for rhythm section ,18610863ae94440385237df817930199
spotify:track:5INwT6CJUFBI4AJyKrzaEJ,0d42af6c19054b7dbbe4aa499186e408,2026-02-16T04:36:36Z,2,Good ass jazz ,18610863ae94440385237df817930199
spotify:track:5YnyA2XqNiD0Rcrma0R0IU,0d42af6c19054b7dbbe4aa499186e408,2026-02-16T04:36:36Z,2,Jesus there are so many elite songs on this playlist. Here’s yet another ,18610863ae94440385237df817930199
spotify:track:6o2g1BJvtYQssH84kBYs7y,0d42af6c19054b7dbbe4aa499186e408,2026-02-16T04:36:36Z,0,Sorry Juv. You were up against a gauntlet here ,18610863ae94440385237df817930199
spotify:track:7pJCs1o6uosXTSVUUzu4B4,0d42af6c19054b7dbbe4aa499186e408,2026-02-16T04:36:36Z,2,Tasty. My sleeper bet as the Comish’s fav Nola album. That 5 plus the Asa dump could position this well…,18610863ae94440385237df817930199
spotify:track:0g3ZAtHghVNa2zrmWvMSvW,ce76a5e6ff274137bb5127db7065d9a8,2026-02-16T18:40:29Z,1,It’s so New Orleansy I can’t not give it a point,18610863ae94440385237df817930199
spotify:track:0Ie9rT2kjA1I2fH9KXCbbl,ce76a5e6ff274137bb5127db7065d9a8,2026-02-16T18:40:29Z,1,That’s some nice ivory ticklin,18610863ae94440385237df817930199
spotify:track:15ut8ocfGxH3L1eVesGcaC,ce76a5e6ff274137bb5127db7065d9a8,2026-02-16T18:40:29Z,1,Love him. What a treasure ,18610863ae94440385237df817930199
spotify:track:1NgBIlgKdjamS1cz6M2NKo,ce76a5e6ff274137bb5127db7065d9a8,2026-02-16T18:40:29Z,1,Cool. I could do without the whistle. But the heavy wah funk and trumpet are a nice mix that gives this a feeling of being out of time and place ,18610863ae94440385237df817930199
spotify:track:3Csjh5e2hXJUeCCfgTaUg7,ce76a5e6ff274137bb5127db7065d9a8,2026-02-16T18:40:29Z,2,Written and produced by Allen Toussaint so of course it’s smooth as silk,18610863ae94440385237df817930199
spotify:track:3s8lqpMk9JzpSkODLZWN94,ce76a5e6ff274137bb5127db7065d9a8,2026-02-16T18:40:29Z,1,Probably gets a point,18610863ae94440385237df817930199
spotify:track:41z0r4oc0C6izvSRk6uiFM,ce76a5e6ff274137bb5127db7065d9a8,2026-02-16T18:40:29Z,2,"Probably my favorite of the list. Jazzy, funky, groovy. Nice musical gumbo we got here ",18610863ae94440385237df817930199
spotify:track:4O9L11e9erSCaFMZSPLvFd,ce76a5e6ff274137bb5127db7065d9a8,2026-02-16T18:40:29Z,2,Weird as hell and I love it ,18610863ae94440385237df817930199
spotify:track:4u4yxlAGdqwRkrpGTAKtBz,ce76a5e6ff274137bb5127db7065d9a8,2026-02-16T18:40:29Z,0,"Not sure it’s gonna make the cut. Not that I don’t like it, just don’t have enough points for every song and this one didn’t really stand out in this crowded field",18610863ae94440385237df817930199
spotify:track:4ygXOaF2fn32KnmzwUzu8A,ce76a5e6ff274137bb5127db7065d9a8,2026-02-16T18:40:29Z,1,Another that’s not necessarily doing anything particularly unique but really hits the New Orleans feels ,18610863ae94440385237df817930199
spotify:track:5EvUkN9QWfDbSLE4Ybfs0u,ce76a5e6ff274137bb5127db7065d9a8,2026-02-16T18:40:29Z,1,I don’t know if I can give the other New Orleans horn songs a point and not this one. But again idk if much separates them,18610863ae94440385237df817930199
spotify:track:5INwT6CJUFBI4AJyKrzaEJ,ce76a5e6ff274137bb5127db7065d9a8,2026-02-16T18:40:29Z,0,Sorry Johnny V. Not bad by any means but the rest of the list felt like such a party and this one just didn’t quite hit,18610863ae94440385237df817930199
spotify:track:5YnyA2XqNiD0Rcrma0R0IU,ce76a5e6ff274137bb5127db7065d9a8,2026-02-16T18:40:29Z,1,This is different ,18610863ae94440385237df817930199
spotify:track:6o2g1BJvtYQssH84kBYs7y,ce76a5e6ff274137bb5127db7065d9a8,2026-02-16T18:40:29Z,0,"One of my favorite New Orleans memories: traffic getting out of music box village, our Uber driver decides rather than wait he’s gonna drive backwards all the way down the road. Back that ass up kicks on the radio. Perfecto. 

I’m really back and forth on this for points. It makes me laugh but also don’t really need to listen to it again. Don’t have one to spare but thanks for the trip down memory lane",18610863ae94440385237df817930199
spotify:track:7pJCs1o6uosXTSVUUzu4B4,ce76a5e6ff274137bb5127db7065d9a8,2026-02-16T18:40:29Z,2,Zigaboo is a cool as hell name and this is a cool as hell song,18610863ae94440385237df817930199
spotify:track:0DczWpN2rduFJg9i2RKI8m,a2909b31d1c04d728cfcf68ca0d73cca,2026-02-16T19:36:20Z,1,“Oh my” -George Takei,18610863ae94440385237df817930199
spotify:track:0g3ZAtHghVNa2zrmWvMSvW,a2909b31d1c04d728cfcf68ca0d73cca,2026-02-16T19:36:20Z,0,I remember seeing a live stream from these guys during COVID and loved it!,18610863ae94440385237df817930199
spotify:track:0Ie9rT2kjA1I2fH9KXCbbl,a2909b31d1c04d728cfcf68ca0d73cca,2026-02-16T19:36:20Z,1,,18610863ae94440385237df817930199
spotify:track:15ut8ocfGxH3L1eVesGcaC,a2909b31d1c04d728cfcf68ca0d73cca,2026-02-16T19:36:20Z,1,Love me some Allen Toussaint,18610863ae94440385237df817930199
spotify:track:1NgBIlgKdjamS1cz6M2NKo,a2909b31d1c04d728cfcf68ca0d73cca,2026-02-16T19:36:20Z,1,,18610863ae94440385237df817930199
spotify:track:3Csjh5e2hXJUeCCfgTaUg7,a2909b31d1c04d728cfcf68ca0d73cca,2026-02-16T19:36:20Z,1,Almost picked something from Lee,18610863ae94440385237df817930199
spotify:track:3s8lqpMk9JzpSkODLZWN94,a2909b31d1c04d728cfcf68ca0d73cca,2026-02-16T19:36:20Z,1,,18610863ae94440385237df817930199
spotify:track:41z0r4oc0C6izvSRk6uiFM,a2909b31d1c04d728cfcf68ca0d73cca,2026-02-16T19:36:20Z,1,Jon Cleary was on my short list too,18610863ae94440385237df817930199
spotify:track:4O9L11e9erSCaFMZSPLvFd,a2909b31d1c04d728cfcf68ca0d73cca,2026-02-16T19:36:20Z,1,Mmmm gumbo heaven sounds nice,18610863ae94440385237df817930199
spotify:track:4u4yxlAGdqwRkrpGTAKtBz,a2909b31d1c04d728cfcf68ca0d73cca,2026-02-16T19:36:20Z,1,Did Fishman get that weird voice “eh huha ha” sample from this song? ,18610863ae94440385237df817930199
spotify:track:4ygXOaF2fn32KnmzwUzu8A,a2909b31d1c04d728cfcf68ca0d73cca,2026-02-16T19:36:20Z,2,This sounds like what I hear when I think of NOLA music. Extra point awarded. ,18610863ae94440385237df817930199
spotify:track:5EvUkN9QWfDbSLE4Ybfs0u,a2909b31d1c04d728cfcf68ca0d73cca,2026-02-16T19:36:20Z,1,,18610863ae94440385237df817930199
spotify:track:5INwT6CJUFBI4AJyKrzaEJ,a2909b31d1c04d728cfcf68ca0d73cca,2026-02-16T19:36:20Z,2,Extra point for Johnny V. ,18610863ae94440385237df817930199
spotify:track:5YnyA2XqNiD0Rcrma0R0IU,a2909b31d1c04d728cfcf68ca0d73cca,2026-02-16T19:36:20Z,1,,18610863ae94440385237df817930199
spotify:track:6o2g1BJvtYQssH84kBYs7y,a2909b31d1c04d728cfcf68ca0d73cca,2026-02-16T19:36:20Z,0,I’m sorry but no,18610863ae94440385237df817930199
spotify:track:7pJCs1o6uosXTSVUUzu4B4,a2909b31d1c04d728cfcf68ca0d73cca,2026-02-16T19:36:20Z,1,,18610863ae94440385237df817930199
spotify:track:0DczWpN2rduFJg9i2RKI8m,49a5ff7c4466457eb8016aaf873224cb,2026-02-16T19:52:58Z,1,Love a good instructional song. ,18610863ae94440385237df817930199
spotify:track:0g3ZAtHghVNa2zrmWvMSvW,49a5ff7c4466457eb8016aaf873224cb,2026-02-16T19:52:58Z,1,This one full transports me to the big easy. ,18610863ae94440385237df817930199
spotify:track:0Ie9rT2kjA1I2fH9KXCbbl,49a5ff7c4466457eb8016aaf873224cb,2026-02-16T19:52:58Z,2,Holy keys. Jeeeeezus he ticklin. I gave everything 1 point and had to pick a track to give 2. This made the cut. ,18610863ae94440385237df817930199
spotify:track:1NgBIlgKdjamS1cz6M2NKo,49a5ff7c4466457eb8016aaf873224cb,2026-02-16T19:52:58Z,1,Hell yep,18610863ae94440385237df817930199
spotify:track:3Csjh5e2hXJUeCCfgTaUg7,49a5ff7c4466457eb8016aaf873224cb,2026-02-16T19:52:58Z,1,"Heyyoooo, Toussaint adjacent. ",18610863ae94440385237df817930199
spotify:track:3s8lqpMk9JzpSkODLZWN94,49a5ff7c4466457eb8016aaf873224cb,2026-02-16T19:52:58Z,1,Damn this list is a real pain in the ass to rank. ,18610863ae94440385237df817930199
spotify:track:41z0r4oc0C6izvSRk6uiFM,49a5ff7c4466457eb8016aaf873224cb,2026-02-16T19:52:58Z,1,Super cool. ,18610863ae94440385237df817930199
spotify:track:4O9L11e9erSCaFMZSPLvFd,49a5ff7c4466457eb8016aaf873224cb,2026-02-16T19:52:58Z,1,The afterlife we all want. ,18610863ae94440385237df817930199
spotify:track:4u4yxlAGdqwRkrpGTAKtBz,49a5ff7c4466457eb8016aaf873224cb,2026-02-16T19:52:58Z,1,Hell ya,18610863ae94440385237df817930199
spotify:track:4ygXOaF2fn32KnmzwUzu8A,49a5ff7c4466457eb8016aaf873224cb,2026-02-16T19:52:58Z,1,Hell def ,18610863ae94440385237df817930199
spotify:track:5EvUkN9QWfDbSLE4Ybfs0u,49a5ff7c4466457eb8016aaf873224cb,2026-02-16T19:52:58Z,1,Another instant transporter ,18610863ae94440385237df817930199
spotify:track:5INwT6CJUFBI4AJyKrzaEJ,49a5ff7c4466457eb8016aaf873224cb,2026-02-16T19:52:58Z,1,Can’t go wrong with some Johnny V. ,18610863ae94440385237df817930199
spotify:track:5YnyA2XqNiD0Rcrma0R0IU,49a5ff7c4466457eb8016aaf873224cb,2026-02-16T19:52:58Z,1,"Look at his whosampled page, god damn. ",18610863ae94440385237df817930199
spotify:track:6o2g1BJvtYQssH84kBYs7y,49a5ff7c4466457eb8016aaf873224cb,2026-02-16T19:52:58Z,1,"I guess it’s story time again. Some time ago during jazz fest, we went to the Music Box Village for the first time. Incredible space. Musicians on stage, in treehouses, and everywhere in between. In the round on steroids. Pretty much pure improv. Acid night (dammit, anther acid story I guess…). Very much the music and environment are blended together into one. Immersive as hell. Truly incredible. Anyway, we get into an Uber after and the traffic situation around there is a nightmare. Really hard to get out. People are stuck trying to turn around. It’s a mess. Our driver says fuck it. Throws his car into reverse and drives backwards for what feels like a very long time… 3 blocks? 5? Who’s to say? More than I’ve ever driven in reverse before probably cumulatively in my lifetime. The radio is on. This song comes on as soon as he drops it into R. Windows are down. Everyone is in on the bit. The immersive experience from the Music Box continues. “Is this part of it???” Priceless. @zeez",18610863ae94440385237df817930199
spotify:track:7pJCs1o6uosXTSVUUzu4B4,49a5ff7c4466457eb8016aaf873224cb,2026-02-16T19:52:58Z,1,Heck yar. ,18610863ae94440385237df817930199
spotify:track:0DczWpN2rduFJg9i2RKI8m,183c5f6ed1b147099842917a9576c8f4,2026-02-16T20:28:53Z,0,Competition too tough. Even for head.  But kiddos for setting the tone of the evening!,18610863ae94440385237df817930199
spotify:track:0g3ZAtHghVNa2zrmWvMSvW,183c5f6ed1b147099842917a9576c8f4,2026-02-16T20:28:53Z,1,"Suck the Head -> ""Party and nut"" is just a spectacular way to start the NOLA list",18610863ae94440385237df817930199
spotify:track:15ut8ocfGxH3L1eVesGcaC,183c5f6ed1b147099842917a9576c8f4,2026-02-16T20:28:53Z,2,"Some soulful nawlins funk. Wouldn't be surprised if 
Camel Walk was inspired by this. ",18610863ae94440385237df817930199
spotify:track:1NgBIlgKdjamS1cz6M2NKo,183c5f6ed1b147099842917a9576c8f4,2026-02-16T20:28:53Z,1,There's a lot a funk submitted in this league. This might have the funkiest beat of them all. ,18610863ae94440385237df817930199
spotify:track:3Csjh5e2hXJUeCCfgTaUg7,183c5f6ed1b147099842917a9576c8f4,2026-02-16T20:28:53Z,1,"Wait wait wait...did Obama's slogan come from this?  Was it more than a nod?  Did he play this at all his rallies?  Anyway, so earnest, necessary, and a sick beat to boot. ",18610863ae94440385237df817930199
spotify:track:3s8lqpMk9JzpSkODLZWN94,183c5f6ed1b147099842917a9576c8f4,2026-02-16T20:28:53Z,1,"Class is in session, please take out your andouille and chicken thighs, your professor is in the building ",18610863ae94440385237df817930199
spotify:track:41z0r4oc0C6izvSRk6uiFM,183c5f6ed1b147099842917a9576c8f4,2026-02-16T20:28:53Z,2,I full 2 points for the monster drop at 1:45. Bobbing like a maniac at the beach,18610863ae94440385237df817930199
spotify:track:4O9L11e9erSCaFMZSPLvFd,183c5f6ed1b147099842917a9576c8f4,2026-02-16T20:28:53Z,3,"The Recipe LP.  I want to send Little Queenie my bbq rib recipe to write a song about.   Was that really ""okra polka!?"" Yes, extra point unlocked. ",18610863ae94440385237df817930199
spotify:track:4u4yxlAGdqwRkrpGTAKtBz,183c5f6ed1b147099842917a9576c8f4,2026-02-16T20:28:53Z,0,Respect the history - just didn't make the cut with these nasty grooves. ,18610863ae94440385237df817930199
spotify:track:4ygXOaF2fn32KnmzwUzu8A,183c5f6ed1b147099842917a9576c8f4,2026-02-16T20:28:53Z,1,Sounds like a blast. Kermit is so nonchalant about swinging booties. Bet there are plenty of light-up assholes there. ,18610863ae94440385237df817930199
spotify:track:5EvUkN9QWfDbSLE4Ybfs0u,183c5f6ed1b147099842917a9576c8f4,2026-02-16T20:28:53Z,1,My first trip to nola saw these guys at the maple leaf. First taste of New Orleans brass band. Point for the nostalgia. ,18610863ae94440385237df817930199
spotify:track:5INwT6CJUFBI4AJyKrzaEJ,183c5f6ed1b147099842917a9576c8f4,2026-02-16T20:28:53Z,0,Tough round,18610863ae94440385237df817930199
spotify:track:5YnyA2XqNiD0Rcrma0R0IU,183c5f6ed1b147099842917a9576c8f4,2026-02-16T20:28:53Z,2,Real sleeper for me this round. Embarrassed not to have known him before but so prolific!  Great selection.  ,18610863ae94440385237df817930199
spotify:track:6o2g1BJvtYQssH84kBYs7y,183c5f6ed1b147099842917a9576c8f4,2026-02-16T20:28:53Z,0,Looking for Frenchman St more than Canal St. I'd leave the dance floor of Rick's Cafe in Ann Arbor for a smoke when this and From the Window to the Wall came on back to back. ,18610863ae94440385237df817930199
spotify:track:7pJCs1o6uosXTSVUUzu4B4,183c5f6ed1b147099842917a9576c8f4,2026-02-16T20:28:53Z,1,I think meters side projects might be our league leader in side projects. This didn't really hit for me as hard as the others -- but a point for the best artist/song name combo,18610863ae94440385237df817930199
spotify:track:0g3ZAtHghVNa2zrmWvMSvW,7fdceb56429c4e38939c3e5ee41bfdd0,2026-02-16T22:37:48Z,0,It’s not that they’re not talented but I have just never been about to get into the crazy super brass ,18610863ae94440385237df817930199
spotify:track:0Ie9rT2kjA1I2fH9KXCbbl,7fdceb56429c4e38939c3e5ee41bfdd0,2026-02-16T22:37:48Z,2,More flavor in this gumbo ,18610863ae94440385237df817930199
spotify:track:15ut8ocfGxH3L1eVesGcaC,7fdceb56429c4e38939c3e5ee41bfdd0,2026-02-16T22:37:48Z,1,,18610863ae94440385237df817930199
spotify:track:1NgBIlgKdjamS1cz6M2NKo,7fdceb56429c4e38939c3e5ee41bfdd0,2026-02-16T22:37:48Z,2,That’s one hot potato(e?),18610863ae94440385237df817930199
spotify:track:3Csjh5e2hXJUeCCfgTaUg7,7fdceb56429c4e38939c3e5ee41bfdd0,2026-02-16T22:37:48Z,1,,18610863ae94440385237df817930199
spotify:track:3s8lqpMk9JzpSkODLZWN94,7fdceb56429c4e38939c3e5ee41bfdd0,2026-02-16T22:37:48Z,1,,18610863ae94440385237df817930199
spotify:track:41z0r4oc0C6izvSRk6uiFM,7fdceb56429c4e38939c3e5ee41bfdd0,2026-02-16T22:37:48Z,2,Great pick. One of the best of the week. ,18610863ae94440385237df817930199
spotify:track:4O9L11e9erSCaFMZSPLvFd,7fdceb56429c4e38939c3e5ee41bfdd0,2026-02-16T22:37:48Z,1,Runner up in the gumbo competition ,18610863ae94440385237df817930199
spotify:track:4u4yxlAGdqwRkrpGTAKtBz,7fdceb56429c4e38939c3e5ee41bfdd0,2026-02-16T22:37:48Z,1,,18610863ae94440385237df817930199
spotify:track:4ygXOaF2fn32KnmzwUzu8A,7fdceb56429c4e38939c3e5ee41bfdd0,2026-02-16T22:37:48Z,1,,18610863ae94440385237df817930199
spotify:track:5INwT6CJUFBI4AJyKrzaEJ,7fdceb56429c4e38939c3e5ee41bfdd0,2026-02-16T22:37:48Z,1,,18610863ae94440385237df817930199
spotify:track:5YnyA2XqNiD0Rcrma0R0IU,7fdceb56429c4e38939c3e5ee41bfdd0,2026-02-16T22:37:48Z,2,Fav of the week! Got down with that guitar in the last 2 mins. ,18610863ae94440385237df817930199
spotify:track:6o2g1BJvtYQssH84kBYs7y,7fdceb56429c4e38939c3e5ee41bfdd0,2026-02-16T22:37:48Z,1,"I like that you went there. It’s not gonna win, but +1 for effort. ",18610863ae94440385237df817930199
spotify:track:0g3ZAtHghVNa2zrmWvMSvW,8453d173315c468e8134e2527a658ba5,2026-02-16T23:12:24Z,1,,18610863ae94440385237df817930199
spotify:track:0Ie9rT2kjA1I2fH9KXCbbl,8453d173315c468e8134e2527a658ba5,2026-02-16T23:12:24Z,4,Fave of the Week. Some mighty fine ivory tickling,18610863ae94440385237df817930199
spotify:track:15ut8ocfGxH3L1eVesGcaC,8453d173315c468e8134e2527a658ba5,2026-02-16T23:12:24Z,1,Legend,18610863ae94440385237df817930199
spotify:track:3Csjh5e2hXJUeCCfgTaUg7,8453d173315c468e8134e2527a658ba5,2026-02-16T23:12:24Z,2,Great choice!,18610863ae94440385237df817930199
spotify:track:4u4yxlAGdqwRkrpGTAKtBz,8453d173315c468e8134e2527a658ba5,2026-02-16T23:12:24Z,2,Had this on my shortlist ,18610863ae94440385237df817930199
spotify:track:4ygXOaF2fn32KnmzwUzu8A,8453d173315c468e8134e2527a658ba5,2026-02-16T23:12:24Z,0,Oof can’t believe I have no points left for this. Sorryyy you deserved better,18610863ae94440385237df817930199
spotify:track:5EvUkN9QWfDbSLE4Ybfs0u,8453d173315c468e8134e2527a658ba5,2026-02-16T23:12:24Z,1,,18610863ae94440385237df817930199
spotify:track:5INwT6CJUFBI4AJyKrzaEJ,8453d173315c468e8134e2527a658ba5,2026-02-16T23:12:24Z,2,,18610863ae94440385237df817930199
spotify:track:5YnyA2XqNiD0Rcrma0R0IU,8453d173315c468e8134e2527a658ba5,2026-02-16T23:12:24Z,2,Grooved hard to this one,18610863ae94440385237df817930199
spotify:track:7pJCs1o6uosXTSVUUzu4B4,8453d173315c468e8134e2527a658ba5,2026-02-16T23:12:24Z,1,,18610863ae94440385237df817930199
spotify:track:0DczWpN2rduFJg9i2RKI8m,605866a938e54c5da212fc8595186729,2026-02-17T00:47:24Z,0,Can’t do these lyrics  ,18610863ae94440385237df817930199
spotify:track:0g3ZAtHghVNa2zrmWvMSvW,605866a938e54c5da212fc8595186729,2026-02-17T00:47:24Z,1,I wanna be at this nola party — feels like packed le bon temps — but not fully translating to the non-live experience ,18610863ae94440385237df817930199
spotify:track:0Ie9rT2kjA1I2fH9KXCbbl,605866a938e54c5da212fc8595186729,2026-02-17T00:47:24Z,2,Love this ,18610863ae94440385237df817930199
spotify:track:15ut8ocfGxH3L1eVesGcaC,605866a938e54c5da212fc8595186729,2026-02-17T00:47:24Z,1,,18610863ae94440385237df817930199
spotify:track:1NgBIlgKdjamS1cz6M2NKo,605866a938e54c5da212fc8595186729,2026-02-17T00:47:24Z,1,,18610863ae94440385237df817930199
spotify:track:41z0r4oc0C6izvSRk6uiFM,605866a938e54c5da212fc8595186729,2026-02-17T00:47:24Z,0,"If I have an extra point, it’s all yours!",18610863ae94440385237df817930199
spotify:track:4O9L11e9erSCaFMZSPLvFd,605866a938e54c5da212fc8595186729,2026-02-17T00:47:24Z,1,I wanna know more about them ,18610863ae94440385237df817930199
spotify:track:4u4yxlAGdqwRkrpGTAKtBz,605866a938e54c5da212fc8595186729,2026-02-17T00:47:24Z,1,,18610863ae94440385237df817930199
spotify:track:4ygXOaF2fn32KnmzwUzu8A,605866a938e54c5da212fc8595186729,2026-02-17T00:47:24Z,1,"Had such a blast at a Kermit ruffins show in ~2010! Amster and I were on stage at the end and all! But another one that I definitely wanna hear on the streets of Nola, but less so in AirPods ",18610863ae94440385237df817930199
spotify:track:5EvUkN9QWfDbSLE4Ybfs0u,605866a938e54c5da212fc8595186729,2026-02-17T00:47:24Z,1,This deserves a point but another one that isn’t fully translating to my AirPods … possibly more so than the other two! ,18610863ae94440385237df817930199
spotify:track:5INwT6CJUFBI4AJyKrzaEJ,605866a938e54c5da212fc8595186729,2026-02-17T00:47:24Z,1,,18610863ae94440385237df817930199
spotify:track:5YnyA2XqNiD0Rcrma0R0IU,605866a938e54c5da212fc8595186729,2026-02-17T00:47:24Z,3,Wanna hear more! Love this. Came back to give it a third point after much deliberation. ,18610863ae94440385237df817930199
spotify:track:6o2g1BJvtYQssH84kBYs7y,605866a938e54c5da212fc8595186729,2026-02-17T00:47:24Z,1,+1 for nostalgia! Top bar and bat mitzvah year song 🥴,18610863ae94440385237df817930199
spotify:track:7pJCs1o6uosXTSVUUzu4B4,605866a938e54c5da212fc8595186729,2026-02-17T00:47:24Z,2,Was my first choice artist ! Was gonna go with zig me ,18610863ae94440385237df817930199
spotify:track:0DczWpN2rduFJg9i2RKI8m,d0b05ef03f5e4598a3e8532b812c3330,2026-02-17T01:44:46Z,1,Almost posted number 2 pencil.... but thought it would be too long. ,18610863ae94440385237df817930199
spotify:track:0g3ZAtHghVNa2zrmWvMSvW,d0b05ef03f5e4598a3e8532b812c3330,2026-02-17T01:44:46Z,1,Classic new orleans sounding!,18610863ae94440385237df817930199
spotify:track:0Ie9rT2kjA1I2fH9KXCbbl,d0b05ef03f5e4598a3e8532b812c3330,2026-02-17T01:44:46Z,1,JAMES BOOKER THE GOAT,18610863ae94440385237df817930199
spotify:track:15ut8ocfGxH3L1eVesGcaC,d0b05ef03f5e4598a3e8532b812c3330,2026-02-17T01:44:46Z,1,ALLEN TOUSSAINT THE REAL GOAT....,18610863ae94440385237df817930199
spotify:track:1NgBIlgKdjamS1cz6M2NKo,d0b05ef03f5e4598a3e8532b812c3330,2026-02-17T01:44:46Z,2,never heard i dont think and LOVED IT,18610863ae94440385237df817930199
spotify:track:3Csjh5e2hXJUeCCfgTaUg7,d0b05ef03f5e4598a3e8532b812c3330,2026-02-17T01:44:46Z,0,Best version is the allen toussaint one but he was already posted ,18610863ae94440385237df817930199
spotify:track:3s8lqpMk9JzpSkODLZWN94,d0b05ef03f5e4598a3e8532b812c3330,2026-02-17T01:44:46Z,1,THE REAL GOAT,18610863ae94440385237df817930199
spotify:track:41z0r4oc0C6izvSRk6uiFM,d0b05ef03f5e4598a3e8532b812c3330,2026-02-17T01:44:46Z,1,Love jon clearly and thought a song from prob my all time fav new orleans album was posted- alligator lips and dirty rice.,18610863ae94440385237df817930199
spotify:track:4O9L11e9erSCaFMZSPLvFd,d0b05ef03f5e4598a3e8532b812c3330,2026-02-17T01:44:46Z,1,was on my short list,18610863ae94440385237df817930199
spotify:track:4u4yxlAGdqwRkrpGTAKtBz,d0b05ef03f5e4598a3e8532b812c3330,2026-02-17T01:44:46Z,1,,18610863ae94440385237df817930199
spotify:track:4ygXOaF2fn32KnmzwUzu8A,d0b05ef03f5e4598a3e8532b812c3330,2026-02-17T01:44:46Z,1,minor goat,18610863ae94440385237df817930199
spotify:track:5EvUkN9QWfDbSLE4Ybfs0u,d0b05ef03f5e4598a3e8532b812c3330,2026-02-17T01:44:46Z,2,sooooo good,18610863ae94440385237df817930199
spotify:track:5INwT6CJUFBI4AJyKrzaEJ,d0b05ef03f5e4598a3e8532b812c3330,2026-02-17T01:44:46Z,0,"love johnny v, this just didnt capture it for me.",18610863ae94440385237df817930199
spotify:track:5YnyA2XqNiD0Rcrma0R0IU,d0b05ef03f5e4598a3e8532b812c3330,2026-02-17T01:44:46Z,1,oh hell yeah,18610863ae94440385237df817930199
spotify:track:7pJCs1o6uosXTSVUUzu4B4,d0b05ef03f5e4598a3e8532b812c3330,2026-02-17T01:44:46Z,2,on the short list also ,18610863ae94440385237df817930199
spotify:track:0DczWpN2rduFJg9i2RKI8m,0b4377c224ba402d97adce848425da90,2026-02-17T03:39:12Z,1,Words to live by. ,18610863ae94440385237df817930199
spotify:track:0Ie9rT2kjA1I2fH9KXCbbl,0b4377c224ba402d97adce848425da90,2026-02-17T03:39:12Z,3,,18610863ae94440385237df817930199
spotify:track:15ut8ocfGxH3L1eVesGcaC,0b4377c224ba402d97adce848425da90,2026-02-17T03:39:12Z,2,"Nice deeper AT cut, I wasn’t familiar. Apparently the Pointer Sisters covered this one too (in addition to Dorsey’s Yes We Can)",18610863ae94440385237df817930199
spotify:track:1NgBIlgKdjamS1cz6M2NKo,0b4377c224ba402d97adce848425da90,2026-02-17T03:39:12Z,3,Whole album is great. This track was on my short list. I love the contrast of the more traditional horn melody over the groovy grimy rhythm section. ,18610863ae94440385237df817930199
spotify:track:3Csjh5e2hXJUeCCfgTaUg7,0b4377c224ba402d97adce848425da90,2026-02-17T03:39:12Z,1,Another very timely message from 50+ years ago. ,18610863ae94440385237df817930199
spotify:track:4O9L11e9erSCaFMZSPLvFd,0b4377c224ba402d97adce848425da90,2026-02-17T03:39:12Z,3,So much damn personality in one song. Andouilleeeeeee,18610863ae94440385237df817930199
spotify:track:5INwT6CJUFBI4AJyKrzaEJ,0b4377c224ba402d97adce848425da90,2026-02-17T03:39:12Z,1,,18610863ae94440385237df817930199
spotify:track:5YnyA2XqNiD0Rcrma0R0IU,0b4377c224ba402d97adce848425da90,2026-02-17T03:39:12Z,1,,18610863ae94440385237df817930199
spotify:track:7pJCs1o6uosXTSVUUzu4B4,0b4377c224ba402d97adce848425da90,2026-02-17T03:39:12Z,1,,18610863ae94440385237df817930199
spotify:track:0DczWpN2rduFJg9i2RKI8m,f1f0f2ed0eb64306992b613229fb7972,2026-02-17T06:22:52Z,1,😏,18610863ae94440385237df817930199
spotify:track:0g3ZAtHghVNa2zrmWvMSvW,f1f0f2ed0eb64306992b613229fb7972,2026-02-17T06:22:52Z,1,,18610863ae94440385237df817930199
spotify:track:0Ie9rT2kjA1I2fH9KXCbbl,f1f0f2ed0eb64306992b613229fb7972,2026-02-17T06:22:52Z,2,👌,18610863ae94440385237df817930199
spotify:track:15ut8ocfGxH3L1eVesGcaC,f1f0f2ed0eb64306992b613229fb7972,2026-02-17T06:22:52Z,2,On my short list,18610863ae94440385237df817930199
spotify:track:3Csjh5e2hXJUeCCfgTaUg7,f1f0f2ed0eb64306992b613229fb7972,2026-02-17T06:22:52Z,2,👌👌,18610863ae94440385237df817930199
spotify:track:3s8lqpMk9JzpSkODLZWN94,f1f0f2ed0eb64306992b613229fb7972,2026-02-17T06:22:52Z,1,,18610863ae94440385237df817930199
spotify:track:4O9L11e9erSCaFMZSPLvFd,f1f0f2ed0eb64306992b613229fb7972,2026-02-17T06:22:52Z,1,,18610863ae94440385237df817930199
spotify:track:4u4yxlAGdqwRkrpGTAKtBz,f1f0f2ed0eb64306992b613229fb7972,2026-02-17T06:22:52Z,1,,18610863ae94440385237df817930199
spotify:track:4ygXOaF2fn32KnmzwUzu8A,f1f0f2ed0eb64306992b613229fb7972,2026-02-17T06:22:52Z,1,,18610863ae94440385237df817930199
spotify:track:5EvUkN9QWfDbSLE4Ybfs0u,f1f0f2ed0eb64306992b613229fb7972,2026-02-17T06:22:52Z,1,,18610863ae94440385237df817930199
spotify:track:5INwT6CJUFBI4AJyKrzaEJ,f1f0f2ed0eb64306992b613229fb7972,2026-02-17T06:22:52Z,1,,18610863ae94440385237df817930199
spotify:track:5YnyA2XqNiD0Rcrma0R0IU,f1f0f2ed0eb64306992b613229fb7972,2026-02-17T06:22:52Z,1,,18610863ae94440385237df817930199
spotify:track:7pJCs1o6uosXTSVUUzu4B4,f1f0f2ed0eb64306992b613229fb7972,2026-02-17T06:22:52Z,1,,18610863ae94440385237df817930199
spotify:track:0DczWpN2rduFJg9i2RKI8m,4e117e3021d7466c8bf0b654f8357418,2026-02-17T14:33:39Z,1,Hope this was Asa,18610863ae94440385237df817930199
spotify:track:0g3ZAtHghVNa2zrmWvMSvW,4e117e3021d7466c8bf0b654f8357418,2026-02-17T14:33:39Z,1,,18610863ae94440385237df817930199
spotify:track:0Ie9rT2kjA1I2fH9KXCbbl,4e117e3021d7466c8bf0b654f8357418,2026-02-17T14:33:39Z,3,,18610863ae94440385237df817930199
spotify:track:15ut8ocfGxH3L1eVesGcaC,4e117e3021d7466c8bf0b654f8357418,2026-02-17T14:33:39Z,2,,18610863ae94440385237df817930199
spotify:track:1NgBIlgKdjamS1cz6M2NKo,4e117e3021d7466c8bf0b654f8357418,2026-02-17T14:33:39Z,2,,18610863ae94440385237df817930199
spotify:track:3Csjh5e2hXJUeCCfgTaUg7,4e117e3021d7466c8bf0b654f8357418,2026-02-17T14:33:39Z,1,,18610863ae94440385237df817930199
spotify:track:41z0r4oc0C6izvSRk6uiFM,4e117e3021d7466c8bf0b654f8357418,2026-02-17T14:33:39Z,1,,18610863ae94440385237df817930199
spotify:track:4u4yxlAGdqwRkrpGTAKtBz,4e117e3021d7466c8bf0b654f8357418,2026-02-17T14:33:39Z,1,,18610863ae94440385237df817930199
spotify:track:4ygXOaF2fn32KnmzwUzu8A,4e117e3021d7466c8bf0b654f8357418,2026-02-17T14:33:39Z,1,,18610863ae94440385237df817930199
spotify:track:5EvUkN9QWfDbSLE4Ybfs0u,4e117e3021d7466c8bf0b654f8357418,2026-02-17T14:33:39Z,1,,18610863ae94440385237df817930199
spotify:track:5INwT6CJUFBI4AJyKrzaEJ,4e117e3021d7466c8bf0b654f8357418,2026-02-17T14:33:39Z,1,,18610863ae94440385237df817930199
spotify:track:7pJCs1o6uosXTSVUUzu4B4,4e117e3021d7466c8bf0b654f8357418,2026-02-17T14:33:39Z,1,,18610863ae94440385237df817930199
spotify:track:0DczWpN2rduFJg9i2RKI8m,1c89e947d02949ed86d05ec22a7350bf,2026-02-17T14:50:39Z,0,"really hard to find 0s on this list, sry",18610863ae94440385237df817930199
spotify:track:0g3ZAtHghVNa2zrmWvMSvW,1c89e947d02949ed86d05ec22a7350bf,2026-02-17T14:50:39Z,1,now its a party,18610863ae94440385237df817930199
spotify:track:0Ie9rT2kjA1I2fH9KXCbbl,1c89e947d02949ed86d05ec22a7350bf,2026-02-17T14:50:39Z,1,gimme more,18610863ae94440385237df817930199
spotify:track:15ut8ocfGxH3L1eVesGcaC,1c89e947d02949ed86d05ec22a7350bf,2026-02-17T14:50:39Z,1,,18610863ae94440385237df817930199
spotify:track:3Csjh5e2hXJUeCCfgTaUg7,1c89e947d02949ed86d05ec22a7350bf,2026-02-17T14:50:39Z,1,point for positivity,18610863ae94440385237df817930199
spotify:track:41z0r4oc0C6izvSRk6uiFM,1c89e947d02949ed86d05ec22a7350bf,2026-02-17T14:50:39Z,1,,18610863ae94440385237df817930199
spotify:track:4O9L11e9erSCaFMZSPLvFd,1c89e947d02949ed86d05ec22a7350bf,2026-02-17T14:50:39Z,2,queen ,18610863ae94440385237df817930199
spotify:track:4ygXOaF2fn32KnmzwUzu8A,1c89e947d02949ed86d05ec22a7350bf,2026-02-17T14:50:39Z,2,,18610863ae94440385237df817930199
spotify:track:5EvUkN9QWfDbSLE4Ybfs0u,1c89e947d02949ed86d05ec22a7350bf,2026-02-17T14:50:39Z,2,,18610863ae94440385237df817930199
spotify:track:5INwT6CJUFBI4AJyKrzaEJ,1c89e947d02949ed86d05ec22a7350bf,2026-02-17T14:50:39Z,0,Had to <3 ,18610863ae94440385237df817930199
spotify:track:5YnyA2XqNiD0Rcrma0R0IU,1c89e947d02949ed86d05ec22a7350bf,2026-02-17T14:50:39Z,2,this crushed.  ugh they're all good.,18610863ae94440385237df817930199
spotify:track:6o2g1BJvtYQssH84kBYs7y,1c89e947d02949ed86d05ec22a7350bf,2026-02-17T14:50:39Z,1,its deserving.,18610863ae94440385237df817930199
spotify:track:7pJCs1o6uosXTSVUUzu4B4,1c89e947d02949ed86d05ec22a7350bf,2026-02-17T14:50:39Z,2,great finish to the playlist... now when are we heading to new orleans?,18610863ae94440385237df817930199
spotify:track:0DczWpN2rduFJg9i2RKI8m,e5c2390073644e979f43e744c33e6c60,2026-02-17T15:11:48Z,1,We talking’ crawfish orrrrrr….,18610863ae94440385237df817930199
spotify:track:0g3ZAtHghVNa2zrmWvMSvW,e5c2390073644e979f43e744c33e6c60,2026-02-17T15:11:48Z,2,I want to be at this party please and thank you ,18610863ae94440385237df817930199
spotify:track:15ut8ocfGxH3L1eVesGcaC,e5c2390073644e979f43e744c33e6c60,2026-02-17T15:11:48Z,1,,18610863ae94440385237df817930199
spotify:track:3Csjh5e2hXJUeCCfgTaUg7,e5c2390073644e979f43e744c33e6c60,2026-02-17T15:11:48Z,1,,18610863ae94440385237df817930199
spotify:track:3s8lqpMk9JzpSkODLZWN94,e5c2390073644e979f43e744c33e6c60,2026-02-17T15:11:48Z,1,,18610863ae94440385237df817930199
spotify:track:41z0r4oc0C6izvSRk6uiFM,e5c2390073644e979f43e744c33e6c60,2026-02-17T15:11:48Z,1,+3 for funkiness -2 for the patriarchy ,18610863ae94440385237df817930199
spotify:track:4O9L11e9erSCaFMZSPLvFd,e5c2390073644e979f43e744c33e6c60,2026-02-17T15:11:48Z,2,,18610863ae94440385237df817930199
spotify:track:4u4yxlAGdqwRkrpGTAKtBz,e5c2390073644e979f43e744c33e6c60,2026-02-17T15:11:48Z,2,,18610863ae94440385237df817930199
spotify:track:5YnyA2XqNiD0Rcrma0R0IU,e5c2390073644e979f43e744c33e6c60,2026-02-17T15:11:48Z,2,,18610863ae94440385237df817930199
spotify:track:6o2g1BJvtYQssH84kBYs7y,e5c2390073644e979f43e744c33e6c60,2026-02-17T15:11:48Z,1,Wow I remembered more lyrics than I thought to this one. I would have picked master P or lil Wayne for my New Orleans rappers,18610863ae94440385237df817930199
spotify:track:7pJCs1o6uosXTSVUUzu4B4,e5c2390073644e979f43e744c33e6c60,2026-02-17T15:11:48Z,2,,18610863ae94440385237df817930199
spotify:track:0vbI8ezh59M8mFC1UbR7xC,ce76a5e6ff274137bb5127db7065d9a8,2026-02-20T19:03:53Z,1,Google AI tells me he is a cornerstone of queer disco. Checks out,f8f352035edc4d64872e3e91acc33896
spotify:track:0VGhy8cswcFDA0U1eQsA3d,ce76a5e6ff274137bb5127db7065d9a8,2026-02-20T19:03:53Z,0,Cool background on the lead singer being openly gay and sometimes performing in drag. Don't love the song though,f8f352035edc4d64872e3e91acc33896
spotify:track:16P6erJuBJR11lPsxtcGPn,ce76a5e6ff274137bb5127db7065d9a8,2026-02-20T19:03:53Z,0,"Some fun noises happening in this one, but overall just don't really like it",f8f352035edc4d64872e3e91acc33896
spotify:track:1dgRDbz8ozbYYdXkAKJpSj,ce76a5e6ff274137bb5127db7065d9a8,2026-02-20T19:03:53Z,1,"The only thing I can find on this is a Reddit post that says Mimi Naja is a member of the jam band queer community. Was initially holding out because of that, but have a point, I have too many",f8f352035edc4d64872e3e91acc33896
spotify:track:7eOyYwfiLTkJBg2HPG7kgb,ce76a5e6ff274137bb5127db7065d9a8,2026-02-20T19:03:53Z,1,Having trouble finding anything about sexual orientation. Guess I'll take your word for it? ,f8f352035edc4d64872e3e91acc33896
spotify:track:75Yq3Gjhe8NDE6ex2LnQKv,ce76a5e6ff274137bb5127db7065d9a8,2026-02-20T19:03:53Z,0,"Right on the nose. Love the message, don't love the song itself.",f8f352035edc4d64872e3e91acc33896
spotify:track:6Tv21RLLA1Dt6OtPNz8QDq,ce76a5e6ff274137bb5127db7065d9a8,2026-02-20T19:03:53Z,2,Nice build,f8f352035edc4d64872e3e91acc33896
spotify:track:5jnyeC8SjI3vUOtstA5kZy,ce76a5e6ff274137bb5127db7065d9a8,2026-02-20T19:03:53Z,2,Maybe my fav of the list,f8f352035edc4d64872e3e91acc33896
spotify:track:5Fik3NpxT1qBKSXfXe8YBr,ce76a5e6ff274137bb5127db7065d9a8,2026-02-20T19:03:53Z,0,"Great tune, but both of these artists are too big for the prompt. While she doesn't have a Top 10 single, St. Vincent (Annie Clark) achieved her highest Billboard 200 chart debut with the 2017 album MASSEDUCTION, which peaked at No. 10. Her 2021 album, Daddy's Home, also reached No. 5 on the Top Album Sales chart. Love them both, but disqualified ",f8f352035edc4d64872e3e91acc33896
spotify:track:55039tIc9mmZvJtoq73SEF,ce76a5e6ff274137bb5127db7065d9a8,2026-02-20T19:03:53Z,1,I like it,f8f352035edc4d64872e3e91acc33896
spotify:track:4jbMK6XSJaGr7sYtbwxs2I,ce76a5e6ff274137bb5127db7065d9a8,2026-02-20T19:03:53Z,1,Interesting. Wonder what gave this one an edge over Parts 1-3,f8f352035edc4d64872e3e91acc33896
spotify:track:3yx09WbBL9iv6Sk9FGfEbE,ce76a5e6ff274137bb5127db7065d9a8,2026-02-20T19:03:53Z,2,This is fun,f8f352035edc4d64872e3e91acc33896
spotify:track:3hAalpQXa0DENYi6sYV3he,ce76a5e6ff274137bb5127db7065d9a8,2026-02-20T19:03:53Z,1,"Came across her in my search too. The cover looks like that one photo of Antelope Greg, you know the one. ",f8f352035edc4d64872e3e91acc33896
spotify:track:2Bsn2S319fHmyVCx60D2F2,ce76a5e6ff274137bb5127db7065d9a8,2026-02-20T19:03:53Z,2,Scissor Sisters is 3 dudes and one lady. Had no idea.,f8f352035edc4d64872e3e91acc33896
spotify:track:1JRNsnE9pDjeLdyRKDhRbg,ce76a5e6ff274137bb5127db7065d9a8,2026-02-20T19:03:53Z,2,"Back to New Orleans, nice. ",f8f352035edc4d64872e3e91acc33896
spotify:track:1g3PQHNZTF2fLWdoDcYIZf,ce76a5e6ff274137bb5127db7065d9a8,2026-02-20T19:03:53Z,0,"I do like this song, and think it's one of the best of this list. But make sure you listen to Labi Siffre ""I Got The"" if you've never heard it: https://open.spotify.com/track/2tQKA7DAqoVX8ouYgNpHHl?si=b7a75eac316d4f50 ",f8f352035edc4d64872e3e91acc33896
spotify:track:1g3PQHNZTF2fLWdoDcYIZf,d0b05ef03f5e4598a3e8532b812c3330,2026-02-20T19:55:27Z,1,Not too familiar with Joan. Nice. ,f8f352035edc4d64872e3e91acc33896
spotify:track:75Yq3Gjhe8NDE6ex2LnQKv,d0b05ef03f5e4598a3e8532b812c3330,2026-02-20T19:55:27Z,3,BANGER,f8f352035edc4d64872e3e91acc33896
spotify:track:6Tv21RLLA1Dt6OtPNz8QDq,d0b05ef03f5e4598a3e8532b812c3330,2026-02-20T19:55:27Z,0,Nice just didnt hit me,f8f352035edc4d64872e3e91acc33896
spotify:track:5jnyeC8SjI3vUOtstA5kZy,d0b05ef03f5e4598a3e8532b812c3330,2026-02-20T19:55:27Z,1,+1 for the diversity. Dustin persuaded me.,f8f352035edc4d64872e3e91acc33896
spotify:track:5Fik3NpxT1qBKSXfXe8YBr,d0b05ef03f5e4598a3e8532b812c3330,2026-02-20T19:55:27Z,0,David byrne has def had a top 10 billboard hit sheesh,f8f352035edc4d64872e3e91acc33896
spotify:track:55039tIc9mmZvJtoq73SEF,d0b05ef03f5e4598a3e8532b812c3330,2026-02-20T19:55:27Z,1,Came across them in research. Havent really heard of them and am ashamed as a michigander.,f8f352035edc4d64872e3e91acc33896
spotify:track:4jbMK6XSJaGr7sYtbwxs2I,d0b05ef03f5e4598a3e8532b812c3330,2026-02-20T19:55:27Z,1,Arthur Russell is awesome and this is a great choice but see above. it a tight contest I have to play by (my very arbitrary) the rules,f8f352035edc4d64872e3e91acc33896
spotify:track:3yx09WbBL9iv6Sk9FGfEbE,d0b05ef03f5e4598a3e8532b812c3330,2026-02-20T19:55:27Z,1,+1 for new ,f8f352035edc4d64872e3e91acc33896
spotify:track:3hAalpQXa0DENYi6sYV3he,d0b05ef03f5e4598a3e8532b812c3330,2026-02-20T19:55:27Z,2,this was the tune i was trying to search for. ,f8f352035edc4d64872e3e91acc33896
spotify:track:2Bsn2S319fHmyVCx60D2F2,d0b05ef03f5e4598a3e8532b812c3330,2026-02-20T19:55:27Z,1,love scissor sisters and not as familiar with this tune,f8f352035edc4d64872e3e91acc33896
spotify:track:1JRNsnE9pDjeLdyRKDhRbg,d0b05ef03f5e4598a3e8532b812c3330,2026-02-20T19:55:27Z,0,Nice but not enough points,f8f352035edc4d64872e3e91acc33896
spotify:track:1dgRDbz8ozbYYdXkAKJpSj,d0b05ef03f5e4598a3e8532b812c3330,2026-02-20T19:55:27Z,2,"never fully got into fruition, maybe I will now",f8f352035edc4d64872e3e91acc33896
spotify:track:16P6erJuBJR11lPsxtcGPn,d0b05ef03f5e4598a3e8532b812c3330,2026-02-20T19:55:27Z,0,Check out the whole album. sounds like Gil Scott meets Bernie Worwell ,f8f352035edc4d64872e3e91acc33896
spotify:track:0VGhy8cswcFDA0U1eQsA3d,d0b05ef03f5e4598a3e8532b812c3330,2026-02-20T19:55:27Z,1,So many died from AIDS :( tony washintong RIP.,f8f352035edc4d64872e3e91acc33896
spotify:track:0vbI8ezh59M8mFC1UbR7xC,d0b05ef03f5e4598a3e8532b812c3330,2026-02-20T19:55:27Z,1,"Arthur Russell FTW. Want to listen to this whole ""the disco white album"" born to be alive vibes. love it. this is my kinda disco. Would of gotten two points but fair is fair and same artist splits the votes",f8f352035edc4d64872e3e91acc33896
spotify:track:7eOyYwfiLTkJBg2HPG7kgb,d0b05ef03f5e4598a3e8532b812c3330,2026-02-20T19:55:27Z,1,very cool song,f8f352035edc4d64872e3e91acc33896
spotify:track:0vbI8ezh59M8mFC1UbR7xC,a2909b31d1c04d728cfcf68ca0d73cca,2026-02-21T14:41:10Z,1,Still trying to figure out what they’re trying to tell me. ,f8f352035edc4d64872e3e91acc33896
spotify:track:7eOyYwfiLTkJBg2HPG7kgb,a2909b31d1c04d728cfcf68ca0d73cca,2026-02-21T14:41:10Z,1,,f8f352035edc4d64872e3e91acc33896
spotify:track:75Yq3Gjhe8NDE6ex2LnQKv,a2909b31d1c04d728cfcf68ca0d73cca,2026-02-21T14:41:10Z,2,Lyrics that meet the theme deserves an extra point. ,f8f352035edc4d64872e3e91acc33896
spotify:track:6Tv21RLLA1Dt6OtPNz8QDq,a2909b31d1c04d728cfcf68ca0d73cca,2026-02-21T14:41:10Z,1,,f8f352035edc4d64872e3e91acc33896
spotify:track:5jnyeC8SjI3vUOtstA5kZy,a2909b31d1c04d728cfcf68ca0d73cca,2026-02-21T14:41:10Z,1,I’m vibing to it for sure. ,f8f352035edc4d64872e3e91acc33896
spotify:track:5Fik3NpxT1qBKSXfXe8YBr,a2909b31d1c04d728cfcf68ca0d73cca,2026-02-21T14:41:10Z,0,Reread the prompt after the playlist came out. Has St Vincent had a top 10? Does that still count? Whoops sorry! I blame Jam Cruise recovery brain. ,f8f352035edc4d64872e3e91acc33896
spotify:track:55039tIc9mmZvJtoq73SEF,a2909b31d1c04d728cfcf68ca0d73cca,2026-02-21T14:41:10Z,1,,f8f352035edc4d64872e3e91acc33896
spotify:track:4jbMK6XSJaGr7sYtbwxs2I,a2909b31d1c04d728cfcf68ca0d73cca,2026-02-21T14:41:10Z,2,Guess I have to check out parts 1-3 too!,f8f352035edc4d64872e3e91acc33896
spotify:track:3yx09WbBL9iv6Sk9FGfEbE,a2909b31d1c04d728cfcf68ca0d73cca,2026-02-21T14:41:10Z,1,It’s funky (bass and that other watery instrument ) and folky (vocals and tambourine)? I like it. ,f8f352035edc4d64872e3e91acc33896
spotify:track:3hAalpQXa0DENYi6sYV3he,a2909b31d1c04d728cfcf68ca0d73cca,2026-02-21T14:41:10Z,1,,f8f352035edc4d64872e3e91acc33896
spotify:track:2Bsn2S319fHmyVCx60D2F2,a2909b31d1c04d728cfcf68ca0d73cca,2026-02-21T14:41:10Z,1,Nailed it with the band name. ,f8f352035edc4d64872e3e91acc33896
spotify:track:1JRNsnE9pDjeLdyRKDhRbg,a2909b31d1c04d728cfcf68ca0d73cca,2026-02-21T14:41:10Z,0,Not doing much for me ,f8f352035edc4d64872e3e91acc33896
spotify:track:1g3PQHNZTF2fLWdoDcYIZf,a2909b31d1c04d728cfcf68ca0d73cca,2026-02-21T14:41:10Z,1,Very unique sound. I dig it. ,f8f352035edc4d64872e3e91acc33896
spotify:track:1dgRDbz8ozbYYdXkAKJpSj,a2909b31d1c04d728cfcf68ca0d73cca,2026-02-21T14:41:10Z,2,I really enjoyed this song. ,f8f352035edc4d64872e3e91acc33896
spotify:track:16P6erJuBJR11lPsxtcGPn,a2909b31d1c04d728cfcf68ca0d73cca,2026-02-21T14:41:10Z,0,Not for me. ,f8f352035edc4d64872e3e91acc33896
spotify:track:0VGhy8cswcFDA0U1eQsA3d,a2909b31d1c04d728cfcf68ca0d73cca,2026-02-21T14:41:10Z,1,“Sounds like music my parents would listen to.” *checks year* yup,f8f352035edc4d64872e3e91acc33896
spotify:track:0vbI8ezh59M8mFC1UbR7xC,49a5ff7c4466457eb8016aaf873224cb,2026-02-21T20:44:04Z,1,Word. Goes through a lot of motions. Pretty cool track. Lil extra Arthur Russell for us. ,f8f352035edc4d64872e3e91acc33896
spotify:track:0VGhy8cswcFDA0U1eQsA3d,49a5ff7c4466457eb8016aaf873224cb,2026-02-21T20:44:04Z,1,Cool artist story. Perfectly fine song. ,f8f352035edc4d64872e3e91acc33896
spotify:track:16P6erJuBJR11lPsxtcGPn,49a5ff7c4466457eb8016aaf873224cb,2026-02-21T20:44:04Z,1,Cool artist story. Perfectly fine song. ,f8f352035edc4d64872e3e91acc33896
spotify:track:1dgRDbz8ozbYYdXkAKJpSj,49a5ff7c4466457eb8016aaf873224cb,2026-02-21T20:44:04Z,1,Love. Not a track of theirs that I was familiar with. ,f8f352035edc4d64872e3e91acc33896
spotify:track:1g3PQHNZTF2fLWdoDcYIZf,49a5ff7c4466457eb8016aaf873224cb,2026-02-21T20:44:04Z,0,I want to like it. Gonna give it a few more chances. “Filet Mingon… how do you like it” -Juwanna Mann ,f8f352035edc4d64872e3e91acc33896
spotify:track:1JRNsnE9pDjeLdyRKDhRbg,49a5ff7c4466457eb8016aaf873224cb,2026-02-21T20:44:04Z,1,"Certainly went under the gaydar, at least. ",f8f352035edc4d64872e3e91acc33896
spotify:track:2Bsn2S319fHmyVCx60D2F2,49a5ff7c4466457eb8016aaf873224cb,2026-02-21T20:44:04Z,0,"Cool song. Pretty prolific and decorated group, though. ",f8f352035edc4d64872e3e91acc33896
spotify:track:3hAalpQXa0DENYi6sYV3he,49a5ff7c4466457eb8016aaf873224cb,2026-02-21T20:44:04Z,1,Cool artist story. Perfectly fine song. ,f8f352035edc4d64872e3e91acc33896
spotify:track:3yx09WbBL9iv6Sk9FGfEbE,49a5ff7c4466457eb8016aaf873224cb,2026-02-21T20:44:04Z,1,"Certainly went under the gaydar, at least. ",f8f352035edc4d64872e3e91acc33896
spotify:track:4jbMK6XSJaGr7sYtbwxs2I,49a5ff7c4466457eb8016aaf873224cb,2026-02-21T20:44:04Z,3,Lovely. Also dug into more of his catalog. Lots of great tunes. Top song/artist of the round for me. ,f8f352035edc4d64872e3e91acc33896
spotify:track:55039tIc9mmZvJtoq73SEF,49a5ff7c4466457eb8016aaf873224cb,2026-02-21T20:44:04Z,2,This one really grew on me. Awesome. ,f8f352035edc4d64872e3e91acc33896
spotify:track:5Fik3NpxT1qBKSXfXe8YBr,49a5ff7c4466457eb8016aaf873224cb,2026-02-21T20:44:04Z,0,Hmmm 6 time Grammy winner Annie Clark and RNR HoF inductee David Byrne. ,f8f352035edc4d64872e3e91acc33896
spotify:track:6Tv21RLLA1Dt6OtPNz8QDq,49a5ff7c4466457eb8016aaf873224cb,2026-02-21T20:44:04Z,1,Nice. I like. ,f8f352035edc4d64872e3e91acc33896
spotify:track:75Yq3Gjhe8NDE6ex2LnQKv,49a5ff7c4466457eb8016aaf873224cb,2026-02-21T20:44:04Z,1,Has Dianna written alllllll over it. Love the bass. Mostly made me want to go listen to the Gaga song of similar title. ,f8f352035edc4d64872e3e91acc33896
spotify:track:7eOyYwfiLTkJBg2HPG7kgb,49a5ff7c4466457eb8016aaf873224cb,2026-02-21T20:44:04Z,2,"Dig. Wish I had more to give, but I think I’ve allocated to the best of my ability. Went back and forth on this vs. the opening track getting the 2 pointer. 

*this actually stole the point back from the Loose Joints track in the end. Love the vibe. ",f8f352035edc4d64872e3e91acc33896
spotify:track:4jbMK6XSJaGr7sYtbwxs2I,48468f9ee55c4e71b349a5f376d4d792,2026-02-21T22:44:50Z,0,tooooo slowwwwwww,f8f352035edc4d64872e3e91acc33896
spotify:track:0vbI8ezh59M8mFC1UbR7xC,48468f9ee55c4e71b349a5f376d4d792,2026-02-21T22:44:50Z,2,"""lets get to the gay playlist!"" this is a really good song",f8f352035edc4d64872e3e91acc33896
spotify:track:0VGhy8cswcFDA0U1eQsA3d,48468f9ee55c4e71b349a5f376d4d792,2026-02-21T22:44:50Z,1,i like it but the cover is not appropriate,f8f352035edc4d64872e3e91acc33896
spotify:track:16P6erJuBJR11lPsxtcGPn,48468f9ee55c4e71b349a5f376d4d792,2026-02-21T22:44:50Z,3,i like it. its like dancing in outer space. ,f8f352035edc4d64872e3e91acc33896
spotify:track:1dgRDbz8ozbYYdXkAKJpSj,48468f9ee55c4e71b349a5f376d4d792,2026-02-21T22:44:50Z,0,too slowwwwww,f8f352035edc4d64872e3e91acc33896
spotify:track:1g3PQHNZTF2fLWdoDcYIZf,48468f9ee55c4e71b349a5f376d4d792,2026-02-21T22:44:50Z,0,tooooo sloowwwwwww,f8f352035edc4d64872e3e91acc33896
spotify:track:1JRNsnE9pDjeLdyRKDhRbg,48468f9ee55c4e71b349a5f376d4d792,2026-02-21T22:44:50Z,1,this is you uncle jacob... i give you a 1,f8f352035edc4d64872e3e91acc33896
spotify:track:2Bsn2S319fHmyVCx60D2F2,48468f9ee55c4e71b349a5f376d4d792,2026-02-21T22:44:50Z,1,ayooooo cover not cool! ,f8f352035edc4d64872e3e91acc33896
spotify:track:3hAalpQXa0DENYi6sYV3he,48468f9ee55c4e71b349a5f376d4d792,2026-02-21T22:44:50Z,1,good one,f8f352035edc4d64872e3e91acc33896
spotify:track:3yx09WbBL9iv6Sk9FGfEbE,48468f9ee55c4e71b349a5f376d4d792,2026-02-21T22:44:50Z,1,,f8f352035edc4d64872e3e91acc33896
spotify:track:55039tIc9mmZvJtoq73SEF,48468f9ee55c4e71b349a5f376d4d792,2026-02-21T22:44:50Z,0,toooo sloowwwwwww,f8f352035edc4d64872e3e91acc33896
spotify:track:5Fik3NpxT1qBKSXfXe8YBr,48468f9ee55c4e71b349a5f376d4d792,2026-02-21T22:44:50Z,2,i like the horn,f8f352035edc4d64872e3e91acc33896
spotify:track:5jnyeC8SjI3vUOtstA5kZy,48468f9ee55c4e71b349a5f376d4d792,2026-02-21T22:44:50Z,2,I LIKE IT,f8f352035edc4d64872e3e91acc33896
spotify:track:6Tv21RLLA1Dt6OtPNz8QDq,48468f9ee55c4e71b349a5f376d4d792,2026-02-21T22:44:50Z,0,i dont like it its too slow,f8f352035edc4d64872e3e91acc33896
spotify:track:7eOyYwfiLTkJBg2HPG7kgb,48468f9ee55c4e71b349a5f376d4d792,2026-02-21T22:44:50Z,2,give the rest of my points ,f8f352035edc4d64872e3e91acc33896
spotify:track:5jnyeC8SjI3vUOtstA5kZy,4e117e3021d7466c8bf0b654f8357418,2026-02-21T23:28:30Z,3,,f8f352035edc4d64872e3e91acc33896
spotify:track:6Tv21RLLA1Dt6OtPNz8QDq,4e117e3021d7466c8bf0b654f8357418,2026-02-21T23:28:30Z,2,,f8f352035edc4d64872e3e91acc33896
spotify:track:75Yq3Gjhe8NDE6ex2LnQKv,4e117e3021d7466c8bf0b654f8357418,2026-02-21T23:28:30Z,1,,f8f352035edc4d64872e3e91acc33896
spotify:track:0vbI8ezh59M8mFC1UbR7xC,4e117e3021d7466c8bf0b654f8357418,2026-02-21T23:28:30Z,2,,f8f352035edc4d64872e3e91acc33896
spotify:track:0VGhy8cswcFDA0U1eQsA3d,4e117e3021d7466c8bf0b654f8357418,2026-02-21T23:28:30Z,1,,f8f352035edc4d64872e3e91acc33896
spotify:track:16P6erJuBJR11lPsxtcGPn,4e117e3021d7466c8bf0b654f8357418,2026-02-21T23:28:30Z,1,,f8f352035edc4d64872e3e91acc33896
spotify:track:1dgRDbz8ozbYYdXkAKJpSj,4e117e3021d7466c8bf0b654f8357418,2026-02-21T23:28:30Z,1,,f8f352035edc4d64872e3e91acc33896
spotify:track:1g3PQHNZTF2fLWdoDcYIZf,4e117e3021d7466c8bf0b654f8357418,2026-02-21T23:28:30Z,1,,f8f352035edc4d64872e3e91acc33896
spotify:track:4jbMK6XSJaGr7sYtbwxs2I,4e117e3021d7466c8bf0b654f8357418,2026-02-21T23:28:30Z,2,,f8f352035edc4d64872e3e91acc33896
spotify:track:7eOyYwfiLTkJBg2HPG7kgb,4e117e3021d7466c8bf0b654f8357418,2026-02-21T23:28:30Z,1,,f8f352035edc4d64872e3e91acc33896
spotify:track:55039tIc9mmZvJtoq73SEF,4e117e3021d7466c8bf0b654f8357418,2026-02-21T23:28:30Z,1,,f8f352035edc4d64872e3e91acc33896
spotify:track:5Fik3NpxT1qBKSXfXe8YBr,4e117e3021d7466c8bf0b654f8357418,2026-02-21T23:28:30Z,0,"I submitted this last year for collabs and was fourth from last, so it better get less than the 12 points I got for it. If this was Al, sorry bud. If not, shame on you. ",f8f352035edc4d64872e3e91acc33896
spotify:track:1dgRDbz8ozbYYdXkAKJpSj,0d42af6c19054b7dbbe4aa499186e408,2026-02-22T05:36:58Z,1,Enjoyed this. Generally enjoyed the folk moments of this playlist most. Also enjoy anything that reminds us we are meandering stardust and nothing more. ,f8f352035edc4d64872e3e91acc33896
spotify:track:0vbI8ezh59M8mFC1UbR7xC,0d42af6c19054b7dbbe4aa499186e408,2026-02-22T05:36:58Z,1,Nice horn-y start ,f8f352035edc4d64872e3e91acc33896
spotify:track:16P6erJuBJR11lPsxtcGPn,0d42af6c19054b7dbbe4aa499186e408,2026-02-22T05:36:58Z,1,I experienced some fun here ,f8f352035edc4d64872e3e91acc33896
spotify:track:7eOyYwfiLTkJBg2HPG7kgb,0d42af6c19054b7dbbe4aa499186e408,2026-02-22T05:36:58Z,1,,f8f352035edc4d64872e3e91acc33896
spotify:track:6Tv21RLLA1Dt6OtPNz8QDq,0d42af6c19054b7dbbe4aa499186e408,2026-02-22T05:36:58Z,3,Ok no this is my fav of the week ,f8f352035edc4d64872e3e91acc33896
spotify:track:5jnyeC8SjI3vUOtstA5kZy,0d42af6c19054b7dbbe4aa499186e408,2026-02-22T05:36:58Z,1,,f8f352035edc4d64872e3e91acc33896
spotify:track:5Fik3NpxT1qBKSXfXe8YBr,0d42af6c19054b7dbbe4aa499186e408,2026-02-22T05:36:58Z,1,Does this count? But good song ,f8f352035edc4d64872e3e91acc33896
spotify:track:55039tIc9mmZvJtoq73SEF,0d42af6c19054b7dbbe4aa499186e408,2026-02-22T05:36:58Z,2,Another contender for favorite. Band I wanna know more about ,f8f352035edc4d64872e3e91acc33896
spotify:track:4jbMK6XSJaGr7sYtbwxs2I,0d42af6c19054b7dbbe4aa499186e408,2026-02-22T05:36:58Z,0,Not my fav instrumental here ,f8f352035edc4d64872e3e91acc33896
spotify:track:3yx09WbBL9iv6Sk9FGfEbE,0d42af6c19054b7dbbe4aa499186e408,2026-02-22T05:36:58Z,2,Perhaps fav of playlist ,f8f352035edc4d64872e3e91acc33896
spotify:track:3hAalpQXa0DENYi6sYV3he,0d42af6c19054b7dbbe4aa499186e408,2026-02-22T05:36:58Z,0,Lil soft jazzy for me ,f8f352035edc4d64872e3e91acc33896
spotify:track:2Bsn2S319fHmyVCx60D2F2,0d42af6c19054b7dbbe4aa499186e408,2026-02-22T05:36:58Z,1,Fun new waviness ,f8f352035edc4d64872e3e91acc33896
spotify:track:1JRNsnE9pDjeLdyRKDhRbg,0d42af6c19054b7dbbe4aa499186e408,2026-02-22T05:36:58Z,1,Point for self confidence in one’s own berry ,f8f352035edc4d64872e3e91acc33896
spotify:track:1g3PQHNZTF2fLWdoDcYIZf,0d42af6c19054b7dbbe4aa499186e408,2026-02-22T05:36:58Z,1,Fun music fun lyrics ,f8f352035edc4d64872e3e91acc33896
spotify:track:7eOyYwfiLTkJBg2HPG7kgb,605866a938e54c5da212fc8595186729,2026-02-22T17:48:19Z,1,,f8f352035edc4d64872e3e91acc33896
spotify:track:16P6erJuBJR11lPsxtcGPn,605866a938e54c5da212fc8595186729,2026-02-22T17:48:19Z,1,,f8f352035edc4d64872e3e91acc33896
spotify:track:1dgRDbz8ozbYYdXkAKJpSj,605866a938e54c5da212fc8595186729,2026-02-22T17:48:19Z,2,<3  ,f8f352035edc4d64872e3e91acc33896
spotify:track:2Bsn2S319fHmyVCx60D2F2,605866a938e54c5da212fc8595186729,2026-02-22T17:48:19Z,1,,f8f352035edc4d64872e3e91acc33896
spotify:track:3hAalpQXa0DENYi6sYV3he,605866a938e54c5da212fc8595186729,2026-02-22T17:48:19Z,1,,f8f352035edc4d64872e3e91acc33896
spotify:track:3yx09WbBL9iv6Sk9FGfEbE,605866a938e54c5da212fc8595186729,2026-02-22T17:48:19Z,1,,f8f352035edc4d64872e3e91acc33896
spotify:track:4jbMK6XSJaGr7sYtbwxs2I,605866a938e54c5da212fc8595186729,2026-02-22T17:48:19Z,3,"Learned so much about Arthur Russell this round after Dave told me about him! Was back and forth between Arthur v. his other projects and went dance vibe, but damn so interesting and glad I now know about him!! ",f8f352035edc4d64872e3e91acc33896
spotify:track:55039tIc9mmZvJtoq73SEF,605866a938e54c5da212fc8595186729,2026-02-22T17:48:19Z,1,,f8f352035edc4d64872e3e91acc33896
spotify:track:5Fik3NpxT1qBKSXfXe8YBr,605866a938e54c5da212fc8595186729,2026-02-22T17:48:19Z,0,(Surprisingly) not doing it at all for me ,f8f352035edc4d64872e3e91acc33896
spotify:track:5jnyeC8SjI3vUOtstA5kZy,605866a938e54c5da212fc8595186729,2026-02-22T17:48:19Z,1,,f8f352035edc4d64872e3e91acc33896
spotify:track:6Tv21RLLA1Dt6OtPNz8QDq,605866a938e54c5da212fc8595186729,2026-02-22T17:48:19Z,1,,f8f352035edc4d64872e3e91acc33896
spotify:track:75Yq3Gjhe8NDE6ex2LnQKv,605866a938e54c5da212fc8595186729,2026-02-22T17:48:19Z,2,Learned about this song in protest research! ,f8f352035edc4d64872e3e91acc33896
spotify:track:0VGhy8cswcFDA0U1eQsA3d,605866a938e54c5da212fc8595186729,2026-02-22T17:48:19Z,1,Lots of mouth noises !,f8f352035edc4d64872e3e91acc33896
spotify:track:7eOyYwfiLTkJBg2HPG7kgb,183c5f6ed1b147099842917a9576c8f4,2026-02-22T17:55:11Z,0,Had to reward some more songs that pushed the envelope a bit more. Sorry!,f8f352035edc4d64872e3e91acc33896
spotify:track:75Yq3Gjhe8NDE6ex2LnQKv,183c5f6ed1b147099842917a9576c8f4,2026-02-22T17:55:11Z,1,Reluctant point for the anthem of the list ,f8f352035edc4d64872e3e91acc33896
spotify:track:5jnyeC8SjI3vUOtstA5kZy,183c5f6ed1b147099842917a9576c8f4,2026-02-22T17:55:11Z,1,"I really wanted to not like this, but it's pretty infectious...the good kind of infection. ",f8f352035edc4d64872e3e91acc33896
spotify:track:5Fik3NpxT1qBKSXfXe8YBr,183c5f6ed1b147099842917a9576c8f4,2026-02-22T17:55:11Z,0,😬 both have had billboard top 10 albums. Without rules we are just a bunch of idiots sending queer music to each other ,f8f352035edc4d64872e3e91acc33896
spotify:track:55039tIc9mmZvJtoq73SEF,183c5f6ed1b147099842917a9576c8f4,2026-02-22T17:55:11Z,2,Reminds me of the Decemberists in both name and sound ,f8f352035edc4d64872e3e91acc33896
spotify:track:4jbMK6XSJaGr7sYtbwxs2I,183c5f6ed1b147099842917a9576c8f4,2026-02-22T17:55:11Z,1,Wish Joshy recorded Asa's reaction to this one. Kinda into the chaos!,f8f352035edc4d64872e3e91acc33896
spotify:track:3yx09WbBL9iv6Sk9FGfEbE,183c5f6ed1b147099842917a9576c8f4,2026-02-22T17:55:11Z,2,"Maggie Jane may be a fern, okay Grandma!",f8f352035edc4d64872e3e91acc33896
spotify:track:3hAalpQXa0DENYi6sYV3he,183c5f6ed1b147099842917a9576c8f4,2026-02-22T17:55:11Z,0,"Standard R&B
Means not a point from me
A zero, sorry",f8f352035edc4d64872e3e91acc33896
spotify:track:2Bsn2S319fHmyVCx60D2F2,183c5f6ed1b147099842917a9576c8f4,2026-02-22T17:55:11Z,3,"Favorite of the week. ""Running out of drugs, patience and air"" I can relate to that sequence of events all too well. ",f8f352035edc4d64872e3e91acc33896
spotify:track:1JRNsnE9pDjeLdyRKDhRbg,183c5f6ed1b147099842917a9576c8f4,2026-02-22T17:55:11Z,0,"Sorry - definitely very gay, but I've been taught to always avoid the brown berries. ",f8f352035edc4d64872e3e91acc33896
spotify:track:1g3PQHNZTF2fLWdoDcYIZf,183c5f6ed1b147099842917a9576c8f4,2026-02-22T17:55:11Z,2,How do you like it?  I like it!,f8f352035edc4d64872e3e91acc33896
spotify:track:1dgRDbz8ozbYYdXkAKJpSj,183c5f6ed1b147099842917a9576c8f4,2026-02-22T17:55:11Z,2,I could imagine this being sung around a big gay campfire. Very enjoyable. ,f8f352035edc4d64872e3e91acc33896
spotify:track:16P6erJuBJR11lPsxtcGPn,183c5f6ed1b147099842917a9576c8f4,2026-02-22T17:55:11Z,0,Just didn't distinguish itself among all the queens,f8f352035edc4d64872e3e91acc33896
spotify:track:0VGhy8cswcFDA0U1eQsA3d,183c5f6ed1b147099842917a9576c8f4,2026-02-22T17:55:11Z,1,Suuuuuper gay. ,f8f352035edc4d64872e3e91acc33896
spotify:track:0vbI8ezh59M8mFC1UbR7xC,183c5f6ed1b147099842917a9576c8f4,2026-02-22T17:55:11Z,1,Finding loose joints are always point worthy. Fun start. ,f8f352035edc4d64872e3e91acc33896
spotify:track:75Yq3Gjhe8NDE6ex2LnQKv,9b7e03ea90dd46db9779dc21eb04ca5a,2026-02-22T23:57:10Z,2,,f8f352035edc4d64872e3e91acc33896
spotify:track:0VGhy8cswcFDA0U1eQsA3d,9b7e03ea90dd46db9779dc21eb04ca5a,2026-02-22T23:57:10Z,2,,f8f352035edc4d64872e3e91acc33896
spotify:track:16P6erJuBJR11lPsxtcGPn,9b7e03ea90dd46db9779dc21eb04ca5a,2026-02-22T23:57:10Z,1,,f8f352035edc4d64872e3e91acc33896
spotify:track:1g3PQHNZTF2fLWdoDcYIZf,9b7e03ea90dd46db9779dc21eb04ca5a,2026-02-22T23:57:10Z,2,,f8f352035edc4d64872e3e91acc33896
spotify:track:1JRNsnE9pDjeLdyRKDhRbg,9b7e03ea90dd46db9779dc21eb04ca5a,2026-02-22T23:57:10Z,1,,f8f352035edc4d64872e3e91acc33896
spotify:track:3hAalpQXa0DENYi6sYV3he,9b7e03ea90dd46db9779dc21eb04ca5a,2026-02-22T23:57:10Z,2,,f8f352035edc4d64872e3e91acc33896
spotify:track:3yx09WbBL9iv6Sk9FGfEbE,9b7e03ea90dd46db9779dc21eb04ca5a,2026-02-22T23:57:10Z,1,,f8f352035edc4d64872e3e91acc33896
spotify:track:55039tIc9mmZvJtoq73SEF,9b7e03ea90dd46db9779dc21eb04ca5a,2026-02-22T23:57:10Z,1,,f8f352035edc4d64872e3e91acc33896
spotify:track:5Fik3NpxT1qBKSXfXe8YBr,9b7e03ea90dd46db9779dc21eb04ca5a,2026-02-22T23:57:10Z,1,,f8f352035edc4d64872e3e91acc33896
spotify:track:5jnyeC8SjI3vUOtstA5kZy,9b7e03ea90dd46db9779dc21eb04ca5a,2026-02-22T23:57:10Z,2,,f8f352035edc4d64872e3e91acc33896
spotify:track:6Tv21RLLA1Dt6OtPNz8QDq,9b7e03ea90dd46db9779dc21eb04ca5a,2026-02-22T23:57:10Z,1,,f8f352035edc4d64872e3e91acc33896
spotify:track:6Tv21RLLA1Dt6OtPNz8QDq,7fdceb56429c4e38939c3e5ee41bfdd0,2026-02-23T02:38:54Z,2,,f8f352035edc4d64872e3e91acc33896
spotify:track:75Yq3Gjhe8NDE6ex2LnQKv,7fdceb56429c4e38939c3e5ee41bfdd0,2026-02-23T02:38:54Z,1,Didn’t love the song. Did love the freedom Carl felt to write and sing this. +1 for support. ,f8f352035edc4d64872e3e91acc33896
spotify:track:7eOyYwfiLTkJBg2HPG7kgb,7fdceb56429c4e38939c3e5ee41bfdd0,2026-02-23T02:38:54Z,2,,f8f352035edc4d64872e3e91acc33896
spotify:track:2Bsn2S319fHmyVCx60D2F2,7fdceb56429c4e38939c3e5ee41bfdd0,2026-02-23T02:38:54Z,1,How many points did mendo give this for cover art?,f8f352035edc4d64872e3e91acc33896
spotify:track:1JRNsnE9pDjeLdyRKDhRbg,7fdceb56429c4e38939c3e5ee41bfdd0,2026-02-23T02:38:54Z,1,,f8f352035edc4d64872e3e91acc33896
spotify:track:1dgRDbz8ozbYYdXkAKJpSj,7fdceb56429c4e38939c3e5ee41bfdd0,2026-02-23T02:38:54Z,3,Fav of the week,f8f352035edc4d64872e3e91acc33896
spotify:track:4jbMK6XSJaGr7sYtbwxs2I,7fdceb56429c4e38939c3e5ee41bfdd0,2026-02-23T02:38:54Z,2,,f8f352035edc4d64872e3e91acc33896
spotify:track:55039tIc9mmZvJtoq73SEF,7fdceb56429c4e38939c3e5ee41bfdd0,2026-02-23T02:38:54Z,2,,f8f352035edc4d64872e3e91acc33896
spotify:track:5Fik3NpxT1qBKSXfXe8YBr,7fdceb56429c4e38939c3e5ee41bfdd0,2026-02-23T02:38:54Z,0,Good song but not so obscure at all and had a whole album go top 10….also st Vincent apparent cowrote cruel summer? Preeeeetttttty high up there on billboard…..,f8f352035edc4d64872e3e91acc33896
spotify:track:5jnyeC8SjI3vUOtstA5kZy,7fdceb56429c4e38939c3e5ee41bfdd0,2026-02-23T02:38:54Z,2,Down w this vibe,f8f352035edc4d64872e3e91acc33896
spotify:track:75Yq3Gjhe8NDE6ex2LnQKv,f1f0f2ed0eb64306992b613229fb7972,2026-02-23T05:50:07Z,1,"...did you learn about this song bc I messaged about it after the protest round? 😾 Regardless, this song *is* a bop. And catchy AF. Def wormy for me. 🗣️ AND I'M GAY 🗣️",f8f352035edc4d64872e3e91acc33896
spotify:track:0vbI8ezh59M8mFC1UbR7xC,f1f0f2ed0eb64306992b613229fb7972,2026-02-23T05:50:07Z,1,"Immeditately digging this. Love the cowbell & funky, disco beat 🕺🏻 Reading about this group on Wikipedia rn, I guess they only ever released three songs?? But were loved by the who's who of NYC disco-appreciating gays in the 80s & this one got picked up in the clubs. Love that. Thought it was a bit too repetitive on my 1st listen but appreciate it a lot more now after having read that. 2 of the members of Loose Joints were supposed to have disagreed over multiple subjects, however, ""Despite the acrimony, Hall felt that ""D'Acquisto allowed shy Arthur to come out of his shell in the gayest sense."" I fucking love that phrase & I will strive to make others feel that way for the rest of my days on this Earth 🫡🏳️‍🌈🐢  ",f8f352035edc4d64872e3e91acc33896
spotify:track:0VGhy8cswcFDA0U1eQsA3d,f1f0f2ed0eb64306992b613229fb7972,2026-02-23T05:50:07Z,1,"I almost went with one of their tunes but you had beat me to the artist submission! I didn't know of them before googling or Spotify searching ""queer funk artists"" (or something along those lines?) which is, I assume, how you arrived on them, as well? I dig it. Gives me Jackson 5 vibes a little bit with these vocals. Apparently, ""they were unique in that Tony Washington was openly gay, and sometimes dressed in drag onstage."" Cool! Love that. Signed to Motown Records in 1972. ""The Superiors put out their first Motown LP in 1975. That same year, a Motown-distributed imprint released the gay anthem “I Was Born This Way,” sung by Valentino. Then Carl Bean recorded his own disco version of the song for Motown two years later."" Cool connection to another artist on the list (who I also almost submitted!)",f8f352035edc4d64872e3e91acc33896
spotify:track:16P6erJuBJR11lPsxtcGPn,f1f0f2ed0eb64306992b613229fb7972,2026-02-23T05:50:07Z,1,"I like it enough I guess, but it's a bit too weird and/or jazzy for me. Kind of elevates my heart rate, not in my favorite kind of way?",f8f352035edc4d64872e3e91acc33896
spotify:track:1dgRDbz8ozbYYdXkAKJpSj,f1f0f2ed0eb64306992b613229fb7972,2026-02-23T05:50:07Z,0,"I have a feeling this song is going to tank bc it's a different genre than most of the other songs that usually do well in this group but ¯\_(ツ)_/¯ I find this song beautiful & it has caused me to weep every time I've seen it performed live (& sometimes just when I'm listening to it recorded.) 🎶 I was born to love you. I will die & go back to stardust. All I know about being alive is that life's for the living. I ain't seeking salvation. I ain't too worried about damnation. I've got little expectation & as such, I ain't easily let down. All I really wanna do is be close to you when we're still both (all) around 🫂💗",f8f352035edc4d64872e3e91acc33896
spotify:track:1g3PQHNZTF2fLWdoDcYIZf,f1f0f2ed0eb64306992b613229fb7972,2026-02-23T05:50:07Z,1,Interesting. Didn't hate it. Didn't love it. Going to start with 1 point here. ,f8f352035edc4d64872e3e91acc33896
spotify:track:1JRNsnE9pDjeLdyRKDhRbg,f1f0f2ed0eb64306992b613229fb7972,2026-02-23T05:50:07Z,1,Queer *and* from NOLA? Love that! I could def hear this being performed in the Jazz Tent at JazzFest.,f8f352035edc4d64872e3e91acc33896
spotify:track:2Bsn2S319fHmyVCx60D2F2,f1f0f2ed0eb64306992b613229fb7972,2026-02-23T05:50:07Z,2,"Incredible album cover. Also album title -- Night Work 😈 Thought of submitting these folks but wondered if they were too popular a choice, even tho they never made Top 10. (Also, you beat me to it, altho I would've gone with ""Don't Feel Like Dancin'"" which I think is their best song & also, just one of my favorite songs in general. This song kind of reminds me of Devo. I should probably do a deep dive on Scissor Sisters, I bet I'd actually enjoy a fair amount of their catalogue. Upon listening to the lyrics, this might be my favorite of the week so far 😹",f8f352035edc4d64872e3e91acc33896
spotify:track:3hAalpQXa0DENYi6sYV3he,f1f0f2ed0eb64306992b613229fb7972,2026-02-23T05:50:07Z,1,Love her voice. And we love a fellow bisexual gal! Digging this groovy tune. May be a little longer than I thought it was going to be but I'm digging it all the way through so far. ,f8f352035edc4d64872e3e91acc33896
spotify:track:3yx09WbBL9iv6Sk9FGfEbE,f1f0f2ed0eb64306992b613229fb7972,2026-02-23T05:50:07Z,1,"This sounds partially Disco Biscuits-y, partially Talking Heads-y at the get 😆 Definitely something-th tier jambandy sounding, for sure. I like that they identify as ""non-male."" Not sure I'm loving their vocals but I think they deserve a point, at least? ",f8f352035edc4d64872e3e91acc33896
spotify:track:4jbMK6XSJaGr7sYtbwxs2I,f1f0f2ed0eb64306992b613229fb7972,2026-02-23T05:50:07Z,2,"Another Arthur Russell! Interesting. Let's see what this one has to offer... Oh, wow. This is really pretty & ethereal. I like it. Kind of reminds me of something I would've heard played in a crowd or within a parade during Mardi Gras (in the best way ✨). This guy sounds like a very interesting character. Perhaps I'll delve more into his catalogue & read more about who he was. Died of AIDS complications, it seems. Sad. ",f8f352035edc4d64872e3e91acc33896
spotify:track:55039tIc9mmZvJtoq73SEF,f1f0f2ed0eb64306992b613229fb7972,2026-02-23T05:50:07Z,1,"Okay, bisexual baddie Emilee Petersmark! This is giving me somewhat Tegan & Sara vibes mixed with Fiona Apple or something? I dig it. Oh, they're a mixed sex band! Interesting. Yeah, this can have a point, sure.",f8f352035edc4d64872e3e91acc33896
spotify:track:5Fik3NpxT1qBKSXfXe8YBr,f1f0f2ed0eb64306992b613229fb7972,2026-02-23T05:50:07Z,1,"David Byrne is a bit of a cheat code for me so you're probably going to get at least 1 point even if this song is terrible (which it doesn't seem to be so far...) I never saw these 2 tour together but I've definitely heard mixed reviews about the shows (while mostly positive, I think Evan & Marge hated it so much, they actually got up & left? But I guess there's a chance that that may be saying more about them than the artist but ¯\_(ツ)_/¯ WHOAMITOSAY?) ",f8f352035edc4d64872e3e91acc33896
spotify:track:5jnyeC8SjI3vUOtstA5kZy,f1f0f2ed0eb64306992b613229fb7972,2026-02-23T05:50:07Z,1,"This one, while dancey, doesn't *really* hit for me. I'll try to see if I can find it a point at the end. Update: Got one, you weird little freaky House goth, you 😈",f8f352035edc4d64872e3e91acc33896
spotify:track:6Tv21RLLA1Dt6OtPNz8QDq,f1f0f2ed0eb64306992b613229fb7972,2026-02-23T05:50:07Z,0,"BWAHAHAHAHAHA I've been thinking Angel Olsen was Ashley Parker Angel of O-Town for the last... I don't know how many years? Ever since I saw the name? I've intentionally never listened to a song of theirs bc I thought she was that dude & how could he possibly have come out with good music??? WOW, this is a REVELATION. All that to say, I don't love this, ha. She cute, tho! 🏳️‍🌈",f8f352035edc4d64872e3e91acc33896
spotify:track:7eOyYwfiLTkJBg2HPG7kgb,f1f0f2ed0eb64306992b613229fb7972,2026-02-23T05:50:07Z,1,"Impossible to Google this (these?) artist(s?) to find out if they're queer or not 😂 I guess I'll trust you about that... Song is decent, giving me Dustin vibes? Good enough for 1 point. ",f8f352035edc4d64872e3e91acc33896
spotify:track:16P6erJuBJR11lPsxtcGPn,8453d173315c468e8134e2527a658ba5,2026-02-23T11:08:29Z,2,The vocals capped this at 2 points,f8f352035edc4d64872e3e91acc33896
spotify:track:0VGhy8cswcFDA0U1eQsA3d,8453d173315c468e8134e2527a658ba5,2026-02-23T11:08:29Z,1,,f8f352035edc4d64872e3e91acc33896
spotify:track:0vbI8ezh59M8mFC1UbR7xC,8453d173315c468e8134e2527a658ba5,2026-02-23T11:08:29Z,2,,f8f352035edc4d64872e3e91acc33896
spotify:track:5Fik3NpxT1qBKSXfXe8YBr,8453d173315c468e8134e2527a658ba5,2026-02-23T11:08:29Z,1,,f8f352035edc4d64872e3e91acc33896
spotify:track:7eOyYwfiLTkJBg2HPG7kgb,8453d173315c468e8134e2527a658ba5,2026-02-23T11:08:29Z,2,Nice and catchy ,f8f352035edc4d64872e3e91acc33896
spotify:track:1g3PQHNZTF2fLWdoDcYIZf,8453d173315c468e8134e2527a658ba5,2026-02-23T11:08:29Z,1,,f8f352035edc4d64872e3e91acc33896
spotify:track:1JRNsnE9pDjeLdyRKDhRbg,8453d173315c468e8134e2527a658ba5,2026-02-23T11:08:29Z,1,,f8f352035edc4d64872e3e91acc33896
spotify:track:1dgRDbz8ozbYYdXkAKJpSj,8453d173315c468e8134e2527a658ba5,2026-02-23T11:08:29Z,2,,f8f352035edc4d64872e3e91acc33896
spotify:track:3yx09WbBL9iv6Sk9FGfEbE,8453d173315c468e8134e2527a658ba5,2026-02-23T11:08:29Z,4,Fave of the week ,f8f352035edc4d64872e3e91acc33896
spotify:track:3yx09WbBL9iv6Sk9FGfEbE,e5c2390073644e979f43e744c33e6c60,2026-02-23T14:52:43Z,1,,f8f352035edc4d64872e3e91acc33896
spotify:track:2Bsn2S319fHmyVCx60D2F2,e5c2390073644e979f43e744c33e6c60,2026-02-23T14:52:43Z,1,,f8f352035edc4d64872e3e91acc33896
spotify:track:3hAalpQXa0DENYi6sYV3he,e5c2390073644e979f43e744c33e6c60,2026-02-23T14:52:43Z,3,,f8f352035edc4d64872e3e91acc33896
spotify:track:1g3PQHNZTF2fLWdoDcYIZf,e5c2390073644e979f43e744c33e6c60,2026-02-23T14:52:43Z,2,,f8f352035edc4d64872e3e91acc33896
spotify:track:16P6erJuBJR11lPsxtcGPn,e5c2390073644e979f43e744c33e6c60,2026-02-23T14:52:43Z,1,,f8f352035edc4d64872e3e91acc33896
spotify:track:0VGhy8cswcFDA0U1eQsA3d,e5c2390073644e979f43e744c33e6c60,2026-02-23T14:52:43Z,2,,f8f352035edc4d64872e3e91acc33896
spotify:track:7eOyYwfiLTkJBg2HPG7kgb,e5c2390073644e979f43e744c33e6c60,2026-02-23T14:52:43Z,1,Kind of weird to name your band after a HIV prevention drug,f8f352035edc4d64872e3e91acc33896
spotify:track:75Yq3Gjhe8NDE6ex2LnQKv,e5c2390073644e979f43e744c33e6c60,2026-02-23T14:52:43Z,1,,f8f352035edc4d64872e3e91acc33896
spotify:track:5jnyeC8SjI3vUOtstA5kZy,e5c2390073644e979f43e744c33e6c60,2026-02-23T14:52:43Z,2,,f8f352035edc4d64872e3e91acc33896
spotify:track:5Fik3NpxT1qBKSXfXe8YBr,e5c2390073644e979f43e744c33e6c60,2026-02-23T14:52:43Z,1,,f8f352035edc4d64872e3e91acc33896
spotify:track:55039tIc9mmZvJtoq73SEF,e5c2390073644e979f43e744c33e6c60,2026-02-23T14:52:43Z,1,,f8f352035edc4d64872e3e91acc33896
spotify:track:0VGhy8cswcFDA0U1eQsA3d,1c89e947d02949ed86d05ec22a7350bf,2026-02-23T15:58:53Z,1,,f8f352035edc4d64872e3e91acc33896
spotify:track:7eOyYwfiLTkJBg2HPG7kgb,1c89e947d02949ed86d05ec22a7350bf,2026-02-23T15:58:53Z,1,,f8f352035edc4d64872e3e91acc33896
spotify:track:75Yq3Gjhe8NDE6ex2LnQKv,1c89e947d02949ed86d05ec22a7350bf,2026-02-23T15:58:53Z,1,,f8f352035edc4d64872e3e91acc33896
spotify:track:6Tv21RLLA1Dt6OtPNz8QDq,1c89e947d02949ed86d05ec22a7350bf,2026-02-23T15:58:53Z,2,,f8f352035edc4d64872e3e91acc33896
spotify:track:5jnyeC8SjI3vUOtstA5kZy,1c89e947d02949ed86d05ec22a7350bf,2026-02-23T15:58:53Z,1,,f8f352035edc4d64872e3e91acc33896
spotify:track:5Fik3NpxT1qBKSXfXe8YBr,1c89e947d02949ed86d05ec22a7350bf,2026-02-23T15:58:53Z,0,this doesnt feel under the gaydar...,f8f352035edc4d64872e3e91acc33896
spotify:track:4jbMK6XSJaGr7sYtbwxs2I,1c89e947d02949ed86d05ec22a7350bf,2026-02-23T15:58:53Z,0,kinda spooky,f8f352035edc4d64872e3e91acc33896
spotify:track:3yx09WbBL9iv6Sk9FGfEbE,1c89e947d02949ed86d05ec22a7350bf,2026-02-23T15:58:53Z,2,,f8f352035edc4d64872e3e91acc33896
spotify:track:3hAalpQXa0DENYi6sYV3he,1c89e947d02949ed86d05ec22a7350bf,2026-02-23T15:58:53Z,2,,f8f352035edc4d64872e3e91acc33896
spotify:track:2Bsn2S319fHmyVCx60D2F2,1c89e947d02949ed86d05ec22a7350bf,2026-02-23T15:58:53Z,0,I wouldnt call them under the radar necessarily... ,f8f352035edc4d64872e3e91acc33896
spotify:track:1JRNsnE9pDjeLdyRKDhRbg,1c89e947d02949ed86d05ec22a7350bf,2026-02-23T15:58:53Z,1,,f8f352035edc4d64872e3e91acc33896
spotify:track:1g3PQHNZTF2fLWdoDcYIZf,1c89e947d02949ed86d05ec22a7350bf,2026-02-23T15:58:53Z,2,,f8f352035edc4d64872e3e91acc33896
spotify:track:1dgRDbz8ozbYYdXkAKJpSj,1c89e947d02949ed86d05ec22a7350bf,2026-02-23T15:58:53Z,3,fav of week. ,f8f352035edc4d64872e3e91acc33896
spotify:track:7eOyYwfiLTkJBg2HPG7kgb,0b4377c224ba402d97adce848425da90,2026-02-23T16:27:16Z,1,,f8f352035edc4d64872e3e91acc33896
spotify:track:6Tv21RLLA1Dt6OtPNz8QDq,0b4377c224ba402d97adce848425da90,2026-02-23T16:27:16Z,1,,f8f352035edc4d64872e3e91acc33896
spotify:track:5jnyeC8SjI3vUOtstA5kZy,0b4377c224ba402d97adce848425da90,2026-02-23T16:27:16Z,1,,f8f352035edc4d64872e3e91acc33896
spotify:track:55039tIc9mmZvJtoq73SEF,0b4377c224ba402d97adce848425da90,2026-02-23T16:27:16Z,1,,f8f352035edc4d64872e3e91acc33896
spotify:track:3yx09WbBL9iv6Sk9FGfEbE,0b4377c224ba402d97adce848425da90,2026-02-23T16:27:16Z,2,,f8f352035edc4d64872e3e91acc33896
spotify:track:2Bsn2S319fHmyVCx60D2F2,0b4377c224ba402d97adce848425da90,2026-02-23T16:27:16Z,2,,f8f352035edc4d64872e3e91acc33896
spotify:track:1g3PQHNZTF2fLWdoDcYIZf,0b4377c224ba402d97adce848425da90,2026-02-23T16:27:16Z,1,,f8f352035edc4d64872e3e91acc33896
spotify:track:1dgRDbz8ozbYYdXkAKJpSj,0b4377c224ba402d97adce848425da90,2026-02-23T16:27:16Z,4,,f8f352035edc4d64872e3e91acc33896
spotify:track:16P6erJuBJR11lPsxtcGPn,0b4377c224ba402d97adce848425da90,2026-02-23T16:27:16Z,1,,f8f352035edc4d64872e3e91acc33896
spotify:track:0vbI8ezh59M8mFC1UbR7xC,0b4377c224ba402d97adce848425da90,2026-02-23T16:27:16Z,2,,f8f352035edc4d64872e3e91acc33896
spotify:track:0h1HflWtF5FuOhO9qaQobT,1c89e947d02949ed86d05ec22a7350bf,2026-02-26T21:16:39Z,1,,a3110493c4134017a316f315e4125f61
spotify:track:7l5DWlteamaNT9Yp6UPfLJ,1c89e947d02949ed86d05ec22a7350bf,2026-02-26T21:16:39Z,2,strong finish ,a3110493c4134017a316f315e4125f61
spotify:track:797qMUoU74C6xc45n2vAMK,1c89e947d02949ed86d05ec22a7350bf,2026-02-26T21:16:39Z,1,forgot about this band,a3110493c4134017a316f315e4125f61
spotify:track:5bJ1K78btQIh5gR1MaFXt0,1c89e947d02949ed86d05ec22a7350bf,2026-02-26T21:16:39Z,1,,a3110493c4134017a316f315e4125f61
spotify:track:4iVbMHv3CYSF3zVKKoUA18,1c89e947d02949ed86d05ec22a7350bf,2026-02-26T21:16:39Z,1,"this feels like it might actually be in the ear holes of these snowboarders, but its a little much",a3110493c4134017a316f315e4125f61
spotify:track:4CvWCw186MTiSFbpEiZODS,1c89e947d02949ed86d05ec22a7350bf,2026-02-26T21:16:39Z,1,,a3110493c4134017a316f315e4125f61
spotify:track:3OGPXgqtbM1fFpQanE6mP3,1c89e947d02949ed86d05ec22a7350bf,2026-02-26T21:16:39Z,2,ok this much more my jam,a3110493c4134017a316f315e4125f61
spotify:track:3MbCPBMZzFMPa1vMCIcgwS,1c89e947d02949ed86d05ec22a7350bf,2026-02-26T21:16:39Z,1,lol this brings me back to some sweaty dirty drum n bass nights.  ,a3110493c4134017a316f315e4125f61
spotify:track:2dWFqWIBk09lft3bxh0YuD,1c89e947d02949ed86d05ec22a7350bf,2026-02-26T21:16:39Z,0,also not my jam,a3110493c4134017a316f315e4125f61
spotify:track:1tmt1mnzgDSj7fsxJZkByn,1c89e947d02949ed86d05ec22a7350bf,2026-02-26T21:16:39Z,0,not my jam,a3110493c4134017a316f315e4125f61
spotify:track:1ckhUtD8nBH2ShPlU8w2nU,1c89e947d02949ed86d05ec22a7350bf,2026-02-26T21:16:39Z,0,"too much, this hurt my head",a3110493c4134017a316f315e4125f61
spotify:track:0v0aNSpU5UveHWSEF7Yltj,1c89e947d02949ed86d05ec22a7350bf,2026-02-26T21:16:39Z,2,"good follow from the last song, didnt realize a new song had started ",a3110493c4134017a316f315e4125f61
spotify:track:0uVDDBYrazlaPEWF4DVbNc,1c89e947d02949ed86d05ec22a7350bf,2026-02-26T21:16:39Z,2,LCD Soundsystem-y,a3110493c4134017a316f315e4125f61
spotify:track:0hSs4vOZo1OkRiAOoLafrT,1c89e947d02949ed86d05ec22a7350bf,2026-02-26T21:16:39Z,2,feels like a video game or movie score ,a3110493c4134017a316f315e4125f61
spotify:track:0h1HflWtF5FuOhO9qaQobT,f1f0f2ed0eb64306992b613229fb7972,2026-02-26T21:30:09Z,0,"LOL, it seems like you & I understood this prompt in *very* different ways 🤣 I was definitely thinking more pump up… This is sleepy time music! It’s not a bad song but… Also certainly not something I think I’d be listening to before I was about to shred some gnar! 🥱 Definitely an interesting start to the playlist. 

2nd listen thoughts: Yeah, still no. Sry. ",a3110493c4134017a316f315e4125f61
spotify:track:7l5DWlteamaNT9Yp6UPfLJ,f1f0f2ed0eb64306992b613229fb7972,2026-02-26T21:30:09Z,1,"Groovy, I dig it. Here's a point. Okay, I have 4 leftover now though. Hmmm, let's see where to distribute them... ",a3110493c4134017a316f315e4125f61
spotify:track:797qMUoU74C6xc45n2vAMK,f1f0f2ed0eb64306992b613229fb7972,2026-02-26T21:30:09Z,0,"Sometimes, songs are submitted in this league & I feel like if you gave me 1 million dollars, I wouldn't be able to tell you who submitted it. This is one of these instances. Asa?? Sounds like current pop music to me... It's certainly... something...",a3110493c4134017a316f315e4125f61
spotify:track:5bJ1K78btQIh5gR1MaFXt0,f1f0f2ed0eb64306992b613229fb7972,2026-02-26T21:30:09Z,1,"Pretty funny that this came on after Superman as the horns just sounded like they were a continuation of the previous song, ha. Very interesting choice! I loves me some horns. I guess this could be seen as pump up-y? Idk about zen, but I guess the lack of words help with that. Sure, here's a point. Gosh, I still have so many points to allocate... 🥴",a3110493c4134017a316f315e4125f61
spotify:track:4X3qGigyU6ARi3HP4lWD95,f1f0f2ed0eb64306992b613229fb7972,2026-02-26T21:30:09Z,1,"Point for ska, always. Tho, similar to ""Gimme That Bass,"" I fear I'd be dancing to myself too much & would embarrass myself on national television if I were listening to this before my run. That being said, good imagery with Superman & all 🦸🏻 Also, I looked up snowboarding video game soundtracks from the early 2000s & wow, I did not realize there was so much ska & pop-punk on there?? Love it. ",a3110493c4134017a316f315e4125f61
spotify:track:4iVbMHv3CYSF3zVKKoUA18,f1f0f2ed0eb64306992b613229fb7972,2026-02-26T21:30:09Z,1,"Damn, this playlist really is all over the place, ha. This is... something. Better than a lot of the tracks on the playlist. I guess kinda pump up-y while simultaneously being zen. But also, not my favorite? Idk, here's a point. ",a3110493c4134017a316f315e4125f61
spotify:track:4CvWCw186MTiSFbpEiZODS,f1f0f2ed0eb64306992b613229fb7972,2026-02-26T21:30:09Z,0,"Whoa. Intense. Yeah, no. Too jazzy, sry. Absolutely not.",a3110493c4134017a316f315e4125f61
spotify:track:3OGPXgqtbM1fFpQanE6mP3,f1f0f2ed0eb64306992b613229fb7972,2026-02-26T21:30:09Z,1,"Groovy tune but idk if it fits the prompt that well, IMO. Still worth at least 1 point. May have some more leftover once this is over so shall revisit... I feel like I'd just find myself dancing & shaking my booty while TV cameras watched & I'd end up being a meme/gif bc of my dopey moves? 🕺🏻 And I'd likely totally forget what I was even up there to do (win Olympic gold) so yeah, maybe not the best pre-halfpipe music for me ¯\_(ツ)_/¯ ",a3110493c4134017a316f315e4125f61
spotify:track:3MbCPBMZzFMPa1vMCIcgwS,f1f0f2ed0eb64306992b613229fb7972,2026-02-26T21:30:09Z,0,"boySam warned me this song was going to do horribly & in listening to the rest of the playlist, I think he's probably right but WHATAREYAGONNADO? I first heard this song at Orange Theory while running on a treadmill & it very much hit for me. I think I maybe thought more about the act of actually snowboarding ON the halfpipe while listening to this song, which I think would hit incredibly well but whatever. She's also literally singing, ""You lift me off the ground,"" which, if I'm not mistaken, is very much the goal of the snowboard half pipe?! Oh well... 🏂🤙 GET BENT, NERDS! (Unless this song does well again despite my doubts in which case LOVE YOU ALL, APPRECIATE YOUR SUPPORT ALWAYS 😘)",a3110493c4134017a316f315e4125f61
spotify:track:2dWFqWIBk09lft3bxh0YuD,f1f0f2ed0eb64306992b613229fb7972,2026-02-26T21:30:09Z,1,"I like Frankie & this is a good enough pump up song, sure. Goes on a tad long, tho. ",a3110493c4134017a316f315e4125f61
spotify:track:1tmt1mnzgDSj7fsxJZkByn,f1f0f2ed0eb64306992b613229fb7972,2026-02-26T21:30:09Z,1,"While the music is good for pumping me up, idk about the lyrics -- ""I don't trust myself, I feel like somebody else?"" I feel like that's not the best thing you want to be running through your head before you take possibly the most important run of your entire life to try to achieve something you've been training your whole life to do?? ¯\_(ツ)_/¯ Maybe that's just me, ha. ",a3110493c4134017a316f315e4125f61
spotify:track:1ckhUtD8nBH2ShPlU8w2nU,f1f0f2ed0eb64306992b613229fb7972,2026-02-26T21:30:09Z,0,"Whoa. No. What is happening?? Do not enjoy this. It feels like someone who is DJing via Bluetooth walked away from the speaker & the music is cutting in & out. Actually hate this a lot, ha. Sry but yeah, I couldn't wait for this to be over. Wow 😮‍💨",a3110493c4134017a316f315e4125f61
spotify:track:0v0aNSpU5UveHWSEF7Yltj,f1f0f2ed0eb64306992b613229fb7972,2026-02-26T21:30:09Z,2,"I like the horns. Kinda pump up, kinda zen.

2nd listen thoughts: Here's another point! ",a3110493c4134017a316f315e4125f61
spotify:track:0uVDDBYrazlaPEWF4DVbNc,f1f0f2ed0eb64306992b613229fb7972,2026-02-26T21:30:09Z,3,"This is groovy, I dig it. Not sure it's *super* pump up-y OR zen, but I'm enjoying it. I could see myself surveying the crowd while giving myself a pep talk while this plays in the background. I didn't know this group had come out with new music! I only know Livingstone by them (& LOVE the whole album!) so thanks for bringing this to my attention! 

2nd listen thoughts: Here's another point bc idk what to do with them! ",a3110493c4134017a316f315e4125f61
spotify:track:0NSYVDo4ryxNWln7TfEyex,f1f0f2ed0eb64306992b613229fb7972,2026-02-26T21:30:09Z,0,"Not doing it for me, sry 🫤

2nd listen thoughts: Still not it for me",a3110493c4134017a316f315e4125f61
spotify:track:0hSs4vOZo1OkRiAOoLafrT,f1f0f2ed0eb64306992b613229fb7972,2026-02-26T21:30:09Z,4,"Oh shit. Yep, this is good. Very solid music for locking in. Deep breaths, YOU CAN DO THIS. I kinda wish it were a lot longer tho? Like, I feel like it's missing a big peak that would really put it over the top? It just... fizzles into nothing. Still, very good call for this prompt, tho. 

2nd listen thoughts: This has got to be the best of the round (besides mine, obviously 😏). I have 4 extra points idk what to do with so you're getting bumped from 2 to 4. Mazel tov! ",a3110493c4134017a316f315e4125f61
spotify:track:3OGPXgqtbM1fFpQanE6mP3,183c5f6ed1b147099842917a9576c8f4,2026-02-26T22:27:10Z,0,Song is great!  Just has absolutely nothing to do with the prompt. ,a3110493c4134017a316f315e4125f61
spotify:track:3MbCPBMZzFMPa1vMCIcgwS,183c5f6ed1b147099842917a9576c8f4,2026-02-26T22:27:10Z,0,"An obscene selection. It's dangerous listening to this at any altitude, let alone the top of a mountain preparing for your last run. ",a3110493c4134017a316f315e4125f61
spotify:track:2dWFqWIBk09lft3bxh0YuD,183c5f6ed1b147099842917a9576c8f4,2026-02-26T22:27:10Z,1,Shows why punk songs are usually under 3 minutes. But I could see it...,a3110493c4134017a316f315e4125f61
spotify:track:1tmt1mnzgDSj7fsxJZkByn,183c5f6ed1b147099842917a9576c8f4,2026-02-26T22:27:10Z,1,Gotta give a forgettable rock song a point over a forgettable funk song this round. ,a3110493c4134017a316f315e4125f61
spotify:track:1ckhUtD8nBH2ShPlU8w2nU,183c5f6ed1b147099842917a9576c8f4,2026-02-26T22:27:10Z,0,"Look out Fluff's hospital song, this might win most unlistenable of the season!  Everything from the name of the song and artist, beat and weird  pauses is utterly off-putting bordering on offensive. ",a3110493c4134017a316f315e4125f61
spotify:track:0h1HflWtF5FuOhO9qaQobT,183c5f6ed1b147099842917a9576c8f4,2026-02-26T22:27:10Z,2,1 point for western tinged  meditative Dylan that I knew nothing about. Another for taking a different approach to the challenge. Nice bonus that Booker T plays bass on this track. ,a3110493c4134017a316f315e4125f61
spotify:track:0hSs4vOZo1OkRiAOoLafrT,183c5f6ed1b147099842917a9576c8f4,2026-02-26T22:27:10Z,1,I guess I've been too many live sporting events. Hope it was Diskin's bc I knocked it down 2 for being too played for serious points. The snowboarder that listens to this is likeliest the corniest on tour. But kudos for reading the prompt. ,a3110493c4134017a316f315e4125f61
spotify:track:0NSYVDo4ryxNWln7TfEyex,183c5f6ed1b147099842917a9576c8f4,2026-02-26T22:27:10Z,1,Sure. Not really inspiring for me...but I guess I could see it. ,a3110493c4134017a316f315e4125f61
spotify:track:0uVDDBYrazlaPEWF4DVbNc,183c5f6ed1b147099842917a9576c8f4,2026-02-26T22:27:10Z,3,Somebody got the prompt! Was my favorite until the next one. ,a3110493c4134017a316f315e4125f61
spotify:track:0v0aNSpU5UveHWSEF7Yltj,183c5f6ed1b147099842917a9576c8f4,2026-02-26T22:27:10Z,4,"Met the moment. Inward focused, blocking the noise and ready to rip. ",a3110493c4134017a316f315e4125f61
spotify:track:7l5DWlteamaNT9Yp6UPfLJ,183c5f6ed1b147099842917a9576c8f4,2026-02-26T22:27:10Z,1,Sure I can block it all out with this and has been a little juiced. You sold me. ,a3110493c4134017a316f315e4125f61
spotify:track:797qMUoU74C6xc45n2vAMK,183c5f6ed1b147099842917a9576c8f4,2026-02-26T22:27:10Z,1,Really reaching here.  Benefitting from list placement. ,a3110493c4134017a316f315e4125f61
spotify:track:5bJ1K78btQIh5gR1MaFXt0,183c5f6ed1b147099842917a9576c8f4,2026-02-26T22:27:10Z,0,Know what I've never seen at a ski mountain?  A tuba. ,a3110493c4134017a316f315e4125f61
spotify:track:4X3qGigyU6ARi3HP4lWD95,183c5f6ed1b147099842917a9576c8f4,2026-02-26T22:27:10Z,1,"Fuck it, 1 point for having the ice in your veins to submit a ska song. That kind of 0 fucks given attitude is needed when staring down that half pipe ",a3110493c4134017a316f315e4125f61
spotify:track:4CvWCw186MTiSFbpEiZODS,183c5f6ed1b147099842917a9576c8f4,2026-02-26T22:27:10Z,0,It don't mean the bling if you ain't got that swing...,a3110493c4134017a316f315e4125f61
spotify:track:3MbCPBMZzFMPa1vMCIcgwS,8453d173315c468e8134e2527a658ba5,2026-02-27T00:48:33Z,1,,a3110493c4134017a316f315e4125f61
spotify:track:4CvWCw186MTiSFbpEiZODS,8453d173315c468e8134e2527a658ba5,2026-02-27T00:48:33Z,1,,a3110493c4134017a316f315e4125f61
spotify:track:4iVbMHv3CYSF3zVKKoUA18,8453d173315c468e8134e2527a658ba5,2026-02-27T00:48:33Z,1,,a3110493c4134017a316f315e4125f61
spotify:track:5bJ1K78btQIh5gR1MaFXt0,8453d173315c468e8134e2527a658ba5,2026-02-27T00:48:33Z,4,Fave of the week ,a3110493c4134017a316f315e4125f61
spotify:track:7l5DWlteamaNT9Yp6UPfLJ,8453d173315c468e8134e2527a658ba5,2026-02-27T00:48:33Z,2,,a3110493c4134017a316f315e4125f61
spotify:track:0NSYVDo4ryxNWln7TfEyex,8453d173315c468e8134e2527a658ba5,2026-02-27T00:48:33Z,2,,a3110493c4134017a316f315e4125f61
spotify:track:0uVDDBYrazlaPEWF4DVbNc,8453d173315c468e8134e2527a658ba5,2026-02-27T00:48:33Z,0,I like this band but not their best track ,a3110493c4134017a316f315e4125f61
spotify:track:0hSs4vOZo1OkRiAOoLafrT,8453d173315c468e8134e2527a658ba5,2026-02-27T00:48:33Z,0,Absolutely not. Fuck Scottie Pippen,a3110493c4134017a316f315e4125f61
spotify:track:1tmt1mnzgDSj7fsxJZkByn,8453d173315c468e8134e2527a658ba5,2026-02-27T00:48:33Z,2,Fave of the rock ones ,a3110493c4134017a316f315e4125f61
spotify:track:3OGPXgqtbM1fFpQanE6mP3,8453d173315c468e8134e2527a658ba5,2026-02-27T00:48:33Z,3,,a3110493c4134017a316f315e4125f61
spotify:track:1tmt1mnzgDSj7fsxJZkByn,ce76a5e6ff274137bb5127db7065d9a8,2026-02-27T13:10:40Z,1,Sure,a3110493c4134017a316f315e4125f61
spotify:track:2dWFqWIBk09lft3bxh0YuD,ce76a5e6ff274137bb5127db7065d9a8,2026-02-27T13:10:40Z,1,Jones’s go-to name when he’s making one up is Frank/Frankie,a3110493c4134017a316f315e4125f61
spotify:track:3MbCPBMZzFMPa1vMCIcgwS,ce76a5e6ff274137bb5127db7065d9a8,2026-02-27T13:10:40Z,2,Off the ground cuz the half pipe. I get it. ,a3110493c4134017a316f315e4125f61
spotify:track:3OGPXgqtbM1fFpQanE6mP3,ce76a5e6ff274137bb5127db7065d9a8,2026-02-27T13:10:40Z,2,"Based on the title, I thought this was gonna be no points just somebody who couldn’t get away from funk. But nope. Nope. This was good. Ticked the boxes of the prompt for me AND I actually liked it. ",a3110493c4134017a316f315e4125f61
spotify:track:4CvWCw186MTiSFbpEiZODS,ce76a5e6ff274137bb5127db7065d9a8,2026-02-27T13:10:40Z,0,Mendo getting in the zone to seduce Ricardo?,a3110493c4134017a316f315e4125f61
spotify:track:4iVbMHv3CYSF3zVKKoUA18,ce76a5e6ff274137bb5127db7065d9a8,2026-02-27T13:10:40Z,3,Cool. Hammer -> nail,a3110493c4134017a316f315e4125f61
spotify:track:4X3qGigyU6ARi3HP4lWD95,ce76a5e6ff274137bb5127db7065d9a8,2026-02-27T13:10:40Z,0,Am I trying to win a gold medal here or am I in 7th grade trying to psych myself up to jerk off for the fifth time in one day,a3110493c4134017a316f315e4125f61
spotify:track:5bJ1K78btQIh5gR1MaFXt0,ce76a5e6ff274137bb5127db7065d9a8,2026-02-27T13:10:40Z,0,All that brass isn’t really getting my hyped ,a3110493c4134017a316f315e4125f61
spotify:track:797qMUoU74C6xc45n2vAMK,ce76a5e6ff274137bb5127db7065d9a8,2026-02-27T13:10:40Z,1,Sure,a3110493c4134017a316f315e4125f61
spotify:track:7l5DWlteamaNT9Yp6UPfLJ,ce76a5e6ff274137bb5127db7065d9a8,2026-02-27T13:10:40Z,2,Solid,a3110493c4134017a316f315e4125f61
spotify:track:1ckhUtD8nBH2ShPlU8w2nU,ce76a5e6ff274137bb5127db7065d9a8,2026-02-27T13:10:40Z,0,I don’t like when music intentionally sounds like it’s skipping,a3110493c4134017a316f315e4125f61
spotify:track:0v0aNSpU5UveHWSEF7Yltj,ce76a5e6ff274137bb5127db7065d9a8,2026-02-27T13:10:40Z,1,"Sounds like something I’d hear at a beach club in Miami. Wasn't getting a point initially, but here's one",a3110493c4134017a316f315e4125f61
spotify:track:0NSYVDo4ryxNWln7TfEyex,ce76a5e6ff274137bb5127db7065d9a8,2026-02-27T13:10:40Z,1,"Liked it more the second time through, here's a point",a3110493c4134017a316f315e4125f61
spotify:track:0hSs4vOZo1OkRiAOoLafrT,ce76a5e6ff274137bb5127db7065d9a8,2026-02-27T13:10:40Z,1,Michael Jordan. Not really going deep here but it is certainly a hype song,a3110493c4134017a316f315e4125f61
spotify:track:0h1HflWtF5FuOhO9qaQobT,ce76a5e6ff274137bb5127db7065d9a8,2026-02-27T13:10:40Z,1,"Definitely doesn’t get me hyped. But it’s enjoyable, and would never have guessed it was Dylan. Hi AL",a3110493c4134017a316f315e4125f61
spotify:track:0NSYVDo4ryxNWln7TfEyex,d0b05ef03f5e4598a3e8532b812c3330,2026-02-27T17:25:00Z,1,great song ,a3110493c4134017a316f315e4125f61
spotify:track:0h1HflWtF5FuOhO9qaQobT,d0b05ef03f5e4598a3e8532b812c3330,2026-02-27T17:25:00Z,3,Doesnt really fit the prompt.... but its dylan ive never heard before that struck a beautiful chord. ,a3110493c4134017a316f315e4125f61
spotify:track:0hSs4vOZo1OkRiAOoLafrT,d0b05ef03f5e4598a3e8532b812c3330,2026-02-27T17:25:00Z,0,heard too many times,a3110493c4134017a316f315e4125f61
spotify:track:0uVDDBYrazlaPEWF4DVbNc,d0b05ef03f5e4598a3e8532b812c3330,2026-02-27T17:25:00Z,1,solid and cool just like this prompt ,a3110493c4134017a316f315e4125f61
spotify:track:0v0aNSpU5UveHWSEF7Yltj,d0b05ef03f5e4598a3e8532b812c3330,2026-02-27T17:25:00Z,1,,a3110493c4134017a316f315e4125f61
spotify:track:1ckhUtD8nBH2ShPlU8w2nU,d0b05ef03f5e4598a3e8532b812c3330,2026-02-27T17:25:00Z,2,go asa go!,a3110493c4134017a316f315e4125f61
spotify:track:2dWFqWIBk09lft3bxh0YuD,d0b05ef03f5e4598a3e8532b812c3330,2026-02-27T17:25:00Z,1,so if goose is too phish derivative is frankie too gizz derivative?,a3110493c4134017a316f315e4125f61
spotify:track:3MbCPBMZzFMPa1vMCIcgwS,d0b05ef03f5e4598a3e8532b812c3330,2026-02-27T17:25:00Z,0,didnt move my needle,a3110493c4134017a316f315e4125f61
spotify:track:3OGPXgqtbM1fFpQanE6mP3,d0b05ef03f5e4598a3e8532b812c3330,2026-02-27T17:25:00Z,1,get what you did there...,a3110493c4134017a316f315e4125f61
spotify:track:4CvWCw186MTiSFbpEiZODS,d0b05ef03f5e4598a3e8532b812c3330,2026-02-27T17:25:00Z,3,love this for this prompt,a3110493c4134017a316f315e4125f61
spotify:track:4iVbMHv3CYSF3zVKKoUA18,d0b05ef03f5e4598a3e8532b812c3330,2026-02-27T17:25:00Z,1,never heard of them?... check out remind me,a3110493c4134017a316f315e4125f61
spotify:track:4X3qGigyU6ARi3HP4lWD95,d0b05ef03f5e4598a3e8532b812c3330,2026-02-27T17:25:00Z,0,def paug,a3110493c4134017a316f315e4125f61
spotify:track:5bJ1K78btQIh5gR1MaFXt0,d0b05ef03f5e4598a3e8532b812c3330,2026-02-27T17:25:00Z,0,ehhhh naw,a3110493c4134017a316f315e4125f61
spotify:track:797qMUoU74C6xc45n2vAMK,d0b05ef03f5e4598a3e8532b812c3330,2026-02-27T17:25:00Z,1,actually dug this song,a3110493c4134017a316f315e4125f61
spotify:track:7l5DWlteamaNT9Yp6UPfLJ,d0b05ef03f5e4598a3e8532b812c3330,2026-02-27T17:25:00Z,1,ehhhh fine,a3110493c4134017a316f315e4125f61
spotify:track:3OGPXgqtbM1fFpQanE6mP3,49a5ff7c4466457eb8016aaf873224cb,2026-02-27T19:04:17Z,2,Awwwwwwyeahbaby,a3110493c4134017a316f315e4125f61
spotify:track:4CvWCw186MTiSFbpEiZODS,49a5ff7c4466457eb8016aaf873224cb,2026-02-27T19:04:17Z,2,Holy balls. Let's go. ,a3110493c4134017a316f315e4125f61
spotify:track:4iVbMHv3CYSF3zVKKoUA18,49a5ff7c4466457eb8016aaf873224cb,2026-02-27T19:04:17Z,2,Sick ass tune. Gets at least a point. Hopefully more. ,a3110493c4134017a316f315e4125f61
spotify:track:4X3qGigyU6ARi3HP4lWD95,49a5ff7c4466457eb8016aaf873224cb,2026-02-27T19:04:17Z,0,"I did not add this to the known artists count, because I couldn't have told you the artist or song name for the life of me. Fun lil nostalgia. Might get a point, but I am running out of them fast. ",a3110493c4134017a316f315e4125f61
spotify:track:5bJ1K78btQIh5gR1MaFXt0,49a5ff7c4466457eb8016aaf873224cb,2026-02-27T19:04:17Z,1,Def makes me feel things. ,a3110493c4134017a316f315e4125f61
spotify:track:797qMUoU74C6xc45n2vAMK,49a5ff7c4466457eb8016aaf873224cb,2026-02-27T19:04:17Z,0,Def does not make me feel things. ,a3110493c4134017a316f315e4125f61
spotify:track:7l5DWlteamaNT9Yp6UPfLJ,49a5ff7c4466457eb8016aaf873224cb,2026-02-27T19:04:17Z,0,Hmm I just don’t know. Went back and forth on a loosy,a3110493c4134017a316f315e4125f61
spotify:track:0h1HflWtF5FuOhO9qaQobT,49a5ff7c4466457eb8016aaf873224cb,2026-02-27T19:04:17Z,1,Near perfect opener. Sort of wish mine (song 2) came first. Would've been better for both of us. ,a3110493c4134017a316f315e4125f61
spotify:track:0hSs4vOZo1OkRiAOoLafrT,49a5ff7c4466457eb8016aaf873224cb,2026-02-27T19:04:17Z,0,"I had some other shit planned, but I am sure it would've tanked. Came across this and thought it might trick most of you into voting favorably. Thank you in advance. ",a3110493c4134017a316f315e4125f61
spotify:track:0NSYVDo4ryxNWln7TfEyex,49a5ff7c4466457eb8016aaf873224cb,2026-02-27T19:04:17Z,1,"Doesn't do a ton to hype me up or lock me in. Makes me bop, tho. ",a3110493c4134017a316f315e4125f61
spotify:track:0uVDDBYrazlaPEWF4DVbNc,49a5ff7c4466457eb8016aaf873224cb,2026-02-27T19:04:17Z,2,Points getter. Hell yeah. ,a3110493c4134017a316f315e4125f61
spotify:track:0v0aNSpU5UveHWSEF7Yltj,49a5ff7c4466457eb8016aaf873224cb,2026-02-27T19:04:17Z,3,"hot daaaaaaaaaaaamn this might be top of the round for me, I just destroyed some work to this song. Had me fully in the zone. ",a3110493c4134017a316f315e4125f61
spotify:track:2dWFqWIBk09lft3bxh0YuD,49a5ff7c4466457eb8016aaf873224cb,2026-02-27T19:04:17Z,2,Fuck yeah. Full blown badass track. I think it fits the prompt? I don't know or care. ,a3110493c4134017a316f315e4125f61
spotify:track:1tmt1mnzgDSj7fsxJZkByn,49a5ff7c4466457eb8016aaf873224cb,2026-02-27T19:04:17Z,0,"Ain't doin it for me. Kinda grew on my on second listen but eh. idk  - the fade out / come back got me fine, but by that point I'm already down the slope. Lost me too early. 

Also, they're Canadian. Nice try, Jacob. ",a3110493c4134017a316f315e4125f61
spotify:track:1ckhUtD8nBH2ShPlU8w2nU,49a5ff7c4466457eb8016aaf873224cb,2026-02-27T19:04:17Z,0,"Not working for me, sorry. ",a3110493c4134017a316f315e4125f61
spotify:track:3MbCPBMZzFMPa1vMCIcgwS,49a5ff7c4466457eb8016aaf873224cb,2026-02-27T19:04:17Z,0,"Fully does not do it for me. Sorry. (okay it kinda grew on me, but might still be a zero, sorry sorry sorry, too much heat on this list that DOES do it for me)",a3110493c4134017a316f315e4125f61
spotify:track:4CvWCw186MTiSFbpEiZODS,605866a938e54c5da212fc8595186729,2026-02-27T21:19:06Z,1,,a3110493c4134017a316f315e4125f61
spotify:track:3OGPXgqtbM1fFpQanE6mP3,605866a938e54c5da212fc8595186729,2026-02-27T21:19:06Z,2,,a3110493c4134017a316f315e4125f61
spotify:track:3MbCPBMZzFMPa1vMCIcgwS,605866a938e54c5da212fc8595186729,2026-02-27T21:19:06Z,1,"Kinda distracting, can’t explain it ",a3110493c4134017a316f315e4125f61
spotify:track:2dWFqWIBk09lft3bxh0YuD,605866a938e54c5da212fc8595186729,2026-02-27T21:19:06Z,1,,a3110493c4134017a316f315e4125f61
spotify:track:1tmt1mnzgDSj7fsxJZkByn,605866a938e54c5da212fc8595186729,2026-02-27T21:19:06Z,1,,a3110493c4134017a316f315e4125f61
spotify:track:1ckhUtD8nBH2ShPlU8w2nU,605866a938e54c5da212fc8595186729,2026-02-27T21:19:06Z,0,Why is it glitching? This is horrible ,a3110493c4134017a316f315e4125f61
spotify:track:0v0aNSpU5UveHWSEF7Yltj,605866a938e54c5da212fc8595186729,2026-02-27T21:19:06Z,2,,a3110493c4134017a316f315e4125f61
spotify:track:0uVDDBYrazlaPEWF4DVbNc,605866a938e54c5da212fc8595186729,2026-02-27T21:19:06Z,1,A little too funky to fully lock in. Should’ve ended with 1:32 left. ,a3110493c4134017a316f315e4125f61
spotify:track:0NSYVDo4ryxNWln7TfEyex,605866a938e54c5da212fc8595186729,2026-02-27T21:19:06Z,1,Don’t really care for this but could probably get into the zone with this IF NECESSARY….,a3110493c4134017a316f315e4125f61
spotify:track:0hSs4vOZo1OkRiAOoLafrT,605866a938e54c5da212fc8595186729,2026-02-27T21:19:06Z,1,Am I at a Flyers game??,a3110493c4134017a316f315e4125f61
spotify:track:0h1HflWtF5FuOhO9qaQobT,605866a938e54c5da212fc8595186729,2026-02-27T21:19:06Z,0,"Not locking me into anything, including the song ",a3110493c4134017a316f315e4125f61
spotify:track:7l5DWlteamaNT9Yp6UPfLJ,605866a938e54c5da212fc8595186729,2026-02-27T21:19:06Z,1,,a3110493c4134017a316f315e4125f61
spotify:track:797qMUoU74C6xc45n2vAMK,605866a938e54c5da212fc8595186729,2026-02-27T21:19:06Z,2,,a3110493c4134017a316f315e4125f61
spotify:track:4X3qGigyU6ARi3HP4lWD95,605866a938e54c5da212fc8595186729,2026-02-27T21:19:06Z,0,No thank you ,a3110493c4134017a316f315e4125f61
spotify:track:4iVbMHv3CYSF3zVKKoUA18,605866a938e54c5da212fc8595186729,2026-02-27T21:19:06Z,2,,a3110493c4134017a316f315e4125f61
spotify:track:1tmt1mnzgDSj7fsxJZkByn,7fdceb56429c4e38939c3e5ee41bfdd0,2026-02-27T22:59:00Z,1,,a3110493c4134017a316f315e4125f61
spotify:track:0h1HflWtF5FuOhO9qaQobT,7fdceb56429c4e38939c3e5ee41bfdd0,2026-02-27T22:59:00Z,1,This is very zen. Maybe not amped but enjoyable ,a3110493c4134017a316f315e4125f61
spotify:track:0hSs4vOZo1OkRiAOoLafrT,7fdceb56429c4e38939c3e5ee41bfdd0,2026-02-27T22:59:00Z,1,"And now. At guard. Standing at 6’6”, from North Carolina……Michael Joooooorrrrdan. So many finals w this playing. Wish we could’ve won one. ",a3110493c4134017a316f315e4125f61
spotify:track:0NSYVDo4ryxNWln7TfEyex,7fdceb56429c4e38939c3e5ee41bfdd0,2026-02-27T22:59:00Z,0,Not what I’d normally be teaching for but I can see it. ,a3110493c4134017a316f315e4125f61
spotify:track:0uVDDBYrazlaPEWF4DVbNc,7fdceb56429c4e38939c3e5ee41bfdd0,2026-02-27T22:59:00Z,3,Cotops of the week,a3110493c4134017a316f315e4125f61
spotify:track:0v0aNSpU5UveHWSEF7Yltj,7fdceb56429c4e38939c3e5ee41bfdd0,2026-02-27T22:59:00Z,3,Cotops of the week ,a3110493c4134017a316f315e4125f61
spotify:track:3MbCPBMZzFMPa1vMCIcgwS,7fdceb56429c4e38939c3e5ee41bfdd0,2026-02-27T22:59:00Z,1,,a3110493c4134017a316f315e4125f61
spotify:track:3OGPXgqtbM1fFpQanE6mP3,7fdceb56429c4e38939c3e5ee41bfdd0,2026-02-27T22:59:00Z,1,,a3110493c4134017a316f315e4125f61
spotify:track:4CvWCw186MTiSFbpEiZODS,7fdceb56429c4e38939c3e5ee41bfdd0,2026-02-27T22:59:00Z,0,I have so much more anxiety listening to this ,a3110493c4134017a316f315e4125f61
spotify:track:4iVbMHv3CYSF3zVKKoUA18,7fdceb56429c4e38939c3e5ee41bfdd0,2026-02-27T22:59:00Z,3,Yes ,a3110493c4134017a316f315e4125f61
spotify:track:4X3qGigyU6ARi3HP4lWD95,7fdceb56429c4e38939c3e5ee41bfdd0,2026-02-27T22:59:00Z,1,+1 for nostalgia ,a3110493c4134017a316f315e4125f61
spotify:track:797qMUoU74C6xc45n2vAMK,7fdceb56429c4e38939c3e5ee41bfdd0,2026-02-27T22:59:00Z,1,,a3110493c4134017a316f315e4125f61
spotify:track:0v0aNSpU5UveHWSEF7Yltj,0d42af6c19054b7dbbe4aa499186e408,2026-02-28T02:00:08Z,1,really liked the break at the 3 minute mark. would this lock me in? no. I am probably a weirdo? Ya. Is it a good song? ya.,a3110493c4134017a316f315e4125f61
spotify:track:0uVDDBYrazlaPEWF4DVbNc,0d42af6c19054b7dbbe4aa499186e408,2026-02-28T02:00:08Z,2,Now begins the section of this playlist where so many of this songs seem to blend to me. I like this one more than most others. Reminds me of something that might have played during a pivotal scene of Stranger Things' first few seasons. 2 points for the Dutch guy on the pipe. ,a3110493c4134017a316f315e4125f61
spotify:track:7l5DWlteamaNT9Yp6UPfLJ,0d42af6c19054b7dbbe4aa499186e408,2026-02-28T02:00:08Z,1,"Again not one that would lock me in, even though I enjoyed this musically. have a point to give ",a3110493c4134017a316f315e4125f61
spotify:track:797qMUoU74C6xc45n2vAMK,0d42af6c19054b7dbbe4aa499186e408,2026-02-28T02:00:08Z,2,prob fav of the playlist ,a3110493c4134017a316f315e4125f61
spotify:track:5bJ1K78btQIh5gR1MaFXt0,0d42af6c19054b7dbbe4aa499186e408,2026-02-28T02:00:08Z,2,almost thought it was spare ass annie with those first few notes. did not expect to be locked in with brass. but this worked for me. probably tied for fav of playlist. ,a3110493c4134017a316f315e4125f61
spotify:track:4X3qGigyU6ARi3HP4lWD95,0d42af6c19054b7dbbe4aa499186e408,2026-02-28T02:00:08Z,2,an obvious choice but a welcoming one and such a time and place. forgot how weird the bridge on this song is. ,a3110493c4134017a316f315e4125f61
spotify:track:4iVbMHv3CYSF3zVKKoUA18,0d42af6c19054b7dbbe4aa499186e408,2026-02-28T02:00:08Z,0,my brain itches again ,a3110493c4134017a316f315e4125f61
spotify:track:4CvWCw186MTiSFbpEiZODS,0d42af6c19054b7dbbe4aa499186e408,2026-02-28T02:00:08Z,0,"Ain't here to yuck any yums, but for me this didn't do it. ",a3110493c4134017a316f315e4125f61
spotify:track:3OGPXgqtbM1fFpQanE6mP3,0d42af6c19054b7dbbe4aa499186e408,2026-02-28T02:00:08Z,1,"This is not gonna lock me in. But I shook my tush, which generally garners a point when points are there to give. ",a3110493c4134017a316f315e4125f61
spotify:track:3MbCPBMZzFMPa1vMCIcgwS,0d42af6c19054b7dbbe4aa499186e408,2026-02-28T02:00:08Z,0,my brain itches,a3110493c4134017a316f315e4125f61
spotify:track:2dWFqWIBk09lft3bxh0YuD,0d42af6c19054b7dbbe4aa499186e408,2026-02-28T02:00:08Z,1,Didn't love this the first listen and then when it came on during a run (see Jazzy Jeff) it got me going. ,a3110493c4134017a316f315e4125f61
spotify:track:1tmt1mnzgDSj7fsxJZkByn,0d42af6c19054b7dbbe4aa499186e408,2026-02-28T02:00:08Z,1,Nice heavy rock. ,a3110493c4134017a316f315e4125f61
spotify:track:0NSYVDo4ryxNWln7TfEyex,0d42af6c19054b7dbbe4aa499186e408,2026-02-28T02:00:08Z,1,I didn't think this was gonna do it for me and then I went for a run listening to this playlist on shuffle and this came on and it helped me up a hill. So point for that. ,a3110493c4134017a316f315e4125f61
spotify:track:1ckhUtD8nBH2ShPlU8w2nU,0d42af6c19054b7dbbe4aa499186e408,2026-02-28T02:00:08Z,0,Frizk this ,a3110493c4134017a316f315e4125f61
spotify:track:0hSs4vOZo1OkRiAOoLafrT,0d42af6c19054b7dbbe4aa499186e408,2026-02-28T02:00:08Z,2,Pump up or lock in? It's a continual question I have when voting this round. Either way when these first notes hit I felt it. 90s Bulls will always make me feel something. In this case two somethings. ,a3110493c4134017a316f315e4125f61
spotify:track:0h1HflWtF5FuOhO9qaQobT,0d42af6c19054b7dbbe4aa499186e408,2026-02-28T02:00:08Z,0,"Ok so. Probably not gonna land, but I suppose there are different locks for different keys. My thought process here--apart from loving this song--is that if I'm trying to go for gold (or trying to lock in with any activity where I theoretically have expertise i.e. charcoal), I need to temper my heart rate and not raise it. I already know my routine on the pipe, have practiced it hundreds of times, and even know that sick rocket air 1080 (shout out to whoever chose Superman) that is either gonna make or break my run. I need a calm, slow, familiar build. Each instrument coming on slowly and deliberately, growing into something that has me focused and intentional. That's what this is, to me at least. And the cowboy vibes reinforce in me that I'm trying to win gold for America, for better or worse. Also...I take glee in the fact that my first Dylan submission was one without mouth words. Am glad this was the opener. Would have been even weirder in any other spot. ",a3110493c4134017a316f315e4125f61
spotify:track:0uVDDBYrazlaPEWF4DVbNc,a2909b31d1c04d728cfcf68ca0d73cca,2026-02-28T15:40:51Z,1,This feels like the background music for an Olympics highlight montage. ,a3110493c4134017a316f315e4125f61
spotify:track:0h1HflWtF5FuOhO9qaQobT,a2909b31d1c04d728cfcf68ca0d73cca,2026-02-28T15:40:51Z,1,This was the other interpretation I guess. Chill me out not pump me up. Still a great tune. ,a3110493c4134017a316f315e4125f61
spotify:track:0hSs4vOZo1OkRiAOoLafrT,a2909b31d1c04d728cfcf68ca0d73cca,2026-02-28T15:40:51Z,2,Great pick. This got me so amped,a3110493c4134017a316f315e4125f61
spotify:track:0NSYVDo4ryxNWln7TfEyex,a2909b31d1c04d728cfcf68ca0d73cca,2026-02-28T15:40:51Z,1,Lyrics definitely hitting the theme. ,a3110493c4134017a316f315e4125f61
spotify:track:0v0aNSpU5UveHWSEF7Yltj,a2909b31d1c04d728cfcf68ca0d73cca,2026-02-28T15:40:51Z,1,Real similar vibes as the last track. Great montage music. ,a3110493c4134017a316f315e4125f61
spotify:track:1ckhUtD8nBH2ShPlU8w2nU,a2909b31d1c04d728cfcf68ca0d73cca,2026-02-28T15:40:51Z,0,No thanks. ,a3110493c4134017a316f315e4125f61
spotify:track:1tmt1mnzgDSj7fsxJZkByn,a2909b31d1c04d728cfcf68ca0d73cca,2026-02-28T15:40:51Z,1,Good song. Not sure I’d pick it in this situation but still point worthy. ,a3110493c4134017a316f315e4125f61
spotify:track:2dWFqWIBk09lft3bxh0YuD,a2909b31d1c04d728cfcf68ca0d73cca,2026-02-28T15:40:51Z,2,This is def gonna get my blood pumping and ready for my last run. ,a3110493c4134017a316f315e4125f61
spotify:track:3MbCPBMZzFMPa1vMCIcgwS,a2909b31d1c04d728cfcf68ca0d73cca,2026-02-28T15:40:51Z,2,The bass drop is when I drop in. Great pick for this prompt. ,a3110493c4134017a316f315e4125f61
spotify:track:3OGPXgqtbM1fFpQanE6mP3,a2909b31d1c04d728cfcf68ca0d73cca,2026-02-28T15:40:51Z,0,Might have had a different interpretation of the prompt. This is gonna hype me up and keep me moving. ,a3110493c4134017a316f315e4125f61
spotify:track:4CvWCw186MTiSFbpEiZODS,a2909b31d1c04d728cfcf68ca0d73cca,2026-02-28T15:40:51Z,0,Probably a similar interpretation to mine but it doesn’t really fit in this situation imo. ,a3110493c4134017a316f315e4125f61
spotify:track:4iVbMHv3CYSF3zVKKoUA18,a2909b31d1c04d728cfcf68ca0d73cca,2026-02-28T15:40:51Z,1,The song by thing band I know “Remind Me” came on the other day but I never looked more into them. Good pick,a3110493c4134017a316f315e4125f61
spotify:track:4X3qGigyU6ARi3HP4lWD95,a2909b31d1c04d728cfcf68ca0d73cca,2026-02-28T15:40:51Z,2,Obviously. ,a3110493c4134017a316f315e4125f61
spotify:track:5bJ1K78btQIh5gR1MaFXt0,a2909b31d1c04d728cfcf68ca0d73cca,2026-02-28T15:40:51Z,0,Good song but I’m not feeling it for this prompt. ,a3110493c4134017a316f315e4125f61
spotify:track:797qMUoU74C6xc45n2vAMK,a2909b31d1c04d728cfcf68ca0d73cca,2026-02-28T15:40:51Z,1,Another good highlights montage song. ,a3110493c4134017a316f315e4125f61
spotify:track:7l5DWlteamaNT9Yp6UPfLJ,a2909b31d1c04d728cfcf68ca0d73cca,2026-02-28T15:40:51Z,1,Good pick for the prompt but I’m really digging the song regardless. ,a3110493c4134017a316f315e4125f61
spotify:track:3MbCPBMZzFMPa1vMCIcgwS,0b4377c224ba402d97adce848425da90,2026-02-28T16:16:42Z,4,"LOCKED AND LOADED
It’s somewhat l reserved, yet I’m ready to run through a wall. Bonus point for the song title and band name BOTH tying into the theme",a3110493c4134017a316f315e4125f61
spotify:track:0h1HflWtF5FuOhO9qaQobT,0b4377c224ba402d97adce848425da90,2026-02-28T16:16:42Z,1,"Lovely tune. I am mostly asleep, but there’s some low level lockage (LLL) going on here. ",a3110493c4134017a316f315e4125f61
spotify:track:0hSs4vOZo1OkRiAOoLafrT,0b4377c224ba402d97adce848425da90,2026-02-28T16:16:42Z,1,I’m focused as fuck. But this is a little obvious. ,a3110493c4134017a316f315e4125f61
spotify:track:0NSYVDo4ryxNWln7TfEyex,0b4377c224ba402d97adce848425da90,2026-02-28T16:16:42Z,2,Yeah this works for me. ,a3110493c4134017a316f315e4125f61
spotify:track:0uVDDBYrazlaPEWF4DVbNc,0b4377c224ba402d97adce848425da90,2026-02-28T16:16:42Z,2,Great balance of calm locking and inspirational locking. ,a3110493c4134017a316f315e4125f61
spotify:track:0v0aNSpU5UveHWSEF7Yltj,0b4377c224ba402d97adce848425da90,2026-02-28T16:16:42Z,0,This would have me vibing out on some fresh pow (VOOSFP). But am I locked? ,a3110493c4134017a316f315e4125f61
spotify:track:1ckhUtD8nBH2ShPlU8w2nU,0b4377c224ba402d97adce848425da90,2026-02-28T16:16:42Z,0,The over/under is set at  7.5 “all my fellas” before I chuck this iPod down the mountain. ,a3110493c4134017a316f315e4125f61
spotify:track:1tmt1mnzgDSj7fsxJZkByn,0b4377c224ba402d97adce848425da90,2026-02-28T16:16:42Z,1,LLL,a3110493c4134017a316f315e4125f61
spotify:track:2dWFqWIBk09lft3bxh0YuD,0b4377c224ba402d97adce848425da90,2026-02-28T16:16:42Z,0,This one kind of lost me midway ,a3110493c4134017a316f315e4125f61
spotify:track:7l5DWlteamaNT9Yp6UPfLJ,0b4377c224ba402d97adce848425da90,2026-02-28T16:16:42Z,1,This jazziness is much more focused. Bit of a Herbie Hancock ripoff but I’ll allow it. ,a3110493c4134017a316f315e4125f61
spotify:track:5bJ1K78btQIh5gR1MaFXt0,0b4377c224ba402d97adce848425da90,2026-02-28T16:16:42Z,2,Good balance,a3110493c4134017a316f315e4125f61
spotify:track:4X3qGigyU6ARi3HP4lWD95,0b4377c224ba402d97adce848425da90,2026-02-28T16:16:42Z,0,"This evokes imagery of bright suits, trombones, and close ups of singers singing way too close to the mic. Definitively not locked. ",a3110493c4134017a316f315e4125f61
spotify:track:4iVbMHv3CYSF3zVKKoUA18,0b4377c224ba402d97adce848425da90,2026-02-28T16:16:42Z,1,"This is pretty spacey, but I do love this band. ",a3110493c4134017a316f315e4125f61
spotify:track:4CvWCw186MTiSFbpEiZODS,0b4377c224ba402d97adce848425da90,2026-02-28T16:16:42Z,0,This jazzy rhythm has me skit skat bee bopping all over the mountain. NOT LOCKED,a3110493c4134017a316f315e4125f61
spotify:track:3OGPXgqtbM1fFpQanE6mP3,0b4377c224ba402d97adce848425da90,2026-02-28T16:16:42Z,1,Heavy VOOSFP with some minor LLL,a3110493c4134017a316f315e4125f61
spotify:track:1tmt1mnzgDSj7fsxJZkByn,48468f9ee55c4e71b349a5f376d4d792,2026-02-28T16:31:14Z,2,I LOVE THIS,a3110493c4134017a316f315e4125f61
spotify:track:3MbCPBMZzFMPa1vMCIcgwS,48468f9ee55c4e71b349a5f376d4d792,2026-02-28T16:31:14Z,1,its very movie like. it also locks in. ,a3110493c4134017a316f315e4125f61
spotify:track:3OGPXgqtbM1fFpQanE6mP3,48468f9ee55c4e71b349a5f376d4d792,2026-02-28T16:31:14Z,1,its good,a3110493c4134017a316f315e4125f61
spotify:track:4CvWCw186MTiSFbpEiZODS,48468f9ee55c4e71b349a5f376d4d792,2026-02-28T16:31:14Z,1,its very very good,a3110493c4134017a316f315e4125f61
spotify:track:4iVbMHv3CYSF3zVKKoUA18,48468f9ee55c4e71b349a5f376d4d792,2026-02-28T16:31:14Z,0,its too basic,a3110493c4134017a316f315e4125f61
spotify:track:4X3qGigyU6ARi3HP4lWD95,48468f9ee55c4e71b349a5f376d4d792,2026-02-28T16:31:14Z,3,its very good,a3110493c4134017a316f315e4125f61
spotify:track:5bJ1K78btQIh5gR1MaFXt0,48468f9ee55c4e71b349a5f376d4d792,2026-02-28T16:31:14Z,1,good horns,a3110493c4134017a316f315e4125f61
spotify:track:797qMUoU74C6xc45n2vAMK,48468f9ee55c4e71b349a5f376d4d792,2026-02-28T16:31:14Z,0,too slow,a3110493c4134017a316f315e4125f61
spotify:track:7l5DWlteamaNT9Yp6UPfLJ,48468f9ee55c4e71b349a5f376d4d792,2026-02-28T16:31:14Z,1,,a3110493c4134017a316f315e4125f61
spotify:track:0h1HflWtF5FuOhO9qaQobT,48468f9ee55c4e71b349a5f376d4d792,2026-02-28T16:31:14Z,0,too slow,a3110493c4134017a316f315e4125f61
spotify:track:0hSs4vOZo1OkRiAOoLafrT,48468f9ee55c4e71b349a5f376d4d792,2026-02-28T16:31:14Z,1,i like it. it screams video games. ,a3110493c4134017a316f315e4125f61
spotify:track:0NSYVDo4ryxNWln7TfEyex,48468f9ee55c4e71b349a5f376d4d792,2026-02-28T16:31:14Z,2,its goooood,a3110493c4134017a316f315e4125f61
spotify:track:0uVDDBYrazlaPEWF4DVbNc,48468f9ee55c4e71b349a5f376d4d792,2026-02-28T16:31:14Z,1,its good. sounds like that goose song give it time. ,a3110493c4134017a316f315e4125f61
spotify:track:0v0aNSpU5UveHWSEF7Yltj,48468f9ee55c4e71b349a5f376d4d792,2026-02-28T16:31:14Z,1,its good,a3110493c4134017a316f315e4125f61
spotify:track:2dWFqWIBk09lft3bxh0YuD,48468f9ee55c4e71b349a5f376d4d792,2026-02-28T16:31:14Z,1,its pretty good,a3110493c4134017a316f315e4125f61
spotify:track:1ckhUtD8nBH2ShPlU8w2nU,9b7e03ea90dd46db9779dc21eb04ca5a,2026-02-28T16:49:46Z,2,Finally an uptempo song. ,a3110493c4134017a316f315e4125f61
spotify:track:7l5DWlteamaNT9Yp6UPfLJ,9b7e03ea90dd46db9779dc21eb04ca5a,2026-02-28T16:49:46Z,2,,a3110493c4134017a316f315e4125f61
spotify:track:5bJ1K78btQIh5gR1MaFXt0,9b7e03ea90dd46db9779dc21eb04ca5a,2026-02-28T16:49:46Z,2,,a3110493c4134017a316f315e4125f61
spotify:track:4X3qGigyU6ARi3HP4lWD95,9b7e03ea90dd46db9779dc21eb04ca5a,2026-02-28T16:49:46Z,1,,a3110493c4134017a316f315e4125f61
spotify:track:3OGPXgqtbM1fFpQanE6mP3,9b7e03ea90dd46db9779dc21eb04ca5a,2026-02-28T16:49:46Z,1,,a3110493c4134017a316f315e4125f61
spotify:track:3MbCPBMZzFMPa1vMCIcgwS,9b7e03ea90dd46db9779dc21eb04ca5a,2026-02-28T16:49:46Z,2,,a3110493c4134017a316f315e4125f61
spotify:track:2dWFqWIBk09lft3bxh0YuD,9b7e03ea90dd46db9779dc21eb04ca5a,2026-02-28T16:49:46Z,4,These guys have been one of my fav ML discoveries of the last year. -1 because it was from a different league. ,a3110493c4134017a316f315e4125f61
spotify:track:1tmt1mnzgDSj7fsxJZkByn,9b7e03ea90dd46db9779dc21eb04ca5a,2026-02-28T16:49:46Z,2,Finally a song that gets me going. ,a3110493c4134017a316f315e4125f61
spotify:track:4X3qGigyU6ARi3HP4lWD95,4e117e3021d7466c8bf0b654f8357418,2026-02-28T19:01:13Z,1,,a3110493c4134017a316f315e4125f61
spotify:track:0hSs4vOZo1OkRiAOoLafrT,4e117e3021d7466c8bf0b654f8357418,2026-02-28T19:01:13Z,1,One point for the lulz and your Chicago Bulls,a3110493c4134017a316f315e4125f61
spotify:track:0uVDDBYrazlaPEWF4DVbNc,4e117e3021d7466c8bf0b654f8357418,2026-02-28T19:01:13Z,3,,a3110493c4134017a316f315e4125f61
spotify:track:0v0aNSpU5UveHWSEF7Yltj,4e117e3021d7466c8bf0b654f8357418,2026-02-28T19:01:13Z,2,,a3110493c4134017a316f315e4125f61
spotify:track:3MbCPBMZzFMPa1vMCIcgwS,4e117e3021d7466c8bf0b654f8357418,2026-02-28T19:01:13Z,0,Didn’t think I was going to be able to finish the playlist after this one brought me so close to killing myself,a3110493c4134017a316f315e4125f61
spotify:track:3OGPXgqtbM1fFpQanE6mP3,4e117e3021d7466c8bf0b654f8357418,2026-02-28T19:01:13Z,1,,a3110493c4134017a316f315e4125f61
spotify:track:4CvWCw186MTiSFbpEiZODS,4e117e3021d7466c8bf0b654f8357418,2026-02-28T19:01:13Z,1,,a3110493c4134017a316f315e4125f61
spotify:track:4iVbMHv3CYSF3zVKKoUA18,4e117e3021d7466c8bf0b654f8357418,2026-02-28T19:01:13Z,3,,a3110493c4134017a316f315e4125f61
spotify:track:7l5DWlteamaNT9Yp6UPfLJ,4e117e3021d7466c8bf0b654f8357418,2026-02-28T19:01:13Z,2,,a3110493c4134017a316f315e4125f61
spotify:track:797qMUoU74C6xc45n2vAMK,4e117e3021d7466c8bf0b654f8357418,2026-02-28T19:01:13Z,1,,a3110493c4134017a316f315e4125f61
spotify:track:5bJ1K78btQIh5gR1MaFXt0,4e117e3021d7466c8bf0b654f8357418,2026-02-28T19:01:13Z,1,,a3110493c4134017a316f315e4125f61
spotify:track:4CvWCw186MTiSFbpEiZODS,e5c2390073644e979f43e744c33e6c60,2026-03-01T03:56:43Z,0,Way too scattered to get control and focus for a run,a3110493c4134017a316f315e4125f61
spotify:track:3OGPXgqtbM1fFpQanE6mP3,e5c2390073644e979f43e744c33e6c60,2026-03-01T03:56:43Z,1,Another fun song just kit what I would want staring down the half pipe ,a3110493c4134017a316f315e4125f61
spotify:track:3MbCPBMZzFMPa1vMCIcgwS,e5c2390073644e979f43e744c33e6c60,2026-03-01T03:56:43Z,1,"Love the jungle/drum
And base vibes but that dub step robot kills it",a3110493c4134017a316f315e4125f61
spotify:track:2dWFqWIBk09lft3bxh0YuD,e5c2390073644e979f43e744c33e6c60,2026-03-01T03:56:43Z,3,Focus is clear landing the backside 720,a3110493c4134017a316f315e4125f61
spotify:track:1tmt1mnzgDSj7fsxJZkByn,e5c2390073644e979f43e744c33e6c60,2026-03-01T03:56:43Z,4,Finally something to get me pumped and ready to go find my lines and make that 1080 nose grab  ,a3110493c4134017a316f315e4125f61
spotify:track:1ckhUtD8nBH2ShPlU8w2nU,e5c2390073644e979f43e744c33e6c60,2026-03-01T03:56:43Z,1,,a3110493c4134017a316f315e4125f61
spotify:track:0v0aNSpU5UveHWSEF7Yltj,e5c2390073644e979f43e744c33e6c60,2026-03-01T03:56:43Z,0,"This is post show vibes, not when I’m about to go for gold!",a3110493c4134017a316f315e4125f61
spotify:track:0NSYVDo4ryxNWln7TfEyex,e5c2390073644e979f43e744c33e6c60,2026-03-01T03:56:43Z,1,,a3110493c4134017a316f315e4125f61
spotify:track:0hSs4vOZo1OkRiAOoLafrT,e5c2390073644e979f43e744c33e6c60,2026-03-01T03:56:43Z,1,"Classic warm up song! MJ, Pippen, Rodman, Kerr 🐂🏀",a3110493c4134017a316f315e4125f61
spotify:track:0h1HflWtF5FuOhO9qaQobT,e5c2390073644e979f43e744c33e6c60,2026-03-01T03:56:43Z,0,So slow I’d fall asleep before my run,a3110493c4134017a316f315e4125f61
spotify:track:7l5DWlteamaNT9Yp6UPfLJ,e5c2390073644e979f43e744c33e6c60,2026-03-01T03:56:43Z,1,,a3110493c4134017a316f315e4125f61
spotify:track:797qMUoU74C6xc45n2vAMK,e5c2390073644e979f43e744c33e6c60,2026-03-01T03:56:43Z,2,,a3110493c4134017a316f315e4125f61
spotify:track:5bJ1K78btQIh5gR1MaFXt0,e5c2390073644e979f43e744c33e6c60,2026-03-01T03:56:43Z,1,,a3110493c4134017a316f315e4125f61
spotify:track:09NvTKEGmHjJYjxPTAQirk,ce76a5e6ff274137bb5127db7065d9a8,2026-03-02T19:02:10Z,0,"I'm not very familiar with the original, so I don't really know how to vote on this. 

K to be fair I went and listened to the original. Cover didn't do much for me.",1efdb5daf8fc48268ee24f6522de0785
spotify:track:0lOdUZSyhmgn5zlGmmZAyD,ce76a5e6ff274137bb5127db7065d9a8,2026-03-02T19:02:10Z,2,,1efdb5daf8fc48268ee24f6522de0785
spotify:track:0W2ot5of6I9CS3LTR41n0f,ce76a5e6ff274137bb5127db7065d9a8,2026-03-02T19:02:10Z,1,,1efdb5daf8fc48268ee24f6522de0785
spotify:track:1lTo5DqdPcHWI82OD3xZqu,ce76a5e6ff274137bb5127db7065d9a8,2026-03-02T19:02:10Z,1,,1efdb5daf8fc48268ee24f6522de0785
spotify:track:2cpJAVteVpeXFCiOgjcx7m,ce76a5e6ff274137bb5127db7065d9a8,2026-03-02T19:02:10Z,1,,1efdb5daf8fc48268ee24f6522de0785
spotify:track:2lPOIqbaTrAMIvONIwYThq,ce76a5e6ff274137bb5127db7065d9a8,2026-03-02T19:02:10Z,1,,1efdb5daf8fc48268ee24f6522de0785
spotify:track:2YQnMJuV4keX8IHjAsDOD4,ce76a5e6ff274137bb5127db7065d9a8,2026-03-02T19:02:10Z,0,Is a jazz version of a kinda jazzy dead song enough? Idk,1efdb5daf8fc48268ee24f6522de0785
spotify:track:3S3nxkXTZQAnidUFObJP3r,ce76a5e6ff274137bb5127db7065d9a8,2026-03-02T19:02:10Z,2,This is weird as fuck. I love Les,1efdb5daf8fc48268ee24f6522de0785
spotify:track:4dkpAsEasNuxJYa7Gv9HKl,ce76a5e6ff274137bb5127db7065d9a8,2026-03-02T19:02:10Z,2,"I almost used this for the most obscure round last season. Hi, AL",1efdb5daf8fc48268ee24f6522de0785
spotify:track:4v0XOp3m5cLDmNGZrVmXbX,ce76a5e6ff274137bb5127db7065d9a8,2026-03-02T19:02:10Z,2,"Something about a black woman singing this really elevates it. Also can hear/understand the lyrics more clearly than in Neil's version, so in that sense really satisfies the prompt for me",1efdb5daf8fc48268ee24f6522de0785
spotify:track:4YKhIH7BhFErLoV9dgHupm,ce76a5e6ff274137bb5127db7065d9a8,2026-03-02T19:02:10Z,0,"I submitted the other version, can't give ya points sorry",1efdb5daf8fc48268ee24f6522de0785
spotify:track:5mhzHPJ2pYeH1Dj9Nayegd,ce76a5e6ff274137bb5127db7065d9a8,2026-03-02T19:02:10Z,2,,1efdb5daf8fc48268ee24f6522de0785
spotify:track:62Tz24XG4x6Ddft3Xn4HFJ,ce76a5e6ff274137bb5127db7065d9a8,2026-03-02T19:02:10Z,1,,1efdb5daf8fc48268ee24f6522de0785
spotify:track:6vC7mF2CXYW6MVF2voO4FU,ce76a5e6ff274137bb5127db7065d9a8,2026-03-02T19:02:10Z,0,"Another one I don't know the original. Sorry, I feel like part of this is the OG should be really well known? Idk, don't give me extra work",1efdb5daf8fc48268ee24f6522de0785
spotify:track:7KLYrPB6My9FTGCq1Qzi0U,ce76a5e6ff274137bb5127db7065d9a8,2026-03-02T19:02:10Z,1,,1efdb5daf8fc48268ee24f6522de0785
spotify:track:7sZD8tOmfRUObogGX8VzfZ,ce76a5e6ff274137bb5127db7065d9a8,2026-03-02T19:02:10Z,0,"Welp, I didn't expect this one to do particularly well. But even less so now with two versions of the same song.",1efdb5daf8fc48268ee24f6522de0785
spotify:track:09NvTKEGmHjJYjxPTAQirk,8453d173315c468e8134e2527a658ba5,2026-03-03T13:32:54Z,1,Fun enough,1efdb5daf8fc48268ee24f6522de0785
spotify:track:0W2ot5of6I9CS3LTR41n0f,8453d173315c468e8134e2527a658ba5,2026-03-03T13:32:54Z,3,"I played this in the vocal performance round in a league with Jacob’s dumb friends and got last place. Marvin Gaye, last place, lol. Anyway if this is a diskin dad i rescind all my points",1efdb5daf8fc48268ee24f6522de0785
spotify:track:1lTo5DqdPcHWI82OD3xZqu,8453d173315c468e8134e2527a658ba5,2026-03-03T13:32:54Z,2,Ramsey never misses,1efdb5daf8fc48268ee24f6522de0785
spotify:track:2lPOIqbaTrAMIvONIwYThq,8453d173315c468e8134e2527a658ba5,2026-03-03T13:32:54Z,1,,1efdb5daf8fc48268ee24f6522de0785
spotify:track:2YQnMJuV4keX8IHjAsDOD4,8453d173315c468e8134e2527a658ba5,2026-03-03T13:32:54Z,2,,1efdb5daf8fc48268ee24f6522de0785
spotify:track:3S3nxkXTZQAnidUFObJP3r,8453d173315c468e8134e2527a658ba5,2026-03-03T13:32:54Z,0,Hate,1efdb5daf8fc48268ee24f6522de0785
spotify:track:4v0XOp3m5cLDmNGZrVmXbX,8453d173315c468e8134e2527a658ba5,2026-03-03T13:32:54Z,2,Nice one. She has a gimme shelter that I strongly considered. ,1efdb5daf8fc48268ee24f6522de0785
spotify:track:4YKhIH7BhFErLoV9dgHupm,8453d173315c468e8134e2527a658ba5,2026-03-03T13:32:54Z,2,,1efdb5daf8fc48268ee24f6522de0785
spotify:track:5mhzHPJ2pYeH1Dj9Nayegd,8453d173315c468e8134e2527a658ba5,2026-03-03T13:32:54Z,2,Is this a leftover Lez? I like it either way,1efdb5daf8fc48268ee24f6522de0785
spotify:track:7KLYrPB6My9FTGCq1Qzi0U,8453d173315c468e8134e2527a658ba5,2026-03-03T13:32:54Z,1,Kind of cheating but can’t not give sharjo a point,1efdb5daf8fc48268ee24f6522de0785
spotify:track:7sZD8tOmfRUObogGX8VzfZ,8453d173315c468e8134e2527a658ba5,2026-03-03T13:32:54Z,0,Big loser in the Billie Jean battle,1efdb5daf8fc48268ee24f6522de0785
spotify:track:09NvTKEGmHjJYjxPTAQirk,1c89e947d02949ed86d05ec22a7350bf,2026-03-03T13:40:44Z,1,,1efdb5daf8fc48268ee24f6522de0785
spotify:track:0lOdUZSyhmgn5zlGmmZAyD,1c89e947d02949ed86d05ec22a7350bf,2026-03-03T13:40:44Z,3,fav of the week,1efdb5daf8fc48268ee24f6522de0785
spotify:track:0W2ot5of6I9CS3LTR41n0f,1c89e947d02949ed86d05ec22a7350bf,2026-03-03T13:40:44Z,1,"Beautiful, but so was the original.
FWIW, kenny's beatles cover entry on the Vocals round was more exciting than all of these.",1efdb5daf8fc48268ee24f6522de0785
spotify:track:1lTo5DqdPcHWI82OD3xZqu,1c89e947d02949ed86d05ec22a7350bf,2026-03-03T13:40:44Z,0,too many beatles,1efdb5daf8fc48268ee24f6522de0785
spotify:track:2cpJAVteVpeXFCiOgjcx7m,1c89e947d02949ed86d05ec22a7350bf,2026-03-03T13:40:44Z,2,best genre bending pick ,1efdb5daf8fc48268ee24f6522de0785
spotify:track:2lPOIqbaTrAMIvONIwYThq,1c89e947d02949ed86d05ec22a7350bf,2026-03-03T13:40:44Z,2,fun one,1efdb5daf8fc48268ee24f6522de0785
spotify:track:2YQnMJuV4keX8IHjAsDOD4,1c89e947d02949ed86d05ec22a7350bf,2026-03-03T13:40:44Z,1,,1efdb5daf8fc48268ee24f6522de0785
spotify:track:3S3nxkXTZQAnidUFObJP3r,1c89e947d02949ed86d05ec22a7350bf,2026-03-03T13:40:44Z,0,"I""m sorry, unpopular opinion, but i just cant stand any and all les claypool.  he's just too much.  No points. Next.",1efdb5daf8fc48268ee24f6522de0785
spotify:track:4dkpAsEasNuxJYa7Gv9HKl,1c89e947d02949ed86d05ec22a7350bf,2026-03-03T13:40:44Z,0,too many beatles,1efdb5daf8fc48268ee24f6522de0785
spotify:track:4v0XOp3m5cLDmNGZrVmXbX,1c89e947d02949ed86d05ec22a7350bf,2026-03-03T13:40:44Z,2,brandon?,1efdb5daf8fc48268ee24f6522de0785
spotify:track:5mhzHPJ2pYeH1Dj9Nayegd,1c89e947d02949ed86d05ec22a7350bf,2026-03-03T13:40:44Z,1,thought about submitting this one,1efdb5daf8fc48268ee24f6522de0785
spotify:track:62Tz24XG4x6Ddft3Xn4HFJ,1c89e947d02949ed86d05ec22a7350bf,2026-03-03T13:40:44Z,1,,1efdb5daf8fc48268ee24f6522de0785
spotify:track:6vC7mF2CXYW6MVF2voO4FU,1c89e947d02949ed86d05ec22a7350bf,2026-03-03T13:40:44Z,1,,1efdb5daf8fc48268ee24f6522de0785
spotify:track:7KLYrPB6My9FTGCq1Qzi0U,1c89e947d02949ed86d05ec22a7350bf,2026-03-03T13:40:44Z,1,,1efdb5daf8fc48268ee24f6522de0785
spotify:track:7sZD8tOmfRUObogGX8VzfZ,1c89e947d02949ed86d05ec22a7350bf,2026-03-03T13:40:44Z,0,I think my version was better ;) ,1efdb5daf8fc48268ee24f6522de0785
spotify:track:0lOdUZSyhmgn5zlGmmZAyD,a2909b31d1c04d728cfcf68ca0d73cca,2026-03-03T14:35:58Z,1,Hot take but I never loved the original of this song. This cover makes me appreciate it more. Prompt achieved. ,1efdb5daf8fc48268ee24f6522de0785
spotify:track:0W2ot5of6I9CS3LTR41n0f,a2909b31d1c04d728cfcf68ca0d73cca,2026-03-03T14:35:58Z,1,Always loved this song and the original vocals. Marvin does a really lovely rendition. ,1efdb5daf8fc48268ee24f6522de0785
spotify:track:1lTo5DqdPcHWI82OD3xZqu,a2909b31d1c04d728cfcf68ca0d73cca,2026-03-03T14:35:58Z,2,Love this song as an instrumental,1efdb5daf8fc48268ee24f6522de0785
spotify:track:2cpJAVteVpeXFCiOgjcx7m,a2909b31d1c04d728cfcf68ca0d73cca,2026-03-03T14:35:58Z,1,Very different take on the song. I still like the hard rockingness of the original more. ,1efdb5daf8fc48268ee24f6522de0785
spotify:track:2lPOIqbaTrAMIvONIwYThq,a2909b31d1c04d728cfcf68ca0d73cca,2026-03-03T14:35:58Z,1,Different but fits with the original somehow. Maybe a bit longer than it needs to be.,1efdb5daf8fc48268ee24f6522de0785
spotify:track:2YQnMJuV4keX8IHjAsDOD4,a2909b31d1c04d728cfcf68ca0d73cca,2026-03-03T14:35:58Z,0,Grateful Dead seems like a cop out,1efdb5daf8fc48268ee24f6522de0785
spotify:track:3S3nxkXTZQAnidUFObJP3r,a2909b31d1c04d728cfcf68ca0d73cca,2026-03-03T14:35:58Z,1,This one made me laugh. Love Les and his weirdness,1efdb5daf8fc48268ee24f6522de0785
spotify:track:4dkpAsEasNuxJYa7Gv9HKl,a2909b31d1c04d728cfcf68ca0d73cca,2026-03-03T14:35:58Z,2,Very cool version,1efdb5daf8fc48268ee24f6522de0785
spotify:track:4v0XOp3m5cLDmNGZrVmXbX,a2909b31d1c04d728cfcf68ca0d73cca,2026-03-03T14:35:58Z,1,Great cover but feels close to the original genre. Still getting a point. ,1efdb5daf8fc48268ee24f6522de0785
spotify:track:4YKhIH7BhFErLoV9dgHupm,a2909b31d1c04d728cfcf68ca0d73cca,2026-03-03T14:35:58Z,1,"Let’s see how this hold up against the other Billie Jean. 

Update: I like this one more ",1efdb5daf8fc48268ee24f6522de0785
spotify:track:5mhzHPJ2pYeH1Dj9Nayegd,a2909b31d1c04d728cfcf68ca0d73cca,2026-03-03T14:35:58Z,1,,1efdb5daf8fc48268ee24f6522de0785
spotify:track:62Tz24XG4x6Ddft3Xn4HFJ,a2909b31d1c04d728cfcf68ca0d73cca,2026-03-03T14:35:58Z,1,,1efdb5daf8fc48268ee24f6522de0785
spotify:track:6vC7mF2CXYW6MVF2voO4FU,a2909b31d1c04d728cfcf68ca0d73cca,2026-03-03T14:35:58Z,1,It’s fine. I’m not really into the sad singer songwriter style. ,1efdb5daf8fc48268ee24f6522de0785
spotify:track:7KLYrPB6My9FTGCq1Qzi0U,a2909b31d1c04d728cfcf68ca0d73cca,2026-03-03T14:35:58Z,2,Automatic 2 points for Sharon ,1efdb5daf8fc48268ee24f6522de0785
spotify:track:7sZD8tOmfRUObogGX8VzfZ,a2909b31d1c04d728cfcf68ca0d73cca,2026-03-03T14:35:58Z,0,I liked the other one more. ,1efdb5daf8fc48268ee24f6522de0785
spotify:track:09NvTKEGmHjJYjxPTAQirk,d0b05ef03f5e4598a3e8532b812c3330,2026-03-03T16:46:56Z,3,I know its funk related but this is probably the best of the bunch. I just love this so much. You nailed the prompt. ,1efdb5daf8fc48268ee24f6522de0785
spotify:track:0lOdUZSyhmgn5zlGmmZAyD,d0b05ef03f5e4598a3e8532b812c3330,2026-03-03T16:46:56Z,1,Great just great. ,1efdb5daf8fc48268ee24f6522de0785
spotify:track:0W2ot5of6I9CS3LTR41n0f,d0b05ef03f5e4598a3e8532b812c3330,2026-03-03T16:46:56Z,0,I cant believe im giving this a zero. I feel like im going to hell for this especially how it touches my soul. Sorry Marvin. i just have heard this too much. ,1efdb5daf8fc48268ee24f6522de0785
spotify:track:1lTo5DqdPcHWI82OD3xZqu,d0b05ef03f5e4598a3e8532b812c3330,2026-03-03T16:46:56Z,1,Maybe the GOAT cover album?,1efdb5daf8fc48268ee24f6522de0785
spotify:track:2lPOIqbaTrAMIvONIwYThq,d0b05ef03f5e4598a3e8532b812c3330,2026-03-03T16:46:56Z,1,Killer tune. ,1efdb5daf8fc48268ee24f6522de0785
spotify:track:2YQnMJuV4keX8IHjAsDOD4,d0b05ef03f5e4598a3e8532b812c3330,2026-03-03T16:46:56Z,1,Fun really fun,1efdb5daf8fc48268ee24f6522de0785
spotify:track:3S3nxkXTZQAnidUFObJP3r,d0b05ef03f5e4598a3e8532b812c3330,2026-03-03T16:46:56Z,2,GO ASA GO GREAT CHOICE,1efdb5daf8fc48268ee24f6522de0785
spotify:track:4dkpAsEasNuxJYa7Gv9HKl,d0b05ef03f5e4598a3e8532b812c3330,2026-03-03T16:46:56Z,0,Just too many other ones,1efdb5daf8fc48268ee24f6522de0785
spotify:track:4v0XOp3m5cLDmNGZrVmXbX,d0b05ef03f5e4598a3e8532b812c3330,2026-03-03T16:46:56Z,1,,1efdb5daf8fc48268ee24f6522de0785
spotify:track:4YKhIH7BhFErLoV9dgHupm,d0b05ef03f5e4598a3e8532b812c3330,2026-03-03T16:46:56Z,1,,1efdb5daf8fc48268ee24f6522de0785
spotify:track:5mhzHPJ2pYeH1Dj9Nayegd,d0b05ef03f5e4598a3e8532b812c3330,2026-03-03T16:46:56Z,2,Really good different take on this. Love how it adds some of the griminess and loneliness to the new york experience. ,1efdb5daf8fc48268ee24f6522de0785
spotify:track:62Tz24XG4x6Ddft3Xn4HFJ,d0b05ef03f5e4598a3e8532b812c3330,2026-03-03T16:46:56Z,2,Very cool. The chorus is particularly lovely,1efdb5daf8fc48268ee24f6522de0785
spotify:track:6vC7mF2CXYW6MVF2voO4FU,d0b05ef03f5e4598a3e8532b812c3330,2026-03-03T16:46:56Z,0,Lovely just too many great ones. ,1efdb5daf8fc48268ee24f6522de0785
spotify:track:7KLYrPB6My9FTGCq1Qzi0U,d0b05ef03f5e4598a3e8532b812c3330,2026-03-03T16:46:56Z,0,Hi Kenny. Heard this too many times even though I could hear it a million more. Im going to hell again for voting zero. ,1efdb5daf8fc48268ee24f6522de0785
spotify:track:7sZD8tOmfRUObogGX8VzfZ,d0b05ef03f5e4598a3e8532b812c3330,2026-03-03T16:46:56Z,1,Figured a chris cornell would be here. So so good. ,1efdb5daf8fc48268ee24f6522de0785
spotify:track:09NvTKEGmHjJYjxPTAQirk,49a5ff7c4466457eb8016aaf873224cb,2026-03-03T18:41:32Z,2,"Super coooool. Still been meaning to do my ELO deep dive. Might be fav of round. What a cool pick. 

After careful consideration and multiple relistens, I am knocking this down from a 3 bagger so I can give some other love where it is needed. But it's a 3 in my heart, mostly. The ELO version is still definitely better... ",1efdb5daf8fc48268ee24f6522de0785
spotify:track:0lOdUZSyhmgn5zlGmmZAyD,49a5ff7c4466457eb8016aaf873224cb,2026-03-03T18:41:32Z,1,It’s fine. I’m sure you’ll get some Mendo sexy album art points. ,1efdb5daf8fc48268ee24f6522de0785
spotify:track:0W2ot5of6I9CS3LTR41n0f,49a5ff7c4466457eb8016aaf873224cb,2026-03-03T18:41:32Z,2,tooooo slowwwwww -asa,1efdb5daf8fc48268ee24f6522de0785
spotify:track:1lTo5DqdPcHWI82OD3xZqu,49a5ff7c4466457eb8016aaf873224cb,2026-03-03T18:41:32Z,1,"Nice n quick, glad it was over fast.",1efdb5daf8fc48268ee24f6522de0785
spotify:track:2cpJAVteVpeXFCiOgjcx7m,49a5ff7c4466457eb8016aaf873224cb,2026-03-03T18:41:32Z,0,Certainly nailed the genre shift aspect. ,1efdb5daf8fc48268ee24f6522de0785
spotify:track:2lPOIqbaTrAMIvONIwYThq,49a5ff7c4466457eb8016aaf873224cb,2026-03-03T18:41:32Z,1,Whew baby. Trying to get this 2 points but I don't know if I can. Spotify video is LIT. What a party. ,1efdb5daf8fc48268ee24f6522de0785
spotify:track:2YQnMJuV4keX8IHjAsDOD4,49a5ff7c4466457eb8016aaf873224cb,2026-03-03T18:41:32Z,1,"Loved this one at first. Whole intro was awesome. Ended up feeling a little vanilla to me eventually. Elevator musicy. Cool, though. Also hate the album name. Love you.

After a few more listens I guess it gets one.",1efdb5daf8fc48268ee24f6522de0785
spotify:track:3S3nxkXTZQAnidUFObJP3r,49a5ff7c4466457eb8016aaf873224cb,2026-03-03T18:41:32Z,1,"lol wild one. Another nailing the genre shift. Can't decide how I want to rank it. Started out just laughing at it, but by the end I was like god damn this is a banger. ",1efdb5daf8fc48268ee24f6522de0785
spotify:track:4dkpAsEasNuxJYa7Gv9HKl,49a5ff7c4466457eb8016aaf873224cb,2026-03-03T18:41:32Z,0,"Lovely cover and one of my fav Beatles tunes. A bit too similar-sounding to the original. We’ll see where it lands. Definitely really enjoyed, but I am splitting hairs to dish these points out properly. ",1efdb5daf8fc48268ee24f6522de0785
spotify:track:4v0XOp3m5cLDmNGZrVmXbX,49a5ff7c4466457eb8016aaf873224cb,2026-03-03T18:41:32Z,2,"Merry Clayton cheat code. Minus 2 points. Plus 4 points for crushing. Almost want to dock it down to 1 point so I can spread the love , but yeahhhh it's different enough and slays enough that it's gonna have to get 2. ",1efdb5daf8fc48268ee24f6522de0785
spotify:track:4YKhIH7BhFErLoV9dgHupm,49a5ff7c4466457eb8016aaf873224cb,2026-03-03T18:41:32Z,1,"Ah yes, the BJ Civil Wars. This time, I think the South won (rocky top, woo). At first I didn't care for this one, thought it was your typical douchey singer-songwriter guy at a college house party trying to get chicks. But then the female vocals came in and changed the game. ",1efdb5daf8fc48268ee24f6522de0785
spotify:track:5mhzHPJ2pYeH1Dj9Nayegd,49a5ff7c4466457eb8016aaf873224cb,2026-03-03T18:41:32Z,1,Loved it just enough.,1efdb5daf8fc48268ee24f6522de0785
spotify:track:62Tz24XG4x6Ddft3Xn4HFJ,49a5ff7c4466457eb8016aaf873224cb,2026-03-03T18:41:32Z,1,Awesome choice. Although I heard you weren't supposed to mess around with Jim. ,1efdb5daf8fc48268ee24f6522de0785
spotify:track:6vC7mF2CXYW6MVF2voO4FU,49a5ff7c4466457eb8016aaf873224cb,2026-03-03T18:41:32Z,1,Loved it just enough.,1efdb5daf8fc48268ee24f6522de0785
spotify:track:7KLYrPB6My9FTGCq1Qzi0U,49a5ff7c4466457eb8016aaf873224cb,2026-03-03T18:41:32Z,0,"I am sure you're all going to ding the hell out of me because you've probably heard me play it a million times, but I don't give a god damn. It is such a sick version and nails the prompt for me. I am fine hang bottom quartile. ",1efdb5daf8fc48268ee24f6522de0785
spotify:track:7sZD8tOmfRUObogGX8VzfZ,49a5ff7c4466457eb8016aaf873224cb,2026-03-03T18:41:32Z,1,"Pretty cool version, but if we have to decide the BJ Winner, the other one takes it for me. This one gets pretty sick, though. Might get a point out of respect for the dead and because Go Mariners/Seattle + Go ripping guitar solos. 

Fine, it's a draw.",1efdb5daf8fc48268ee24f6522de0785
spotify:track:09NvTKEGmHjJYjxPTAQirk,4e117e3021d7466c8bf0b654f8357418,2026-03-03T23:36:59Z,0,"Brutal start. We’re getting dangerously close to Harry Connick Jr and Michael Buble territory, folks. This did the opposite of make me appreciate the original more. ",1efdb5daf8fc48268ee24f6522de0785
spotify:track:0lOdUZSyhmgn5zlGmmZAyD,4e117e3021d7466c8bf0b654f8357418,2026-03-03T23:36:59Z,2,,1efdb5daf8fc48268ee24f6522de0785
spotify:track:1lTo5DqdPcHWI82OD3xZqu,4e117e3021d7466c8bf0b654f8357418,2026-03-03T23:36:59Z,2,,1efdb5daf8fc48268ee24f6522de0785
spotify:track:2cpJAVteVpeXFCiOgjcx7m,4e117e3021d7466c8bf0b654f8357418,2026-03-03T23:36:59Z,1,,1efdb5daf8fc48268ee24f6522de0785
spotify:track:2lPOIqbaTrAMIvONIwYThq,4e117e3021d7466c8bf0b654f8357418,2026-03-03T23:36:59Z,1,,1efdb5daf8fc48268ee24f6522de0785
spotify:track:2YQnMJuV4keX8IHjAsDOD4,4e117e3021d7466c8bf0b654f8357418,2026-03-03T23:36:59Z,1,,1efdb5daf8fc48268ee24f6522de0785
spotify:track:3S3nxkXTZQAnidUFObJP3r,4e117e3021d7466c8bf0b654f8357418,2026-03-03T23:36:59Z,2,,1efdb5daf8fc48268ee24f6522de0785
spotify:track:4dkpAsEasNuxJYa7Gv9HKl,4e117e3021d7466c8bf0b654f8357418,2026-03-03T23:36:59Z,1,,1efdb5daf8fc48268ee24f6522de0785
spotify:track:4v0XOp3m5cLDmNGZrVmXbX,4e117e3021d7466c8bf0b654f8357418,2026-03-03T23:36:59Z,1,,1efdb5daf8fc48268ee24f6522de0785
spotify:track:4YKhIH7BhFErLoV9dgHupm,4e117e3021d7466c8bf0b654f8357418,2026-03-03T23:36:59Z,0,Thought I was gonna run out of points. Thanks for saving me some. ,1efdb5daf8fc48268ee24f6522de0785
spotify:track:5mhzHPJ2pYeH1Dj9Nayegd,4e117e3021d7466c8bf0b654f8357418,2026-03-03T23:36:59Z,1,,1efdb5daf8fc48268ee24f6522de0785
spotify:track:6vC7mF2CXYW6MVF2voO4FU,4e117e3021d7466c8bf0b654f8357418,2026-03-03T23:36:59Z,2,,1efdb5daf8fc48268ee24f6522de0785
spotify:track:7KLYrPB6My9FTGCq1Qzi0U,4e117e3021d7466c8bf0b654f8357418,2026-03-03T23:36:59Z,1,,1efdb5daf8fc48268ee24f6522de0785
spotify:track:7sZD8tOmfRUObogGX8VzfZ,4e117e3021d7466c8bf0b654f8357418,2026-03-03T23:36:59Z,1,,1efdb5daf8fc48268ee24f6522de0785
spotify:track:09NvTKEGmHjJYjxPTAQirk,f1f0f2ed0eb64306992b613229fb7972,2026-03-04T02:20:16Z,2,"Love this original and love this cover, as well. Great start to the playlist. ",1efdb5daf8fc48268ee24f6522de0785
spotify:track:0lOdUZSyhmgn5zlGmmZAyD,f1f0f2ed0eb64306992b613229fb7972,2026-03-04T02:20:16Z,1,Interesting take on this! Digging it. V groovy. ,1efdb5daf8fc48268ee24f6522de0785
spotify:track:0W2ot5of6I9CS3LTR41n0f,f1f0f2ed0eb64306992b613229fb7972,2026-03-04T02:20:16Z,0,"I heard this song for the 1st time when I was doing research for this round & it stopped me dead in my tracks. What is already an incredibly beautiful song was somehow made even more spectacularly gorgeous by this wonderfully talented individual?! I loved it. I keep coming back to it. It really shook me to my core. Hope y'all enjoyed, as well! ",1efdb5daf8fc48268ee24f6522de0785
spotify:track:1lTo5DqdPcHWI82OD3xZqu,f1f0f2ed0eb64306992b613229fb7972,2026-03-04T02:20:16Z,0,"Hmmm, I love the original of this song so much, it's hard to accept this version into my life! It's not *bad,* but it's not the original. Was worried I'd miss the ""da da da da da da da da da, da da da da da da da da da, da da da da da da da da da da da da da"" part but I kind of like how they did it with strings? Hmmm, ok. 1 point to start. 

Sorry, Rock. Ran out of points 🦝",1efdb5daf8fc48268ee24f6522de0785
spotify:track:2cpJAVteVpeXFCiOgjcx7m,f1f0f2ed0eb64306992b613229fb7972,2026-03-04T02:20:16Z,2,"Whoa. This is crazy, ha. Furthest from the original version probably? Kinda love this, ha. Might be my favorite of the week? I've never heard it before & it's so unique & kind of odd (complimentary). My one bone to pick with it is that they keep pronouncing the R in iRon? It's bugging me out. Other than that, I love this. ",1efdb5daf8fc48268ee24f6522de0785
spotify:track:2lPOIqbaTrAMIvONIwYThq,f1f0f2ed0eb64306992b613229fb7972,2026-03-04T02:20:16Z,1,"Points for Talking Heads, obviously. This & Sharon were the only tracks on this playlist I was previously familiar with. Go figure ;) While this is a great song, I *love* the original, so it's hard to judge this song without considering that. Definitely worthy of 1 point, at least. ",1efdb5daf8fc48268ee24f6522de0785
spotify:track:2YQnMJuV4keX8IHjAsDOD4,f1f0f2ed0eb64306992b613229fb7972,2026-03-04T02:20:16Z,0,"This is very horny, perhaps to a fault? I also love the original of this so it's hard to appreciate something that strays like this. Hmmm, let's start with a point & revisit later. 

Sorry, had to distribute elsewhere! ",1efdb5daf8fc48268ee24f6522de0785
spotify:track:3S3nxkXTZQAnidUFObJP3r,f1f0f2ed0eb64306992b613229fb7972,2026-03-04T02:20:16Z,2,"LOL, Les is such a fucking freak, I love this 😆 Also, points for Bee Gees, always. ",1efdb5daf8fc48268ee24f6522de0785
spotify:track:4dkpAsEasNuxJYa7Gv9HKl,f1f0f2ed0eb64306992b613229fb7972,2026-03-04T02:20:16Z,1,Love the original of this song & am also enjoying this take on it!,1efdb5daf8fc48268ee24f6522de0785
spotify:track:4v0XOp3m5cLDmNGZrVmXbX,f1f0f2ed0eb64306992b613229fb7972,2026-03-04T02:20:16Z,1,"V sultry & soulful, dig it.",1efdb5daf8fc48268ee24f6522de0785
spotify:track:4YKhIH7BhFErLoV9dgHupm,f1f0f2ed0eb64306992b613229fb7972,2026-03-04T02:20:16Z,1,"Oooh, I like this take on this tune! Spooky! ",1efdb5daf8fc48268ee24f6522de0785
spotify:track:5mhzHPJ2pYeH1Dj9Nayegd,f1f0f2ed0eb64306992b613229fb7972,2026-03-04T02:20:16Z,1,"Stumbled upon this one during my research, as well. I enjoyed how different it was from the original, even though the original has such a BIG energy. Both good, in different ways.",1efdb5daf8fc48268ee24f6522de0785
spotify:track:62Tz24XG4x6Ddft3Xn4HFJ,f1f0f2ed0eb64306992b613229fb7972,2026-03-04T02:20:16Z,1,Don’t think I know this original so taking this song at face value. It’s nice. Unique. ,1efdb5daf8fc48268ee24f6522de0785
spotify:track:6vC7mF2CXYW6MVF2voO4FU,f1f0f2ed0eb64306992b613229fb7972,2026-03-04T02:20:16Z,1,Dig it. Not a *huge* fan of the original so this might even be an improvement on the song for me? ,1efdb5daf8fc48268ee24f6522de0785
spotify:track:7KLYrPB6My9FTGCq1Qzi0U,f1f0f2ed0eb64306992b613229fb7972,2026-03-04T02:20:16Z,2,"Oh, SharJo… 💔 Love this track (& honestly, this whole album: https://open.spotify.com/album/2BaLIDWPD51aLNVFPrNV2C?si=AsiAZn7sRMKdu5TO8mp_3Q) Love that clever album titles. She's the best, maybe a bit of a cheat code for me but ¯\_(ツ)_/¯ ",1efdb5daf8fc48268ee24f6522de0785
spotify:track:7sZD8tOmfRUObogGX8VzfZ,f1f0f2ed0eb64306992b613229fb7972,2026-03-04T02:20:16Z,0,"Eh, this is alright but I liked the other one better & don’t have any points left. Sorry!",1efdb5daf8fc48268ee24f6522de0785
spotify:track:0lOdUZSyhmgn5zlGmmZAyD,7fdceb56429c4e38939c3e5ee41bfdd0,2026-03-04T04:15:30Z,1,,1efdb5daf8fc48268ee24f6522de0785
spotify:track:0W2ot5of6I9CS3LTR41n0f,7fdceb56429c4e38939c3e5ee41bfdd0,2026-03-04T04:15:30Z,1,,1efdb5daf8fc48268ee24f6522de0785
spotify:track:1lTo5DqdPcHWI82OD3xZqu,7fdceb56429c4e38939c3e5ee41bfdd0,2026-03-04T04:15:30Z,1,,1efdb5daf8fc48268ee24f6522de0785
spotify:track:2cpJAVteVpeXFCiOgjcx7m,7fdceb56429c4e38939c3e5ee41bfdd0,2026-03-04T04:15:30Z,1,I think someone should continue to sneek a cardigans song somewhere into each season of music league. ,1efdb5daf8fc48268ee24f6522de0785
spotify:track:2lPOIqbaTrAMIvONIwYThq,7fdceb56429c4e38939c3e5ee41bfdd0,2026-03-04T04:15:30Z,2,,1efdb5daf8fc48268ee24f6522de0785
spotify:track:3S3nxkXTZQAnidUFObJP3r,7fdceb56429c4e38939c3e5ee41bfdd0,2026-03-04T04:15:30Z,0,Les is too much in this case,1efdb5daf8fc48268ee24f6522de0785
spotify:track:4dkpAsEasNuxJYa7Gv9HKl,7fdceb56429c4e38939c3e5ee41bfdd0,2026-03-04T04:15:30Z,1,,1efdb5daf8fc48268ee24f6522de0785
spotify:track:4v0XOp3m5cLDmNGZrVmXbX,7fdceb56429c4e38939c3e5ee41bfdd0,2026-03-04T04:15:30Z,2,,1efdb5daf8fc48268ee24f6522de0785
spotify:track:4YKhIH7BhFErLoV9dgHupm,7fdceb56429c4e38939c3e5ee41bfdd0,2026-03-04T04:15:30Z,2,Better worn pair of Billie jeans. ,1efdb5daf8fc48268ee24f6522de0785
spotify:track:5mhzHPJ2pYeH1Dj9Nayegd,7fdceb56429c4e38939c3e5ee41bfdd0,2026-03-04T04:15:30Z,2,Meow ,1efdb5daf8fc48268ee24f6522de0785
spotify:track:62Tz24XG4x6Ddft3Xn4HFJ,7fdceb56429c4e38939c3e5ee41bfdd0,2026-03-04T04:15:30Z,2,Strong section of this playlist ,1efdb5daf8fc48268ee24f6522de0785
spotify:track:7sZD8tOmfRUObogGX8VzfZ,7fdceb56429c4e38939c3e5ee41bfdd0,2026-03-04T04:15:30Z,1,"Had Cornell on my radar, he does a bunch of good covers ",1efdb5daf8fc48268ee24f6522de0785
spotify:track:09NvTKEGmHjJYjxPTAQirk,e5c2390073644e979f43e744c33e6c60,2026-03-04T20:15:50Z,0,Didn’t know the original song ,1efdb5daf8fc48268ee24f6522de0785
spotify:track:0lOdUZSyhmgn5zlGmmZAyD,e5c2390073644e979f43e744c33e6c60,2026-03-04T20:15:50Z,1,Really liked this take,1efdb5daf8fc48268ee24f6522de0785
spotify:track:0W2ot5of6I9CS3LTR41n0f,e5c2390073644e979f43e744c33e6c60,2026-03-04T20:15:50Z,2,,1efdb5daf8fc48268ee24f6522de0785
spotify:track:1lTo5DqdPcHWI82OD3xZqu,e5c2390073644e979f43e744c33e6c60,2026-03-04T20:15:50Z,0,Never really liked Rocky raccoon and couldn’t give this any points,1efdb5daf8fc48268ee24f6522de0785
spotify:track:2cpJAVteVpeXFCiOgjcx7m,e5c2390073644e979f43e744c33e6c60,2026-03-04T20:15:50Z,0,"Wish I could love you love you say that I love you however could not get over how she pronounced it I..RUN MAN, and then the bee bops and doo wops sealed the fate of 0!",1efdb5daf8fc48268ee24f6522de0785
spotify:track:2lPOIqbaTrAMIvONIwYThq,e5c2390073644e979f43e744c33e6c60,2026-03-04T20:15:50Z,2,Beautiful cover and once the play list ended more and more of her covers came all all are great approaches to songs we love ,1efdb5daf8fc48268ee24f6522de0785
spotify:track:3S3nxkXTZQAnidUFObJP3r,e5c2390073644e979f43e744c33e6c60,2026-03-04T20:15:50Z,3,A good Les cover his bass lines are so dirty! Primus Sucks!,1efdb5daf8fc48268ee24f6522de0785
spotify:track:4dkpAsEasNuxJYa7Gv9HKl,e5c2390073644e979f43e744c33e6c60,2026-03-04T20:15:50Z,1,Sounds so close to original with just a little banjo added,1efdb5daf8fc48268ee24f6522de0785
spotify:track:4v0XOp3m5cLDmNGZrVmXbX,e5c2390073644e979f43e744c33e6c60,2026-03-04T20:15:50Z,3,Oh man this one hits good! Way better than other Neil young cover ,1efdb5daf8fc48268ee24f6522de0785
spotify:track:4YKhIH7BhFErLoV9dgHupm,e5c2390073644e979f43e744c33e6c60,2026-03-04T20:15:50Z,1,Two of the same song I know one of you got the notice that this song was chosen! I tried submitting the chri cornel version and was already taken! ,1efdb5daf8fc48268ee24f6522de0785
spotify:track:7KLYrPB6My9FTGCq1Qzi0U,e5c2390073644e979f43e744c33e6c60,2026-03-04T20:15:50Z,1,,1efdb5daf8fc48268ee24f6522de0785
spotify:track:7sZD8tOmfRUObogGX8VzfZ,e5c2390073644e979f43e744c33e6c60,2026-03-04T20:15:50Z,2,"This was going to be my song, but was already chosen! Like this way better than other Billie Jean. ",1efdb5daf8fc48268ee24f6522de0785
spotify:track:09NvTKEGmHjJYjxPTAQirk,183c5f6ed1b147099842917a9576c8f4,2026-03-04T22:24:49Z,0,"Likely unfair, but to my untrained ears, this has dentist waiting room easy listening vibes",1efdb5daf8fc48268ee24f6522de0785
spotify:track:0lOdUZSyhmgn5zlGmmZAyD,183c5f6ed1b147099842917a9576c8f4,2026-03-04T22:24:49Z,2,Loved this.  +1 for sexy animated cover art. ,1efdb5daf8fc48268ee24f6522de0785
spotify:track:0W2ot5of6I9CS3LTR41n0f,183c5f6ed1b147099842917a9576c8f4,2026-03-04T22:24:49Z,1,A lovely soulful rendition. Didn't transform the song enough for more points. Took a pretty song and made it beautiful. ,1efdb5daf8fc48268ee24f6522de0785
spotify:track:1lTo5DqdPcHWI82OD3xZqu,183c5f6ed1b147099842917a9576c8f4,2026-03-04T22:24:49Z,2,This is featured in many of my personal most heavily played Gezzilig playlists and considered heavily it here.  So I guess that means 2 points?,1efdb5daf8fc48268ee24f6522de0785
spotify:track:2cpJAVteVpeXFCiOgjcx7m,183c5f6ed1b147099842917a9576c8f4,2026-03-04T22:24:49Z,2,"Favorite of the ""nah they didn't, oh wait they did!"" category of submissions",1efdb5daf8fc48268ee24f6522de0785
spotify:track:2lPOIqbaTrAMIvONIwYThq,183c5f6ed1b147099842917a9576c8f4,2026-03-04T22:24:49Z,0,I think someone submitted one of Angelique's songs from this album last season. This one isn't my favorite. ,1efdb5daf8fc48268ee24f6522de0785
spotify:track:2YQnMJuV4keX8IHjAsDOD4,183c5f6ed1b147099842917a9576c8f4,2026-03-04T22:24:49Z,0,Is this really a change of genres versus a change of instruments?  Either way it's a tough track for me to appreciate the cover. ,1efdb5daf8fc48268ee24f6522de0785
spotify:track:3S3nxkXTZQAnidUFObJP3r,183c5f6ed1b147099842917a9576c8f4,2026-03-04T22:24:49Z,1,"I never want to listen to this again, but kinda think it's still worth one for the carnival barking crazy ass Les 🤔",1efdb5daf8fc48268ee24f6522de0785
spotify:track:4dkpAsEasNuxJYa7Gv9HKl,183c5f6ed1b147099842917a9576c8f4,2026-03-04T22:24:49Z,0,Ran up against my Beatles covers points quota. Sorry - fun version!,1efdb5daf8fc48268ee24f6522de0785
spotify:track:4YKhIH7BhFErLoV9dgHupm,183c5f6ed1b147099842917a9576c8f4,2026-03-04T22:24:49Z,1,"Winner of the Billy Jean Civil War.  Congrats, here's a point!",1efdb5daf8fc48268ee24f6522de0785
spotify:track:5mhzHPJ2pYeH1Dj9Nayegd,183c5f6ed1b147099842917a9576c8f4,2026-03-04T22:24:49Z,3,"Very cool, outside of the (juke)box cover. Made me re-consider the original. My favorite of the week...and as this was my prompt, it should mean just the world to you!  ",1efdb5daf8fc48268ee24f6522de0785
spotify:track:62Tz24XG4x6Ddft3Xn4HFJ,183c5f6ed1b147099842917a9576c8f4,2026-03-04T22:24:49Z,1,"Genre change is perhaps more subtle than some other, but others are really bad songs",1efdb5daf8fc48268ee24f6522de0785
spotify:track:6vC7mF2CXYW6MVF2voO4FU,183c5f6ed1b147099842917a9576c8f4,2026-03-04T22:24:49Z,2,Loved the stripped down Friday I'm in love. Also love stripping down on fridays. ,1efdb5daf8fc48268ee24f6522de0785
spotify:track:7KLYrPB6My9FTGCq1Qzi0U,183c5f6ed1b147099842917a9576c8f4,2026-03-04T22:24:49Z,1,Underrated original song and a nice funky adoption by Sharon RIP,1efdb5daf8fc48268ee24f6522de0785
spotify:track:7sZD8tOmfRUObogGX8VzfZ,183c5f6ed1b147099842917a9576c8f4,2026-03-04T22:24:49Z,0,Maybe it was list placement. Perhaps it was yet another Billie Jean cover. But I had trouble finishing this. ,1efdb5daf8fc48268ee24f6522de0785
spotify:track:09NvTKEGmHjJYjxPTAQirk,48468f9ee55c4e71b349a5f376d4d792,2026-03-04T23:42:06Z,1,its good. ,1efdb5daf8fc48268ee24f6522de0785
spotify:track:0lOdUZSyhmgn5zlGmmZAyD,48468f9ee55c4e71b349a5f376d4d792,2026-03-04T23:42:06Z,0,too slow,1efdb5daf8fc48268ee24f6522de0785
spotify:track:0W2ot5of6I9CS3LTR41n0f,48468f9ee55c4e71b349a5f376d4d792,2026-03-04T23:42:06Z,1,its pretty good he has a good voice,1efdb5daf8fc48268ee24f6522de0785
spotify:track:1lTo5DqdPcHWI82OD3xZqu,48468f9ee55c4e71b349a5f376d4d792,2026-03-04T23:42:06Z,2,i like the keys,1efdb5daf8fc48268ee24f6522de0785
spotify:track:2cpJAVteVpeXFCiOgjcx7m,48468f9ee55c4e71b349a5f376d4d792,2026-03-04T23:42:06Z,1,iron man is kinda a selfish super hero. and i dont like how you wanted  me to give you more points cause this was your song dad. ,1efdb5daf8fc48268ee24f6522de0785
spotify:track:2lPOIqbaTrAMIvONIwYThq,48468f9ee55c4e71b349a5f376d4d792,2026-03-04T23:42:06Z,1,it makes me want to get up on my feet and dance,1efdb5daf8fc48268ee24f6522de0785
spotify:track:2YQnMJuV4keX8IHjAsDOD4,48468f9ee55c4e71b349a5f376d4d792,2026-03-04T23:42:06Z,2,its very good. i like the saxaphone. ,1efdb5daf8fc48268ee24f6522de0785
spotify:track:4dkpAsEasNuxJYa7Gv9HKl,48468f9ee55c4e71b349a5f376d4d792,2026-03-04T23:42:06Z,1,its good,1efdb5daf8fc48268ee24f6522de0785
spotify:track:4v0XOp3m5cLDmNGZrVmXbX,48468f9ee55c4e71b349a5f376d4d792,2026-03-04T23:42:06Z,1,it makes me want to barf out of excitement its very good piano ,1efdb5daf8fc48268ee24f6522de0785
spotify:track:4YKhIH7BhFErLoV9dgHupm,48468f9ee55c4e71b349a5f376d4d792,2026-03-04T23:42:06Z,1,i like michael jackson but this is too slow,1efdb5daf8fc48268ee24f6522de0785
spotify:track:5mhzHPJ2pYeH1Dj9Nayegd,48468f9ee55c4e71b349a5f376d4d792,2026-03-04T23:42:06Z,1,its good,1efdb5daf8fc48268ee24f6522de0785
spotify:track:62Tz24XG4x6Ddft3Xn4HFJ,48468f9ee55c4e71b349a5f376d4d792,2026-03-04T23:42:06Z,1,its good,1efdb5daf8fc48268ee24f6522de0785
spotify:track:6vC7mF2CXYW6MVF2voO4FU,48468f9ee55c4e71b349a5f376d4d792,2026-03-04T23:42:06Z,0,too slow,1efdb5daf8fc48268ee24f6522de0785
spotify:track:7KLYrPB6My9FTGCq1Qzi0U,48468f9ee55c4e71b349a5f376d4d792,2026-03-04T23:42:06Z,2,its very good,1efdb5daf8fc48268ee24f6522de0785
spotify:track:7sZD8tOmfRUObogGX8VzfZ,48468f9ee55c4e71b349a5f376d4d792,2026-03-04T23:42:06Z,1,another michael jackson one like this one more,1efdb5daf8fc48268ee24f6522de0785
spotify:track:09NvTKEGmHjJYjxPTAQirk,605866a938e54c5da212fc8595186729,2026-03-05T00:22:18Z,1,,1efdb5daf8fc48268ee24f6522de0785
spotify:track:0lOdUZSyhmgn5zlGmmZAyD,605866a938e54c5da212fc8595186729,2026-03-05T00:22:18Z,2,,1efdb5daf8fc48268ee24f6522de0785
spotify:track:0W2ot5of6I9CS3LTR41n0f,605866a938e54c5da212fc8595186729,2026-03-05T00:22:18Z,1,,1efdb5daf8fc48268ee24f6522de0785
spotify:track:1lTo5DqdPcHWI82OD3xZqu,605866a938e54c5da212fc8595186729,2026-03-05T00:22:18Z,1,,1efdb5daf8fc48268ee24f6522de0785
spotify:track:2cpJAVteVpeXFCiOgjcx7m,605866a938e54c5da212fc8595186729,2026-03-05T00:22:18Z,0,I wanted to like this…. ,1efdb5daf8fc48268ee24f6522de0785
spotify:track:2YQnMJuV4keX8IHjAsDOD4,605866a938e54c5da212fc8595186729,2026-03-05T00:22:18Z,2,,1efdb5daf8fc48268ee24f6522de0785
spotify:track:3S3nxkXTZQAnidUFObJP3r,605866a938e54c5da212fc8595186729,2026-03-05T00:22:18Z,0,"This is fun, funny, and definitely fits the prompt but I don’t really want to listen to it….",1efdb5daf8fc48268ee24f6522de0785
spotify:track:4dkpAsEasNuxJYa7Gv9HKl,605866a938e54c5da212fc8595186729,2026-03-05T00:22:18Z,0,Not sticking out — tough playlist ,1efdb5daf8fc48268ee24f6522de0785
spotify:track:4v0XOp3m5cLDmNGZrVmXbX,605866a938e54c5da212fc8595186729,2026-03-05T00:22:18Z,2,Love this voice ,1efdb5daf8fc48268ee24f6522de0785
spotify:track:4YKhIH7BhFErLoV9dgHupm,605866a938e54c5da212fc8595186729,2026-03-05T00:22:18Z,1,,1efdb5daf8fc48268ee24f6522de0785
spotify:track:5mhzHPJ2pYeH1Dj9Nayegd,605866a938e54c5da212fc8595186729,2026-03-05T00:22:18Z,1,,1efdb5daf8fc48268ee24f6522de0785
spotify:track:62Tz24XG4x6Ddft3Xn4HFJ,605866a938e54c5da212fc8595186729,2026-03-05T00:22:18Z,1,,1efdb5daf8fc48268ee24f6522de0785
spotify:track:6vC7mF2CXYW6MVF2voO4FU,605866a938e54c5da212fc8595186729,2026-03-05T00:22:18Z,2,Good reminder to listen to more of her and revisit boygenius,1efdb5daf8fc48268ee24f6522de0785
spotify:track:7KLYrPB6My9FTGCq1Qzi0U,605866a938e54c5da212fc8595186729,2026-03-05T00:22:18Z,1,+1 for Sharon,1efdb5daf8fc48268ee24f6522de0785
spotify:track:7sZD8tOmfRUObogGX8VzfZ,605866a938e54c5da212fc8595186729,2026-03-05T00:22:18Z,1,,1efdb5daf8fc48268ee24f6522de0785
spotify:track:09NvTKEGmHjJYjxPTAQirk,0d42af6c19054b7dbbe4aa499186e408,2026-03-05T05:00:37Z,0,"Enjoyed the musicianship. Really a good version of this (which led me to rediscover the original), but too many other points to go around. ",1efdb5daf8fc48268ee24f6522de0785
spotify:track:0lOdUZSyhmgn5zlGmmZAyD,0d42af6c19054b7dbbe4aa499186e408,2026-03-05T05:00:37Z,2,Man I wanted to like this even more. One of my favorite Neil songs. I have a complicated relationship with Neil growing up in a house where he was (falsely I later learned) compared to Dylan. Neil is early punk rock for me. Shoulda never joined CSN. Dylan something else entirely. Anyway this is one of my favorites of his songs done in one of my favorite styles of music...but it just made me yearn for the original. Even so it's the song I've come back to most on this playlist and the song I've thought about most. And to make you yearn for the original is in and of itself a comment on the original. Easy 2 points. May come back for 3. ,1efdb5daf8fc48268ee24f6522de0785
spotify:track:0W2ot5of6I9CS3LTR41n0f,0d42af6c19054b7dbbe4aa499186e408,2026-03-05T05:00:37Z,0,"Didn't do it for me. Not a Beatles thing. Just a slow thing. I don't love the original, and while I like this more, points to be had elsewhere. ",1efdb5daf8fc48268ee24f6522de0785
spotify:track:1lTo5DqdPcHWI82OD3xZqu,0d42af6c19054b7dbbe4aa499186e408,2026-03-05T05:00:37Z,1,Point for tunes. ,1efdb5daf8fc48268ee24f6522de0785
spotify:track:2cpJAVteVpeXFCiOgjcx7m,0d42af6c19054b7dbbe4aa499186e408,2026-03-05T05:00:37Z,2,This is about when I realized this playlist was really cool. ,1efdb5daf8fc48268ee24f6522de0785
spotify:track:2lPOIqbaTrAMIvONIwYThq,0d42af6c19054b7dbbe4aa499186e408,2026-03-05T05:00:37Z,2,"Check out her cover of Gimme Shelter. It (or a Catalan version of Stuck Inside of Mobile) were my two top choices for this round if I wasn't cosmically driven to introduce this group to George Bob Siggins. I liked this but didn't love it. I prefer her guttural version of Gimme Shelter. HOWEVER it came on when I was revisiting the playlist during daycare pickup and I always try to leave my son with a song that will entertain him while I run in and grab his sister from her school. I came back and he was like ""dad what song is this and is it on my playlist?"" (We have a playlist of essentially classic rock we play for him on road trips/flights). I said that it was not, but that the original was a talking heads song that is on his playlist. He said he liked this song more and to add it to his playlist, but he likes the ""boy who dances"" in the talking heads more. So 1 point from me for artist, and another point for being added to Mac's playlist ",1efdb5daf8fc48268ee24f6522de0785
spotify:track:2YQnMJuV4keX8IHjAsDOD4,0d42af6c19054b7dbbe4aa499186e408,2026-03-05T05:00:37Z,2,This is absurdly good. Can we submit GD songs? Whatever. This is absurdly good. ,1efdb5daf8fc48268ee24f6522de0785
spotify:track:3S3nxkXTZQAnidUFObJP3r,0d42af6c19054b7dbbe4aa499186e408,2026-03-05T05:00:37Z,2,Oh man. I loved it. It also annoyed me. Perfect Claypool. ,1efdb5daf8fc48268ee24f6522de0785
spotify:track:4dkpAsEasNuxJYa7Gv9HKl,0d42af6c19054b7dbbe4aa499186e408,2026-03-05T05:00:37Z,0,"1950s George Bob Siggins leaves rural Nebraska for Harvard via train. In Cambridge he studies molecular neuroscience but falls into the folk scene. Early mainstay at Club 47 (Passim) while completing his PhD. I remember seeing love letters from Ronstadt and EmmyLou and a photo of him and Dylan on a motorcycle. To me he was a scientist and a surfer and the best family friend. I didn't know about his past with music, which was also a present, always playing. My parents met him in the late 70s in SD when he was a postdoc in the same lab as my dad. GB redefined how the scientific community thought about addiction on the neurotransmitter level. A truly world-class scientist. He loved wine and had a trap-door cellar in his home in Del Mar. His children are wonderful humans. He passed in 24 at 85 and John Leventhal played a song that I'll never forget. He didn't love this album title; wanted it to be beatles bluegrass. This song taught me to love bluegrass. Much more 2 share in >1K characters",1efdb5daf8fc48268ee24f6522de0785
spotify:track:4v0XOp3m5cLDmNGZrVmXbX,0d42af6c19054b7dbbe4aa499186e408,2026-03-05T05:00:37Z,1,"really enjoyed this but don't know if there are points to spare. Coming back to see. 

Yes point. ",1efdb5daf8fc48268ee24f6522de0785
spotify:track:4YKhIH7BhFErLoV9dgHupm,0d42af6c19054b7dbbe4aa499186e408,2026-03-05T05:00:37Z,1,splittin billie votes. Both these covers are so good. I prefer the deliberateness of this one and the raw emotion of Cornell's.  ,1efdb5daf8fc48268ee24f6522de0785
spotify:track:5mhzHPJ2pYeH1Dj9Nayegd,0d42af6c19054b7dbbe4aa499186e408,2026-03-05T05:00:37Z,1,On its own in a playlist I didn't love this song but I could see how it would be so powerful cinematically. Point. ,1efdb5daf8fc48268ee24f6522de0785
spotify:track:62Tz24XG4x6Ddft3Xn4HFJ,0d42af6c19054b7dbbe4aa499186e408,2026-03-05T05:00:37Z,0,give me Days of Future Past version ,1efdb5daf8fc48268ee24f6522de0785
spotify:track:6vC7mF2CXYW6MVF2voO4FU,0d42af6c19054b7dbbe4aa499186e408,2026-03-05T05:00:37Z,1,Another moment where I reckoned how wonderful this playlist was,1efdb5daf8fc48268ee24f6522de0785
spotify:track:7KLYrPB6My9FTGCq1Qzi0U,0d42af6c19054b7dbbe4aa499186e408,2026-03-05T05:00:37Z,0,Did not improve upon the original for me ,1efdb5daf8fc48268ee24f6522de0785
spotify:track:7sZD8tOmfRUObogGX8VzfZ,0d42af6c19054b7dbbe4aa499186e408,2026-03-05T05:00:37Z,1,What a powerful voice. ,1efdb5daf8fc48268ee24f6522de0785
spotify:track:0lOdUZSyhmgn5zlGmmZAyD,0b4377c224ba402d97adce848425da90,2026-03-05T16:19:40Z,2,,1efdb5daf8fc48268ee24f6522de0785
spotify:track:0W2ot5of6I9CS3LTR41n0f,0b4377c224ba402d97adce848425da90,2026-03-05T16:19:40Z,1,,1efdb5daf8fc48268ee24f6522de0785
spotify:track:2lPOIqbaTrAMIvONIwYThq,0b4377c224ba402d97adce848425da90,2026-03-05T16:19:40Z,1,,1efdb5daf8fc48268ee24f6522de0785
spotify:track:3S3nxkXTZQAnidUFObJP3r,0b4377c224ba402d97adce848425da90,2026-03-05T16:19:40Z,2,,1efdb5daf8fc48268ee24f6522de0785
spotify:track:4v0XOp3m5cLDmNGZrVmXbX,0b4377c224ba402d97adce848425da90,2026-03-05T16:19:40Z,3,One of my all time favorites,1efdb5daf8fc48268ee24f6522de0785
spotify:track:4YKhIH7BhFErLoV9dgHupm,0b4377c224ba402d97adce848425da90,2026-03-05T16:19:40Z,1,,1efdb5daf8fc48268ee24f6522de0785
spotify:track:5mhzHPJ2pYeH1Dj9Nayegd,0b4377c224ba402d97adce848425da90,2026-03-05T16:19:40Z,3,,1efdb5daf8fc48268ee24f6522de0785
spotify:track:6vC7mF2CXYW6MVF2voO4FU,0b4377c224ba402d97adce848425da90,2026-03-05T16:19:40Z,2,,1efdb5daf8fc48268ee24f6522de0785
spotify:track:7KLYrPB6My9FTGCq1Qzi0U,0b4377c224ba402d97adce848425da90,2026-03-05T16:19:40Z,1,,1efdb5daf8fc48268ee24f6522de0785
spotify:track:7sZD8tOmfRUObogGX8VzfZ,0b4377c224ba402d97adce848425da90,2026-03-05T16:19:40Z,0,Lost the BJ civil war,1efdb5daf8fc48268ee24f6522de0785
spotify:track:09NvTKEGmHjJYjxPTAQirk,9b7e03ea90dd46db9779dc21eb04ca5a,2026-03-05T17:54:07Z,3,,1efdb5daf8fc48268ee24f6522de0785
spotify:track:0lOdUZSyhmgn5zlGmmZAyD,9b7e03ea90dd46db9779dc21eb04ca5a,2026-03-05T17:54:07Z,2,,1efdb5daf8fc48268ee24f6522de0785
spotify:track:0W2ot5of6I9CS3LTR41n0f,9b7e03ea90dd46db9779dc21eb04ca5a,2026-03-05T17:54:07Z,1,,1efdb5daf8fc48268ee24f6522de0785
spotify:track:1lTo5DqdPcHWI82OD3xZqu,9b7e03ea90dd46db9779dc21eb04ca5a,2026-03-05T17:54:07Z,1,,1efdb5daf8fc48268ee24f6522de0785
spotify:track:2lPOIqbaTrAMIvONIwYThq,9b7e03ea90dd46db9779dc21eb04ca5a,2026-03-05T17:54:07Z,2,,1efdb5daf8fc48268ee24f6522de0785
spotify:track:3S3nxkXTZQAnidUFObJP3r,9b7e03ea90dd46db9779dc21eb04ca5a,2026-03-05T17:54:07Z,1,,1efdb5daf8fc48268ee24f6522de0785
spotify:track:4v0XOp3m5cLDmNGZrVmXbX,9b7e03ea90dd46db9779dc21eb04ca5a,2026-03-05T17:54:07Z,2,,1efdb5daf8fc48268ee24f6522de0785
spotify:track:62Tz24XG4x6Ddft3Xn4HFJ,9b7e03ea90dd46db9779dc21eb04ca5a,2026-03-05T17:54:07Z,1,,1efdb5daf8fc48268ee24f6522de0785
spotify:track:6vC7mF2CXYW6MVF2voO4FU,9b7e03ea90dd46db9779dc21eb04ca5a,2026-03-05T17:54:07Z,0,The ,1efdb5daf8fc48268ee24f6522de0785
spotify:track:7KLYrPB6My9FTGCq1Qzi0U,9b7e03ea90dd46db9779dc21eb04ca5a,2026-03-05T17:54:07Z,2,,1efdb5daf8fc48268ee24f6522de0785
spotify:track:7sZD8tOmfRUObogGX8VzfZ,9b7e03ea90dd46db9779dc21eb04ca5a,2026-03-05T17:54:07Z,1,,1efdb5daf8fc48268ee24f6522de0785
spotify:track:6gTrbqZnyljwXdYQTyBkSx,0b4377c224ba402d97adce848425da90,2026-03-09T15:54:04Z,2,,6ef6d0acbf8f444bbc163cc197fa1905
spotify:track:6UdLoKJ9Adxv8fQvX62eaw,0b4377c224ba402d97adce848425da90,2026-03-09T15:54:04Z,2,,6ef6d0acbf8f444bbc163cc197fa1905
spotify:track:7J55uDJ84Y5CHS9rgFZ7bY,0b4377c224ba402d97adce848425da90,2026-03-09T15:54:04Z,1,,6ef6d0acbf8f444bbc163cc197fa1905
spotify:track:2GvP5npux6Lz7xED99oXea,0b4377c224ba402d97adce848425da90,2026-03-09T15:54:04Z,1,,6ef6d0acbf8f444bbc163cc197fa1905
spotify:track:34bxxzKgRHCSxo84XCblUO,0b4377c224ba402d97adce848425da90,2026-03-09T15:54:04Z,1,,6ef6d0acbf8f444bbc163cc197fa1905
spotify:track:3mQTPYezPCB9uUM3WpkIff,0b4377c224ba402d97adce848425da90,2026-03-09T15:54:04Z,2,,6ef6d0acbf8f444bbc163cc197fa1905
spotify:track:3MwRWRrL4uVDC5WgYFhGwy,0b4377c224ba402d97adce848425da90,2026-03-09T15:54:04Z,3,,6ef6d0acbf8f444bbc163cc197fa1905
spotify:track:4OLBx9wxBXhsZCUZiOXGtq,0b4377c224ba402d97adce848425da90,2026-03-09T15:54:04Z,3,,6ef6d0acbf8f444bbc163cc197fa1905
spotify:track:6GRRR3GTp9kVIfX3J9UcON,0b4377c224ba402d97adce848425da90,2026-03-09T15:54:04Z,1,,6ef6d0acbf8f444bbc163cc197fa1905
spotify:track:4OLBx9wxBXhsZCUZiOXGtq,ce76a5e6ff274137bb5127db7065d9a8,2026-03-09T16:48:28Z,2,"Yeah this is straight good vibes, no matter how many times I've heard it, and still not super obvious like the next song...",6ef6d0acbf8f444bbc163cc197fa1905
spotify:track:3MwRWRrL4uVDC5WgYFhGwy,ce76a5e6ff274137bb5127db7065d9a8,2026-03-09T16:48:28Z,1,"Hmm. Mixed feelings here. The music is fun, the singer is kinda grating on me. Gonna give you a point for the music. And the chorus",6ef6d0acbf8f444bbc163cc197fa1905
spotify:track:3mQTPYezPCB9uUM3WpkIff,ce76a5e6ff274137bb5127db7065d9a8,2026-03-09T16:48:28Z,1,"Ok this is solid. I know it, but it still makes me feel good, like the prompt says. I don’t really want to give in to the funk but I think there’s too many to be able to hold back on. Begrudging point",6ef6d0acbf8f444bbc163cc197fa1905
spotify:track:34bxxzKgRHCSxo84XCblUO,ce76a5e6ff274137bb5127db7065d9a8,2026-03-09T16:48:28Z,2,"Solid vibe, title fits the prompt",6ef6d0acbf8f444bbc163cc197fa1905
spotify:track:0EodkBe2IgKGvUCwuMeoBj,ce76a5e6ff274137bb5127db7065d9a8,2026-03-09T16:48:28Z,2,"Good vibes, appreciate the genre-bending",6ef6d0acbf8f444bbc163cc197fa1905
spotify:track:1qtiESAzfGMw3YqJvI97ki,ce76a5e6ff274137bb5127db7065d9a8,2026-03-09T16:48:28Z,1,Man you guys sure have a type. Begrudging point ,6ef6d0acbf8f444bbc163cc197fa1905
spotify:track:15NXTJNvX1jmMgJ5NSNAZu,ce76a5e6ff274137bb5127db7065d9a8,2026-03-09T16:48:28Z,1,Feel like you're just trying to be obnoxious with that title sticking it to the anti-funk contingent. Begrudging point ,6ef6d0acbf8f444bbc163cc197fa1905
spotify:track:7mimnm2QlSzW3J38FRMETP,ce76a5e6ff274137bb5127db7065d9a8,2026-03-09T16:48:28Z,0,"I don’t really know what to do about this playlist. I guess I like it overall, as a whole. Kinda. But none of songs really stand out to me. Nothing felt like it deserved more than a point, and many songs I didn’t want to give any to. I’m left with too many points",6ef6d0acbf8f444bbc163cc197fa1905
spotify:track:7J55uDJ84Y5CHS9rgFZ7bY,ce76a5e6ff274137bb5127db7065d9a8,2026-03-09T16:48:28Z,0,It’s fine ,6ef6d0acbf8f444bbc163cc197fa1905
spotify:track:70Vk1sN0hcLt1v0AA0ZXXk,ce76a5e6ff274137bb5127db7065d9a8,2026-03-09T16:48:28Z,2,She’s got such a beautiful voice ,6ef6d0acbf8f444bbc163cc197fa1905
spotify:track:6UdLoKJ9Adxv8fQvX62eaw,ce76a5e6ff274137bb5127db7065d9a8,2026-03-09T16:48:28Z,0,I don’t really like it. But another person who didn’t default to funk. Hmm,6ef6d0acbf8f444bbc163cc197fa1905
spotify:track:6ohBoTdQtWkSKUdxjD8apy,ce76a5e6ff274137bb5127db7065d9a8,2026-03-09T16:48:28Z,1,Ok at least you went for something different,6ef6d0acbf8f444bbc163cc197fa1905
spotify:track:6gTrbqZnyljwXdYQTyBkSx,ce76a5e6ff274137bb5127db7065d9a8,2026-03-09T16:48:28Z,0,"Didn’t hit. Idk why, literally just walked outside on a beautiful day and this came on and still didn’t do it",6ef6d0acbf8f444bbc163cc197fa1905
spotify:track:6GRRR3GTp9kVIfX3J9UcON,ce76a5e6ff274137bb5127db7065d9a8,2026-03-09T16:48:28Z,2,This makes me want to do cocaine,6ef6d0acbf8f444bbc163cc197fa1905
spotify:track:4pNiE4LCVV74vfIBaUHm1b,ce76a5e6ff274137bb5127db7065d9a8,2026-03-09T16:48:28Z,1,"I don't want to give this a point cuz it is a little too obvious. But it reminds me of seeing Stevie with Emma when we first started dating, so you get a point",6ef6d0acbf8f444bbc163cc197fa1905
spotify:track:7J55uDJ84Y5CHS9rgFZ7bY,4e117e3021d7466c8bf0b654f8357418,2026-03-09T16:52:29Z,1,,6ef6d0acbf8f444bbc163cc197fa1905
spotify:track:15NXTJNvX1jmMgJ5NSNAZu,4e117e3021d7466c8bf0b654f8357418,2026-03-09T16:52:29Z,2,,6ef6d0acbf8f444bbc163cc197fa1905
spotify:track:1qtiESAzfGMw3YqJvI97ki,4e117e3021d7466c8bf0b654f8357418,2026-03-09T16:52:29Z,2,,6ef6d0acbf8f444bbc163cc197fa1905
spotify:track:3mQTPYezPCB9uUM3WpkIff,4e117e3021d7466c8bf0b654f8357418,2026-03-09T16:52:29Z,3,Boogie Nights,6ef6d0acbf8f444bbc163cc197fa1905
spotify:track:4OLBx9wxBXhsZCUZiOXGtq,4e117e3021d7466c8bf0b654f8357418,2026-03-09T16:52:29Z,2,,6ef6d0acbf8f444bbc163cc197fa1905
spotify:track:6GRRR3GTp9kVIfX3J9UcON,4e117e3021d7466c8bf0b654f8357418,2026-03-09T16:52:29Z,1,,6ef6d0acbf8f444bbc163cc197fa1905
spotify:track:6gTrbqZnyljwXdYQTyBkSx,4e117e3021d7466c8bf0b654f8357418,2026-03-09T16:52:29Z,1,,6ef6d0acbf8f444bbc163cc197fa1905
spotify:track:6ohBoTdQtWkSKUdxjD8apy,4e117e3021d7466c8bf0b654f8357418,2026-03-09T16:52:29Z,1,,6ef6d0acbf8f444bbc163cc197fa1905
spotify:track:70Vk1sN0hcLt1v0AA0ZXXk,4e117e3021d7466c8bf0b654f8357418,2026-03-09T16:52:29Z,2,,6ef6d0acbf8f444bbc163cc197fa1905
spotify:track:7mimnm2QlSzW3J38FRMETP,4e117e3021d7466c8bf0b654f8357418,2026-03-09T16:52:29Z,1,,6ef6d0acbf8f444bbc163cc197fa1905
spotify:track:2GvP5npux6Lz7xED99oXea,1c89e947d02949ed86d05ec22a7350bf,2026-03-09T17:13:05Z,1,nice song but bringing the vibes down after the last few ,6ef6d0acbf8f444bbc163cc197fa1905
spotify:track:34bxxzKgRHCSxo84XCblUO,1c89e947d02949ed86d05ec22a7350bf,2026-03-09T17:13:05Z,1,,6ef6d0acbf8f444bbc163cc197fa1905
spotify:track:1qtiESAzfGMw3YqJvI97ki,1c89e947d02949ed86d05ec22a7350bf,2026-03-09T17:13:05Z,0,did they steal this beat from daft punk's get lucky?,6ef6d0acbf8f444bbc163cc197fa1905
spotify:track:3mQTPYezPCB9uUM3WpkIff,1c89e947d02949ed86d05ec22a7350bf,2026-03-09T17:13:05Z,1,ducktales adjacent,6ef6d0acbf8f444bbc163cc197fa1905
spotify:track:3MwRWRrL4uVDC5WgYFhGwy,1c89e947d02949ed86d05ec22a7350bf,2026-03-09T17:13:05Z,2,this one grew on me more and more,6ef6d0acbf8f444bbc163cc197fa1905
spotify:track:4pNiE4LCVV74vfIBaUHm1b,1c89e947d02949ed86d05ec22a7350bf,2026-03-09T17:13:05Z,2,cant argue it doesn't fit the prompt perfectly,6ef6d0acbf8f444bbc163cc197fa1905
spotify:track:6GRRR3GTp9kVIfX3J9UcON,1c89e947d02949ed86d05ec22a7350bf,2026-03-09T17:13:05Z,2,fun one,6ef6d0acbf8f444bbc163cc197fa1905
spotify:track:6gTrbqZnyljwXdYQTyBkSx,1c89e947d02949ed86d05ec22a7350bf,2026-03-09T17:13:05Z,0,who knew richard simmons made music?,6ef6d0acbf8f444bbc163cc197fa1905
spotify:track:6UdLoKJ9Adxv8fQvX62eaw,1c89e947d02949ed86d05ec22a7350bf,2026-03-09T17:13:05Z,2,,6ef6d0acbf8f444bbc163cc197fa1905
spotify:track:70Vk1sN0hcLt1v0AA0ZXXk,1c89e947d02949ed86d05ec22a7350bf,2026-03-09T17:13:05Z,2,love her <3 ,6ef6d0acbf8f444bbc163cc197fa1905
spotify:track:7J55uDJ84Y5CHS9rgFZ7bY,1c89e947d02949ed86d05ec22a7350bf,2026-03-09T17:13:05Z,0,"weak sauce, i just used this a few weeks back and it didnt even do well enough for someone to claim its their happy song (although it is a happy song and prob one of the best on the list IMHO)",6ef6d0acbf8f444bbc163cc197fa1905
spotify:track:15NXTJNvX1jmMgJ5NSNAZu,1c89e947d02949ed86d05ec22a7350bf,2026-03-09T17:13:05Z,2,yep yep ,6ef6d0acbf8f444bbc163cc197fa1905
spotify:track:7mimnm2QlSzW3J38FRMETP,1c89e947d02949ed86d05ec22a7350bf,2026-03-09T17:13:05Z,1,,6ef6d0acbf8f444bbc163cc197fa1905
spotify:track:1qtiESAzfGMw3YqJvI97ki,8453d173315c468e8134e2527a658ba5,2026-03-09T17:51:01Z,1,,6ef6d0acbf8f444bbc163cc197fa1905
spotify:track:0EodkBe2IgKGvUCwuMeoBj,8453d173315c468e8134e2527a658ba5,2026-03-09T17:51:01Z,2,Loved this!,6ef6d0acbf8f444bbc163cc197fa1905
spotify:track:2GvP5npux6Lz7xED99oXea,8453d173315c468e8134e2527a658ba5,2026-03-09T17:51:01Z,4,Fave of the week ,6ef6d0acbf8f444bbc163cc197fa1905
spotify:track:34bxxzKgRHCSxo84XCblUO,8453d173315c468e8134e2527a658ba5,2026-03-09T17:51:01Z,1,,6ef6d0acbf8f444bbc163cc197fa1905
spotify:track:3mQTPYezPCB9uUM3WpkIff,8453d173315c468e8134e2527a658ba5,2026-03-09T17:51:01Z,1,,6ef6d0acbf8f444bbc163cc197fa1905
spotify:track:3MwRWRrL4uVDC5WgYFhGwy,8453d173315c468e8134e2527a658ba5,2026-03-09T17:51:01Z,0,Only song on the playlist I had an averse reaction to,6ef6d0acbf8f444bbc163cc197fa1905
spotify:track:4pNiE4LCVV74vfIBaUHm1b,8453d173315c468e8134e2527a658ba5,2026-03-09T17:51:01Z,1,,6ef6d0acbf8f444bbc163cc197fa1905
spotify:track:6GRRR3GTp9kVIfX3J9UcON,8453d173315c468e8134e2527a658ba5,2026-03-09T17:51:01Z,3,,6ef6d0acbf8f444bbc163cc197fa1905
spotify:track:6ohBoTdQtWkSKUdxjD8apy,8453d173315c468e8134e2527a658ba5,2026-03-09T17:51:01Z,1,,6ef6d0acbf8f444bbc163cc197fa1905
spotify:track:6UdLoKJ9Adxv8fQvX62eaw,8453d173315c468e8134e2527a658ba5,2026-03-09T17:51:01Z,1,,6ef6d0acbf8f444bbc163cc197fa1905
spotify:track:70Vk1sN0hcLt1v0AA0ZXXk,8453d173315c468e8134e2527a658ba5,2026-03-09T17:51:01Z,0,This kind of music never makes me happy. It’s not you it’s me,6ef6d0acbf8f444bbc163cc197fa1905
spotify:track:7J55uDJ84Y5CHS9rgFZ7bY,8453d173315c468e8134e2527a658ba5,2026-03-09T17:51:01Z,0,Exact song played a few rounds ago,6ef6d0acbf8f444bbc163cc197fa1905
spotify:track:7mimnm2QlSzW3J38FRMETP,8453d173315c468e8134e2527a658ba5,2026-03-09T17:51:01Z,1,,6ef6d0acbf8f444bbc163cc197fa1905
spotify:track:0EodkBe2IgKGvUCwuMeoBj,49a5ff7c4466457eb8016aaf873224cb,2026-03-09T18:52:09Z,0,"Feelin good, Feeeeeling good. Unfortunately, I am 99.9% certain this is AI. Cover art certainly is. Searched high and low and ""Slick Krugers"" is just some dude from Alabama, and I cannot find the vocalist credited anywhere. Also his other tracks have assorted other voices with no credit. 

I have accosted him on every platform I can find in an attempt to learn more. Will hold off voting til last minute to see if he has the stones to reply. ",6ef6d0acbf8f444bbc163cc197fa1905
spotify:track:15NXTJNvX1jmMgJ5NSNAZu,49a5ff7c4466457eb8016aaf873224cb,2026-03-09T18:52:09Z,0,Too funky. ,6ef6d0acbf8f444bbc163cc197fa1905
spotify:track:1qtiESAzfGMw3YqJvI97ki,49a5ff7c4466457eb8016aaf873224cb,2026-03-09T18:52:09Z,1,Up all night to get ...,6ef6d0acbf8f444bbc163cc197fa1905
spotify:track:2GvP5npux6Lz7xED99oXea,49a5ff7c4466457eb8016aaf873224cb,2026-03-09T18:52:09Z,1,Wrong round. ...,6ef6d0acbf8f444bbc163cc197fa1905
spotify:track:34bxxzKgRHCSxo84XCblUO,49a5ff7c4466457eb8016aaf873224cb,2026-03-09T18:52:09Z,1,Perfectly fine. Nice.,6ef6d0acbf8f444bbc163cc197fa1905
spotify:track:3mQTPYezPCB9uUM3WpkIff,49a5ff7c4466457eb8016aaf873224cb,2026-03-09T18:52:09Z,1,"Always love this track. It's a good city stomper, too. Hit the streets.",6ef6d0acbf8f444bbc163cc197fa1905
spotify:track:3MwRWRrL4uVDC5WgYFhGwy,49a5ff7c4466457eb8016aaf873224cb,2026-03-09T18:52:09Z,0,The only thing that made me feel good about this track was thinking of the Rugrats.,6ef6d0acbf8f444bbc163cc197fa1905
spotify:track:4OLBx9wxBXhsZCUZiOXGtq,49a5ff7c4466457eb8016aaf873224cb,2026-03-09T18:52:09Z,2,"Heard too many times...





2 points.",6ef6d0acbf8f444bbc163cc197fa1905
spotify:track:4pNiE4LCVV74vfIBaUHm1b,49a5ff7c4466457eb8016aaf873224cb,2026-03-09T18:52:09Z,2,"Heard too many times...





2 points.",6ef6d0acbf8f444bbc163cc197fa1905
spotify:track:6GRRR3GTp9kVIfX3J9UcON,49a5ff7c4466457eb8016aaf873224cb,2026-03-09T18:52:09Z,0,It's okay.,6ef6d0acbf8f444bbc163cc197fa1905
spotify:track:6gTrbqZnyljwXdYQTyBkSx,49a5ff7c4466457eb8016aaf873224cb,2026-03-09T18:52:09Z,2,Perfectly a little better than fine.,6ef6d0acbf8f444bbc163cc197fa1905
spotify:track:6ohBoTdQtWkSKUdxjD8apy,49a5ff7c4466457eb8016aaf873224cb,2026-03-09T18:52:09Z,2,Better than better than fine.,6ef6d0acbf8f444bbc163cc197fa1905
spotify:track:6UdLoKJ9Adxv8fQvX62eaw,49a5ff7c4466457eb8016aaf873224cb,2026-03-09T18:52:09Z,0,"also fine imo, I think? ",6ef6d0acbf8f444bbc163cc197fa1905
spotify:track:70Vk1sN0hcLt1v0AA0ZXXk,49a5ff7c4466457eb8016aaf873224cb,2026-03-09T18:52:09Z,2,Made me the most happy.,6ef6d0acbf8f444bbc163cc197fa1905
spotify:track:7J55uDJ84Y5CHS9rgFZ7bY,49a5ff7c4466457eb8016aaf873224cb,2026-03-09T18:52:09Z,0,Better for stargazing,6ef6d0acbf8f444bbc163cc197fa1905
spotify:track:7mimnm2QlSzW3J38FRMETP,49a5ff7c4466457eb8016aaf873224cb,2026-03-09T18:52:09Z,2,Yep feelin nice Yep feelin good.,6ef6d0acbf8f444bbc163cc197fa1905
spotify:track:0EodkBe2IgKGvUCwuMeoBj,183c5f6ed1b147099842917a9576c8f4,2026-03-09T21:36:01Z,2,"😁 😁

",6ef6d0acbf8f444bbc163cc197fa1905
spotify:track:15NXTJNvX1jmMgJ5NSNAZu,183c5f6ed1b147099842917a9576c8f4,2026-03-09T21:36:01Z,1,😊,6ef6d0acbf8f444bbc163cc197fa1905
spotify:track:1qtiESAzfGMw3YqJvI97ki,183c5f6ed1b147099842917a9576c8f4,2026-03-09T21:36:01Z,1,😃,6ef6d0acbf8f444bbc163cc197fa1905
spotify:track:2GvP5npux6Lz7xED99oXea,183c5f6ed1b147099842917a9576c8f4,2026-03-09T21:36:01Z,0,😕,6ef6d0acbf8f444bbc163cc197fa1905
spotify:track:34bxxzKgRHCSxo84XCblUO,183c5f6ed1b147099842917a9576c8f4,2026-03-09T21:36:01Z,0,🤨,6ef6d0acbf8f444bbc163cc197fa1905
spotify:track:3mQTPYezPCB9uUM3WpkIff,183c5f6ed1b147099842917a9576c8f4,2026-03-09T21:36:01Z,3,"😎😎😎

",6ef6d0acbf8f444bbc163cc197fa1905
spotify:track:7mimnm2QlSzW3J38FRMETP,183c5f6ed1b147099842917a9576c8f4,2026-03-09T21:36:01Z,1,😊,6ef6d0acbf8f444bbc163cc197fa1905
spotify:track:7J55uDJ84Y5CHS9rgFZ7bY,183c5f6ed1b147099842917a9576c8f4,2026-03-09T21:36:01Z,1,😁,6ef6d0acbf8f444bbc163cc197fa1905
spotify:track:70Vk1sN0hcLt1v0AA0ZXXk,183c5f6ed1b147099842917a9576c8f4,2026-03-09T21:36:01Z,0,🤔,6ef6d0acbf8f444bbc163cc197fa1905
spotify:track:6UdLoKJ9Adxv8fQvX62eaw,183c5f6ed1b147099842917a9576c8f4,2026-03-09T21:36:01Z,0,🙃,6ef6d0acbf8f444bbc163cc197fa1905
spotify:track:6gTrbqZnyljwXdYQTyBkSx,183c5f6ed1b147099842917a9576c8f4,2026-03-09T21:36:01Z,1,🥰,6ef6d0acbf8f444bbc163cc197fa1905
spotify:track:6GRRR3GTp9kVIfX3J9UcON,183c5f6ed1b147099842917a9576c8f4,2026-03-09T21:36:01Z,0,😖,6ef6d0acbf8f444bbc163cc197fa1905
spotify:track:4pNiE4LCVV74vfIBaUHm1b,183c5f6ed1b147099842917a9576c8f4,2026-03-09T21:36:01Z,2,😎😎,6ef6d0acbf8f444bbc163cc197fa1905
spotify:track:4OLBx9wxBXhsZCUZiOXGtq,183c5f6ed1b147099842917a9576c8f4,2026-03-09T21:36:01Z,3,🐶🐶🐶,6ef6d0acbf8f444bbc163cc197fa1905
spotify:track:3MwRWRrL4uVDC5WgYFhGwy,183c5f6ed1b147099842917a9576c8f4,2026-03-09T21:36:01Z,1,😏,6ef6d0acbf8f444bbc163cc197fa1905
spotify:track:34bxxzKgRHCSxo84XCblUO,48468f9ee55c4e71b349a5f376d4d792,2026-03-10T00:48:44Z,2,i like the techno and piano ,6ef6d0acbf8f444bbc163cc197fa1905
spotify:track:0EodkBe2IgKGvUCwuMeoBj,48468f9ee55c4e71b349a5f376d4d792,2026-03-10T00:48:44Z,1,its good,6ef6d0acbf8f444bbc163cc197fa1905
spotify:track:15NXTJNvX1jmMgJ5NSNAZu,48468f9ee55c4e71b349a5f376d4d792,2026-03-10T00:48:44Z,1,its really good,6ef6d0acbf8f444bbc163cc197fa1905
spotify:track:1qtiESAzfGMw3YqJvI97ki,48468f9ee55c4e71b349a5f376d4d792,2026-03-10T00:48:44Z,1,so good,6ef6d0acbf8f444bbc163cc197fa1905
spotify:track:2GvP5npux6Lz7xED99oXea,48468f9ee55c4e71b349a5f376d4d792,2026-03-10T00:48:44Z,1,its kinda good,6ef6d0acbf8f444bbc163cc197fa1905
spotify:track:3mQTPYezPCB9uUM3WpkIff,48468f9ee55c4e71b349a5f376d4d792,2026-03-10T00:48:44Z,1,its really good,6ef6d0acbf8f444bbc163cc197fa1905
spotify:track:3MwRWRrL4uVDC5WgYFhGwy,48468f9ee55c4e71b349a5f376d4d792,2026-03-10T00:48:44Z,0,too slow,6ef6d0acbf8f444bbc163cc197fa1905
spotify:track:4pNiE4LCVV74vfIBaUHm1b,48468f9ee55c4e71b349a5f376d4d792,2026-03-10T00:48:44Z,2,very good love stevie ,6ef6d0acbf8f444bbc163cc197fa1905
spotify:track:6GRRR3GTp9kVIfX3J9UcON,48468f9ee55c4e71b349a5f376d4d792,2026-03-10T00:48:44Z,1,its good,6ef6d0acbf8f444bbc163cc197fa1905
spotify:track:6gTrbqZnyljwXdYQTyBkSx,48468f9ee55c4e71b349a5f376d4d792,2026-03-10T00:48:44Z,0,just not my jam,6ef6d0acbf8f444bbc163cc197fa1905
spotify:track:6ohBoTdQtWkSKUdxjD8apy,48468f9ee55c4e71b349a5f376d4d792,2026-03-10T00:48:44Z,0,too beach ,6ef6d0acbf8f444bbc163cc197fa1905
spotify:track:6UdLoKJ9Adxv8fQvX62eaw,48468f9ee55c4e71b349a5f376d4d792,2026-03-10T00:48:44Z,1,its good,6ef6d0acbf8f444bbc163cc197fa1905
spotify:track:70Vk1sN0hcLt1v0AA0ZXXk,48468f9ee55c4e71b349a5f376d4d792,2026-03-10T00:48:44Z,0,i dont like it a lot its too fast,6ef6d0acbf8f444bbc163cc197fa1905
spotify:track:7J55uDJ84Y5CHS9rgFZ7bY,48468f9ee55c4e71b349a5f376d4d792,2026-03-10T00:48:44Z,4,its good i like it a lot,6ef6d0acbf8f444bbc163cc197fa1905
spotify:track:7mimnm2QlSzW3J38FRMETP,48468f9ee55c4e71b349a5f376d4d792,2026-03-10T00:48:44Z,1,its good,6ef6d0acbf8f444bbc163cc197fa1905
spotify:track:7mimnm2QlSzW3J38FRMETP,d0b05ef03f5e4598a3e8532b812c3330,2026-03-10T01:20:04Z,2,an all time fav of mine,6ef6d0acbf8f444bbc163cc197fa1905
spotify:track:6UdLoKJ9Adxv8fQvX62eaw,d0b05ef03f5e4598a3e8532b812c3330,2026-03-10T01:20:04Z,1,yes!,6ef6d0acbf8f444bbc163cc197fa1905
spotify:track:15NXTJNvX1jmMgJ5NSNAZu,d0b05ef03f5e4598a3e8532b812c3330,2026-03-10T01:20:04Z,2,really enjoyed,6ef6d0acbf8f444bbc163cc197fa1905
spotify:track:0EodkBe2IgKGvUCwuMeoBj,d0b05ef03f5e4598a3e8532b812c3330,2026-03-10T01:20:04Z,1,great tune,6ef6d0acbf8f444bbc163cc197fa1905
spotify:track:6ohBoTdQtWkSKUdxjD8apy,d0b05ef03f5e4598a3e8532b812c3330,2026-03-10T01:20:04Z,0,something just off i didnt like,6ef6d0acbf8f444bbc163cc197fa1905
spotify:track:6gTrbqZnyljwXdYQTyBkSx,d0b05ef03f5e4598a3e8532b812c3330,2026-03-10T01:20:04Z,1,solid ,6ef6d0acbf8f444bbc163cc197fa1905
spotify:track:6GRRR3GTp9kVIfX3J9UcON,d0b05ef03f5e4598a3e8532b812c3330,2026-03-10T01:20:04Z,2,in an edm phase so liked this,6ef6d0acbf8f444bbc163cc197fa1905
spotify:track:4pNiE4LCVV74vfIBaUHm1b,d0b05ef03f5e4598a3e8532b812c3330,2026-03-10T01:20:04Z,0,eh... ,6ef6d0acbf8f444bbc163cc197fa1905
spotify:track:4OLBx9wxBXhsZCUZiOXGtq,d0b05ef03f5e4598a3e8532b812c3330,2026-03-10T01:20:04Z,3,this brought up so much nostalgia. loved it,6ef6d0acbf8f444bbc163cc197fa1905
spotify:track:3MwRWRrL4uVDC5WgYFhGwy,d0b05ef03f5e4598a3e8532b812c3330,2026-03-10T01:20:04Z,1,fun!,6ef6d0acbf8f444bbc163cc197fa1905
spotify:track:3mQTPYezPCB9uUM3WpkIff,d0b05ef03f5e4598a3e8532b812c3330,2026-03-10T01:20:04Z,1,classic,6ef6d0acbf8f444bbc163cc197fa1905
spotify:track:34bxxzKgRHCSxo84XCblUO,d0b05ef03f5e4598a3e8532b812c3330,2026-03-10T01:20:04Z,1,love new songs i havent heard before what can i say?,6ef6d0acbf8f444bbc163cc197fa1905
spotify:track:2GvP5npux6Lz7xED99oXea,d0b05ef03f5e4598a3e8532b812c3330,2026-03-10T01:20:04Z,1,love pete josef !,6ef6d0acbf8f444bbc163cc197fa1905
spotify:track:1qtiESAzfGMw3YqJvI97ki,d0b05ef03f5e4598a3e8532b812c3330,2026-03-10T01:20:04Z,0,kenny?!? parcels again!,6ef6d0acbf8f444bbc163cc197fa1905
spotify:track:0EodkBe2IgKGvUCwuMeoBj,7fdceb56429c4e38939c3e5ee41bfdd0,2026-03-10T02:13:21Z,1,,6ef6d0acbf8f444bbc163cc197fa1905
spotify:track:15NXTJNvX1jmMgJ5NSNAZu,7fdceb56429c4e38939c3e5ee41bfdd0,2026-03-10T02:13:21Z,1,This might as well be the name of the league,6ef6d0acbf8f444bbc163cc197fa1905
spotify:track:1qtiESAzfGMw3YqJvI97ki,7fdceb56429c4e38939c3e5ee41bfdd0,2026-03-10T02:13:21Z,2,Have heard it many times. Still enjoy it. ,6ef6d0acbf8f444bbc163cc197fa1905
spotify:track:34bxxzKgRHCSxo84XCblUO,7fdceb56429c4e38939c3e5ee41bfdd0,2026-03-10T02:13:21Z,1,,6ef6d0acbf8f444bbc163cc197fa1905
spotify:track:3mQTPYezPCB9uUM3WpkIff,7fdceb56429c4e38939c3e5ee41bfdd0,2026-03-10T02:13:21Z,2,This would get me bumpin down the street on this walk,6ef6d0acbf8f444bbc163cc197fa1905
spotify:track:3MwRWRrL4uVDC5WgYFhGwy,7fdceb56429c4e38939c3e5ee41bfdd0,2026-03-10T02:13:21Z,2,,6ef6d0acbf8f444bbc163cc197fa1905
spotify:track:4OLBx9wxBXhsZCUZiOXGtq,7fdceb56429c4e38939c3e5ee41bfdd0,2026-03-10T02:13:21Z,1,,6ef6d0acbf8f444bbc163cc197fa1905
spotify:track:4pNiE4LCVV74vfIBaUHm1b,7fdceb56429c4e38939c3e5ee41bfdd0,2026-03-10T02:13:21Z,1,,6ef6d0acbf8f444bbc163cc197fa1905
spotify:track:6gTrbqZnyljwXdYQTyBkSx,7fdceb56429c4e38939c3e5ee41bfdd0,2026-03-10T02:13:21Z,1,,6ef6d0acbf8f444bbc163cc197fa1905
spotify:track:6UdLoKJ9Adxv8fQvX62eaw,7fdceb56429c4e38939c3e5ee41bfdd0,2026-03-10T02:13:21Z,1,One of the hottest artists of the aughts ,6ef6d0acbf8f444bbc163cc197fa1905
spotify:track:70Vk1sN0hcLt1v0AA0ZXXk,7fdceb56429c4e38939c3e5ee41bfdd0,2026-03-10T02:13:21Z,1,,6ef6d0acbf8f444bbc163cc197fa1905
spotify:track:7J55uDJ84Y5CHS9rgFZ7bY,7fdceb56429c4e38939c3e5ee41bfdd0,2026-03-10T02:13:21Z,2,I think someone maybe played an olympians earlier. But I like it so whatever. ,6ef6d0acbf8f444bbc163cc197fa1905
spotify:track:0EodkBe2IgKGvUCwuMeoBj,a2909b31d1c04d728cfcf68ca0d73cca,2026-03-10T11:14:19Z,1,Great album art!,6ef6d0acbf8f444bbc163cc197fa1905
spotify:track:15NXTJNvX1jmMgJ5NSNAZu,a2909b31d1c04d728cfcf68ca0d73cca,2026-03-10T11:14:19Z,2,Viva de funk indeed,6ef6d0acbf8f444bbc163cc197fa1905
spotify:track:2GvP5npux6Lz7xED99oXea,a2909b31d1c04d728cfcf68ca0d73cca,2026-03-10T11:14:19Z,1,,6ef6d0acbf8f444bbc163cc197fa1905
spotify:track:34bxxzKgRHCSxo84XCblUO,a2909b31d1c04d728cfcf68ca0d73cca,2026-03-10T11:14:19Z,1,,6ef6d0acbf8f444bbc163cc197fa1905
spotify:track:3mQTPYezPCB9uUM3WpkIff,a2909b31d1c04d728cfcf68ca0d73cca,2026-03-10T11:14:19Z,2,This had me struttin’ in the sun,6ef6d0acbf8f444bbc163cc197fa1905
spotify:track:3MwRWRrL4uVDC5WgYFhGwy,a2909b31d1c04d728cfcf68ca0d73cca,2026-03-10T11:14:19Z,1,,6ef6d0acbf8f444bbc163cc197fa1905
spotify:track:4OLBx9wxBXhsZCUZiOXGtq,a2909b31d1c04d728cfcf68ca0d73cca,2026-03-10T11:14:19Z,1,,6ef6d0acbf8f444bbc163cc197fa1905
spotify:track:4pNiE4LCVV74vfIBaUHm1b,a2909b31d1c04d728cfcf68ca0d73cca,2026-03-10T11:14:19Z,0,It’s a fine pick but this song was way overplayed in the spotify random playlists made for me. Sorry!,6ef6d0acbf8f444bbc163cc197fa1905
spotify:track:6GRRR3GTp9kVIfX3J9UcON,a2909b31d1c04d728cfcf68ca0d73cca,2026-03-10T11:14:19Z,1,,6ef6d0acbf8f444bbc163cc197fa1905
spotify:track:6gTrbqZnyljwXdYQTyBkSx,a2909b31d1c04d728cfcf68ca0d73cca,2026-03-10T11:14:19Z,1,✅ Lyrics and vibe ,6ef6d0acbf8f444bbc163cc197fa1905
spotify:track:6ohBoTdQtWkSKUdxjD8apy,a2909b31d1c04d728cfcf68ca0d73cca,2026-03-10T11:14:19Z,1,,6ef6d0acbf8f444bbc163cc197fa1905
spotify:track:6UdLoKJ9Adxv8fQvX62eaw,a2909b31d1c04d728cfcf68ca0d73cca,2026-03-10T11:14:19Z,1,I def have a smile cause of the weather but not really cause of this song. ,6ef6d0acbf8f444bbc163cc197fa1905
spotify:track:70Vk1sN0hcLt1v0AA0ZXXk,a2909b31d1c04d728cfcf68ca0d73cca,2026-03-10T11:14:19Z,1,,6ef6d0acbf8f444bbc163cc197fa1905
spotify:track:7J55uDJ84Y5CHS9rgFZ7bY,a2909b31d1c04d728cfcf68ca0d73cca,2026-03-10T11:14:19Z,1,Only giving this a point because I wasn’t involved in the safari round where this was used before ,6ef6d0acbf8f444bbc163cc197fa1905
spotify:track:7mimnm2QlSzW3J38FRMETP,a2909b31d1c04d728cfcf68ca0d73cca,2026-03-10T11:14:19Z,1,,6ef6d0acbf8f444bbc163cc197fa1905
spotify:track:0EodkBe2IgKGvUCwuMeoBj,9b7e03ea90dd46db9779dc21eb04ca5a,2026-03-10T16:41:07Z,0,-20 points for AI. Hoping this was Asa. ,6ef6d0acbf8f444bbc163cc197fa1905
spotify:track:15NXTJNvX1jmMgJ5NSNAZu,9b7e03ea90dd46db9779dc21eb04ca5a,2026-03-10T16:41:07Z,1,,6ef6d0acbf8f444bbc163cc197fa1905
spotify:track:1qtiESAzfGMw3YqJvI97ki,9b7e03ea90dd46db9779dc21eb04ca5a,2026-03-10T16:41:07Z,1,,6ef6d0acbf8f444bbc163cc197fa1905
spotify:track:2GvP5npux6Lz7xED99oXea,9b7e03ea90dd46db9779dc21eb04ca5a,2026-03-10T16:41:07Z,2,,6ef6d0acbf8f444bbc163cc197fa1905
spotify:track:3mQTPYezPCB9uUM3WpkIff,9b7e03ea90dd46db9779dc21eb04ca5a,2026-03-10T16:41:07Z,1,,6ef6d0acbf8f444bbc163cc197fa1905
spotify:track:3MwRWRrL4uVDC5WgYFhGwy,9b7e03ea90dd46db9779dc21eb04ca5a,2026-03-10T16:41:07Z,1,,6ef6d0acbf8f444bbc163cc197fa1905
spotify:track:4OLBx9wxBXhsZCUZiOXGtq,9b7e03ea90dd46db9779dc21eb04ca5a,2026-03-10T16:41:07Z,2,,6ef6d0acbf8f444bbc163cc197fa1905
spotify:track:4pNiE4LCVV74vfIBaUHm1b,9b7e03ea90dd46db9779dc21eb04ca5a,2026-03-10T16:41:07Z,1,,6ef6d0acbf8f444bbc163cc197fa1905
spotify:track:6GRRR3GTp9kVIfX3J9UcON,9b7e03ea90dd46db9779dc21eb04ca5a,2026-03-10T16:41:07Z,3,,6ef6d0acbf8f444bbc163cc197fa1905
spotify:track:6gTrbqZnyljwXdYQTyBkSx,9b7e03ea90dd46db9779dc21eb04ca5a,2026-03-10T16:41:07Z,1,,6ef6d0acbf8f444bbc163cc197fa1905
spotify:track:6UdLoKJ9Adxv8fQvX62eaw,9b7e03ea90dd46db9779dc21eb04ca5a,2026-03-10T16:41:07Z,1,,6ef6d0acbf8f444bbc163cc197fa1905
spotify:track:7J55uDJ84Y5CHS9rgFZ7bY,9b7e03ea90dd46db9779dc21eb04ca5a,2026-03-10T16:41:07Z,1,,6ef6d0acbf8f444bbc163cc197fa1905
spotify:track:7mimnm2QlSzW3J38FRMETP,9b7e03ea90dd46db9779dc21eb04ca5a,2026-03-10T16:41:07Z,1,,6ef6d0acbf8f444bbc163cc197fa1905
spotify:track:1qtiESAzfGMw3YqJvI97ki,0d42af6c19054b7dbbe4aa499186e408,2026-03-10T18:36:11Z,1,point worthy for sure ,6ef6d0acbf8f444bbc163cc197fa1905
spotify:track:0EodkBe2IgKGvUCwuMeoBj,0d42af6c19054b7dbbe4aa499186e408,2026-03-10T18:36:11Z,3,"Fav of the week for me, and what a great opener. Originally had it at 2 points but kept coming back for another go. ""Louis on the trumpet/and the swing comes in..."" Just fun. ",6ef6d0acbf8f444bbc163cc197fa1905
spotify:track:15NXTJNvX1jmMgJ5NSNAZu,0d42af6c19054b7dbbe4aa499186e408,2026-03-10T18:36:11Z,1,Maybe i'm still too much of an ML Gneub to be jaded by the funk...or maybe this just benefited from playlist positioning...but I liked this. Had me boppin along in the sun. ,6ef6d0acbf8f444bbc163cc197fa1905
spotify:track:2GvP5npux6Lz7xED99oXea,0d42af6c19054b7dbbe4aa499186e408,2026-03-10T18:36:11Z,2,2nd fav of the week--love the bright jazz vibe. Want to explore more by this artist. ,6ef6d0acbf8f444bbc163cc197fa1905
spotify:track:34bxxzKgRHCSxo84XCblUO,0d42af6c19054b7dbbe4aa499186e408,2026-03-10T18:36:11Z,2,Kiefer Sutherland how ya doin. Short and sweet and happy and sunny. ,6ef6d0acbf8f444bbc163cc197fa1905
spotify:track:3mQTPYezPCB9uUM3WpkIff,0d42af6c19054b7dbbe4aa499186e408,2026-03-10T18:36:11Z,1,"This works for me. A cinematic ending to a happy movie; character had a hell of night but made it through and is walking down the street with their back to us, toward a rising sun. ",6ef6d0acbf8f444bbc163cc197fa1905
spotify:track:3MwRWRrL4uVDC5WgYFhGwy,0d42af6c19054b7dbbe4aa499186e408,2026-03-10T18:36:11Z,0,"Not a bad song at all, just not my sunny vibe. And sorta, kinda a bad song. ",6ef6d0acbf8f444bbc163cc197fa1905
spotify:track:4OLBx9wxBXhsZCUZiOXGtq,0d42af6c19054b7dbbe4aa499186e408,2026-03-10T18:36:11Z,2,Three Dog Night! I was clearly unaware of your game. This is fun as hell. Wash away the damn snow. ,6ef6d0acbf8f444bbc163cc197fa1905
spotify:track:4pNiE4LCVV74vfIBaUHm1b,0d42af6c19054b7dbbe4aa499186e408,2026-03-10T18:36:11Z,1,Hard not to give Stevie a point here. ,6ef6d0acbf8f444bbc163cc197fa1905
spotify:track:6GRRR3GTp9kVIfX3J9UcON,0d42af6c19054b7dbbe4aa499186e408,2026-03-10T18:36:11Z,0,"Fine song, just not my superTaste. And I'm a supertaster. ",6ef6d0acbf8f444bbc163cc197fa1905
spotify:track:6gTrbqZnyljwXdYQTyBkSx,0d42af6c19054b7dbbe4aa499186e408,2026-03-10T18:36:11Z,1,I smiled. ,6ef6d0acbf8f444bbc163cc197fa1905
spotify:track:6ohBoTdQtWkSKUdxjD8apy,0d42af6c19054b7dbbe4aa499186e408,2026-03-10T18:36:11Z,2,Oddly loved this. Catchy and fun. Kept coming back to it. ,6ef6d0acbf8f444bbc163cc197fa1905
spotify:track:6UdLoKJ9Adxv8fQvX62eaw,0d42af6c19054b7dbbe4aa499186e408,2026-03-10T18:36:11Z,0,I'm not smiling. ,6ef6d0acbf8f444bbc163cc197fa1905
spotify:track:70Vk1sN0hcLt1v0AA0ZXXk,0d42af6c19054b7dbbe4aa499186e408,2026-03-10T18:36:11Z,0,So I guess I'm the only one who thinks cheery bluegrass with a dash of loneliness is a sunny style of music? ,6ef6d0acbf8f444bbc163cc197fa1905
spotify:track:7J55uDJ84Y5CHS9rgFZ7bY,0d42af6c19054b7dbbe4aa499186e408,2026-03-10T18:36:11Z,0,"Top 5 OG Snapple (e.g. ""Snapper"") flavor. Not a top song for me on this playlist. ",6ef6d0acbf8f444bbc163cc197fa1905
spotify:track:7mimnm2QlSzW3J38FRMETP,0d42af6c19054b7dbbe4aa499186e408,2026-03-10T18:36:11Z,0,Similar early 70s vibes to me as the Sayer. Sayer got my last point instead. ,6ef6d0acbf8f444bbc163cc197fa1905
spotify:track:15NXTJNvX1jmMgJ5NSNAZu,f1f0f2ed0eb64306992b613229fb7972,2026-03-10T19:03:18Z,1,"Digging it enough, tho not super memorable or unique IMO. It does kind of sound like a party I'd want to be at, tho. Will see if it can retain that point by the end of the playlist 👀",6ef6d0acbf8f444bbc163cc197fa1905
spotify:track:1qtiESAzfGMw3YqJvI97ki,f1f0f2ed0eb64306992b613229fb7972,2026-03-10T19:03:18Z,0,"I thought I liked Parcels but after that horrible Goose-sounding track from an earlier round, I feel like I’ve got a bad taste in my mouth with these guys. This is ok, tho. Hmmm… Maybe I’ll start with 1 & see if I need to redistribute elsewhere later. Sounds a bit too much like Get Lucky to me tho, lol 🤷🏻‍♀️

Sorry, Sister Sledge needed more love 😬",6ef6d0acbf8f444bbc163cc197fa1905
spotify:track:2GvP5npux6Lz7xED99oXea,f1f0f2ed0eb64306992b613229fb7972,2026-03-10T19:03:18Z,2,"Ok, this song is pretty *and* the lyrics are about colours, happiness, joy, flowers, fields of green and gold, meadows, etc. I'm here for it. ",6ef6d0acbf8f444bbc163cc197fa1905
spotify:track:34bxxzKgRHCSxo84XCblUO,f1f0f2ed0eb64306992b613229fb7972,2026-03-10T19:03:18Z,0,"This song sounds kinda similar to the last track, just without the vocals that evoked a certain happiness from it… Not sure it gets me there without that. A little too jazzy & just not hitting for me, sry. ",6ef6d0acbf8f444bbc163cc197fa1905
spotify:track:3mQTPYezPCB9uUM3WpkIff,f1f0f2ed0eb64306992b613229fb7972,2026-03-10T19:03:18Z,2,A 2Ns Funk Walk classic 👌 Excellent choice that I’m 110% with ya on 🕺🏻,6ef6d0acbf8f444bbc163cc197fa1905
spotify:track:3MwRWRrL4uVDC5WgYFhGwy,f1f0f2ed0eb64306992b613229fb7972,2026-03-10T19:03:18Z,1,This is alright. May need to steal this point later but like it enough upon first listen… ,6ef6d0acbf8f444bbc163cc197fa1905
spotify:track:4OLBx9wxBXhsZCUZiOXGtq,f1f0f2ed0eb64306992b613229fb7972,2026-03-10T19:03:18Z,1,Unfamiliar with this 3DN song but I like that it's about an idyllic situation. I was previously unfamiliar with this concept of Shambala but it sounds pretty dope! I would like to go there. ,6ef6d0acbf8f444bbc163cc197fa1905
spotify:track:4pNiE4LCVV74vfIBaUHm1b,f1f0f2ed0eb64306992b613229fb7972,2026-03-10T19:03:18Z,1,"A classic, for sure. Definitely top Stevie song for me, however because of this, I've heard this song a gazillion times. Tho, it doesn't make me want to skip it so... I guess it fits the prompt nicely! Well done 👏",6ef6d0acbf8f444bbc163cc197fa1905
spotify:track:6GRRR3GTp9kVIfX3J9UcON,f1f0f2ed0eb64306992b613229fb7972,2026-03-10T19:03:18Z,0,"Not sure I understand what they're getting at here -- ""Why do with your hands what you can do with your heart?"" 🤔 Am I missing something here? That being said, this song is catchy, but in kind of an annoying way, since it's that phrase that's sticking with me... Don't think it's doing it for me, sry. ",6ef6d0acbf8f444bbc163cc197fa1905
spotify:track:6gTrbqZnyljwXdYQTyBkSx,f1f0f2ed0eb64306992b613229fb7972,2026-03-10T19:03:18Z,0,"I agonized over what song to go with because a lot of the songs I LOVE that make me FEEL GOOD, I think would be poo poo'd by this group. Upon listening to the rest of this playlist, I worry that might be the case with this tune, as well but alas, it makes me feel like dancin'! What could be better than that? 💃🏻 Ironically enough, my other choice was ""Don't Feel Like Dancin'"" by Scissor Sisters but since I'd mentioned that tune in a comment in the gay round, I thought everyone would know it was me 🤦🏻‍♀️ Both make me shake my booty in the best way possible, tho. Hope some of y'all enjoyed this, at least! ",6ef6d0acbf8f444bbc163cc197fa1905
spotify:track:0EodkBe2IgKGvUCwuMeoBj,f1f0f2ed0eb64306992b613229fb7972,2026-03-10T19:03:18Z,2,"Wow, this is *excellent* 🤯 Have never heard of this artist but I loved this track. Damn, this is going to be a tough follow! ",6ef6d0acbf8f444bbc163cc197fa1905
spotify:track:6ohBoTdQtWkSKUdxjD8apy,f1f0f2ed0eb64306992b613229fb7972,2026-03-10T19:03:18Z,1,"Not sure how I feel about the guy from Vampire Weekend singing this song. I used to love them but this is kind of odd to me. Here's 1 point, we'll see if you can keep that by the end of this list... ",6ef6d0acbf8f444bbc163cc197fa1905
spotify:track:6UdLoKJ9Adxv8fQvX62eaw,f1f0f2ed0eb64306992b613229fb7972,2026-03-10T19:03:18Z,0,"I get it -- Smiley Faces. Like, happiness and feeling good! Unfortunately, this song doesn't really get me there. Those weird little high pitched noises are off-putting to me. And the tone of the song is actually kind of gloomy/spooky to me? Idk, just not it for me. ",6ef6d0acbf8f444bbc163cc197fa1905
spotify:track:70Vk1sN0hcLt1v0AA0ZXXk,f1f0f2ed0eb64306992b613229fb7972,2026-03-10T19:03:18Z,1,Love Alison Krauss' voice. It's sweet like sugar. I also like the lyrics of this tune. Puts me in a good headspace. Mmmm :) ,6ef6d0acbf8f444bbc163cc197fa1905
spotify:track:7J55uDJ84Y5CHS9rgFZ7bY,f1f0f2ed0eb64306992b613229fb7972,2026-03-10T19:03:18Z,1,"This feels *kinda* lazy since we *did* discuss The Olympians a bunch after a past round 😋 But they *are* good & this is their new stuff so… Here’s a point, because yum  🍓🥝",6ef6d0acbf8f444bbc163cc197fa1905
spotify:track:7mimnm2QlSzW3J38FRMETP,f1f0f2ed0eb64306992b613229fb7972,2026-03-10T19:03:18Z,3,"Aw man, loves me some Sister Sledge. They're always gonna get points from me. This song in particular rules. Favorite of the week and will now be stuck in my head for the rest of this month probably. ",6ef6d0acbf8f444bbc163cc197fa1905
spotify:track:6ohBoTdQtWkSKUdxjD8apy,605866a938e54c5da212fc8595186729,2026-03-10T20:30:30Z,0,It’s not bad but it’s not making me bop or FEEL GOOD!  ,6ef6d0acbf8f444bbc163cc197fa1905
spotify:track:0EodkBe2IgKGvUCwuMeoBj,605866a938e54c5da212fc8595186729,2026-03-10T20:30:30Z,2,,6ef6d0acbf8f444bbc163cc197fa1905
spotify:track:15NXTJNvX1jmMgJ5NSNAZu,605866a938e54c5da212fc8595186729,2026-03-10T20:30:30Z,1,,6ef6d0acbf8f444bbc163cc197fa1905
spotify:track:1qtiESAzfGMw3YqJvI97ki,605866a938e54c5da212fc8595186729,2026-03-10T20:30:30Z,1,,6ef6d0acbf8f444bbc163cc197fa1905
spotify:track:2GvP5npux6Lz7xED99oXea,605866a938e54c5da212fc8595186729,2026-03-10T20:30:30Z,0,Walking outside in the sunshine right now and would prefer not to be listening to this ,6ef6d0acbf8f444bbc163cc197fa1905
spotify:track:34bxxzKgRHCSxo84XCblUO,605866a938e54c5da212fc8595186729,2026-03-10T20:30:30Z,1,,6ef6d0acbf8f444bbc163cc197fa1905
spotify:track:3MwRWRrL4uVDC5WgYFhGwy,605866a938e54c5da212fc8595186729,2026-03-10T20:30:30Z,1,"Liked this at first but then it lost me…. If I have an extra point, you’ll get it!",6ef6d0acbf8f444bbc163cc197fa1905
spotify:track:4OLBx9wxBXhsZCUZiOXGtq,605866a938e54c5da212fc8595186729,2026-03-10T20:30:30Z,1,,6ef6d0acbf8f444bbc163cc197fa1905
spotify:track:4pNiE4LCVV74vfIBaUHm1b,605866a938e54c5da212fc8595186729,2026-03-10T20:30:30Z,2,,6ef6d0acbf8f444bbc163cc197fa1905
spotify:track:6GRRR3GTp9kVIfX3J9UcON,605866a938e54c5da212fc8595186729,2026-03-10T20:30:30Z,2,,6ef6d0acbf8f444bbc163cc197fa1905
spotify:track:6gTrbqZnyljwXdYQTyBkSx,605866a938e54c5da212fc8595186729,2026-03-10T20:30:30Z,1,,6ef6d0acbf8f444bbc163cc197fa1905
spotify:track:6UdLoKJ9Adxv8fQvX62eaw,605866a938e54c5da212fc8595186729,2026-03-10T20:30:30Z,2,,6ef6d0acbf8f444bbc163cc197fa1905
spotify:track:7J55uDJ84Y5CHS9rgFZ7bY,605866a938e54c5da212fc8595186729,2026-03-10T20:30:30Z,1,Wanted this to get a bit more upbeat but I enjoyed it !,6ef6d0acbf8f444bbc163cc197fa1905
spotify:track:7mimnm2QlSzW3J38FRMETP,605866a938e54c5da212fc8595186729,2026-03-10T20:30:30Z,1,,6ef6d0acbf8f444bbc163cc197fa1905
spotify:track:70Vk1sN0hcLt1v0AA0ZXXk,605866a938e54c5da212fc8595186729,2026-03-10T20:30:30Z,0,A little too much thinking involved with the lyrics to press play and head out in the sunshine totally carefree ,6ef6d0acbf8f444bbc163cc197fa1905
spotify:track:6UdLoKJ9Adxv8fQvX62eaw,e5c2390073644e979f43e744c33e6c60,2026-03-11T10:39:07Z,1,,6ef6d0acbf8f444bbc163cc197fa1905
spotify:track:6ohBoTdQtWkSKUdxjD8apy,e5c2390073644e979f43e744c33e6c60,2026-03-11T10:39:07Z,1,,6ef6d0acbf8f444bbc163cc197fa1905
spotify:track:6gTrbqZnyljwXdYQTyBkSx,e5c2390073644e979f43e744c33e6c60,2026-03-11T10:39:07Z,2,,6ef6d0acbf8f444bbc163cc197fa1905
spotify:track:6GRRR3GTp9kVIfX3J9UcON,e5c2390073644e979f43e744c33e6c60,2026-03-11T10:39:07Z,1,,6ef6d0acbf8f444bbc163cc197fa1905
spotify:track:4OLBx9wxBXhsZCUZiOXGtq,e5c2390073644e979f43e744c33e6c60,2026-03-11T10:39:07Z,2,,6ef6d0acbf8f444bbc163cc197fa1905
spotify:track:3mQTPYezPCB9uUM3WpkIff,e5c2390073644e979f43e744c33e6c60,2026-03-11T10:39:07Z,2,,6ef6d0acbf8f444bbc163cc197fa1905
spotify:track:1qtiESAzfGMw3YqJvI97ki,e5c2390073644e979f43e744c33e6c60,2026-03-11T10:39:07Z,1,,6ef6d0acbf8f444bbc163cc197fa1905
spotify:track:15NXTJNvX1jmMgJ5NSNAZu,e5c2390073644e979f43e744c33e6c60,2026-03-11T10:39:07Z,2,,6ef6d0acbf8f444bbc163cc197fa1905
spotify:track:0EodkBe2IgKGvUCwuMeoBj,e5c2390073644e979f43e744c33e6c60,2026-03-11T10:39:07Z,1,,6ef6d0acbf8f444bbc163cc197fa1905
spotify:track:7mimnm2QlSzW3J38FRMETP,e5c2390073644e979f43e744c33e6c60,2026-03-11T10:39:07Z,2,,6ef6d0acbf8f444bbc163cc197fa1905
spotify:track:70Vk1sN0hcLt1v0AA0ZXXk,e5c2390073644e979f43e744c33e6c60,2026-03-11T10:39:07Z,1,,6ef6d0acbf8f444bbc163cc197fa1905
spotify:track:5Y2aguXl0NzxFsOztKsFY9,ce76a5e6ff274137bb5127db7065d9a8,2026-03-13T17:07:44Z,1,I guess Billy Strings poached the fiddler from this band? ,bf24a7a601434d158312cc4d2e9e3932
spotify:track:7ydJaSdC8Au68eYgspNznY,ce76a5e6ff274137bb5127db7065d9a8,2026-03-13T17:07:44Z,2,"""But what's wasting time if not throwing it away on work"" sheesh. I always feel like work is such a waste of our one precious life. Goddamn ",bf24a7a601434d158312cc4d2e9e3932
spotify:track:6dmmXMYwgxVMJSphFj44jG,ce76a5e6ff274137bb5127db7065d9a8,2026-03-13T17:07:44Z,2,V nice,bf24a7a601434d158312cc4d2e9e3932
spotify:track:65ZbHzGDYLjf5BcCbJTY4t,ce76a5e6ff274137bb5127db7065d9a8,2026-03-13T17:07:44Z,0,"I really like some aspects of this, but some are kind of unpleasant on my earballs. ",bf24a7a601434d158312cc4d2e9e3932
spotify:track:0NT3Uug06n6wSb3ZryPdkk,ce76a5e6ff274137bb5127db7065d9a8,2026-03-13T17:07:44Z,2,"This is cool, different. Some Django-esque licks in there. And props for the foreign tongue ",bf24a7a601434d158312cc4d2e9e3932
spotify:track:1GJgoTGiGtQ06yYFHskUh6,ce76a5e6ff274137bb5127db7065d9a8,2026-03-13T17:07:44Z,2,Love this song so much. Will always remind me of driving home with my Dad after an Allmans Beacon show. This one actually crossed my mind for a minute for Round 20 when brainstorming. ,bf24a7a601434d158312cc4d2e9e3932
spotify:track:1mKp1q4Yt26oM7UkCyGzOX,ce76a5e6ff274137bb5127db7065d9a8,2026-03-13T17:07:44Z,1,"ELO never really struck me as a classic rock band I needed to seek out any deeper than the typical radio play. Not sure I'm convinced to do that on my own, but thanks for doing that for me. Good for a point",bf24a7a601434d158312cc4d2e9e3932
spotify:track:1OXA7HvykkBOqpa58uqLx6,ce76a5e6ff274137bb5127db7065d9a8,2026-03-13T17:07:44Z,1,"I used to like good weed and red wine, but not so much anymore. Man, I'm lame. ",bf24a7a601434d158312cc4d2e9e3932
spotify:track:2b34efbHSDy1BNcQAkydLh,ce76a5e6ff274137bb5127db7065d9a8,2026-03-13T17:07:44Z,1,"Totally inoffensive, but nothing really interesting or unique happening. Doesn't move the needle for me. Second time around good enough for a point",bf24a7a601434d158312cc4d2e9e3932
spotify:track:2qmmw7HDfGNVFr3e9s26Cc,ce76a5e6ff274137bb5127db7065d9a8,2026-03-13T17:07:44Z,1,Groovy. ,bf24a7a601434d158312cc4d2e9e3932
spotify:track:3Mbkhd9tdMwyqbrVE3IODX,ce76a5e6ff274137bb5127db7065d9a8,2026-03-13T17:07:44Z,1,I considered using this one for a hot sec,bf24a7a601434d158312cc4d2e9e3932
spotify:track:4rFq47OSkwikpxDqncu1yC,ce76a5e6ff274137bb5127db7065d9a8,2026-03-13T17:07:44Z,0,"I do love coffee. I'm not sure if I like this song enough for a point. The ""black coffee"" singing at the end might have earned one if it shakes out. Nope, ran out, sorry",bf24a7a601434d158312cc4d2e9e3932
spotify:track:5oL7PDzsKGxq180QqK5uWE,ce76a5e6ff274137bb5127db7065d9a8,2026-03-13T17:07:44Z,1,"Not what I'd expect a Disco Biscuits side project to sound like. I guess that's why it's a side project. While I'm not sure ""Colors"" qualifies as a color, I did enjoy this. ",bf24a7a601434d158312cc4d2e9e3932
spotify:track:5tbbjW6TsLdze8kALQlS85,ce76a5e6ff274137bb5127db7065d9a8,2026-03-13T17:07:44Z,1,"Glad more people didn't go for the ""Blues"" route. You also got Black in the album title. Nice little ditty",bf24a7a601434d158312cc4d2e9e3932
spotify:track:5Y2aguXl0NzxFsOztKsFY9,1c89e947d02949ed86d05ec22a7350bf,2026-03-13T19:14:41Z,1,"i love bluegrass, but felt a little jarring and out of place with the rest of the playlist",bf24a7a601434d158312cc4d2e9e3932
spotify:track:5tbbjW6TsLdze8kALQlS85,1c89e947d02949ed86d05ec22a7350bf,2026-03-13T19:14:41Z,2,,bf24a7a601434d158312cc4d2e9e3932
spotify:track:5oL7PDzsKGxq180QqK5uWE,1c89e947d02949ed86d05ec22a7350bf,2026-03-13T19:14:41Z,1,,bf24a7a601434d158312cc4d2e9e3932
spotify:track:3Mbkhd9tdMwyqbrVE3IODX,1c89e947d02949ed86d05ec22a7350bf,2026-03-13T19:14:41Z,2,,bf24a7a601434d158312cc4d2e9e3932
spotify:track:2qmmw7HDfGNVFr3e9s26Cc,1c89e947d02949ed86d05ec22a7350bf,2026-03-13T19:14:41Z,2,,bf24a7a601434d158312cc4d2e9e3932
spotify:track:1OXA7HvykkBOqpa58uqLx6,1c89e947d02949ed86d05ec22a7350bf,2026-03-13T19:14:41Z,2,"one of my most played songs by the spotify shuffle gods, almost used this for gezellig and then again for the happy round.  ",bf24a7a601434d158312cc4d2e9e3932
spotify:track:0NT3Uug06n6wSb3ZryPdkk,1c89e947d02949ed86d05ec22a7350bf,2026-03-13T19:14:41Z,0,is this a color? ,bf24a7a601434d158312cc4d2e9e3932
spotify:track:6JcN18n7dEgzP8SuNeBdI4,1c89e947d02949ed86d05ec22a7350bf,2026-03-13T19:14:41Z,3,fav of the week,bf24a7a601434d158312cc4d2e9e3932
spotify:track:6dmmXMYwgxVMJSphFj44jG,1c89e947d02949ed86d05ec22a7350bf,2026-03-13T19:14:41Z,1,,bf24a7a601434d158312cc4d2e9e3932
spotify:track:65ZbHzGDYLjf5BcCbJTY4t,1c89e947d02949ed86d05ec22a7350bf,2026-03-13T19:14:41Z,2,this one really grew on me,bf24a7a601434d158312cc4d2e9e3932
spotify:track:5tbbjW6TsLdze8kALQlS85,8453d173315c468e8134e2527a658ba5,2026-03-14T11:14:08Z,2,Would have given a third point maybe but using blues was too obvious in my opinion even if we weren’t supposed to think hard ,bf24a7a601434d158312cc4d2e9e3932
spotify:track:5oL7PDzsKGxq180QqK5uWE,8453d173315c468e8134e2527a658ba5,2026-03-14T11:14:08Z,2,,bf24a7a601434d158312cc4d2e9e3932
spotify:track:2qmmw7HDfGNVFr3e9s26Cc,8453d173315c468e8134e2527a658ba5,2026-03-14T11:14:08Z,4,Fave of the week! Added to Funk & Soul Cave,bf24a7a601434d158312cc4d2e9e3932
spotify:track:2b34efbHSDy1BNcQAkydLh,8453d173315c468e8134e2527a658ba5,2026-03-14T11:14:08Z,1,,bf24a7a601434d158312cc4d2e9e3932
spotify:track:1OXA7HvykkBOqpa58uqLx6,8453d173315c468e8134e2527a658ba5,2026-03-14T11:14:08Z,2,Great choice!,bf24a7a601434d158312cc4d2e9e3932
spotify:track:1mKp1q4Yt26oM7UkCyGzOX,8453d173315c468e8134e2527a658ba5,2026-03-14T11:14:08Z,1,"If I have to give a point to steely Dan or this, it’s this",bf24a7a601434d158312cc4d2e9e3932
spotify:track:0NT3Uug06n6wSb3ZryPdkk,8453d173315c468e8134e2527a658ba5,2026-03-14T11:14:08Z,0,Did not enjoy,bf24a7a601434d158312cc4d2e9e3932
spotify:track:7ydJaSdC8Au68eYgspNznY,8453d173315c468e8134e2527a658ba5,2026-03-14T11:14:08Z,1,,bf24a7a601434d158312cc4d2e9e3932
spotify:track:6dmmXMYwgxVMJSphFj44jG,8453d173315c468e8134e2527a658ba5,2026-03-14T11:14:08Z,1,,bf24a7a601434d158312cc4d2e9e3932
spotify:track:5Y2aguXl0NzxFsOztKsFY9,8453d173315c468e8134e2527a658ba5,2026-03-14T11:14:08Z,2,Best of the bluegrassy/folksy white people ,bf24a7a601434d158312cc4d2e9e3932
spotify:track:5tbbjW6TsLdze8kALQlS85,a2909b31d1c04d728cfcf68ca0d73cca,2026-03-14T15:13:13Z,1,Sick,bf24a7a601434d158312cc4d2e9e3932
spotify:track:0NT3Uug06n6wSb3ZryPdkk,a2909b31d1c04d728cfcf68ca0d73cca,2026-03-14T15:13:13Z,1,This song made me want to put on a beret and say “Fire ze missiles. But I am le tired. Well take a nap and then fire ze missiles”,bf24a7a601434d158312cc4d2e9e3932
spotify:track:1GJgoTGiGtQ06yYFHskUh6,a2909b31d1c04d728cfcf68ca0d73cca,2026-03-14T15:13:13Z,1,II always have a point for the Dan,bf24a7a601434d158312cc4d2e9e3932
spotify:track:1mKp1q4Yt26oM7UkCyGzOX,a2909b31d1c04d728cfcf68ca0d73cca,2026-03-14T15:13:13Z,1,Inspired by the divisive Turn to Stone? Nice,bf24a7a601434d158312cc4d2e9e3932
spotify:track:2b34efbHSDy1BNcQAkydLh,a2909b31d1c04d728cfcf68ca0d73cca,2026-03-14T15:13:13Z,2,2 Jimmy James tracks in a row and I don’t hate it. This gets an extra point because they were one of my favorites on Jam Cruise. ,bf24a7a601434d158312cc4d2e9e3932
spotify:track:2qmmw7HDfGNVFr3e9s26Cc,a2909b31d1c04d728cfcf68ca0d73cca,2026-03-14T15:13:13Z,1,Somehow I read “Yellow Submarine” when I first skimmed the playlist. Definitely isn’t that,bf24a7a601434d158312cc4d2e9e3932
spotify:track:3Mbkhd9tdMwyqbrVE3IODX,a2909b31d1c04d728cfcf68ca0d73cca,2026-03-14T15:13:13Z,1,Dope,bf24a7a601434d158312cc4d2e9e3932
spotify:track:4rFq47OSkwikpxDqncu1yC,a2909b31d1c04d728cfcf68ca0d73cca,2026-03-14T15:13:13Z,1,,bf24a7a601434d158312cc4d2e9e3932
spotify:track:5oL7PDzsKGxq180QqK5uWE,a2909b31d1c04d728cfcf68ca0d73cca,2026-03-14T15:13:13Z,1,This has to be the commish pick. If the prompt wasn’t so vague I’d give you shit for this. Is colors a color? No it isn’t. Still a good song tho…,bf24a7a601434d158312cc4d2e9e3932
spotify:track:5Y2aguXl0NzxFsOztKsFY9,a2909b31d1c04d728cfcf68ca0d73cca,2026-03-14T15:13:13Z,1,Didn’t expect to find myself dancing a jig while listening to this playlist. ,bf24a7a601434d158312cc4d2e9e3932
spotify:track:65ZbHzGDYLjf5BcCbJTY4t,a2909b31d1c04d728cfcf68ca0d73cca,2026-03-14T15:13:13Z,2,I’m gonna guess this won’t do well with this crowd but I really enjoyed it. ,bf24a7a601434d158312cc4d2e9e3932
spotify:track:6dmmXMYwgxVMJSphFj44jG,a2909b31d1c04d728cfcf68ca0d73cca,2026-03-14T15:13:13Z,1,,bf24a7a601434d158312cc4d2e9e3932
spotify:track:6JcN18n7dEgzP8SuNeBdI4,a2909b31d1c04d728cfcf68ca0d73cca,2026-03-14T15:13:13Z,1,,bf24a7a601434d158312cc4d2e9e3932
spotify:track:7ydJaSdC8Au68eYgspNznY,a2909b31d1c04d728cfcf68ca0d73cca,2026-03-14T15:13:13Z,1,,bf24a7a601434d158312cc4d2e9e3932
spotify:track:2b34efbHSDy1BNcQAkydLh,d0b05ef03f5e4598a3e8532b812c3330,2026-03-14T15:27:18Z,1,i was trying to picture what the guitarist must look like ripping the solo (yes ive seen him before with delvon lamar) and it finally hit me.... Jack Black in the classroom in School of Rock!,bf24a7a601434d158312cc4d2e9e3932
spotify:track:3Mbkhd9tdMwyqbrVE3IODX,d0b05ef03f5e4598a3e8532b812c3330,2026-03-14T15:27:18Z,1,,bf24a7a601434d158312cc4d2e9e3932
spotify:track:4rFq47OSkwikpxDqncu1yC,d0b05ef03f5e4598a3e8532b812c3330,2026-03-14T15:27:18Z,2,cool find. squeeze not really on the radar and loved this,bf24a7a601434d158312cc4d2e9e3932
spotify:track:5oL7PDzsKGxq180QqK5uWE,d0b05ef03f5e4598a3e8532b812c3330,2026-03-14T15:27:18Z,1,Love spaga forever and always,bf24a7a601434d158312cc4d2e9e3932
spotify:track:5tbbjW6TsLdze8kALQlS85,d0b05ef03f5e4598a3e8532b812c3330,2026-03-14T15:27:18Z,1,too me this is like anti AI. love it,bf24a7a601434d158312cc4d2e9e3932
spotify:track:5Y2aguXl0NzxFsOztKsFY9,d0b05ef03f5e4598a3e8532b812c3330,2026-03-14T15:27:18Z,1,,bf24a7a601434d158312cc4d2e9e3932
spotify:track:65ZbHzGDYLjf5BcCbJTY4t,d0b05ef03f5e4598a3e8532b812c3330,2026-03-14T15:27:18Z,1,,bf24a7a601434d158312cc4d2e9e3932
spotify:track:6dmmXMYwgxVMJSphFj44jG,d0b05ef03f5e4598a3e8532b812c3330,2026-03-14T15:27:18Z,1,,bf24a7a601434d158312cc4d2e9e3932
spotify:track:6JcN18n7dEgzP8SuNeBdI4,d0b05ef03f5e4598a3e8532b812c3330,2026-03-14T15:27:18Z,2,Giving love to the end. Ryley is a treasure.,bf24a7a601434d158312cc4d2e9e3932
spotify:track:7ydJaSdC8Au68eYgspNznY,d0b05ef03f5e4598a3e8532b812c3330,2026-03-14T15:27:18Z,2,Giving love to the end. Father John Misty is a treasure.,bf24a7a601434d158312cc4d2e9e3932
spotify:track:0NT3Uug06n6wSb3ZryPdkk,d0b05ef03f5e4598a3e8532b812c3330,2026-03-14T15:27:18Z,1,sick track,bf24a7a601434d158312cc4d2e9e3932
spotify:track:1mKp1q4Yt26oM7UkCyGzOX,d0b05ef03f5e4598a3e8532b812c3330,2026-03-14T15:27:18Z,1,Love the ending. Just a while to get there,bf24a7a601434d158312cc4d2e9e3932
spotify:track:1OXA7HvykkBOqpa58uqLx6,d0b05ef03f5e4598a3e8532b812c3330,2026-03-14T15:27:18Z,0,just too many other great ones,bf24a7a601434d158312cc4d2e9e3932
spotify:track:2qmmw7HDfGNVFr3e9s26Cc,d0b05ef03f5e4598a3e8532b812c3330,2026-03-14T15:27:18Z,1,,bf24a7a601434d158312cc4d2e9e3932
spotify:track:1OXA7HvykkBOqpa58uqLx6,f1f0f2ed0eb64306992b613229fb7972,2026-03-14T18:10:39Z,2,"Yes, please & thank you 🍃🌬️🍷",bf24a7a601434d158312cc4d2e9e3932
spotify:track:2qmmw7HDfGNVFr3e9s26Cc,f1f0f2ed0eb64306992b613229fb7972,2026-03-14T18:10:39Z,1,💛🌞👏,bf24a7a601434d158312cc4d2e9e3932
spotify:track:3Mbkhd9tdMwyqbrVE3IODX,f1f0f2ed0eb64306992b613229fb7972,2026-03-14T18:10:39Z,1,Loves me some guitar heros 🔥🎸,bf24a7a601434d158312cc4d2e9e3932
spotify:track:4rFq47OSkwikpxDqncu1yC,f1f0f2ed0eb64306992b613229fb7972,2026-03-14T18:10:39Z,2,Squeeze made songs other than “Pulling Mussels?” Who knew! Catchy. I dig it. ,bf24a7a601434d158312cc4d2e9e3932
spotify:track:5oL7PDzsKGxq180QqK5uWE,f1f0f2ed0eb64306992b613229fb7972,2026-03-14T18:10:39Z,1,This is a journey! Bold to throw an almost 7 minute jazzy instrumental into the mix. Curious to see how that works out for ya… 🤔,bf24a7a601434d158312cc4d2e9e3932
spotify:track:5Y2aguXl0NzxFsOztKsFY9,f1f0f2ed0eb64306992b613229fb7972,2026-03-14T18:10:39Z,1,Sympathy point since bluegrass tracks always get the short end of the stick with this crew 😝 and this one in particular is pretty nice! ,bf24a7a601434d158312cc4d2e9e3932
spotify:track:65ZbHzGDYLjf5BcCbJTY4t,f1f0f2ed0eb64306992b613229fb7972,2026-03-14T18:10:39Z,0,Idk about this… ,bf24a7a601434d158312cc4d2e9e3932
spotify:track:6dmmXMYwgxVMJSphFj44jG,f1f0f2ed0eb64306992b613229fb7972,2026-03-14T18:10:39Z,1,"This was fine. Inoffensive but also not super notable for any reason, IMO.",bf24a7a601434d158312cc4d2e9e3932
spotify:track:6JcN18n7dEgzP8SuNeBdI4,f1f0f2ed0eb64306992b613229fb7972,2026-03-14T18:10:39Z,1,"Ryley Walker makes beautiful music which is even more lovely to experience live 💓 I had the pleasure of doing so at Field of Vision last summer & WOW, what a talented artist. Glad to see he’s back at it playing some more shows again. ",bf24a7a601434d158312cc4d2e9e3932
spotify:track:7ydJaSdC8Au68eYgspNznY,f1f0f2ed0eb64306992b613229fb7972,2026-03-14T18:10:39Z,2,Maybe it’s the Texas resident in me with Luck Reunion coming up next week but this is hitting the spot more than I expected it would. I’m also a big time sucker for a pedal steel so… Here are my last 2 points!,bf24a7a601434d158312cc4d2e9e3932
spotify:track:0NT3Uug06n6wSb3ZryPdkk,f1f0f2ed0eb64306992b613229fb7972,2026-03-14T18:10:39Z,1,"Perfectly pretentious start to the list! 😝🇫🇷🦪 

(…Rick? Or Zach?)",bf24a7a601434d158312cc4d2e9e3932
spotify:track:1GJgoTGiGtQ06yYFHskUh6,f1f0f2ed0eb64306992b613229fb7972,2026-03-14T18:10:39Z,1,"Thought about Green Earrings also from the Dan songbook for this prompt (which always reminds me of Josh for some reason?) but decided against it bc I feared it was too popular. Green Earrings wouldve been a better Dan pick, IMO 😜 but as a #DanFan I’ve gotta give this at least 1 point. ",bf24a7a601434d158312cc4d2e9e3932
spotify:track:1mKp1q4Yt26oM7UkCyGzOX,f1f0f2ed0eb64306992b613229fb7972,2026-03-14T18:10:39Z,1,"More ELO! (This you, Fluff? 😜) Unfamiliar with this track, liked it enough for a point.",bf24a7a601434d158312cc4d2e9e3932
spotify:track:2b34efbHSDy1BNcQAkydLh,f1f0f2ed0eb64306992b613229fb7972,2026-03-14T18:10:39Z,1,Back to back Jimmy Scratch James! 🤯  Liked the previous track more but enjoyed this one enough for 1 point.,bf24a7a601434d158312cc4d2e9e3932
spotify:track:4rFq47OSkwikpxDqncu1yC,0d42af6c19054b7dbbe4aa499186e408,2026-03-15T02:31:53Z,0,"Again--a really great song. Probably my hardest 1 to give zero points. 

Except for those 1s that I ultimately ended up giving 1 point. ",bf24a7a601434d158312cc4d2e9e3932
spotify:track:0NT3Uug06n6wSb3ZryPdkk,0d42af6c19054b7dbbe4aa499186e408,2026-03-15T02:31:53Z,0,"Normally a point for bringing me on the sidewalk terrace of a European cafe, chasing a glass of crisp white with an overly bitter espresso. Olives to pick at. Limestone. Normally, a point will always exist for this moment. Also the musicianship here is stellar. But it is the end of the season, and this was SUCH an excellent playlist, I want to avoid giving every song a point. I want to give my favorites multiple points and everything else nothing. I want to do my part in shaking up this leader board. I want to mean something in this world. ",bf24a7a601434d158312cc4d2e9e3932
spotify:track:1GJgoTGiGtQ06yYFHskUh6,0d42af6c19054b7dbbe4aa499186e408,2026-03-15T02:31:53Z,4,"Man. This is damn near a perfect song. It might be. Reminds me I need to go back and listen Katy Lied a lot more than I do. As you know from the picture of my sausage, we took the fam to Astoria this weekend for a seafood lunch, an excuse to pick up sausage and greek wine for freezer storage/Stearns sunday funday/in-laws upcoming Easter celebration. We played a new game on the way in where each family member got to pick a song. Reese went first and wanted ""BornoohESay"" aka Born in the USA. Mac wanted Johnny singing sky full of stars. I put this on, strictly from how much I loved it off the playlist. ""Who are these children
Who scheme and run wild
Who speak with their wings
And the way that they smile
What are the secrets
They trace in the sky""
I don't know if there is a better lyrical opening to a song ever, not to mention the accompanying music. And only to say ""the answer they reveal/life is unreal"" I had 3 points as I wrote this and typed myself into a 4. This is my first 4. I think",bf24a7a601434d158312cc4d2e9e3932
spotify:track:1mKp1q4Yt26oM7UkCyGzOX,0d42af6c19054b7dbbe4aa499186e408,2026-03-15T02:31:53Z,2,"Was draggin ass first mile on my run and the opening of this tune didn't help--reminiscent of Jeremiah Clarke's ""Prince of Denmark's March"" (ca. 1700...or so Wikipedia says). Then I heard the meat of the tune and, in retrospect, found the opening hilarious and the song itself phenomenal. A 2 for me. Would even have worked as a protest song. What war is older than the holy war? Maybe the war for food...or water. Which probably was conflated with a holy war. ",bf24a7a601434d158312cc4d2e9e3932
spotify:track:1OXA7HvykkBOqpa58uqLx6,0d42af6c19054b7dbbe4aa499186e408,2026-03-15T02:31:53Z,2,"If this song was called Dog Crap on the Side of the Road, it may have been three points. ",bf24a7a601434d158312cc4d2e9e3932
spotify:track:2b34efbHSDy1BNcQAkydLh,0d42af6c19054b7dbbe4aa499186e408,2026-03-15T02:31:53Z,2,"This hit me at just the right time. Playlist drops friday AM. Im on PTO for getting naked on a Zoom call. Two days ago Hilary made a lovely dish: baked gnocchi, sweet italian sausage with fennel, and mixed greens (rabe, broccoli, kale). The gnocchi is long gone but some sausage and greens linger in a circular tupperware. Round 11:30 decided to chop those up and saute them for a bit. Crisp em. Meanwhile thinly slice spherical wisps of fresh mozz and whisk a few eggs together. Gonna make a true ass Italian omelet. The fold was better than my usual folds, minimal breakage, and a few sprinkles of fresh parm on top of the mozz blanketed the sausage and greens. Omelets move quick. We know eggs can stick if played with too early, but if left to cook too long they lose that juice. The entirety of this culinary improvisation occurred against the backdrop of this song. Multiple times I allowed myself the delusion of being a Top Chef. The omelet was a 3. The song is a 1. The average is a 2. ",bf24a7a601434d158312cc4d2e9e3932
spotify:track:2qmmw7HDfGNVFr3e9s26Cc,0d42af6c19054b7dbbe4aa499186e408,2026-03-15T02:31:53Z,0,"Its a good song. But I'm a two-pointer or bust this round. Unless I was cooking while listening to you. 

(or unless I split the 2 points for a select few songs)",bf24a7a601434d158312cc4d2e9e3932
spotify:track:3Mbkhd9tdMwyqbrVE3IODX,0d42af6c19054b7dbbe4aa499186e408,2026-03-15T02:31:53Z,1,"Some dirty ass bass lines on this list. +2 for the start of dirty ass bass. 

-1 for Goodbye Mr. Blue existing. ",bf24a7a601434d158312cc4d2e9e3932
spotify:track:5oL7PDzsKGxq180QqK5uWE,0d42af6c19054b7dbbe4aa499186e408,2026-03-15T02:31:53Z,0,"Jazzy, beautiful, expertly played, a window into their dead covers, clearly 1 point in another time...another place....another time....another place...(in a world where artist is not art...depends how much you like the art: https://www.youtube.com/watch?v=vDgyJbc66tI -- this is a perfect song, right?) ",bf24a7a601434d158312cc4d2e9e3932
spotify:track:5tbbjW6TsLdze8kALQlS85,0d42af6c19054b7dbbe4aa499186e408,2026-03-15T02:31:53Z,0,damn good tune. not 2 points.,bf24a7a601434d158312cc4d2e9e3932
spotify:track:5Y2aguXl0NzxFsOztKsFY9,0d42af6c19054b7dbbe4aa499186e408,2026-03-15T02:31:53Z,2,well shit my timbers and call me sally. heck yes. mighty fine pickin. ,bf24a7a601434d158312cc4d2e9e3932
spotify:track:65ZbHzGDYLjf5BcCbJTY4t,0d42af6c19054b7dbbe4aa499186e408,2026-03-15T02:31:53Z,0,I thought nothing of this song ,bf24a7a601434d158312cc4d2e9e3932
spotify:track:6JcN18n7dEgzP8SuNeBdI4,0d42af6c19054b7dbbe4aa499186e408,2026-03-15T02:31:53Z,2,"Song that most sent me down a rabbit hole. In ways I feel like it is a distant cousin of Gold Teeth, plus some Nick Drake. ",bf24a7a601434d158312cc4d2e9e3932
spotify:track:7ydJaSdC8Au68eYgspNznY,0d42af6c19054b7dbbe4aa499186e408,2026-03-15T02:31:53Z,1,"More like Father John Miss Me with this shit. 

No it is a beautiful song. Everything I said about only 2 points+ or zero is bull shit. This is splitting points with Red Clay. I have no convictions in life. ",bf24a7a601434d158312cc4d2e9e3932
spotify:track:5tbbjW6TsLdze8kALQlS85,9b7e03ea90dd46db9779dc21eb04ca5a,2026-03-15T12:15:47Z,2,,bf24a7a601434d158312cc4d2e9e3932
spotify:track:5oL7PDzsKGxq180QqK5uWE,9b7e03ea90dd46db9779dc21eb04ca5a,2026-03-15T12:15:47Z,2,"Fuck yeah. 
Me simple man. 
Me  hear good jazz, me give vote. ",bf24a7a601434d158312cc4d2e9e3932
spotify:track:2qmmw7HDfGNVFr3e9s26Cc,9b7e03ea90dd46db9779dc21eb04ca5a,2026-03-15T12:15:47Z,3,Clear winner to me ,bf24a7a601434d158312cc4d2e9e3932
spotify:track:2b34efbHSDy1BNcQAkydLh,9b7e03ea90dd46db9779dc21eb04ca5a,2026-03-15T12:15:47Z,1,,bf24a7a601434d158312cc4d2e9e3932
spotify:track:1OXA7HvykkBOqpa58uqLx6,9b7e03ea90dd46db9779dc21eb04ca5a,2026-03-15T12:15:47Z,1,,bf24a7a601434d158312cc4d2e9e3932
spotify:track:0NT3Uug06n6wSb3ZryPdkk,9b7e03ea90dd46db9779dc21eb04ca5a,2026-03-15T12:15:47Z,1,,bf24a7a601434d158312cc4d2e9e3932
spotify:track:7ydJaSdC8Au68eYgspNznY,9b7e03ea90dd46db9779dc21eb04ca5a,2026-03-15T12:15:47Z,2,,bf24a7a601434d158312cc4d2e9e3932
spotify:track:6JcN18n7dEgzP8SuNeBdI4,9b7e03ea90dd46db9779dc21eb04ca5a,2026-03-15T12:15:47Z,2,,bf24a7a601434d158312cc4d2e9e3932
spotify:track:6dmmXMYwgxVMJSphFj44jG,9b7e03ea90dd46db9779dc21eb04ca5a,2026-03-15T12:15:47Z,2,,bf24a7a601434d158312cc4d2e9e3932
spotify:track:6JcN18n7dEgzP8SuNeBdI4,183c5f6ed1b147099842917a9576c8f4,2026-03-15T18:34:33Z,1,"Really enjoyed the guitar work, especially at the start of the song. See he's playing public records in May - might have to check him out. ",bf24a7a601434d158312cc4d2e9e3932
spotify:track:1OXA7HvykkBOqpa58uqLx6,183c5f6ed1b147099842917a9576c8f4,2026-03-15T18:34:33Z,1,Quintessential Music League instrumental funky little number. I can't quit you. ,bf24a7a601434d158312cc4d2e9e3932
spotify:track:2b34efbHSDy1BNcQAkydLh,183c5f6ed1b147099842917a9576c8f4,2026-03-15T18:34:33Z,0,"With all the new bangers brought to the mix, couldn't save a point for a track sent to the list. Especially if this isn't Tim. If this is Tim, sorry, still a great song!",bf24a7a601434d158312cc4d2e9e3932
spotify:track:2qmmw7HDfGNVFr3e9s26Cc,183c5f6ed1b147099842917a9576c8f4,2026-03-15T18:34:33Z,0,Victim of an extremely strong list. ,bf24a7a601434d158312cc4d2e9e3932
spotify:track:3Mbkhd9tdMwyqbrVE3IODX,183c5f6ed1b147099842917a9576c8f4,2026-03-15T18:34:33Z,1,"His bio notes Jack is ""a superior, slightly underrated improvisor.""  Think I'm rating him correctly. Super interesting track. ",bf24a7a601434d158312cc4d2e9e3932
spotify:track:4rFq47OSkwikpxDqncu1yC,183c5f6ed1b147099842917a9576c8f4,2026-03-15T18:34:33Z,1,"Like a good coffee, his voice is smooth as silk ",bf24a7a601434d158312cc4d2e9e3932
spotify:track:5oL7PDzsKGxq180QqK5uWE,183c5f6ed1b147099842917a9576c8f4,2026-03-15T18:34:33Z,2,"Came across this during my research and almost went with it. Now listening again, I think I should've.",bf24a7a601434d158312cc4d2e9e3932
spotify:track:5tbbjW6TsLdze8kALQlS85,183c5f6ed1b147099842917a9576c8f4,2026-03-15T18:34:33Z,3,Stood out against a bunch of heavyweights. Got me so jazzed I went to see a movie about beavers,bf24a7a601434d158312cc4d2e9e3932
spotify:track:5Y2aguXl0NzxFsOztKsFY9,183c5f6ed1b147099842917a9576c8f4,2026-03-15T18:34:33Z,1,Mighty fine picking,bf24a7a601434d158312cc4d2e9e3932
spotify:track:65ZbHzGDYLjf5BcCbJTY4t,183c5f6ed1b147099842917a9576c8f4,2026-03-15T18:34:33Z,2,Dusty or Diskin? Took me about 3 times and then it clicked. Have really enjoyed going back to this one. ,bf24a7a601434d158312cc4d2e9e3932
spotify:track:6dmmXMYwgxVMJSphFj44jG,183c5f6ed1b147099842917a9576c8f4,2026-03-15T18:34:33Z,0,Hurts to give a zero. This would've scored for me in any other round. ,bf24a7a601434d158312cc4d2e9e3932
spotify:track:0NT3Uug06n6wSb3ZryPdkk,183c5f6ed1b147099842917a9576c8f4,2026-03-15T18:34:33Z,1,"Al's note: My great uncle moved to France to study Voltaire's Lyon era.  While in Paris, he picked up accordion and brought the instrument everywhere. Years later, he involved in a freak Vespa accident with another man on Vespa who was also carrying an accordion. That man was amputated from the waist down, but dedicated his life to mastering the instrument. That man was Richard Galliano.  Rather than remaining bitter, Richard embraced my uncle and he became Richard's accordion muse. This song is about my uncle, Perle. ",bf24a7a601434d158312cc4d2e9e3932
spotify:track:1GJgoTGiGtQ06yYFHskUh6,183c5f6ed1b147099842917a9576c8f4,2026-03-15T18:34:33Z,1,"Dustin, this you?  ""Who are these children who scheme and run wild"" is just a great opening line. ",bf24a7a601434d158312cc4d2e9e3932
spotify:track:1mKp1q4Yt26oM7UkCyGzOX,183c5f6ed1b147099842917a9576c8f4,2026-03-15T18:34:33Z,2,Dianna?  Was singing the chorus on the subway after my 3rd listen.  Loved this!,bf24a7a601434d158312cc4d2e9e3932
spotify:track:7ydJaSdC8Au68eYgspNznY,7fdceb56429c4e38939c3e5ee41bfdd0,2026-03-15T19:14:20Z,1,,bf24a7a601434d158312cc4d2e9e3932
spotify:track:6JcN18n7dEgzP8SuNeBdI4,7fdceb56429c4e38939c3e5ee41bfdd0,2026-03-15T19:14:20Z,1,Sounds a little like labi?,bf24a7a601434d158312cc4d2e9e3932
spotify:track:6dmmXMYwgxVMJSphFj44jG,7fdceb56429c4e38939c3e5ee41bfdd0,2026-03-15T19:14:20Z,2,,bf24a7a601434d158312cc4d2e9e3932
spotify:track:5tbbjW6TsLdze8kALQlS85,7fdceb56429c4e38939c3e5ee41bfdd0,2026-03-15T19:14:20Z,1,,bf24a7a601434d158312cc4d2e9e3932
spotify:track:3Mbkhd9tdMwyqbrVE3IODX,7fdceb56429c4e38939c3e5ee41bfdd0,2026-03-15T19:14:20Z,2,Real nice,bf24a7a601434d158312cc4d2e9e3932
spotify:track:2qmmw7HDfGNVFr3e9s26Cc,7fdceb56429c4e38939c3e5ee41bfdd0,2026-03-15T19:14:20Z,1,,bf24a7a601434d158312cc4d2e9e3932
spotify:track:2b34efbHSDy1BNcQAkydLh,7fdceb56429c4e38939c3e5ee41bfdd0,2026-03-15T19:14:20Z,2,Maybe tops,bf24a7a601434d158312cc4d2e9e3932
spotify:track:1GJgoTGiGtQ06yYFHskUh6,7fdceb56429c4e38939c3e5ee41bfdd0,2026-03-15T19:14:20Z,2,,bf24a7a601434d158312cc4d2e9e3932
spotify:track:1OXA7HvykkBOqpa58uqLx6,7fdceb56429c4e38939c3e5ee41bfdd0,2026-03-15T19:14:20Z,2,,bf24a7a601434d158312cc4d2e9e3932
spotify:track:1mKp1q4Yt26oM7UkCyGzOX,7fdceb56429c4e38939c3e5ee41bfdd0,2026-03-15T19:14:20Z,2,,bf24a7a601434d158312cc4d2e9e3932
spotify:track:1OXA7HvykkBOqpa58uqLx6,605866a938e54c5da212fc8595186729,2026-03-15T20:18:28Z,2,,bf24a7a601434d158312cc4d2e9e3932
spotify:track:0NT3Uug06n6wSb3ZryPdkk,605866a938e54c5da212fc8595186729,2026-03-15T20:18:28Z,1,,bf24a7a601434d158312cc4d2e9e3932
spotify:track:1GJgoTGiGtQ06yYFHskUh6,605866a938e54c5da212fc8595186729,2026-03-15T20:18:28Z,1,This really grew on my on second listen ,bf24a7a601434d158312cc4d2e9e3932
spotify:track:1mKp1q4Yt26oM7UkCyGzOX,605866a938e54c5da212fc8595186729,2026-03-15T20:18:28Z,2,What a journey!,bf24a7a601434d158312cc4d2e9e3932
spotify:track:2b34efbHSDy1BNcQAkydLh,605866a938e54c5da212fc8595186729,2026-03-15T20:18:28Z,2,,bf24a7a601434d158312cc4d2e9e3932
spotify:track:2qmmw7HDfGNVFr3e9s26Cc,605866a938e54c5da212fc8595186729,2026-03-15T20:18:28Z,2,,bf24a7a601434d158312cc4d2e9e3932
spotify:track:3Mbkhd9tdMwyqbrVE3IODX,605866a938e54c5da212fc8595186729,2026-03-15T20:18:28Z,1,,bf24a7a601434d158312cc4d2e9e3932
spotify:track:4rFq47OSkwikpxDqncu1yC,605866a938e54c5da212fc8595186729,2026-03-15T20:18:28Z,0,"Kinda whiney and annoying, sorry ",bf24a7a601434d158312cc4d2e9e3932
spotify:track:5oL7PDzsKGxq180QqK5uWE,605866a938e54c5da212fc8595186729,2026-03-15T20:18:28Z,0,Colors isn’t a color! Enjoyed otherwise ,bf24a7a601434d158312cc4d2e9e3932
spotify:track:5tbbjW6TsLdze8kALQlS85,605866a938e54c5da212fc8595186729,2026-03-15T20:18:28Z,0,This is a cop out! ,bf24a7a601434d158312cc4d2e9e3932
spotify:track:65ZbHzGDYLjf5BcCbJTY4t,605866a938e54c5da212fc8595186729,2026-03-15T20:18:28Z,1,Really enjoyed this! We’ve got color! (That’s what they’re saying right??),bf24a7a601434d158312cc4d2e9e3932
spotify:track:6dmmXMYwgxVMJSphFj44jG,605866a938e54c5da212fc8595186729,2026-03-15T20:18:28Z,1,,bf24a7a601434d158312cc4d2e9e3932
spotify:track:6JcN18n7dEgzP8SuNeBdI4,605866a938e54c5da212fc8595186729,2026-03-15T20:18:28Z,3,"So whimsical, love it. Probably favorite of the week",bf24a7a601434d158312cc4d2e9e3932
spotify:track:7ydJaSdC8Au68eYgspNznY,605866a938e54c5da212fc8595186729,2026-03-15T20:18:28Z,0,He’s just not my jam… saw him once ages ago and it  didn’t click ,bf24a7a601434d158312cc4d2e9e3932
spotify:track:5tbbjW6TsLdze8kALQlS85,4e117e3021d7466c8bf0b654f8357418,2026-03-16T00:56:18Z,2,Blue is a color. Blues is a genre. Almost a -1 but there’s nothing left that deserves my last point. ,bf24a7a601434d158312cc4d2e9e3932
spotify:track:65ZbHzGDYLjf5BcCbJTY4t,4e117e3021d7466c8bf0b654f8357418,2026-03-16T00:56:18Z,1,,bf24a7a601434d158312cc4d2e9e3932
spotify:track:6dmmXMYwgxVMJSphFj44jG,4e117e3021d7466c8bf0b654f8357418,2026-03-16T00:56:18Z,1,,bf24a7a601434d158312cc4d2e9e3932
spotify:track:6JcN18n7dEgzP8SuNeBdI4,4e117e3021d7466c8bf0b654f8357418,2026-03-16T00:56:18Z,2,,bf24a7a601434d158312cc4d2e9e3932
spotify:track:0NT3Uug06n6wSb3ZryPdkk,4e117e3021d7466c8bf0b654f8357418,2026-03-16T00:56:18Z,2,,bf24a7a601434d158312cc4d2e9e3932
spotify:track:1GJgoTGiGtQ06yYFHskUh6,4e117e3021d7466c8bf0b654f8357418,2026-03-16T00:56:18Z,2,,bf24a7a601434d158312cc4d2e9e3932
spotify:track:2qmmw7HDfGNVFr3e9s26Cc,4e117e3021d7466c8bf0b654f8357418,2026-03-16T00:56:18Z,2,,bf24a7a601434d158312cc4d2e9e3932
spotify:track:3Mbkhd9tdMwyqbrVE3IODX,4e117e3021d7466c8bf0b654f8357418,2026-03-16T00:56:18Z,2,,bf24a7a601434d158312cc4d2e9e3932
spotify:track:4rFq47OSkwikpxDqncu1yC,4e117e3021d7466c8bf0b654f8357418,2026-03-16T00:56:18Z,0,Wish I could dock this points,bf24a7a601434d158312cc4d2e9e3932
spotify:track:5oL7PDzsKGxq180QqK5uWE,4e117e3021d7466c8bf0b654f8357418,2026-03-16T00:56:18Z,1,"Colors is not a color, Jen. -1. ",bf24a7a601434d158312cc4d2e9e3932
spotify:track:5Y2aguXl0NzxFsOztKsFY9,4e117e3021d7466c8bf0b654f8357418,2026-03-16T00:56:18Z,1,,bf24a7a601434d158312cc4d2e9e3932
spotify:track:6JcN18n7dEgzP8SuNeBdI4,0b4377c224ba402d97adce848425da90,2026-03-17T02:43:58Z,3,Really grew on me,bf24a7a601434d158312cc4d2e9e3932
spotify:track:65ZbHzGDYLjf5BcCbJTY4t,0b4377c224ba402d97adce848425da90,2026-03-17T02:43:58Z,1,,bf24a7a601434d158312cc4d2e9e3932
spotify:track:5Y2aguXl0NzxFsOztKsFY9,0b4377c224ba402d97adce848425da90,2026-03-17T02:43:58Z,1,,bf24a7a601434d158312cc4d2e9e3932
spotify:track:4rFq47OSkwikpxDqncu1yC,0b4377c224ba402d97adce848425da90,2026-03-17T02:43:58Z,2,"Nice pick, Dustin",bf24a7a601434d158312cc4d2e9e3932
spotify:track:3Mbkhd9tdMwyqbrVE3IODX,0b4377c224ba402d97adce848425da90,2026-03-17T02:43:58Z,4,One of my al time favorite bass lines,bf24a7a601434d158312cc4d2e9e3932
spotify:track:2b34efbHSDy1BNcQAkydLh,0b4377c224ba402d97adce848425da90,2026-03-17T02:43:58Z,2,,bf24a7a601434d158312cc4d2e9e3932
spotify:track:1OXA7HvykkBOqpa58uqLx6,0b4377c224ba402d97adce848425da90,2026-03-17T02:43:58Z,1,,bf24a7a601434d158312cc4d2e9e3932
spotify:track:1GJgoTGiGtQ06yYFHskUh6,0b4377c224ba402d97adce848425da90,2026-03-17T02:43:58Z,1,Quirky little tune ,bf24a7a601434d158312cc4d2e9e3932
spotify:track:0NT3Uug06n6wSb3ZryPdkk,0b4377c224ba402d97adce848425da90,2026-03-17T02:43:58Z,1,This feels appropriate while I watch Italy play baseball,bf24a7a601434d158312cc4d2e9e3932
spotify:track:1mKp1q4Yt26oM7UkCyGzOX,49a5ff7c4466457eb8016aaf873224cb,2026-03-17T16:58:36Z,2,"Alright, some proper ELO. Maybe I'll finally go down that ELO Rabbit Hole this time. Could easily be a Pink Floyd song around the Obscured by Clouds era.",bf24a7a601434d158312cc4d2e9e3932
spotify:track:0NT3Uug06n6wSb3ZryPdkk,49a5ff7c4466457eb8016aaf873224cb,2026-03-17T16:58:36Z,0,"Pearl is a color, and fuck you if you ding me for any prompt-related business. 

*Samuel L  Black Snake Moan stare dot gif*",bf24a7a601434d158312cc4d2e9e3932
spotify:track:7ydJaSdC8Au68eYgspNznY,49a5ff7c4466457eb8016aaf873224cb,2026-03-17T16:58:36Z,2,Heyo playlist shuffle gods with the Goodbye outro. Heard too many times / too slow / etc. Good thing it's great. ,bf24a7a601434d158312cc4d2e9e3932
spotify:track:6JcN18n7dEgzP8SuNeBdI4,49a5ff7c4466457eb8016aaf873224cb,2026-03-17T16:58:36Z,2,Zachary??? Beautiful. Lovely. ,bf24a7a601434d158312cc4d2e9e3932
spotify:track:6dmmXMYwgxVMJSphFj44jG,49a5ff7c4466457eb8016aaf873224cb,2026-03-17T16:58:36Z,1,"""Dogs Bark Babies Cry"", the title of my DEG Affliction album. Nice n chill. Dig the overall flow.",bf24a7a601434d158312cc4d2e9e3932
spotify:track:65ZbHzGDYLjf5BcCbJTY4t,49a5ff7c4466457eb8016aaf873224cb,2026-03-17T16:58:36Z,0,"Mmmm... didn't care for most of it.  Dug the groovy parts, but the pseudo-Prince high-pitched vocals did not do much for me. Oh, and 'scarlett' isn't a color. (that's not why I gave it zero... but just watch your back, ya know?)",bf24a7a601434d158312cc4d2e9e3932
spotify:track:5Y2aguXl0NzxFsOztKsFY9,49a5ff7c4466457eb8016aaf873224cb,2026-03-17T16:58:36Z,1,Too grassy. … …,bf24a7a601434d158312cc4d2e9e3932
spotify:track:5tbbjW6TsLdze8kALQlS85,49a5ff7c4466457eb8016aaf873224cb,2026-03-17T16:58:36Z,1,Too bluesy. … …,bf24a7a601434d158312cc4d2e9e3932
spotify:track:5oL7PDzsKGxq180QqK5uWE,49a5ff7c4466457eb8016aaf873224cb,2026-03-17T16:58:36Z,2,"Not sure where I know this from, but it felt like a hug from an old friend. I checked the S1 playlist just in case... wasn't there. Liked it a lot. Beware the prompt sticklers coming after your choice of ""color""...",bf24a7a601434d158312cc4d2e9e3932
spotify:track:4rFq47OSkwikpxDqncu1yC,49a5ff7c4466457eb8016aaf873224cb,2026-03-17T16:58:36Z,0,Love the idea. Don't *love* the song. Kinda overstayed its welcome a lil. ,bf24a7a601434d158312cc4d2e9e3932
spotify:track:3Mbkhd9tdMwyqbrVE3IODX,49a5ff7c4466457eb8016aaf873224cb,2026-03-17T16:58:36Z,1,Spiffy. Somehow didn't get tired of the bassline.,bf24a7a601434d158312cc4d2e9e3932
spotify:track:2qmmw7HDfGNVFr3e9s26Cc,49a5ff7c4466457eb8016aaf873224cb,2026-03-17T16:58:36Z,2,Awwwww hell yeah. This hit GREAT for me. ,bf24a7a601434d158312cc4d2e9e3932
spotify:track:2b34efbHSDy1BNcQAkydLh,49a5ff7c4466457eb8016aaf873224cb,2026-03-17T16:58:36Z,1,"TOO FUNKY. Nice organ. If ya know what I mean. Nice Mike's Song turnaround.

Is ""greens""  ""a color""? ... ... ... ...

... ... ... ...",bf24a7a601434d158312cc4d2e9e3932
spotify:track:1OXA7HvykkBOqpa58uqLx6,49a5ff7c4466457eb8016aaf873224cb,2026-03-17T16:58:36Z,0,"TOO FUNKY. Also, Nigel Hall is an asshole. Don’t @ me",bf24a7a601434d158312cc4d2e9e3932
spotify:track:1GJgoTGiGtQ06yYFHskUh6,49a5ff7c4466457eb8016aaf873224cb,2026-03-17T16:58:36Z,1,"Obviously lookin at Joshua I. Diskin here, but not sure if he would double Dan the season. Always loved this track and this album. Like the overall song of Gold Teeth 1 a bit more, but this one is more unique for sure. ",bf24a7a601434d158312cc4d2e9e3932
spotify:track:5vGWvny0oAJkqY3NSER7k8,a2909b31d1c04d728cfcf68ca0d73cca,2026-03-19T11:37:01Z,1,Nobodies serving up mule. Decently tasty licks tho. ,f4d24bc638cd42a1a3cf2a0e097a8176
spotify:track:5S0IbCoI1laGcY5mkXu3su,a2909b31d1c04d728cfcf68ca0d73cca,2026-03-19T11:37:01Z,1,Tasty licks indeed. Someone ask JJ if he meant the steak. ,f4d24bc638cd42a1a3cf2a0e097a8176
spotify:track:5RN42ghX3LURrittZmBjVD,a2909b31d1c04d728cfcf68ca0d73cca,2026-03-19T11:37:01Z,0,This song is not doing it for me. But I do appreciate the adherence to the theme with the band name too. ,f4d24bc638cd42a1a3cf2a0e097a8176
spotify:track:5bBWfIiJY87X7WOPAkXosG,a2909b31d1c04d728cfcf68ca0d73cca,2026-03-19T11:37:01Z,1,Never tried pigs feet. Another safe pick for this crowd. ,f4d24bc638cd42a1a3cf2a0e097a8176
spotify:track:4gXCMQEdJgD1Uk5FTibFCu,a2909b31d1c04d728cfcf68ca0d73cca,2026-03-19T11:37:01Z,0,Dustin you better give me some points for this. I swear to god. ,f4d24bc638cd42a1a3cf2a0e097a8176
spotify:track:4GqxdZ4KjGTF72N9fPoalF,a2909b31d1c04d728cfcf68ca0d73cca,2026-03-19T11:37:01Z,1,I think that means you need a bigger fork. ,f4d24bc638cd42a1a3cf2a0e097a8176
spotify:track:3xQnA3kCAUXU27R82ckIag,a2909b31d1c04d728cfcf68ca0d73cca,2026-03-19T11:37:01Z,1,I’m more of a cheeseburger guy. ,f4d24bc638cd42a1a3cf2a0e097a8176
spotify:track:2VeEAUnekcYL1LYkvJIJG5,a2909b31d1c04d728cfcf68ca0d73cca,2026-03-19T11:37:01Z,2,Incredible pick. The guitar player shreds. ,f4d24bc638cd42a1a3cf2a0e097a8176
spotify:track:2OQierF1V3Cr1VRPuJ7p8U,a2909b31d1c04d728cfcf68ca0d73cca,2026-03-19T11:37:01Z,1,This round was the perfect opportunity to not pick an instrumental funk song. But it still slaps. The song doesn’t reference protein but I’ll allow it on account of the album and band name. ,f4d24bc638cd42a1a3cf2a0e097a8176
spotify:track:0W0w5YP7Sy6nvSJV5DKfD8,a2909b31d1c04d728cfcf68ca0d73cca,2026-03-19T11:37:01Z,1,Didn’t know John Lennon was a fan of beef jerky. Pretty tasty lick too,f4d24bc638cd42a1a3cf2a0e097a8176
spotify:track:0tdWYwH8xIOoSeNoEz7QqV,a2909b31d1c04d728cfcf68ca0d73cca,2026-03-19T11:37:01Z,2,"I prefer cheeseburgers. Might come back with a bonus point for trains. 

Edit: yup trains rule. ",f4d24bc638cd42a1a3cf2a0e097a8176
spotify:track:0dCbhZ6jVeSLJ0of5wf2hm,a2909b31d1c04d728cfcf68ca0d73cca,2026-03-19T11:37:01Z,0,"Tasty lick ✅
Protein ❌",f4d24bc638cd42a1a3cf2a0e097a8176
spotify:track:6ARzItMpxoDvN8rF2ErKuc,a2909b31d1c04d728cfcf68ca0d73cca,2026-03-19T11:37:01Z,1,I would not eat chicken heads. Too much bone. Definitely tasty licks tho,f4d24bc638cd42a1a3cf2a0e097a8176
spotify:track:6V6VYwszjmPYFWG84rL8Tj,a2909b31d1c04d728cfcf68ca0d73cca,2026-03-19T11:37:01Z,2,Fitting for the St Pattys Day playlist. Knopfler always deserves an extra point. ,f4d24bc638cd42a1a3cf2a0e097a8176
spotify:track:7uwJC9ngTvHYBtk1DH0aBr,a2909b31d1c04d728cfcf68ca0d73cca,2026-03-19T11:37:01Z,1,I feel like this is fluff. We went to see weird Al last summer and it was incredible. ,f4d24bc638cd42a1a3cf2a0e097a8176
spotify:track:64vjxKmLmDWodfeMycplci,a2909b31d1c04d728cfcf68ca0d73cca,2026-03-19T11:37:01Z,1,Does food reference in the band name count? Eh I’ll allow it. ,f4d24bc638cd42a1a3cf2a0e097a8176
spotify:track:2OQierF1V3Cr1VRPuJ7p8U,48468f9ee55c4e71b349a5f376d4d792,2026-03-19T12:24:38Z,1,Does meat in the artist name count for this?!?! fine.... getting soft end of season,f4d24bc638cd42a1a3cf2a0e097a8176
spotify:track:2VeEAUnekcYL1LYkvJIJG5,48468f9ee55c4e71b349a5f376d4d792,2026-03-19T12:24:38Z,1,Funny kenny...,f4d24bc638cd42a1a3cf2a0e097a8176
spotify:track:0tdWYwH8xIOoSeNoEz7QqV,48468f9ee55c4e71b349a5f376d4d792,2026-03-19T12:24:38Z,0,ugh even too much primus for me,f4d24bc638cd42a1a3cf2a0e097a8176
spotify:track:0dCbhZ6jVeSLJ0of5wf2hm,48468f9ee55c4e71b349a5f376d4d792,2026-03-19T12:24:38Z,2,This made me laugh a lot. Choice pick. ,f4d24bc638cd42a1a3cf2a0e097a8176
spotify:track:7uwJC9ngTvHYBtk1DH0aBr,48468f9ee55c4e71b349a5f376d4d792,2026-03-19T12:24:38Z,0,dont worry youll prob get 5 from Asa,f4d24bc638cd42a1a3cf2a0e097a8176
spotify:track:6V6VYwszjmPYFWG84rL8Tj,48468f9ee55c4e71b349a5f376d4d792,2026-03-19T12:24:38Z,1,,f4d24bc638cd42a1a3cf2a0e097a8176
spotify:track:6ARzItMpxoDvN8rF2ErKuc,48468f9ee55c4e71b349a5f376d4d792,2026-03-19T12:24:38Z,3,very nice find,f4d24bc638cd42a1a3cf2a0e097a8176
spotify:track:64vjxKmLmDWodfeMycplci,48468f9ee55c4e71b349a5f376d4d792,2026-03-19T12:24:38Z,0,ugh just dont like it,f4d24bc638cd42a1a3cf2a0e097a8176
spotify:track:5vGWvny0oAJkqY3NSER7k8,48468f9ee55c4e71b349a5f376d4d792,2026-03-19T12:24:38Z,1,hi Col!,f4d24bc638cd42a1a3cf2a0e097a8176
spotify:track:5S0IbCoI1laGcY5mkXu3su,48468f9ee55c4e71b349a5f376d4d792,2026-03-19T12:24:38Z,2,nice find!,f4d24bc638cd42a1a3cf2a0e097a8176
spotify:track:5bBWfIiJY87X7WOPAkXosG,48468f9ee55c4e71b349a5f376d4d792,2026-03-19T12:24:38Z,2,fav of the list go figure,f4d24bc638cd42a1a3cf2a0e097a8176
spotify:track:4gXCMQEdJgD1Uk5FTibFCu,48468f9ee55c4e71b349a5f376d4d792,2026-03-19T12:24:38Z,1,def dustin cause meet is a protein right? ,f4d24bc638cd42a1a3cf2a0e097a8176
spotify:track:4GqxdZ4KjGTF72N9fPoalF,48468f9ee55c4e71b349a5f376d4d792,2026-03-19T12:24:38Z,2,nice find!,f4d24bc638cd42a1a3cf2a0e097a8176
spotify:track:3xQnA3kCAUXU27R82ckIag,48468f9ee55c4e71b349a5f376d4d792,2026-03-19T12:24:38Z,0,i mean it meats the prompt just dont like it ,f4d24bc638cd42a1a3cf2a0e097a8176
spotify:track:3xQnA3kCAUXU27R82ckIag,ce76a5e6ff274137bb5127db7065d9a8,2026-03-19T17:17:53Z,0,"What happened here?

Burger King CEO: ::does line:: We're gonna get ZZ Top to record us a song for the new Whopper!

ZZ Top 1: alright boys any ideas? I'm thinkin we write a song with a very thinly veiled metaphor for sex. What ideas do you got?

ZZ Top 2: hmmm...how about a song about LEGS?

ZZ Top 3: ::does line:: na...how about...BURGERS!

ZZ Top ALL: BRILLIANT!

::phone rings::

This is the CEO of Burger King. I love your work and your beards and I'd really like it if you'd write me a song about Burgers. 

::ZZ Top look at each other, jump in the air, and high five::",f4d24bc638cd42a1a3cf2a0e097a8176
spotify:track:4GqxdZ4KjGTF72N9fPoalF,ce76a5e6ff274137bb5127db7065d9a8,2026-03-19T17:17:53Z,2,Could definitely see this in a jerky commercial,f4d24bc638cd42a1a3cf2a0e097a8176
spotify:track:4gXCMQEdJgD1Uk5FTibFCu,ce76a5e6ff274137bb5127db7065d9a8,2026-03-19T17:17:53Z,0,"I thought about Ween for this prompt, but was thinking Pork Roll Egg and Cheese, or She Fucks Me (which also references pork roll egg and cheese). Are you going for cheese jerky, or did a miss something about a meat in the ""lyrics""? As much as I love Ween, can't give you one here. ",f4d24bc638cd42a1a3cf2a0e097a8176
spotify:track:5bBWfIiJY87X7WOPAkXosG,ce76a5e6ff274137bb5127db7065d9a8,2026-03-19T17:17:53Z,1,Pig and enjoyable enough,f4d24bc638cd42a1a3cf2a0e097a8176
spotify:track:5RN42ghX3LURrittZmBjVD,ce76a5e6ff274137bb5127db7065d9a8,2026-03-19T17:17:53Z,1,Weird song. Maybe a point for the direct beef jerky hit and for being pretty out there. ,f4d24bc638cd42a1a3cf2a0e097a8176
spotify:track:5S0IbCoI1laGcY5mkXu3su,ce76a5e6ff274137bb5127db7065d9a8,2026-03-19T17:17:53Z,2,"Love JJ Cale. Don't think I've heard this one. This was gonna be one point until that little dual guitar ditty, that could be the Jerky Jingle",f4d24bc638cd42a1a3cf2a0e097a8176
spotify:track:5vGWvny0oAJkqY3NSER7k8,ce76a5e6ff274137bb5127db7065d9a8,2026-03-19T17:17:53Z,2,Mule Sauce. That's a solid Timber Jerky reference. ,f4d24bc638cd42a1a3cf2a0e097a8176
spotify:track:64vjxKmLmDWodfeMycplci,ce76a5e6ff274137bb5127db7065d9a8,2026-03-19T17:17:53Z,0,I like meatloaf as a food more than I do the music. This just doesn't make the enjoyable cut for me,f4d24bc638cd42a1a3cf2a0e097a8176
spotify:track:6ARzItMpxoDvN8rF2ErKuc,ce76a5e6ff274137bb5127db7065d9a8,2026-03-19T17:17:53Z,1,Chicken Jerky or Chicken Head Jerky? ,f4d24bc638cd42a1a3cf2a0e097a8176
spotify:track:7uwJC9ngTvHYBtk1DH0aBr,ce76a5e6ff274137bb5127db7065d9a8,2026-03-19T17:17:53Z,0,"Weird Al is a treasure. I ran out of points though, sorry Timmy",f4d24bc638cd42a1a3cf2a0e097a8176
spotify:track:0dCbhZ6jVeSLJ0of5wf2hm,ce76a5e6ff274137bb5127db7065d9a8,2026-03-19T17:17:53Z,0,"Bird Jerky? Could ya get a little more specific for me??

Ok so this prompt is just a nightmare. Here's how I'm gonna vote: 

It must reference a meat/protein. After that, it needs to either shred or be catchy/jingle vibe. Most importantly, it's gotta be enjoyable. 

This song sort of references a meat/protein. It shreds, but not in an enjoyable or catchy way. No points",f4d24bc638cd42a1a3cf2a0e097a8176
spotify:track:0tdWYwH8xIOoSeNoEz7QqV,ce76a5e6ff274137bb5127db7065d9a8,2026-03-19T17:17:53Z,1,"Burger. Pork.
Bass shred. I like Primus. Semi enjoyable at this moment.  ",f4d24bc638cd42a1a3cf2a0e097a8176
spotify:track:0W0w5YP7Sy6nvSJV5DKfD8,ce76a5e6ff274137bb5127db7065d9a8,2026-03-19T17:17:53Z,2,"I have listened to quite a lot of Beatles and Beatles adjacent music in my life, and I don't think I had heard this song until researching for this prompt. Solid. Direct jerky reference, enjoyable, could actually see it as a jerky jingle",f4d24bc638cd42a1a3cf2a0e097a8176
spotify:track:2OQierF1V3Cr1VRPuJ7p8U,ce76a5e6ff274137bb5127db7065d9a8,2026-03-19T17:17:53Z,2,Turkey Jerky. Enjoyable. Pretty catchy,f4d24bc638cd42a1a3cf2a0e097a8176
spotify:track:2VeEAUnekcYL1LYkvJIJG5,ce76a5e6ff274137bb5127db7065d9a8,2026-03-19T17:17:53Z,2,"I would try tofu jerky. Obviously catchy AF. 

I'd love to see the behind the music of this recording session.  

""Man I'm really struggling to come up with a song for this cartoon. I'm so hungry and my dinner's gone bad."" 

::throws tofu dinner in trash can, which makes banging sound as lid closes:: 

{light bulb}

""Guys...you're not gonna believe this"" 

::does a huge line::

Killer Tofu --> Banging on a Trash Can goes platinum",f4d24bc638cd42a1a3cf2a0e097a8176
spotify:track:6V6VYwszjmPYFWG84rL8Tj,9b7e03ea90dd46db9779dc21eb04ca5a,2026-03-19T17:33:31Z,1,,f4d24bc638cd42a1a3cf2a0e097a8176
spotify:track:5vGWvny0oAJkqY3NSER7k8,9b7e03ea90dd46db9779dc21eb04ca5a,2026-03-19T17:33:31Z,2,,f4d24bc638cd42a1a3cf2a0e097a8176
spotify:track:5S0IbCoI1laGcY5mkXu3su,9b7e03ea90dd46db9779dc21eb04ca5a,2026-03-19T17:33:31Z,1,,f4d24bc638cd42a1a3cf2a0e097a8176
spotify:track:5bBWfIiJY87X7WOPAkXosG,9b7e03ea90dd46db9779dc21eb04ca5a,2026-03-19T17:33:31Z,2,,f4d24bc638cd42a1a3cf2a0e097a8176
spotify:track:4gXCMQEdJgD1Uk5FTibFCu,9b7e03ea90dd46db9779dc21eb04ca5a,2026-03-19T17:33:31Z,1,,f4d24bc638cd42a1a3cf2a0e097a8176
spotify:track:4GqxdZ4KjGTF72N9fPoalF,9b7e03ea90dd46db9779dc21eb04ca5a,2026-03-19T17:33:31Z,2,,f4d24bc638cd42a1a3cf2a0e097a8176
spotify:track:3xQnA3kCAUXU27R82ckIag,9b7e03ea90dd46db9779dc21eb04ca5a,2026-03-19T17:33:31Z,1,,f4d24bc638cd42a1a3cf2a0e097a8176
spotify:track:2OQierF1V3Cr1VRPuJ7p8U,9b7e03ea90dd46db9779dc21eb04ca5a,2026-03-19T17:33:31Z,1,,f4d24bc638cd42a1a3cf2a0e097a8176
spotify:track:0W0w5YP7Sy6nvSJV5DKfD8,9b7e03ea90dd46db9779dc21eb04ca5a,2026-03-19T17:33:31Z,1,,f4d24bc638cd42a1a3cf2a0e097a8176
spotify:track:0tdWYwH8xIOoSeNoEz7QqV,9b7e03ea90dd46db9779dc21eb04ca5a,2026-03-19T17:33:31Z,1,,f4d24bc638cd42a1a3cf2a0e097a8176
spotify:track:6ARzItMpxoDvN8rF2ErKuc,9b7e03ea90dd46db9779dc21eb04ca5a,2026-03-19T17:33:31Z,3,,f4d24bc638cd42a1a3cf2a0e097a8176
spotify:track:6V6VYwszjmPYFWG84rL8Tj,1c89e947d02949ed86d05ec22a7350bf,2026-03-19T18:39:45Z,1,,f4d24bc638cd42a1a3cf2a0e097a8176
spotify:track:5vGWvny0oAJkqY3NSER7k8,1c89e947d02949ed86d05ec22a7350bf,2026-03-19T18:39:45Z,3,fav of the week,f4d24bc638cd42a1a3cf2a0e097a8176
spotify:track:5S0IbCoI1laGcY5mkXu3su,1c89e947d02949ed86d05ec22a7350bf,2026-03-19T18:39:45Z,2,other fav of the week,f4d24bc638cd42a1a3cf2a0e097a8176
spotify:track:5RN42ghX3LURrittZmBjVD,1c89e947d02949ed86d05ec22a7350bf,2026-03-19T18:39:45Z,0,"after a few listens, i still dont know how i feel about this. ",f4d24bc638cd42a1a3cf2a0e097a8176
spotify:track:5bBWfIiJY87X7WOPAkXosG,1c89e947d02949ed86d05ec22a7350bf,2026-03-19T18:39:45Z,2,"feels like a cheat code, but yes",f4d24bc638cd42a1a3cf2a0e097a8176
spotify:track:4gXCMQEdJgD1Uk5FTibFCu,1c89e947d02949ed86d05ec22a7350bf,2026-03-19T18:39:45Z,0,"no, just no",f4d24bc638cd42a1a3cf2a0e097a8176
spotify:track:4GqxdZ4KjGTF72N9fPoalF,1c89e947d02949ed86d05ec22a7350bf,2026-03-19T18:39:45Z,1,,f4d24bc638cd42a1a3cf2a0e097a8176
spotify:track:3xQnA3kCAUXU27R82ckIag,1c89e947d02949ed86d05ec22a7350bf,2026-03-19T18:39:45Z,1,"while i dont like this song, i could totally envision kenny adopting this for the venture, so 1 point.",f4d24bc638cd42a1a3cf2a0e097a8176
spotify:track:2VeEAUnekcYL1LYkvJIJG5,1c89e947d02949ed86d05ec22a7350bf,2026-03-19T18:39:45Z,1,"good one, timmy",f4d24bc638cd42a1a3cf2a0e097a8176
spotify:track:2OQierF1V3Cr1VRPuJ7p8U,1c89e947d02949ed86d05ec22a7350bf,2026-03-19T18:39:45Z,2,"not sure this should count, but i like it more than the songs that do. ",f4d24bc638cd42a1a3cf2a0e097a8176
spotify:track:0W0w5YP7Sy6nvSJV5DKfD8,1c89e947d02949ed86d05ec22a7350bf,2026-03-19T18:39:45Z,1,,f4d24bc638cd42a1a3cf2a0e097a8176
spotify:track:0tdWYwH8xIOoSeNoEz7QqV,1c89e947d02949ed86d05ec22a7350bf,2026-03-19T18:39:45Z,0,too much,f4d24bc638cd42a1a3cf2a0e097a8176
spotify:track:0dCbhZ6jVeSLJ0of5wf2hm,1c89e947d02949ed86d05ec22a7350bf,2026-03-19T18:39:45Z,1,,f4d24bc638cd42a1a3cf2a0e097a8176
spotify:track:7uwJC9ngTvHYBtk1DH0aBr,1c89e947d02949ed86d05ec22a7350bf,2026-03-19T18:39:45Z,1,,f4d24bc638cd42a1a3cf2a0e097a8176
spotify:track:6V6VYwszjmPYFWG84rL8Tj,7fdceb56429c4e38939c3e5ee41bfdd0,2026-03-20T03:59:09Z,1,,f4d24bc638cd42a1a3cf2a0e097a8176
spotify:track:5vGWvny0oAJkqY3NSER7k8,7fdceb56429c4e38939c3e5ee41bfdd0,2026-03-20T03:59:09Z,2,"While we don’t often consider mules protein, I’ll give it the timber nod of approval. Who knows, maybe delicious? Any NYT recipes w it?",f4d24bc638cd42a1a3cf2a0e097a8176
spotify:track:5S0IbCoI1laGcY5mkXu3su,7fdceb56429c4e38939c3e5ee41bfdd0,2026-03-20T03:59:09Z,2,Enob-t? ,f4d24bc638cd42a1a3cf2a0e097a8176
spotify:track:5bBWfIiJY87X7WOPAkXosG,7fdceb56429c4e38939c3e5ee41bfdd0,2026-03-20T03:59:09Z,2,Good work here ,f4d24bc638cd42a1a3cf2a0e097a8176
spotify:track:4gXCMQEdJgD1Uk5FTibFCu,7fdceb56429c4e38939c3e5ee41bfdd0,2026-03-20T03:59:09Z,0,Don’t believe the florist when he tells you this is a good song,f4d24bc638cd42a1a3cf2a0e097a8176
spotify:track:4GqxdZ4KjGTF72N9fPoalF,7fdceb56429c4e38939c3e5ee41bfdd0,2026-03-20T03:59:09Z,1,,f4d24bc638cd42a1a3cf2a0e097a8176
spotify:track:3xQnA3kCAUXU27R82ckIag,7fdceb56429c4e38939c3e5ee41bfdd0,2026-03-20T03:59:09Z,2,Tops for the top ,f4d24bc638cd42a1a3cf2a0e097a8176
spotify:track:2VeEAUnekcYL1LYkvJIJG5,7fdceb56429c4e38939c3e5ee41bfdd0,2026-03-20T03:59:09Z,1,,f4d24bc638cd42a1a3cf2a0e097a8176
spotify:track:0W0w5YP7Sy6nvSJV5DKfD8,7fdceb56429c4e38939c3e5ee41bfdd0,2026-03-20T03:59:09Z,2,,f4d24bc638cd42a1a3cf2a0e097a8176
spotify:track:0tdWYwH8xIOoSeNoEz7QqV,7fdceb56429c4e38939c3e5ee41bfdd0,2026-03-20T03:59:09Z,0,Is this like how barilla made a song for how long to cook spaghetti?  Overcooked. ,f4d24bc638cd42a1a3cf2a0e097a8176
spotify:track:7uwJC9ngTvHYBtk1DH0aBr,7fdceb56429c4e38939c3e5ee41bfdd0,2026-03-20T03:59:09Z,1,+1 for the memories ,f4d24bc638cd42a1a3cf2a0e097a8176
spotify:track:6ARzItMpxoDvN8rF2ErKuc,7fdceb56429c4e38939c3e5ee41bfdd0,2026-03-20T03:59:09Z,2,,f4d24bc638cd42a1a3cf2a0e097a8176
spotify:track:0W0w5YP7Sy6nvSJV5DKfD8,0d42af6c19054b7dbbe4aa499186e408,2026-03-20T03:59:18Z,2,"Imagine...{an alternate universe where John went solo much earlier, or where it was just him and George, and where their influence was diminished, but the music was so much more. This song is great. Had it near my top submissions but figured I already pulled my Beatleverse card this season with that bluegrass cover I poured my heart into and yall shat on it. Shat all over my heart. Still lay awake at night thinking about that. Willing to bet a digit this is Kenny, what with his penchant for Beatle Buggery and his insistence on being first to get his song in, and his lamenting of another track with the same title}...it's easy if you tr--BEEF JERKY ",f4d24bc638cd42a1a3cf2a0e097a8176
spotify:track:2OQierF1V3Cr1VRPuJ7p8U,0d42af6c19054b7dbbe4aa499186e408,2026-03-20T03:59:18Z,0,"This is by far my favorite song of the playlist. It reminds of a melody I've chased my whole life but never placed. Immediately added it to so many playlists, including AL's (AI) Disco and Groove Cavern. I feel within this short and spicy, meaty pocket we find a crossroads of funk and rock and jazz that can make everyone here happy. The epitome of what this league does so well. Just wow. So blessed to be here. 

Yet you did not have a protein in the TITLE and for this you must be punished. I award you no points and question your contributions to the world. ",f4d24bc638cd42a1a3cf2a0e097a8176
spotify:track:2VeEAUnekcYL1LYkvJIJG5,0d42af6c19054b7dbbe4aa499186e408,2026-03-20T03:59:18Z,1,"Ok. Test for me here was...if I didn't know it from Doug would I still have given it points? Cuz this woulda been a hell of a contender for earworm. Have had this ditty in my head since '94. 

And no, no I would not give it points. Not ever. 

But it is a song with a guitar. And it has a protein in the title. So in this instance, it must receive Point. ",f4d24bc638cd42a1a3cf2a0e097a8176
spotify:track:3xQnA3kCAUXU27R82ckIag,0d42af6c19054b7dbbe4aa499186e408,2026-03-20T03:59:18Z,1,"Yup. Protein in the title, absurd lyrics, and guitar shreds. Nod to BTTF.3 secures the point. ",f4d24bc638cd42a1a3cf2a0e097a8176
spotify:track:4GqxdZ4KjGTF72N9fPoalF,0d42af6c19054b7dbbe4aa499186e408,2026-03-20T03:59:18Z,2,Play this at my funeral. ,f4d24bc638cd42a1a3cf2a0e097a8176
spotify:track:4gXCMQEdJgD1Uk5FTibFCu,0d42af6c19054b7dbbe4aa499186e408,2026-03-20T03:59:18Z,1,"""Cheese jerky generally refers to two types of snacks: smoked, dried, or braided cheese sticks (like Chechil) or, more commonly, a high-protein, ready-to-eat combination of cheddar or pepper jack cheese sticks paired with smoked beef or turkey jerky. These shelf-stable snacks are popular for on-the-go protein."" 

Fine",f4d24bc638cd42a1a3cf2a0e097a8176
spotify:track:5bBWfIiJY87X7WOPAkXosG,0d42af6c19054b7dbbe4aa499186e408,2026-03-20T03:59:18Z,2,"Love this. Not a true shred (but what is?). Great groove. Fun horns. Pig jerky exists, and I'm sure somewhere feet jerky exists. 2 points for 2 proteins. ",f4d24bc638cd42a1a3cf2a0e097a8176
spotify:track:5RN42ghX3LURrittZmBjVD,0d42af6c19054b7dbbe4aa499186e408,2026-03-20T03:59:18Z,1,It's pretty cool that this band once occupied a moment in time. Good find. My kind of weird. ,f4d24bc638cd42a1a3cf2a0e097a8176
spotify:track:5vGWvny0oAJkqY3NSER7k8,0d42af6c19054b7dbbe4aa499186e408,2026-03-20T03:59:18Z,2,Song I came back to most in this playlist....dare I say my fav of the week? ,f4d24bc638cd42a1a3cf2a0e097a8176
spotify:track:64vjxKmLmDWodfeMycplci,0d42af6c19054b7dbbe4aa499186e408,2026-03-20T03:59:18Z,0,"Very interesting. If there had been protein in the title, would I have given this song a point? Absolutely not.  ",f4d24bc638cd42a1a3cf2a0e097a8176
spotify:track:6ARzItMpxoDvN8rF2ErKuc,0d42af6c19054b7dbbe4aa499186e408,2026-03-20T03:59:18Z,1,yup this works ,f4d24bc638cd42a1a3cf2a0e097a8176
spotify:track:6V6VYwszjmPYFWG84rL8Tj,0d42af6c19054b7dbbe4aa499186e408,2026-03-20T03:59:18Z,2,"Any Knopfler is gonna get points from me. Privateering is such a strong album. Love this era of Mark. Highly suggest All the Road Running with him and EmmyLou for those that haven't experienced that yet. And in saying this I guess I can cross a perfect song candidate (""Rollin on"") off my list. that list is too long anyway",f4d24bc638cd42a1a3cf2a0e097a8176
spotify:track:7uwJC9ngTvHYBtk1DH0aBr,0d42af6c19054b7dbbe4aa499186e408,2026-03-20T03:59:18Z,0,"Ok Van Halen fuckin rips. Even though this song makes me feel like a horrible parent because I've said all these things, I've never tried harder to find a protein out of the words ""Eat It"" to give this a point. I want to give this a point. I want to give it 3. But alas, a man must have a code. ",f4d24bc638cd42a1a3cf2a0e097a8176
spotify:track:0dCbhZ6jVeSLJ0of5wf2hm,0d42af6c19054b7dbbe4aa499186e408,2026-03-20T03:59:18Z,1,"Cool band. Real shreds of avion 'tein, in the title mind (a necessity for me with this round). Frantic in a fun way. ",f4d24bc638cd42a1a3cf2a0e097a8176
spotify:track:0tdWYwH8xIOoSeNoEz7QqV,0d42af6c19054b7dbbe4aa499186e408,2026-03-20T03:59:18Z,0,"There is a protein in the title, and Claypool Claypools. I just don't like it. ",f4d24bc638cd42a1a3cf2a0e097a8176
spotify:track:4GqxdZ4KjGTF72N9fPoalF,8453d173315c468e8134e2527a658ba5,2026-03-20T11:36:18Z,2,,f4d24bc638cd42a1a3cf2a0e097a8176
spotify:track:4gXCMQEdJgD1Uk5FTibFCu,8453d173315c468e8134e2527a658ba5,2026-03-20T11:36:18Z,0,Ween is what claypool would sound like if he sucked a little less. ,f4d24bc638cd42a1a3cf2a0e097a8176
spotify:track:5RN42ghX3LURrittZmBjVD,8453d173315c468e8134e2527a658ba5,2026-03-20T11:36:18Z,1,,f4d24bc638cd42a1a3cf2a0e097a8176
spotify:track:5S0IbCoI1laGcY5mkXu3su,8453d173315c468e8134e2527a658ba5,2026-03-20T11:36:18Z,2,,f4d24bc638cd42a1a3cf2a0e097a8176
spotify:track:5vGWvny0oAJkqY3NSER7k8,8453d173315c468e8134e2527a658ba5,2026-03-20T11:36:18Z,1,,f4d24bc638cd42a1a3cf2a0e097a8176
spotify:track:64vjxKmLmDWodfeMycplci,8453d173315c468e8134e2527a658ba5,2026-03-20T11:36:18Z,0,No meat in title and terrible ,f4d24bc638cd42a1a3cf2a0e097a8176
spotify:track:6ARzItMpxoDvN8rF2ErKuc,8453d173315c468e8134e2527a658ba5,2026-03-20T11:36:18Z,3,I’ll give you points because this playlist is straight cheeks but Oscar Brown is the only acceptable version of this song,f4d24bc638cd42a1a3cf2a0e097a8176
spotify:track:7uwJC9ngTvHYBtk1DH0aBr,8453d173315c468e8134e2527a658ba5,2026-03-20T11:36:18Z,1,,f4d24bc638cd42a1a3cf2a0e097a8176
spotify:track:0tdWYwH8xIOoSeNoEz7QqV,8453d173315c468e8134e2527a658ba5,2026-03-20T11:36:18Z,0,Awful,f4d24bc638cd42a1a3cf2a0e097a8176
spotify:track:0W0w5YP7Sy6nvSJV5DKfD8,8453d173315c468e8134e2527a658ba5,2026-03-20T11:36:18Z,2,,f4d24bc638cd42a1a3cf2a0e097a8176
spotify:track:0dCbhZ6jVeSLJ0of5wf2hm,8453d173315c468e8134e2527a658ba5,2026-03-20T11:36:18Z,2,,f4d24bc638cd42a1a3cf2a0e097a8176
spotify:track:2OQierF1V3Cr1VRPuJ7p8U,8453d173315c468e8134e2527a658ba5,2026-03-20T11:36:18Z,1,Great track. No meat in title. Sad ,f4d24bc638cd42a1a3cf2a0e097a8176
spotify:track:2VeEAUnekcYL1LYkvJIJG5,8453d173315c468e8134e2527a658ba5,2026-03-20T11:36:18Z,1,,f4d24bc638cd42a1a3cf2a0e097a8176
spotify:track:7uwJC9ngTvHYBtk1DH0aBr,49a5ff7c4466457eb8016aaf873224cb,2026-03-20T17:27:16Z,1,I want to help you out. I really do. But I might not have the points. Tbd. ,f4d24bc638cd42a1a3cf2a0e097a8176
spotify:track:0dCbhZ6jVeSLJ0of5wf2hm,49a5ff7c4466457eb8016aaf873224cb,2026-03-20T17:27:16Z,3,"Super nasty. Really dug this one. Had a few rough patches, but what doesn’t kill us makes us stronger, or something. Have a feeling this won’t do well with some others in the group… so I feel safe giving a 3 spot. ",f4d24bc638cd42a1a3cf2a0e097a8176
spotify:track:0tdWYwH8xIOoSeNoEz7QqV,49a5ff7c4466457eb8016aaf873224cb,2026-03-20T17:27:16Z,2,Mmmmm chunky! Maybe a little long but WHADDAYAGONNADO? cc: @kitreynolds ,f4d24bc638cd42a1a3cf2a0e097a8176
spotify:track:0W0w5YP7Sy6nvSJV5DKfD8,49a5ff7c4466457eb8016aaf873224cb,2026-03-20T17:27:16Z,2,Whoa. Who knew? Totally has a nod to Paul’s ‘Let Me Roll It’. Which I’ve always thought sounded partly like a John song itself. Weird web of tributes / spite tracks? +2 for the rabbit hole I’m about to go down to see if this is documented and discussed. Cool track. ,f4d24bc638cd42a1a3cf2a0e097a8176
spotify:track:2OQierF1V3Cr1VRPuJ7p8U,49a5ff7c4466457eb8016aaf873224cb,2026-03-20T17:27:16Z,1,"TOO FUNKY. Just enough guitar to squeak a point, I suppose. ",f4d24bc638cd42a1a3cf2a0e097a8176
spotify:track:2VeEAUnekcYL1LYkvJIJG5,49a5ff7c4466457eb8016aaf873224cb,2026-03-20T17:27:16Z,1,More Nickelodeon throwbacks. This is much better than Reptar. ,f4d24bc638cd42a1a3cf2a0e097a8176
spotify:track:3xQnA3kCAUXU27R82ckIag,49a5ff7c4466457eb8016aaf873224cb,2026-03-20T17:27:16Z,1,Another chunky burger song! Maybe the lesser of the two. ,f4d24bc638cd42a1a3cf2a0e097a8176
spotify:track:4GqxdZ4KjGTF72N9fPoalF,49a5ff7c4466457eb8016aaf873224cb,2026-03-20T17:27:16Z,0,"Tbd. Not standing out against some of these other tracks. Idk what people are talking about, this playlist rips! Gonna be struggling to deal points. ",f4d24bc638cd42a1a3cf2a0e097a8176
spotify:track:4gXCMQEdJgD1Uk5FTibFCu,49a5ff7c4466457eb8016aaf873224cb,2026-03-20T17:27:16Z,0,Meh. Did not do it for me. I’ve yet to be indoctrinated into the Ween cult. Some may hear this differently than me. (@dianna),f4d24bc638cd42a1a3cf2a0e097a8176
spotify:track:5bBWfIiJY87X7WOPAkXosG,49a5ff7c4466457eb8016aaf873224cb,2026-03-20T17:27:16Z,0,"TOO FUNKY, ANTONIO. But really… I think it’s missing the shredding guitar…",f4d24bc638cd42a1a3cf2a0e097a8176
spotify:track:5RN42ghX3LURrittZmBjVD,49a5ff7c4466457eb8016aaf873224cb,2026-03-20T17:27:16Z,0,"Dang. That beat slaps. +2 overall. Missing the shredding, though. Might have to DQ. Sorry. Feels like you MAYBE just searched beef jerky and went with whatever came up. But yeah the track is pretty sick. Good luck on the sexy album cover points. ",f4d24bc638cd42a1a3cf2a0e097a8176
spotify:track:5S0IbCoI1laGcY5mkXu3su,49a5ff7c4466457eb8016aaf873224cb,2026-03-20T17:27:16Z,2,Oh hell yeah. JJ and Leon. Not familiar with this album. But will be very soon. Awesome tune. ,f4d24bc638cd42a1a3cf2a0e097a8176
spotify:track:5vGWvny0oAJkqY3NSER7k8,49a5ff7c4466457eb8016aaf873224cb,2026-03-20T17:27:16Z,1,Wordddd. Although it made me mourn Mule Sauce a bit. This whole experience has. I’m gonna have to buy some more bottles… maga be damned. ,f4d24bc638cd42a1a3cf2a0e097a8176
spotify:track:6ARzItMpxoDvN8rF2ErKuc,49a5ff7c4466457eb8016aaf873224cb,2026-03-20T17:27:16Z,1,"Word. Idk if we can make chicken head jerky, but we can try! You can jerk anything if you put your mind to it. ",f4d24bc638cd42a1a3cf2a0e097a8176
spotify:track:6V6VYwszjmPYFWG84rL8Tj,49a5ff7c4466457eb8016aaf873224cb,2026-03-20T17:27:16Z,1,Trying to Knopfler cheat code me?? ,f4d24bc638cd42a1a3cf2a0e097a8176
spotify:track:7uwJC9ngTvHYBtk1DH0aBr,d0b05ef03f5e4598a3e8532b812c3330,2026-03-20T21:02:39Z,4,YEAH EAT IT,f4d24bc638cd42a1a3cf2a0e097a8176
spotify:track:0dCbhZ6jVeSLJ0of5wf2hm,d0b05ef03f5e4598a3e8532b812c3330,2026-03-20T21:02:39Z,0,Too weird ,f4d24bc638cd42a1a3cf2a0e097a8176
spotify:track:0tdWYwH8xIOoSeNoEz7QqV,d0b05ef03f5e4598a3e8532b812c3330,2026-03-20T21:02:39Z,1,Good bass,f4d24bc638cd42a1a3cf2a0e097a8176
spotify:track:2OQierF1V3Cr1VRPuJ7p8U,d0b05ef03f5e4598a3e8532b812c3330,2026-03-20T21:02:39Z,2,It’s good ,f4d24bc638cd42a1a3cf2a0e097a8176
spotify:track:2VeEAUnekcYL1LYkvJIJG5,d0b05ef03f5e4598a3e8532b812c3330,2026-03-20T21:02:39Z,1,It’s good ,f4d24bc638cd42a1a3cf2a0e097a8176
spotify:track:3xQnA3kCAUXU27R82ckIag,d0b05ef03f5e4598a3e8532b812c3330,2026-03-20T21:02:39Z,0,Too rock and rolly ,f4d24bc638cd42a1a3cf2a0e097a8176
spotify:track:4GqxdZ4KjGTF72N9fPoalF,d0b05ef03f5e4598a3e8532b812c3330,2026-03-20T21:02:39Z,1,It’s good sounds like phish,f4d24bc638cd42a1a3cf2a0e097a8176
spotify:track:4gXCMQEdJgD1Uk5FTibFCu,d0b05ef03f5e4598a3e8532b812c3330,2026-03-20T21:02:39Z,0,Weirdest song I’ve ever heard ,f4d24bc638cd42a1a3cf2a0e097a8176
spotify:track:5bBWfIiJY87X7WOPAkXosG,d0b05ef03f5e4598a3e8532b812c3330,2026-03-20T21:02:39Z,1,It’s pretty good ,f4d24bc638cd42a1a3cf2a0e097a8176
spotify:track:5S0IbCoI1laGcY5mkXu3su,d0b05ef03f5e4598a3e8532b812c3330,2026-03-20T21:02:39Z,1,It’s good ,f4d24bc638cd42a1a3cf2a0e097a8176
spotify:track:5vGWvny0oAJkqY3NSER7k8,d0b05ef03f5e4598a3e8532b812c3330,2026-03-20T21:02:39Z,1,It’s pretty good ,f4d24bc638cd42a1a3cf2a0e097a8176
spotify:track:64vjxKmLmDWodfeMycplci,d0b05ef03f5e4598a3e8532b812c3330,2026-03-20T21:02:39Z,1,It’s good,f4d24bc638cd42a1a3cf2a0e097a8176
spotify:track:6ARzItMpxoDvN8rF2ErKuc,d0b05ef03f5e4598a3e8532b812c3330,2026-03-20T21:02:39Z,2,Love it ,f4d24bc638cd42a1a3cf2a0e097a8176
spotify:track:6V6VYwszjmPYFWG84rL8Tj,d0b05ef03f5e4598a3e8532b812c3330,2026-03-20T21:02:39Z,1,It’s good ,f4d24bc638cd42a1a3cf2a0e097a8176
spotify:track:5vGWvny0oAJkqY3NSER7k8,0b4377c224ba402d97adce848425da90,2026-03-21T01:58:27Z,0,We serving mule now??,f4d24bc638cd42a1a3cf2a0e097a8176
spotify:track:0dCbhZ6jVeSLJ0of5wf2hm,0b4377c224ba402d97adce848425da90,2026-03-21T01:58:27Z,1,,f4d24bc638cd42a1a3cf2a0e097a8176
spotify:track:0W0w5YP7Sy6nvSJV5DKfD8,0b4377c224ba402d97adce848425da90,2026-03-21T01:58:27Z,3,This round felt like a race for who would find/submit this track first,f4d24bc638cd42a1a3cf2a0e097a8176
spotify:track:2VeEAUnekcYL1LYkvJIJG5,0b4377c224ba402d97adce848425da90,2026-03-21T01:58:27Z,4,Elite pull. This guy knows ball. ,f4d24bc638cd42a1a3cf2a0e097a8176
spotify:track:4GqxdZ4KjGTF72N9fPoalF,0b4377c224ba402d97adce848425da90,2026-03-21T01:58:27Z,1,,f4d24bc638cd42a1a3cf2a0e097a8176
spotify:track:4gXCMQEdJgD1Uk5FTibFCu,0b4377c224ba402d97adce848425da90,2026-03-21T01:58:27Z,0,"The bar was so low. This song actually met the criteria. But no, so bad. ",f4d24bc638cd42a1a3cf2a0e097a8176
spotify:track:5bBWfIiJY87X7WOPAkXosG,0b4377c224ba402d97adce848425da90,2026-03-21T01:58:27Z,2,,f4d24bc638cd42a1a3cf2a0e097a8176
spotify:track:5RN42ghX3LURrittZmBjVD,0b4377c224ba402d97adce848425da90,2026-03-21T01:58:27Z,0,Sick guitar riff. Not. ,f4d24bc638cd42a1a3cf2a0e097a8176
spotify:track:5S0IbCoI1laGcY5mkXu3su,0b4377c224ba402d97adce848425da90,2026-03-21T01:58:27Z,2,,f4d24bc638cd42a1a3cf2a0e097a8176
spotify:track:6V6VYwszjmPYFWG84rL8Tj,0b4377c224ba402d97adce848425da90,2026-03-21T01:58:27Z,3,,f4d24bc638cd42a1a3cf2a0e097a8176
spotify:track:6ARzItMpxoDvN8rF2ErKuc,e5c2390073644e979f43e744c33e6c60,2026-03-21T02:00:58Z,3,Favorite of the week,f4d24bc638cd42a1a3cf2a0e097a8176
spotify:track:0dCbhZ6jVeSLJ0of5wf2hm,e5c2390073644e979f43e744c33e6c60,2026-03-21T02:00:58Z,0,Bird is way too vague for protein! Also this song was all over the place just could not enjoy,f4d24bc638cd42a1a3cf2a0e097a8176
spotify:track:0tdWYwH8xIOoSeNoEz7QqV,e5c2390073644e979f43e744c33e6c60,2026-03-21T02:00:58Z,1,Wanted to give more but the bass out shines the guitar. Wouldn’t be surprised if people think I submitted this one!,f4d24bc638cd42a1a3cf2a0e097a8176
spotify:track:0W0w5YP7Sy6nvSJV5DKfD8,e5c2390073644e979f43e744c33e6c60,2026-03-21T02:00:58Z,0,Two beef jerky songs!!,f4d24bc638cd42a1a3cf2a0e097a8176
spotify:track:2OQierF1V3Cr1VRPuJ7p8U,e5c2390073644e979f43e744c33e6c60,2026-03-21T02:00:58Z,1,,f4d24bc638cd42a1a3cf2a0e097a8176
spotify:track:2VeEAUnekcYL1LYkvJIJG5,e5c2390073644e979f43e744c33e6c60,2026-03-21T02:00:58Z,1,"Sorry Doug not enough points to go around

Found one end the for you",f4d24bc638cd42a1a3cf2a0e097a8176
spotify:track:3xQnA3kCAUXU27R82ckIag,e5c2390073644e979f43e744c33e6c60,2026-03-21T02:00:58Z,2,,f4d24bc638cd42a1a3cf2a0e097a8176
spotify:track:4GqxdZ4KjGTF72N9fPoalF,e5c2390073644e979f43e744c33e6c60,2026-03-21T02:00:58Z,2,,f4d24bc638cd42a1a3cf2a0e097a8176
spotify:track:4gXCMQEdJgD1Uk5FTibFCu,e5c2390073644e979f43e744c33e6c60,2026-03-21T02:00:58Z,0,Cheese is dairy not a protein! Visit www.myplate.gov to learn more about healthy diet ,f4d24bc638cd42a1a3cf2a0e097a8176
spotify:track:5bBWfIiJY87X7WOPAkXosG,e5c2390073644e979f43e744c33e6c60,2026-03-21T02:00:58Z,1,Was going to give more but the horns dominated and guitar was forgettable ,f4d24bc638cd42a1a3cf2a0e097a8176
spotify:track:5RN42ghX3LURrittZmBjVD,e5c2390073644e979f43e744c33e6c60,2026-03-21T02:00:58Z,1,Liked this beef jerky song better than the Lennon,f4d24bc638cd42a1a3cf2a0e097a8176
spotify:track:5S0IbCoI1laGcY5mkXu3su,e5c2390073644e979f43e744c33e6c60,2026-03-21T02:00:58Z,2,,f4d24bc638cd42a1a3cf2a0e097a8176
spotify:track:5vGWvny0oAJkqY3NSER7k8,e5c2390073644e979f43e744c33e6c60,2026-03-21T02:00:58Z,0,Nice guitar in this but no one is eating mule meat! 🥩 ,f4d24bc638cd42a1a3cf2a0e097a8176
spotify:track:64vjxKmLmDWodfeMycplci,e5c2390073644e979f43e744c33e6c60,2026-03-21T02:00:58Z,1,,f4d24bc638cd42a1a3cf2a0e097a8176
spotify:track:6V6VYwszjmPYFWG84rL8Tj,e5c2390073644e979f43e744c33e6c60,2026-03-21T02:00:58Z,1,,f4d24bc638cd42a1a3cf2a0e097a8176
spotify:track:5bBWfIiJY87X7WOPAkXosG,183c5f6ed1b147099842917a9576c8f4,2026-03-21T02:31:23Z,0,Pig's Feet Jerky would crush. But nary a riff to be had,f4d24bc638cd42a1a3cf2a0e097a8176
spotify:track:7uwJC9ngTvHYBtk1DH0aBr,183c5f6ed1b147099842917a9576c8f4,2026-03-21T02:31:23Z,0,Is this the one that Josh is throwing his own kid under the bus by pretending that Asa submitted instead of himself?  ,f4d24bc638cd42a1a3cf2a0e097a8176
spotify:track:6V6VYwszjmPYFWG84rL8Tj,183c5f6ed1b147099842917a9576c8f4,2026-03-21T02:31:23Z,2,I just don't understand anyone ordering corned beef when pastrami is an option,f4d24bc638cd42a1a3cf2a0e097a8176
spotify:track:6ARzItMpxoDvN8rF2ErKuc,183c5f6ed1b147099842917a9576c8f4,2026-03-21T02:31:23Z,3,This one got the prompt. A jerky that just explodes in your mouth.  ,f4d24bc638cd42a1a3cf2a0e097a8176
spotify:track:64vjxKmLmDWodfeMycplci,183c5f6ed1b147099842917a9576c8f4,2026-03-21T02:31:23Z,1,"""Gonna take a trip and find a Tijuana stray"" referring to a prostitute Meat Loaf is looking for is even a little too much for me. But met the prompt's standard!",f4d24bc638cd42a1a3cf2a0e097a8176
spotify:track:5S0IbCoI1laGcY5mkXu3su,183c5f6ed1b147099842917a9576c8f4,2026-03-21T02:31:23Z,3,Saved me from smashing my phone against the wall at this point in the list. ,f4d24bc638cd42a1a3cf2a0e097a8176
spotify:track:5RN42ghX3LURrittZmBjVD,183c5f6ed1b147099842917a9576c8f4,2026-03-21T02:31:23Z,0,"Wait, this is an Italian band that centers all their work around food themes?!  Hard pass. ",f4d24bc638cd42a1a3cf2a0e097a8176
spotify:track:4gXCMQEdJgD1Uk5FTibFCu,183c5f6ed1b147099842917a9576c8f4,2026-03-21T02:31:23Z,0,Quite disconcerting,f4d24bc638cd42a1a3cf2a0e097a8176
spotify:track:4GqxdZ4KjGTF72N9fPoalF,183c5f6ed1b147099842917a9576c8f4,2026-03-21T02:31:23Z,0,"Too much pork, not enough shred. ",f4d24bc638cd42a1a3cf2a0e097a8176
spotify:track:2VeEAUnekcYL1LYkvJIJG5,183c5f6ed1b147099842917a9576c8f4,2026-03-21T02:31:23Z,1,"Tofu Jerky: fake meat, but somehow still delicious ",f4d24bc638cd42a1a3cf2a0e097a8176
spotify:track:2OQierF1V3Cr1VRPuJ7p8U,183c5f6ed1b147099842917a9576c8f4,2026-03-21T02:31:23Z,0,Turkey Jerky: discontinued due to lack of shred,f4d24bc638cd42a1a3cf2a0e097a8176
spotify:track:0W0w5YP7Sy6nvSJV5DKfD8,183c5f6ed1b147099842917a9576c8f4,2026-03-21T02:31:23Z,2,Beef Jerky: almost too on the cow nose and I wouldn't have guessed in a thousand years this is a John Lennon song,f4d24bc638cd42a1a3cf2a0e097a8176
spotify:track:0tdWYwH8xIOoSeNoEz7QqV,183c5f6ed1b147099842917a9576c8f4,2026-03-21T02:31:23Z,2,Hamburger Jerky: a classic 80/20 mix of thumping base and cocaine  ,f4d24bc638cd42a1a3cf2a0e097a8176
spotify:track:0dCbhZ6jVeSLJ0of5wf2hm,183c5f6ed1b147099842917a9576c8f4,2026-03-21T02:31:23Z,2,Bird Jerky: a filthy psychedelic menagerie of poultry and your common pigeon ,f4d24bc638cd42a1a3cf2a0e097a8176
spotify:track:7uwJC9ngTvHYBtk1DH0aBr,f1f0f2ed0eb64306992b613229fb7972,2026-03-21T13:46:56Z,0,"I see where you’re coming from with this one but… no protein’s mentioned (in the title, at least?).",f4d24bc638cd42a1a3cf2a0e097a8176
spotify:track:0dCbhZ6jVeSLJ0of5wf2hm,f1f0f2ed0eb64306992b613229fb7972,2026-03-21T13:46:56Z,1,"+2 for this being a cool song 
-1 for “birds” not necessarily being a protein? ",f4d24bc638cd42a1a3cf2a0e097a8176
spotify:track:0tdWYwH8xIOoSeNoEz7QqV,f1f0f2ed0eb64306992b613229fb7972,2026-03-21T13:46:56Z,2,Primus sucks ,f4d24bc638cd42a1a3cf2a0e097a8176
spotify:track:0W0w5YP7Sy6nvSJV5DKfD8,f1f0f2ed0eb64306992b613229fb7972,2026-03-21T13:46:56Z,2,Feels a little on the nose but I guess how could this not win? Have to assume this is Mendo. ,f4d24bc638cd42a1a3cf2a0e097a8176
spotify:track:2OQierF1V3Cr1VRPuJ7p8U,f1f0f2ed0eb64306992b613229fb7972,2026-03-21T13:46:56Z,1,,f4d24bc638cd42a1a3cf2a0e097a8176
spotify:track:3xQnA3kCAUXU27R82ckIag,f1f0f2ed0eb64306992b613229fb7972,2026-03-21T13:46:56Z,2,,f4d24bc638cd42a1a3cf2a0e097a8176
spotify:track:4GqxdZ4KjGTF72N9fPoalF,f1f0f2ed0eb64306992b613229fb7972,2026-03-21T13:46:56Z,1,,f4d24bc638cd42a1a3cf2a0e097a8176
spotify:track:4gXCMQEdJgD1Uk5FTibFCu,f1f0f2ed0eb64306992b613229fb7972,2026-03-21T13:46:56Z,1,Bad song. Unique choice of protein. ,f4d24bc638cd42a1a3cf2a0e097a8176
spotify:track:5bBWfIiJY87X7WOPAkXosG,f1f0f2ed0eb64306992b613229fb7972,2026-03-21T13:46:56Z,1,,f4d24bc638cd42a1a3cf2a0e097a8176
spotify:track:5RN42ghX3LURrittZmBjVD,f1f0f2ed0eb64306992b613229fb7972,2026-03-21T13:46:56Z,1,,f4d24bc638cd42a1a3cf2a0e097a8176
spotify:track:5S0IbCoI1laGcY5mkXu3su,f1f0f2ed0eb64306992b613229fb7972,2026-03-21T13:46:56Z,1,,f4d24bc638cd42a1a3cf2a0e097a8176
spotify:track:5vGWvny0oAJkqY3NSER7k8,f1f0f2ed0eb64306992b613229fb7972,2026-03-21T13:46:56Z,1,We makin’ mule jerky here? 🤨,f4d24bc638cd42a1a3cf2a0e097a8176
spotify:track:64vjxKmLmDWodfeMycplci,f1f0f2ed0eb64306992b613229fb7972,2026-03-21T13:46:56Z,0,"Think this is too much of a stretch for the prompt, sry ",f4d24bc638cd42a1a3cf2a0e097a8176
spotify:track:6V6VYwszjmPYFWG84rL8Tj,f1f0f2ed0eb64306992b613229fb7972,2026-03-21T13:46:56Z,1,,f4d24bc638cd42a1a3cf2a0e097a8176
spotify:track:6ARzItMpxoDvN8rF2ErKuc,f1f0f2ed0eb64306992b613229fb7972,2026-03-21T13:46:56Z,1,,f4d24bc638cd42a1a3cf2a0e097a8176
spotify:track:5S0IbCoI1laGcY5mkXu3su,605866a938e54c5da212fc8595186729,2026-03-21T13:47:36Z,0,Sticking with my position!,f4d24bc638cd42a1a3cf2a0e097a8176
spotify:track:0tdWYwH8xIOoSeNoEz7QqV,605866a938e54c5da212fc8595186729,2026-03-21T13:47:36Z,1,,f4d24bc638cd42a1a3cf2a0e097a8176
spotify:track:0W0w5YP7Sy6nvSJV5DKfD8,605866a938e54c5da212fc8595186729,2026-03-21T13:47:36Z,2,,f4d24bc638cd42a1a3cf2a0e097a8176
spotify:track:2OQierF1V3Cr1VRPuJ7p8U,605866a938e54c5da212fc8595186729,2026-03-21T13:47:36Z,0,Another lack of protein in the lyrics ! And not even in the title 😤,f4d24bc638cd42a1a3cf2a0e097a8176
spotify:track:2VeEAUnekcYL1LYkvJIJG5,605866a938e54c5da212fc8595186729,2026-03-21T13:47:36Z,0,What a world in which I considered giving this song a point … ,f4d24bc638cd42a1a3cf2a0e097a8176
spotify:track:3xQnA3kCAUXU27R82ckIag,605866a938e54c5da212fc8595186729,2026-03-21T13:47:36Z,3,,f4d24bc638cd42a1a3cf2a0e097a8176
spotify:track:4gXCMQEdJgD1Uk5FTibFCu,605866a938e54c5da212fc8595186729,2026-03-21T13:47:36Z,0,"I don’t get the appeal, nor is this gonna sell any jerky! ",f4d24bc638cd42a1a3cf2a0e097a8176
spotify:track:5bBWfIiJY87X7WOPAkXosG,605866a938e54c5da212fc8595186729,2026-03-21T13:47:36Z,0,No protein in the lyrics + no guitar riff ?! ,f4d24bc638cd42a1a3cf2a0e097a8176
spotify:track:5RN42ghX3LURrittZmBjVD,605866a938e54c5da212fc8595186729,2026-03-21T13:47:36Z,1,+1 because at least we’ve got protein in the lyrics ,f4d24bc638cd42a1a3cf2a0e097a8176
spotify:track:5vGWvny0oAJkqY3NSER7k8,605866a938e54c5da212fc8595186729,2026-03-21T13:47:36Z,2,"We’re eating mules now, sure!",f4d24bc638cd42a1a3cf2a0e097a8176
spotify:track:64vjxKmLmDWodfeMycplci,605866a938e54c5da212fc8595186729,2026-03-21T13:47:36Z,1,You’re getting a point because I don’t know what to do with these points and maybe the jerky stand offers Tijuana strays 🥴,f4d24bc638cd42a1a3cf2a0e097a8176
spotify:track:6ARzItMpxoDvN8rF2ErKuc,605866a938e54c5da212fc8595186729,2026-03-21T13:47:36Z,3,,f4d24bc638cd42a1a3cf2a0e097a8176
spotify:track:6V6VYwszjmPYFWG84rL8Tj,605866a938e54c5da212fc8595186729,2026-03-21T13:47:36Z,2,,f4d24bc638cd42a1a3cf2a0e097a8176
spotify:track:7uwJC9ngTvHYBtk1DH0aBr,605866a938e54c5da212fc8595186729,2026-03-21T13:47:36Z,1,,f4d24bc638cd42a1a3cf2a0e097a8176
spotify:track:0dCbhZ6jVeSLJ0of5wf2hm,605866a938e54c5da212fc8595186729,2026-03-21T13:47:36Z,0,No protein mentioned in this song (lyrics)!,f4d24bc638cd42a1a3cf2a0e097a8176
spotify:track:64vjxKmLmDWodfeMycplci,4e117e3021d7466c8bf0b654f8357418,2026-03-21T16:47:15Z,1,,f4d24bc638cd42a1a3cf2a0e097a8176
spotify:track:6ARzItMpxoDvN8rF2ErKuc,4e117e3021d7466c8bf0b654f8357418,2026-03-21T16:47:15Z,1,,f4d24bc638cd42a1a3cf2a0e097a8176
spotify:track:0dCbhZ6jVeSLJ0of5wf2hm,4e117e3021d7466c8bf0b654f8357418,2026-03-21T16:47:15Z,1,,f4d24bc638cd42a1a3cf2a0e097a8176
spotify:track:0W0w5YP7Sy6nvSJV5DKfD8,4e117e3021d7466c8bf0b654f8357418,2026-03-21T16:47:15Z,2,,f4d24bc638cd42a1a3cf2a0e097a8176
spotify:track:2OQierF1V3Cr1VRPuJ7p8U,4e117e3021d7466c8bf0b654f8357418,2026-03-21T16:47:15Z,1,,f4d24bc638cd42a1a3cf2a0e097a8176
spotify:track:6V6VYwszjmPYFWG84rL8Tj,4e117e3021d7466c8bf0b654f8357418,2026-03-21T16:47:15Z,2,,f4d24bc638cd42a1a3cf2a0e097a8176
spotify:track:3xQnA3kCAUXU27R82ckIag,4e117e3021d7466c8bf0b654f8357418,2026-03-21T16:47:15Z,2,,f4d24bc638cd42a1a3cf2a0e097a8176
spotify:track:4GqxdZ4KjGTF72N9fPoalF,4e117e3021d7466c8bf0b654f8357418,2026-03-21T16:47:15Z,1,,f4d24bc638cd42a1a3cf2a0e097a8176
spotify:track:4gXCMQEdJgD1Uk5FTibFCu,4e117e3021d7466c8bf0b654f8357418,2026-03-21T16:47:15Z,3,,f4d24bc638cd42a1a3cf2a0e097a8176
spotify:track:5S0IbCoI1laGcY5mkXu3su,4e117e3021d7466c8bf0b654f8357418,2026-03-21T16:47:15Z,1,,f4d24bc638cd42a1a3cf2a0e097a8176
spotify:track:5vGWvny0oAJkqY3NSER7k8,4e117e3021d7466c8bf0b654f8357418,2026-03-21T16:47:15Z,1,,f4d24bc638cd42a1a3cf2a0e097a8176
spotify:track:0Ddvo8n5ao5vAkcil8Ksio,49a5ff7c4466457eb8016aaf873224cb,2026-03-25T14:03:55Z,2,"Nice one, Timmy. Might win the round for me because of reasons. Nice cheat code ya pulled here. Some may not appreciate it the same way. ",fd91efd6684e42ea8bbc8e5e7b7ced25
spotify:track:1gExMyY0hcnLisq9OJRabP,49a5ff7c4466457eb8016aaf873224cb,2026-03-25T14:03:55Z,0,Hmmmm sounds like a random New England jam band. I checked out some other tracks of theirs and they DID sound a bit more futurey. Specifically Utsuro Bune. That’s a dank track. ,fd91efd6684e42ea8bbc8e5e7b7ced25
spotify:track:29XfG8hFSaJuvnoWv6iS0B,49a5ff7c4466457eb8016aaf873224cb,2026-03-25T14:03:55Z,2,"NIN_2ns cheat code. Nice selection, D(ianna/ustin). Some other tunes that aren’t from a soundtrack may have been cooler, but overall it fits the bill. ",fd91efd6684e42ea8bbc8e5e7b7ced25
spotify:track:2v2oXIi7utdaPqH7Hz40lo,49a5ff7c4466457eb8016aaf873224cb,2026-03-25T14:03:55Z,2,"Hmmmm spiffy. Super cool shit from the before times. Guessing Brandon, if he isn’t Gaye. ",fd91efd6684e42ea8bbc8e5e7b7ced25
spotify:track:49y1OtYisAghP4sytcyYKQ,49a5ff7c4466457eb8016aaf873224cb,2026-03-25T14:03:55Z,2,Dug it. Sounds like a tame Gizz tune. Overall solid and enjoyable a bit futurey. ,fd91efd6684e42ea8bbc8e5e7b7ced25
spotify:track:5bZTtNpHCNcOvasdzYzv0W,49a5ff7c4466457eb8016aaf873224cb,2026-03-25T14:03:55Z,0,After researching… seems like it is not AI. And are we really even allowed to neg AI for this round considering out inevitable future? Inoffensive enough to maybe earn one. Maybe. ,fd91efd6684e42ea8bbc8e5e7b7ced25
spotify:track:5mXSzorkFUffeueDo59kQz,49a5ff7c4466457eb8016aaf873224cb,2026-03-25T14:03:55Z,1,Pretty sweet. Electronic music + live drums out of Amsterdam. Dig it. ,fd91efd6684e42ea8bbc8e5e7b7ced25
spotify:track:5PwWkCS888xVopHOOTVtfY,49a5ff7c4466457eb8016aaf873224cb,2026-03-25T14:03:55Z,2,Pretty dope and the band’s bio is even more dope. Couldn’t leave it hanging with just 1 after careful consideration. ,fd91efd6684e42ea8bbc8e5e7b7ced25
spotify:track:5VKEsChbUowEF2BT0gJSGX,49a5ff7c4466457eb8016aaf873224cb,2026-03-25T14:03:55Z,1,Hmmmmmmm. 1980s vibes…. But pretty “what will the future sound like” of the time. Might get 1. ,fd91efd6684e42ea8bbc8e5e7b7ced25
spotify:track:63NMFg8yL81gmSZxwUtqVV,49a5ff7c4466457eb8016aaf873224cb,2026-03-25T14:03:55Z,0,"Yikes. Sorry, but it hurt. I’m not smart enough for this type of music. ",fd91efd6684e42ea8bbc8e5e7b7ced25
spotify:track:6qXaNOwI9lR3qkOmuioVgo,49a5ff7c4466457eb8016aaf873224cb,2026-03-25T14:03:55Z,1,Really liked until the whatever that is solo. Still solid. ,fd91efd6684e42ea8bbc8e5e7b7ced25
spotify:track:6tqf2ld6wL9ikqxDIKLFXw,49a5ff7c4466457eb8016aaf873224cb,2026-03-25T14:03:55Z,0,"Really wanted to like it. The break beat is nasty. The synth really wore me down, though. ",fd91efd6684e42ea8bbc8e5e7b7ced25
spotify:track:6X6NFe1YgFCXPiMozNSPzL,49a5ff7c4466457eb8016aaf873224cb,2026-03-25T14:03:55Z,0,"Just because it says years in the future doesn’t make it sound like the future, Spund. Jk I doubt spundo would submit another Marvin Gaye track… maybe. Cool track, but sounds like it came out in 1978. ",fd91efd6684e42ea8bbc8e5e7b7ced25
spotify:track:77yGu0p7APK39lotu7CLk5,49a5ff7c4466457eb8016aaf873224cb,2026-03-25T14:03:55Z,1,Wanted to not like this. But I sure did. Just enough. “BABY!!…” etc don’t leave me this way and such. ,fd91efd6684e42ea8bbc8e5e7b7ced25
spotify:track:7fXJByfDleygQSR8FsmL7u,49a5ff7c4466457eb8016aaf873224cb,2026-03-25T14:03:55Z,2,Another fav of the round. Pretty damn cool. This or the fifth element diva win the round for me!,fd91efd6684e42ea8bbc8e5e7b7ced25
spotify:track:0Ddvo8n5ao5vAkcil8Ksio,ce76a5e6ff274137bb5127db7065d9a8,2026-03-25T15:17:03Z,2,"Lol love this. Need to watch this movie again, been too long",fd91efd6684e42ea8bbc8e5e7b7ced25
spotify:track:1gExMyY0hcnLisq9OJRabP,ce76a5e6ff274137bb5127db7065d9a8,2026-03-25T15:17:03Z,1,"Ok, so the album title has future in it. The band name = the world will be a hollow ship? I like the song, but it doesn't really strike me as sounding particularly futuristic. Having said that, good enough for one of my last points. ",fd91efd6684e42ea8bbc8e5e7b7ced25
spotify:track:29XfG8hFSaJuvnoWv6iS0B,ce76a5e6ff274137bb5127db7065d9a8,2026-03-25T15:17:03Z,2,Another movie soundtrack. I guess that was some smart thinking cuz both worked very well ,fd91efd6684e42ea8bbc8e5e7b7ced25
spotify:track:2pw9RZWZibttZzoFhwjuy6,ce76a5e6ff274137bb5127db7065d9a8,2026-03-25T15:17:03Z,1,Apt title. Medium future vibes. ,fd91efd6684e42ea8bbc8e5e7b7ced25
spotify:track:2v2oXIi7utdaPqH7Hz40lo,ce76a5e6ff274137bb5127db7065d9a8,2026-03-25T15:17:03Z,2,Can't say I've ever listened to Venezuelan experimental rock from the 70s. Love Music League.,fd91efd6684e42ea8bbc8e5e7b7ced25
spotify:track:49y1OtYisAghP4sytcyYKQ,ce76a5e6ff274137bb5127db7065d9a8,2026-03-25T15:17:03Z,1,These guys are from Portland? Def thought we were in for some Scandinavian shenanigans here. Psych rock x HAL ,fd91efd6684e42ea8bbc8e5e7b7ced25
spotify:track:5bZTtNpHCNcOvasdzYzv0W,ce76a5e6ff274137bb5127db7065d9a8,2026-03-25T15:17:03Z,0,"Apparently that name is pronounced High Coast but it's making me think of cysts. C'mon guy. Ai vibes. If you're going for Ai as the sound of the future that makes me sad. The song does sound future-y, but everything else about it is making me think twice about points. ",fd91efd6684e42ea8bbc8e5e7b7ced25
spotify:track:5mXSzorkFUffeueDo59kQz,ce76a5e6ff274137bb5127db7065d9a8,2026-03-25T15:17:03Z,2,Electronic/acoustic blend from Amsterdam. This is cool,fd91efd6684e42ea8bbc8e5e7b7ced25
spotify:track:5PwWkCS888xVopHOOTVtfY,ce76a5e6ff274137bb5127db7065d9a8,2026-03-25T15:17:03Z,1,Interesting. Different. ,fd91efd6684e42ea8bbc8e5e7b7ced25
spotify:track:5VKEsChbUowEF2BT0gJSGX,ce76a5e6ff274137bb5127db7065d9a8,2026-03-25T15:17:03Z,0,Intro giving me Spare Ass Annie vibes but missing all the fun assholes in foreheads. I'd like this one better without the lyrics ,fd91efd6684e42ea8bbc8e5e7b7ced25
spotify:track:63NMFg8yL81gmSZxwUtqVV,ce76a5e6ff274137bb5127db7065d9a8,2026-03-25T15:17:03Z,2,Weird. Definitely future-y. Some pretty fucky cross ear effects,fd91efd6684e42ea8bbc8e5e7b7ced25
spotify:track:6qXaNOwI9lR3qkOmuioVgo,ce76a5e6ff274137bb5127db7065d9a8,2026-03-25T15:17:03Z,0,"This is also giving ai vibes. Sources vary, and the fact that I can't get a clear answer = no points, sorry",fd91efd6684e42ea8bbc8e5e7b7ced25
spotify:track:6tqf2ld6wL9ikqxDIKLFXw,ce76a5e6ff274137bb5127db7065d9a8,2026-03-25T15:17:03Z,1,Fitting song title and artist. Music works as future ish too,fd91efd6684e42ea8bbc8e5e7b7ced25
spotify:track:6X6NFe1YgFCXPiMozNSPzL,ce76a5e6ff274137bb5127db7065d9a8,2026-03-25T15:17:03Z,0,"Is Marvin Gaye the most popular artist this season? ""Give it a count down Zach?!"" It's hard to not give this a point - it's enjoyable, the lyrics fit, and you gave me a shout out. But I am running low and gotta give it to the people who went for something different. ",fd91efd6684e42ea8bbc8e5e7b7ced25
spotify:track:77yGu0p7APK39lotu7CLk5,ce76a5e6ff274137bb5127db7065d9a8,2026-03-25T15:17:03Z,1,"""The song's popularity soared during the COVID-19 pandemic, as people worldwide participated in the dance challenge while quarantined at home."" Welp guess I completely missed that one... 

""Sounds like it comes from the future"" doesn't really make me think of a dance party, although that would be nice. And I guess there is something futuristic and dystopian about everyone locked at home participating in a worldwide dance challenge. Ok I've convinced myself to give you my last point.",fd91efd6684e42ea8bbc8e5e7b7ced25
spotify:track:0Ddvo8n5ao5vAkcil8Ksio,0d42af6c19054b7dbbe4aa499186e408,2026-03-26T04:24:00Z,2,"Playlist placement helps a lot here. It is a perfect opener. Also partial because I myself was tempted to submit a cinematic reference but didn't have the cajones, given that I had referenced the song earlier in the season (Station Eleven's ""Midnight Train to Georgia"" : https://www.youtube.com/watch?v=tZGy468nJIg). Feel like in this playlist you either coulda gone ""futuristic"" sounding or a sparse cover of some old tune that confirms that 80 percent of the population dies within 150 years. I regrettably chose the former. This scene in 5th Element will always be stamped in my brain. Great pull. ",fd91efd6684e42ea8bbc8e5e7b7ced25
spotify:track:29XfG8hFSaJuvnoWv6iS0B,0d42af6c19054b7dbbe4aa499186e408,2026-03-26T04:24:00Z,1,point cuz tron and shit? ,fd91efd6684e42ea8bbc8e5e7b7ced25
spotify:track:2pw9RZWZibttZzoFhwjuy6,0d42af6c19054b7dbbe4aa499186e408,2026-03-26T04:24:00Z,2,favorite of playlist. ,fd91efd6684e42ea8bbc8e5e7b7ced25
spotify:track:2v2oXIi7utdaPqH7Hz40lo,0d42af6c19054b7dbbe4aa499186e408,2026-03-26T04:24:00Z,2,"I balance a wooden spoon on a cutting board to remind me that time is a wheel/Later, in my next life, I’ll come to this spoon, notice its unnatural posture, and realize my circuitry/A marinara-stained spoon as my key to the universe. Remember the spoon! You’ll need it/to see where you’ve come from, where you’re going. Don’t touch the spoon! Leave it on its axis, unnoticed/I like to throw corks into decanters while my sauce thickens. I set my basket by the sink and shoot hollow thuds into stained glass/tip the cork into the garbage then another game to play. My sauce throws garlic fumes into the fan/I lower the stove and find a cork-Boiron et Fils-and near it a spoon/A cork knuckles in the air when tossed-two quick strikes. On the third, my bat whips around and sends the cork soaring into the window/A victory lap as I go to retrieve it, bat in hand, soft, grainy. I look down/My Spoon! And think if I can't even preserve my bookmark to the next life, what a waste of space we truly are. ",fd91efd6684e42ea8bbc8e5e7b7ced25
spotify:track:49y1OtYisAghP4sytcyYKQ,0d42af6c19054b7dbbe4aa499186e408,2026-03-26T04:24:00Z,2,This is a good song. That was a less good poem I wrote in high school about a spoon. ,fd91efd6684e42ea8bbc8e5e7b7ced25
spotify:track:5bZTtNpHCNcOvasdzYzv0W,0d42af6c19054b7dbbe4aa499186e408,2026-03-26T04:24:00Z,1,"fun, bouncy, upstairs at an airy hotel cocktail bar in Rome, unbeknownst to you near a prison. ",fd91efd6684e42ea8bbc8e5e7b7ced25
spotify:track:5mXSzorkFUffeueDo59kQz,0d42af6c19054b7dbbe4aa499186e408,2026-03-26T04:24:00Z,0,didn't pierce the void for me ,fd91efd6684e42ea8bbc8e5e7b7ced25
spotify:track:5PwWkCS888xVopHOOTVtfY,0d42af6c19054b7dbbe4aa499186e408,2026-03-26T04:24:00Z,1,pierced the void ,fd91efd6684e42ea8bbc8e5e7b7ced25
spotify:track:5VKEsChbUowEF2BT0gJSGX,0d42af6c19054b7dbbe4aa499186e408,2026-03-26T04:24:00Z,2,dear christ i needed lyrics and narrative at this point. thank you ,fd91efd6684e42ea8bbc8e5e7b7ced25
spotify:track:63NMFg8yL81gmSZxwUtqVV,0d42af6c19054b7dbbe4aa499186e408,2026-03-26T04:24:00Z,0,"almost jumped into traffic. which maybe means this is the best song for the prompt? what is more predictably futuristic than the urge to jump into traffic? this was either going to be 3 points or zero. I listened again, got seasick, and went with zero.",fd91efd6684e42ea8bbc8e5e7b7ced25
spotify:track:6qXaNOwI9lR3qkOmuioVgo,0d42af6c19054b7dbbe4aa499186e408,2026-03-26T04:24:00Z,1,Anything to get me out of that elephant-sized hell hole ,fd91efd6684e42ea8bbc8e5e7b7ced25
spotify:track:6tqf2ld6wL9ikqxDIKLFXw,0d42af6c19054b7dbbe4aa499186e408,2026-03-26T04:24:00Z,0,is this a nu life? where's my spoon? ,fd91efd6684e42ea8bbc8e5e7b7ced25
spotify:track:6X6NFe1YgFCXPiMozNSPzL,0d42af6c19054b7dbbe4aa499186e408,2026-03-26T04:24:00Z,1,the funk even works here. that cave must be deep. ,fd91efd6684e42ea8bbc8e5e7b7ced25
spotify:track:77yGu0p7APK39lotu7CLk5,0d42af6c19054b7dbbe4aa499186e408,2026-03-26T04:24:00Z,1,is that a human on the cover? did we survive? Is there hope? this song tells me there is hope. ,fd91efd6684e42ea8bbc8e5e7b7ced25
spotify:track:7fXJByfDleygQSR8FsmL7u,0d42af6c19054b7dbbe4aa499186e408,2026-03-26T04:24:00Z,0,No hope. I never found my spoon. ,fd91efd6684e42ea8bbc8e5e7b7ced25
spotify:track:0Ddvo8n5ao5vAkcil8Ksio,183c5f6ed1b147099842917a9576c8f4,2026-03-26T11:59:20Z,1,"When the Asa bomb dropped, my first thought was go find that song from the 5th Element. Then I thought to myself, that's too on the nose, find something *like* that 5th Element song.  Anyway, I'm giving it a point because Mila Jovovich featured in many of my teenage fantasies. ",fd91efd6684e42ea8bbc8e5e7b7ced25
spotify:track:1gExMyY0hcnLisq9OJRabP,183c5f6ed1b147099842917a9576c8f4,2026-03-26T11:59:20Z,1,"The challenge was *not* to find an album with ""future"" in the name.  That said, I enjoyed this greatly and it did seem modern, I guess. ",fd91efd6684e42ea8bbc8e5e7b7ced25
spotify:track:29XfG8hFSaJuvnoWv6iS0B,183c5f6ed1b147099842917a9576c8f4,2026-03-26T11:59:20Z,2,"Although the one Tron movie I saw was trash, this song is not. +2 Mr Reznor! ",fd91efd6684e42ea8bbc8e5e7b7ced25
spotify:track:2pw9RZWZibttZzoFhwjuy6,183c5f6ed1b147099842917a9576c8f4,2026-03-26T11:59:20Z,1,Hits all the right notes coming from the future from a band of avatars. ,fd91efd6684e42ea8bbc8e5e7b7ced25
spotify:track:2v2oXIi7utdaPqH7Hz40lo,183c5f6ed1b147099842917a9576c8f4,2026-03-26T11:59:20Z,2,Seems ahead of its time  and still from the future. Liked it more after a second listen and added a point! ,fd91efd6684e42ea8bbc8e5e7b7ced25
spotify:track:49y1OtYisAghP4sytcyYKQ,183c5f6ed1b147099842917a9576c8f4,2026-03-26T11:59:20Z,3,Think this was my favorite of the week. Really can't believe these guys are not from Berlin ,fd91efd6684e42ea8bbc8e5e7b7ced25
spotify:track:5bZTtNpHCNcOvasdzYzv0W,183c5f6ed1b147099842917a9576c8f4,2026-03-26T11:59:20Z,0,Song most likely created by AI on the list?  I'm so paranoid now!,fd91efd6684e42ea8bbc8e5e7b7ced25
spotify:track:5PwWkCS888xVopHOOTVtfY,183c5f6ed1b147099842917a9576c8f4,2026-03-26T11:59:20Z,0,Really tough for me to get through. ,fd91efd6684e42ea8bbc8e5e7b7ced25
spotify:track:5VKEsChbUowEF2BT0gJSGX,183c5f6ed1b147099842917a9576c8f4,2026-03-26T11:59:20Z,1,If only the spoken introduction covered the entire song. Thats a 3 pointer. ,fd91efd6684e42ea8bbc8e5e7b7ced25
spotify:track:63NMFg8yL81gmSZxwUtqVV,183c5f6ed1b147099842917a9576c8f4,2026-03-26T11:59:20Z,2,"After the AI apocalypse, the agents play this to one another for ""fun"". ",fd91efd6684e42ea8bbc8e5e7b7ced25
spotify:track:6qXaNOwI9lR3qkOmuioVgo,183c5f6ed1b147099842917a9576c8f4,2026-03-26T11:59:20Z,1,Got enough future vibes towards the back half to eek out a point. ,fd91efd6684e42ea8bbc8e5e7b7ced25
spotify:track:6tqf2ld6wL9ikqxDIKLFXw,183c5f6ed1b147099842917a9576c8f4,2026-03-26T11:59:20Z,0,Didn't land.  Had real trouble finishing it.,fd91efd6684e42ea8bbc8e5e7b7ced25
spotify:track:6X6NFe1YgFCXPiMozNSPzL,183c5f6ed1b147099842917a9576c8f4,2026-03-26T11:59:20Z,0,"Mr. Gaye is definitely opining about the future, but I don't think of this as coming from the future. ",fd91efd6684e42ea8bbc8e5e7b7ced25
spotify:track:77yGu0p7APK39lotu7CLk5,183c5f6ed1b147099842917a9576c8f4,2026-03-26T11:59:20Z,0,The future is Icelandic retro disco?  Sounds like a better future than the 0 given. Sorry. ,fd91efd6684e42ea8bbc8e5e7b7ced25
spotify:track:7fXJByfDleygQSR8FsmL7u,183c5f6ed1b147099842917a9576c8f4,2026-03-26T11:59:20Z,2,Self anointed soundtrack to the dance floor at the end of the world didn't disappoint. ,fd91efd6684e42ea8bbc8e5e7b7ced25
spotify:track:0Ddvo8n5ao5vAkcil8Ksio,0b4377c224ba402d97adce848425da90,2026-03-26T17:02:02Z,0,Did not enjoy,fd91efd6684e42ea8bbc8e5e7b7ced25
spotify:track:1gExMyY0hcnLisq9OJRabP,0b4377c224ba402d97adce848425da90,2026-03-26T17:02:02Z,1,,fd91efd6684e42ea8bbc8e5e7b7ced25
spotify:track:29XfG8hFSaJuvnoWv6iS0B,0b4377c224ba402d97adce848425da90,2026-03-26T17:02:02Z,2,+2 for quality + futuristic ,fd91efd6684e42ea8bbc8e5e7b7ced25
spotify:track:49y1OtYisAghP4sytcyYKQ,0b4377c224ba402d97adce848425da90,2026-03-26T17:02:02Z,3,+3 for quality + futuristic ,fd91efd6684e42ea8bbc8e5e7b7ced25
spotify:track:5bZTtNpHCNcOvasdzYzv0W,0b4377c224ba402d97adce848425da90,2026-03-26T17:02:02Z,2,+2 for quality + futuristic ,fd91efd6684e42ea8bbc8e5e7b7ced25
spotify:track:63NMFg8yL81gmSZxwUtqVV,0b4377c224ba402d97adce848425da90,2026-03-26T17:02:02Z,0,Did not enjoy ,fd91efd6684e42ea8bbc8e5e7b7ced25
spotify:track:6qXaNOwI9lR3qkOmuioVgo,0b4377c224ba402d97adce848425da90,2026-03-26T17:02:02Z,2,+2 for quality + futuristic ,fd91efd6684e42ea8bbc8e5e7b7ced25
spotify:track:6tqf2ld6wL9ikqxDIKLFXw,0b4377c224ba402d97adce848425da90,2026-03-26T17:02:02Z,1,,fd91efd6684e42ea8bbc8e5e7b7ced25
spotify:track:6X6NFe1YgFCXPiMozNSPzL,0b4377c224ba402d97adce848425da90,2026-03-26T17:02:02Z,3,Favorite of the week. Nice pick,fd91efd6684e42ea8bbc8e5e7b7ced25
spotify:track:7fXJByfDleygQSR8FsmL7u,0b4377c224ba402d97adce848425da90,2026-03-26T17:02:02Z,2,+2 for quality + futuristic ,fd91efd6684e42ea8bbc8e5e7b7ced25
spotify:track:0Ddvo8n5ao5vAkcil8Ksio,f1f0f2ed0eb64306992b613229fb7972,2026-03-26T17:16:03Z,0,"I get the idea with the industrial sounds but this high-pitched singing is just a little too much for me 🥴 Unless it’s not singing at all and it’s an instrument using the human voice as notes? Either way, didn’t really love it. Might be worthy of one point if I have extras at the end, stay tuned.",fd91efd6684e42ea8bbc8e5e7b7ced25
spotify:track:1gExMyY0hcnLisq9OJRabP,f1f0f2ed0eb64306992b613229fb7972,2026-03-26T17:16:03Z,2,"I wasn’t really getting anything particularly futuristic from this track, but then I realized the name of the album was “Future Remains” which is where I guess you were going with this one. That being said, if this is what the future sounds like, we’re in pretty good shape 🔥🎸",fd91efd6684e42ea8bbc8e5e7b7ced25
spotify:track:29XfG8hFSaJuvnoWv6iS0B,f1f0f2ed0eb64306992b613229fb7972,2026-03-26T17:16:03Z,2,"Almost went with a Nine Inch Nails song myself, albeit a different one (Copy of A). This was a very good call, tho pulling from the Tron soundtrack does feel a bit like cheating 😜",fd91efd6684e42ea8bbc8e5e7b7ced25
spotify:track:2pw9RZWZibttZzoFhwjuy6,f1f0f2ed0eb64306992b613229fb7972,2026-03-26T17:16:03Z,1,"Enjoyed this track, though it didn’t necessarily give me “future “vibes. Still good enough for a point, tho.",fd91efd6684e42ea8bbc8e5e7b7ced25
spotify:track:2v2oXIi7utdaPqH7Hz40lo,f1f0f2ed0eb64306992b613229fb7972,2026-03-26T17:16:03Z,2,"Definitely the most futuristic sounding song on the playlist so far. Cosmic Visions of a Latin American Earth, huh? Dope.",fd91efd6684e42ea8bbc8e5e7b7ced25
spotify:track:49y1OtYisAghP4sytcyYKQ,f1f0f2ed0eb64306992b613229fb7972,2026-03-26T17:16:03Z,3,"Another one where I’d be happy if this is what the future sounded like. Weird enough, but groovy & dancey. Def futuristic vibes tho. Digging it. Also sounds like Gizz a bunch. Curious… Will look into this band! Fave of the week so far, for sure. ",fd91efd6684e42ea8bbc8e5e7b7ced25
spotify:track:5bZTtNpHCNcOvasdzYzv0W,f1f0f2ed0eb64306992b613229fb7972,2026-03-26T17:16:03Z,1,I see what you were going with here but it’s kind of giving hold music? 📞,fd91efd6684e42ea8bbc8e5e7b7ced25
spotify:track:5mXSzorkFUffeueDo59kQz,f1f0f2ed0eb64306992b613229fb7972,2026-03-26T17:16:03Z,1,"Sounds like an interesting combination of the past & the future, somehow? I dig it.",fd91efd6684e42ea8bbc8e5e7b7ced25
spotify:track:5VKEsChbUowEF2BT0gJSGX,f1f0f2ed0eb64306992b613229fb7972,2026-03-26T17:16:03Z,0,"Oh no… this intro is… dark 😰 While it’s VERY possible this “neo retro futuristic assault” is what the future sounds like, I sure hope it’s not… It’s giving 80s more than anything, IMO. ",fd91efd6684e42ea8bbc8e5e7b7ced25
spotify:track:63NMFg8yL81gmSZxwUtqVV,f1f0f2ed0eb64306992b613229fb7972,2026-03-26T17:16:03Z,1,"While I don’t necessarily love the song itself, I definitely get futuristic vibes from it. The chaotic, frenetic energy, the foreboding tones, it’s kind of spooky, even? A product of Gary, Indiana! Wild. ",fd91efd6684e42ea8bbc8e5e7b7ced25
spotify:track:6qXaNOwI9lR3qkOmuioVgo,f1f0f2ed0eb64306992b613229fb7972,2026-03-26T17:16:03Z,0,Not sure I get future vibes from this...?,fd91efd6684e42ea8bbc8e5e7b7ced25
spotify:track:6tqf2ld6wL9ikqxDIKLFXw,f1f0f2ed0eb64306992b613229fb7972,2026-03-26T17:16:03Z,1,I guess this feels kind of futuristic? Or is it just #jazz? 🤔,fd91efd6684e42ea8bbc8e5e7b7ced25
spotify:track:6X6NFe1YgFCXPiMozNSPzL,f1f0f2ed0eb64306992b613229fb7972,2026-03-26T17:16:03Z,1,"Hi, Spund 👋 Definitely digging this tune but doesn't give ""future sounds"" to me, really. Hmmm... Maybe 1 point just because the song is groovy & funky? Let's see after another go-round. 

The point is yours! ",fd91efd6684e42ea8bbc8e5e7b7ced25
spotify:track:77yGu0p7APK39lotu7CLk5,f1f0f2ed0eb64306992b613229fb7972,2026-03-26T17:16:03Z,0,"Sounds like a Diskin pick...? But not very futuristic IMO, sry 😕",fd91efd6684e42ea8bbc8e5e7b7ced25
spotify:track:7fXJByfDleygQSR8FsmL7u,f1f0f2ed0eb64306992b613229fb7972,2026-03-26T17:16:03Z,1,You can have my last point 👍,fd91efd6684e42ea8bbc8e5e7b7ced25
spotify:track:0Ddvo8n5ao5vAkcil8Ksio,d0b05ef03f5e4598a3e8532b812c3330,2026-03-26T19:06:37Z,0,oy this is all over the place and just horrible. ,fd91efd6684e42ea8bbc8e5e7b7ced25
spotify:track:1gExMyY0hcnLisq9OJRabP,d0b05ef03f5e4598a3e8532b812c3330,2026-03-26T19:06:37Z,1,"great song and i also to tried to find the future in rock. but someone in another league picked this. its not you, its me. ",fd91efd6684e42ea8bbc8e5e7b7ced25
spotify:track:29XfG8hFSaJuvnoWv6iS0B,d0b05ef03f5e4598a3e8532b812c3330,2026-03-26T19:06:37Z,0,def future but not enough song. you dig?,fd91efd6684e42ea8bbc8e5e7b7ced25
spotify:track:2pw9RZWZibttZzoFhwjuy6,d0b05ef03f5e4598a3e8532b812c3330,2026-03-26T19:06:37Z,1,def appreciate gorillaz and this pick ,fd91efd6684e42ea8bbc8e5e7b7ced25
spotify:track:2v2oXIi7utdaPqH7Hz40lo,d0b05ef03f5e4598a3e8532b812c3330,2026-03-26T19:06:37Z,1,prob the coolest sounding but got too repetitive for me,fd91efd6684e42ea8bbc8e5e7b7ced25
spotify:track:5bZTtNpHCNcOvasdzYzv0W,d0b05ef03f5e4598a3e8532b812c3330,2026-03-26T19:06:37Z,0,is this AI?,fd91efd6684e42ea8bbc8e5e7b7ced25
spotify:track:5mXSzorkFUffeueDo59kQz,d0b05ef03f5e4598a3e8532b812c3330,2026-03-26T19:06:37Z,0,also AI?,fd91efd6684e42ea8bbc8e5e7b7ced25
spotify:track:5PwWkCS888xVopHOOTVtfY,d0b05ef03f5e4598a3e8532b812c3330,2026-03-26T19:06:37Z,2,"yes... this is what the future is about... great call back, boards of canada rule",fd91efd6684e42ea8bbc8e5e7b7ced25
spotify:track:5VKEsChbUowEF2BT0gJSGX,d0b05ef03f5e4598a3e8532b812c3330,2026-03-26T19:06:37Z,0," just didnt like",fd91efd6684e42ea8bbc8e5e7b7ced25
spotify:track:63NMFg8yL81gmSZxwUtqVV,d0b05ef03f5e4598a3e8532b812c3330,2026-03-26T19:06:37Z,1,ok this is not really music but cool,fd91efd6684e42ea8bbc8e5e7b7ced25
spotify:track:6qXaNOwI9lR3qkOmuioVgo,d0b05ef03f5e4598a3e8532b812c3330,2026-03-26T19:06:37Z,1,chill and nice not so future still a point,fd91efd6684e42ea8bbc8e5e7b7ced25
spotify:track:6tqf2ld6wL9ikqxDIKLFXw,d0b05ef03f5e4598a3e8532b812c3330,2026-03-26T19:06:37Z,3,yes very cool wanted some crazy jazz like this,fd91efd6684e42ea8bbc8e5e7b7ced25
spotify:track:6X6NFe1YgFCXPiMozNSPzL,d0b05ef03f5e4598a3e8532b812c3330,2026-03-26T19:06:37Z,1,ok this is cool marvin,fd91efd6684e42ea8bbc8e5e7b7ced25
spotify:track:77yGu0p7APK39lotu7CLk5,d0b05ef03f5e4598a3e8532b812c3330,2026-03-26T19:06:37Z,2,one of my fav futuristic sounding pop songs,fd91efd6684e42ea8bbc8e5e7b7ced25
spotify:track:7fXJByfDleygQSR8FsmL7u,d0b05ef03f5e4598a3e8532b812c3330,2026-03-26T19:06:37Z,3,"oh hell yess, this is awesome. ",fd91efd6684e42ea8bbc8e5e7b7ced25
spotify:track:1gExMyY0hcnLisq9OJRabP,1c89e947d02949ed86d05ec22a7350bf,2026-03-26T19:42:57Z,3,"fav i guess?
",fd91efd6684e42ea8bbc8e5e7b7ced25
spotify:track:29XfG8hFSaJuvnoWv6iS0B,1c89e947d02949ed86d05ec22a7350bf,2026-03-26T19:42:57Z,1,,fd91efd6684e42ea8bbc8e5e7b7ced25
spotify:track:2pw9RZWZibttZzoFhwjuy6,1c89e947d02949ed86d05ec22a7350bf,2026-03-26T19:42:57Z,2,,fd91efd6684e42ea8bbc8e5e7b7ced25
spotify:track:2v2oXIi7utdaPqH7Hz40lo,1c89e947d02949ed86d05ec22a7350bf,2026-03-26T19:42:57Z,1,,fd91efd6684e42ea8bbc8e5e7b7ced25
spotify:track:49y1OtYisAghP4sytcyYKQ,1c89e947d02949ed86d05ec22a7350bf,2026-03-26T19:42:57Z,1,,fd91efd6684e42ea8bbc8e5e7b7ced25
spotify:track:5bZTtNpHCNcOvasdzYzv0W,1c89e947d02949ed86d05ec22a7350bf,2026-03-26T19:42:57Z,2,,fd91efd6684e42ea8bbc8e5e7b7ced25
spotify:track:5mXSzorkFUffeueDo59kQz,1c89e947d02949ed86d05ec22a7350bf,2026-03-26T19:42:57Z,1,,fd91efd6684e42ea8bbc8e5e7b7ced25
spotify:track:5VKEsChbUowEF2BT0gJSGX,1c89e947d02949ed86d05ec22a7350bf,2026-03-26T19:42:57Z,1,,fd91efd6684e42ea8bbc8e5e7b7ced25
spotify:track:63NMFg8yL81gmSZxwUtqVV,1c89e947d02949ed86d05ec22a7350bf,2026-03-26T19:42:57Z,1,,fd91efd6684e42ea8bbc8e5e7b7ced25
spotify:track:6X6NFe1YgFCXPiMozNSPzL,1c89e947d02949ed86d05ec22a7350bf,2026-03-26T19:42:57Z,2,"oh, brandon, you just couldnt resist, could ya?. that said, he will stand the test of time.  especially if the rest of this playlist is the future of music.",fd91efd6684e42ea8bbc8e5e7b7ced25
spotify:track:7fXJByfDleygQSR8FsmL7u,1c89e947d02949ed86d05ec22a7350bf,2026-03-26T19:42:57Z,1,,fd91efd6684e42ea8bbc8e5e7b7ced25
spotify:track:0Ddvo8n5ao5vAkcil8Ksio,e5c2390073644e979f43e744c33e6c60,2026-03-26T20:41:51Z,0,Fifth element soundtrack nice for futuristic sounding but I could hear was “Jam” by MJ,fd91efd6684e42ea8bbc8e5e7b7ced25
spotify:track:1gExMyY0hcnLisq9OJRabP,e5c2390073644e979f43e744c33e6c60,2026-03-26T20:41:51Z,1,Not so futuristic but did enjoy ,fd91efd6684e42ea8bbc8e5e7b7ced25
spotify:track:2pw9RZWZibttZzoFhwjuy6,e5c2390073644e979f43e744c33e6c60,2026-03-26T20:41:51Z,0,"This album came out my last year of undergrad, spent many days smoking weed and playing g video games with this on in the background so for me it’s represents a past and not the future. ",fd91efd6684e42ea8bbc8e5e7b7ced25
spotify:track:2v2oXIi7utdaPqH7Hz40lo,e5c2390073644e979f43e744c33e6c60,2026-03-26T20:41:51Z,2,I could see this playing in the coffee shop after being served by our new robot overlords,fd91efd6684e42ea8bbc8e5e7b7ced25
spotify:track:49y1OtYisAghP4sytcyYKQ,e5c2390073644e979f43e744c33e6c60,2026-03-26T20:41:51Z,1,,fd91efd6684e42ea8bbc8e5e7b7ced25
spotify:track:5bZTtNpHCNcOvasdzYzv0W,e5c2390073644e979f43e744c33e6c60,2026-03-26T20:41:51Z,3,,fd91efd6684e42ea8bbc8e5e7b7ced25
spotify:track:5mXSzorkFUffeueDo59kQz,e5c2390073644e979f43e744c33e6c60,2026-03-26T20:41:51Z,2,,fd91efd6684e42ea8bbc8e5e7b7ced25
spotify:track:5PwWkCS888xVopHOOTVtfY,e5c2390073644e979f43e744c33e6c60,2026-03-26T20:41:51Z,0,Thought the song was going to end around 2:30 mark and was glad…but it just kept going and going ,fd91efd6684e42ea8bbc8e5e7b7ced25
spotify:track:5VKEsChbUowEF2BT0gJSGX,e5c2390073644e979f43e744c33e6c60,2026-03-26T20:41:51Z,1,80’s sounding synth ,fd91efd6684e42ea8bbc8e5e7b7ced25
spotify:track:6qXaNOwI9lR3qkOmuioVgo,e5c2390073644e979f43e744c33e6c60,2026-03-26T20:41:51Z,1,"Second half of this one got the points, poor stewie ",fd91efd6684e42ea8bbc8e5e7b7ced25
spotify:track:6tqf2ld6wL9ikqxDIKLFXw,e5c2390073644e979f43e744c33e6c60,2026-03-26T20:41:51Z,2,Future funk ,fd91efd6684e42ea8bbc8e5e7b7ced25
spotify:track:6X6NFe1YgFCXPiMozNSPzL,e5c2390073644e979f43e744c33e6c60,2026-03-26T20:41:51Z,1,Not so futuristic but funky here’s a point ,fd91efd6684e42ea8bbc8e5e7b7ced25
spotify:track:7fXJByfDleygQSR8FsmL7u,e5c2390073644e979f43e744c33e6c60,2026-03-26T20:41:51Z,2,,fd91efd6684e42ea8bbc8e5e7b7ced25
spotify:track:0Ddvo8n5ao5vAkcil8Ksio,a2909b31d1c04d728cfcf68ca0d73cca,2026-03-26T21:36:08Z,0,I’m sorry but this is not good and I liked most of the earworm and food stuff playlists….,fd91efd6684e42ea8bbc8e5e7b7ced25
spotify:track:1gExMyY0hcnLisq9OJRabP,a2909b31d1c04d728cfcf68ca0d73cca,2026-03-26T21:36:08Z,1,The future does remain. For now…,fd91efd6684e42ea8bbc8e5e7b7ced25
spotify:track:29XfG8hFSaJuvnoWv6iS0B,a2909b31d1c04d728cfcf68ca0d73cca,2026-03-26T21:36:08Z,1,TRON is definitely in the future. ,fd91efd6684e42ea8bbc8e5e7b7ced25
spotify:track:2pw9RZWZibttZzoFhwjuy6,a2909b31d1c04d728cfcf68ca0d73cca,2026-03-26T21:36:08Z,1,Going to see the Gorillaz in October. ,fd91efd6684e42ea8bbc8e5e7b7ced25
spotify:track:2v2oXIi7utdaPqH7Hz40lo,a2909b31d1c04d728cfcf68ca0d73cca,2026-03-26T21:36:08Z,1,It’s fine. Got enough beeps and boops to make me feel like it’s the future ,fd91efd6684e42ea8bbc8e5e7b7ced25
spotify:track:49y1OtYisAghP4sytcyYKQ,a2909b31d1c04d728cfcf68ca0d73cca,2026-03-26T21:36:08Z,1,Very futurey,fd91efd6684e42ea8bbc8e5e7b7ced25
spotify:track:5mXSzorkFUffeueDo59kQz,a2909b31d1c04d728cfcf68ca0d73cca,2026-03-26T21:36:08Z,1,I’m sensing a vibe,fd91efd6684e42ea8bbc8e5e7b7ced25
spotify:track:5PwWkCS888xVopHOOTVtfY,a2909b31d1c04d728cfcf68ca0d73cca,2026-03-26T21:36:08Z,1,The crackle sound makes me think this was ripped from vinyl. That is clearly the past. ,fd91efd6684e42ea8bbc8e5e7b7ced25
spotify:track:5VKEsChbUowEF2BT0gJSGX,a2909b31d1c04d728cfcf68ca0d73cca,2026-03-26T21:36:08Z,2,The beginning lyrics are very real.,fd91efd6684e42ea8bbc8e5e7b7ced25
spotify:track:63NMFg8yL81gmSZxwUtqVV,a2909b31d1c04d728cfcf68ca0d73cca,2026-03-26T21:36:08Z,1,Very interesting. Almost a bit of White Lotus sounding at parts ,fd91efd6684e42ea8bbc8e5e7b7ced25
spotify:track:6qXaNOwI9lR3qkOmuioVgo,a2909b31d1c04d728cfcf68ca0d73cca,2026-03-26T21:36:08Z,1,Not sure I’m getting future from this but I still dig it. ,fd91efd6684e42ea8bbc8e5e7b7ced25
spotify:track:6tqf2ld6wL9ikqxDIKLFXw,a2909b31d1c04d728cfcf68ca0d73cca,2026-03-26T21:36:08Z,1,Weird vocal effects (or whatever that sound is) are definitely the future ,fd91efd6684e42ea8bbc8e5e7b7ced25
spotify:track:6X6NFe1YgFCXPiMozNSPzL,a2909b31d1c04d728cfcf68ca0d73cca,2026-03-26T21:36:08Z,1,Funky space is the best space. Not sure it really meets the prompt but who cares. Amiright?,fd91efd6684e42ea8bbc8e5e7b7ced25
spotify:track:77yGu0p7APK39lotu7CLk5,a2909b31d1c04d728cfcf68ca0d73cca,2026-03-26T21:36:08Z,2,I don’t know if it fits the prompt but it’s maybe the only song I’d listen to intentionally (except maybe Marvin) so screw it here’s an extra point. ,fd91efd6684e42ea8bbc8e5e7b7ced25
spotify:track:7fXJByfDleygQSR8FsmL7u,a2909b31d1c04d728cfcf68ca0d73cca,2026-03-26T21:36:08Z,1,,fd91efd6684e42ea8bbc8e5e7b7ced25
spotify:track:0Ddvo8n5ao5vAkcil8Ksio,48468f9ee55c4e71b349a5f376d4d792,2026-03-26T23:53:31Z,3,Woah this is good it feels like a spy one ,fd91efd6684e42ea8bbc8e5e7b7ced25
spotify:track:1gExMyY0hcnLisq9OJRabP,48468f9ee55c4e71b349a5f376d4d792,2026-03-26T23:53:31Z,0,It’s not future like,fd91efd6684e42ea8bbc8e5e7b7ced25
spotify:track:29XfG8hFSaJuvnoWv6iS0B,48468f9ee55c4e71b349a5f376d4d792,2026-03-26T23:53:31Z,1,It’s good ,fd91efd6684e42ea8bbc8e5e7b7ced25
spotify:track:2pw9RZWZibttZzoFhwjuy6,48468f9ee55c4e71b349a5f376d4d792,2026-03-26T23:53:31Z,1,It’s good,fd91efd6684e42ea8bbc8e5e7b7ced25
spotify:track:2v2oXIi7utdaPqH7Hz40lo,48468f9ee55c4e71b349a5f376d4d792,2026-03-26T23:53:31Z,1,It’s good ,fd91efd6684e42ea8bbc8e5e7b7ced25
spotify:track:49y1OtYisAghP4sytcyYKQ,48468f9ee55c4e71b349a5f376d4d792,2026-03-26T23:53:31Z,1,,fd91efd6684e42ea8bbc8e5e7b7ced25
spotify:track:5bZTtNpHCNcOvasdzYzv0W,48468f9ee55c4e71b349a5f376d4d792,2026-03-26T23:53:31Z,1,It’s good  ,fd91efd6684e42ea8bbc8e5e7b7ced25
spotify:track:5mXSzorkFUffeueDo59kQz,48468f9ee55c4e71b349a5f376d4d792,2026-03-26T23:53:31Z,0,Not really future like ,fd91efd6684e42ea8bbc8e5e7b7ced25
spotify:track:5PwWkCS888xVopHOOTVtfY,48468f9ee55c4e71b349a5f376d4d792,2026-03-26T23:53:31Z,1,It’s good ,fd91efd6684e42ea8bbc8e5e7b7ced25
spotify:track:5VKEsChbUowEF2BT0gJSGX,48468f9ee55c4e71b349a5f376d4d792,2026-03-26T23:53:31Z,1,,fd91efd6684e42ea8bbc8e5e7b7ced25
spotify:track:63NMFg8yL81gmSZxwUtqVV,48468f9ee55c4e71b349a5f376d4d792,2026-03-26T23:53:31Z,1,,fd91efd6684e42ea8bbc8e5e7b7ced25
spotify:track:6qXaNOwI9lR3qkOmuioVgo,48468f9ee55c4e71b349a5f376d4d792,2026-03-26T23:53:31Z,0,Not really future like ,fd91efd6684e42ea8bbc8e5e7b7ced25
spotify:track:6tqf2ld6wL9ikqxDIKLFXw,48468f9ee55c4e71b349a5f376d4d792,2026-03-26T23:53:31Z,2,,fd91efd6684e42ea8bbc8e5e7b7ced25
spotify:track:6X6NFe1YgFCXPiMozNSPzL,48468f9ee55c4e71b349a5f376d4d792,2026-03-26T23:53:31Z,0,Not future like,fd91efd6684e42ea8bbc8e5e7b7ced25
spotify:track:7fXJByfDleygQSR8FsmL7u,48468f9ee55c4e71b349a5f376d4d792,2026-03-26T23:53:31Z,3,,fd91efd6684e42ea8bbc8e5e7b7ced25
spotify:track:1gExMyY0hcnLisq9OJRabP,7fdceb56429c4e38939c3e5ee41bfdd0,2026-03-27T02:53:49Z,0,"Great song. Would see them in the future. But if “colors” ain’t “a color” then an album w future that doesn’t sound futuristic can’t get a point either.  But for real, good song. ",fd91efd6684e42ea8bbc8e5e7b7ced25
spotify:track:29XfG8hFSaJuvnoWv6iS0B,7fdceb56429c4e38939c3e5ee41bfdd0,2026-03-27T02:53:49Z,2,Nine inch nailed the prompt. 4ns. ,fd91efd6684e42ea8bbc8e5e7b7ced25
spotify:track:2pw9RZWZibttZzoFhwjuy6,7fdceb56429c4e38939c3e5ee41bfdd0,2026-03-27T02:53:49Z,2,,fd91efd6684e42ea8bbc8e5e7b7ced25
spotify:track:2v2oXIi7utdaPqH7Hz40lo,7fdceb56429c4e38939c3e5ee41bfdd0,2026-03-27T02:53:49Z,1,,fd91efd6684e42ea8bbc8e5e7b7ced25
spotify:track:49y1OtYisAghP4sytcyYKQ,7fdceb56429c4e38939c3e5ee41bfdd0,2026-03-27T02:53:49Z,2,,fd91efd6684e42ea8bbc8e5e7b7ced25
spotify:track:5bZTtNpHCNcOvasdzYzv0W,7fdceb56429c4e38939c3e5ee41bfdd0,2026-03-27T02:53:49Z,1,,fd91efd6684e42ea8bbc8e5e7b7ced25
spotify:track:5mXSzorkFUffeueDo59kQz,7fdceb56429c4e38939c3e5ee41bfdd0,2026-03-27T02:53:49Z,3,Fav of the week. Are they gonna open for surprise chef? Gindin would loooove it,fd91efd6684e42ea8bbc8e5e7b7ced25
spotify:track:5PwWkCS888xVopHOOTVtfY,7fdceb56429c4e38939c3e5ee41bfdd0,2026-03-27T02:53:49Z,1,,fd91efd6684e42ea8bbc8e5e7b7ced25
spotify:track:63NMFg8yL81gmSZxwUtqVV,7fdceb56429c4e38939c3e5ee41bfdd0,2026-03-27T02:53:49Z,0,Learned from my past to not listen to this again in my future.,fd91efd6684e42ea8bbc8e5e7b7ced25
spotify:track:6qXaNOwI9lR3qkOmuioVgo,7fdceb56429c4e38939c3e5ee41bfdd0,2026-03-27T02:53:49Z,1,This was def on someone’s release radar. It was almost in the future for this round with a 3/19/26 release date. Didnt get the futuristic aspect til the last minute glitchy didgeridoo thing,fd91efd6684e42ea8bbc8e5e7b7ced25
spotify:track:6X6NFe1YgFCXPiMozNSPzL,7fdceb56429c4e38939c3e5ee41bfdd0,2026-03-27T02:53:49Z,0,Marvin Gaye very pleasantly singing as a space flight attendant still doesn’t sound like the future. Enjoyed the song though ,fd91efd6684e42ea8bbc8e5e7b7ced25
spotify:track:77yGu0p7APK39lotu7CLk5,7fdceb56429c4e38939c3e5ee41bfdd0,2026-03-27T02:53:49Z,1,,fd91efd6684e42ea8bbc8e5e7b7ced25
spotify:track:7fXJByfDleygQSR8FsmL7u,7fdceb56429c4e38939c3e5ee41bfdd0,2026-03-27T02:53:49Z,2,,fd91efd6684e42ea8bbc8e5e7b7ced25
spotify:track:0Ddvo8n5ao5vAkcil8Ksio,605866a938e54c5da212fc8595186729,2026-03-27T03:21:02Z,1,One can only hope that the divas are in charge in the future ,fd91efd6684e42ea8bbc8e5e7b7ced25
spotify:track:1gExMyY0hcnLisq9OJRabP,605866a938e54c5da212fc8595186729,2026-03-27T03:21:02Z,1,This feels a little too familiar to sound like the future but maybe it’ll be familiar!?!,fd91efd6684e42ea8bbc8e5e7b7ced25
spotify:track:29XfG8hFSaJuvnoWv6iS0B,605866a938e54c5da212fc8595186729,2026-03-27T03:21:02Z,2,Uncomfortable and a bit disorienting ✅,fd91efd6684e42ea8bbc8e5e7b7ced25
spotify:track:2pw9RZWZibttZzoFhwjuy6,605866a938e54c5da212fc8595186729,2026-03-27T03:21:02Z,0,Agree that it’s unclear what we’re all gonna do! But it sounds too normal to sound like the future … maybe that’s the point ,fd91efd6684e42ea8bbc8e5e7b7ced25
spotify:track:2v2oXIi7utdaPqH7Hz40lo,605866a938e54c5da212fc8595186729,2026-03-27T03:21:02Z,1,Computer noises + some weirdness ,fd91efd6684e42ea8bbc8e5e7b7ced25
spotify:track:49y1OtYisAghP4sytcyYKQ,605866a938e54c5da212fc8595186729,2026-03-27T03:21:02Z,2,"Sufficiently anxiety inducing sounds, esp at the beginning… then we get into a rhythm. Also, I’m walking by a construction site, and not sure if certain noises are from the song or the site 😂",fd91efd6684e42ea8bbc8e5e7b7ced25
spotify:track:5bZTtNpHCNcOvasdzYzv0W,605866a938e54c5da212fc8595186729,2026-03-27T03:21:02Z,2,Enjoying this !! Feels like the very near future ,fd91efd6684e42ea8bbc8e5e7b7ced25
spotify:track:5mXSzorkFUffeueDo59kQz,605866a938e54c5da212fc8595186729,2026-03-27T03:21:02Z,1,,fd91efd6684e42ea8bbc8e5e7b7ced25
spotify:track:5PwWkCS888xVopHOOTVtfY,605866a938e54c5da212fc8595186729,2026-03-27T03:21:02Z,1,This doesn’t feel good +1,fd91efd6684e42ea8bbc8e5e7b7ced25
spotify:track:5VKEsChbUowEF2BT0gJSGX,605866a938e54c5da212fc8595186729,2026-03-27T03:21:02Z,1,😫😫😫,fd91efd6684e42ea8bbc8e5e7b7ced25
spotify:track:6qXaNOwI9lR3qkOmuioVgo,605866a938e54c5da212fc8595186729,2026-03-27T03:21:02Z,0,“Be part of the journey for a chance to build the future while celebrating the past.” … not sure this is building the future ,fd91efd6684e42ea8bbc8e5e7b7ced25
spotify:track:6tqf2ld6wL9ikqxDIKLFXw,605866a938e54c5da212fc8595186729,2026-03-27T03:21:02Z,1,,fd91efd6684e42ea8bbc8e5e7b7ced25
spotify:track:6X6NFe1YgFCXPiMozNSPzL,605866a938e54c5da212fc8595186729,2026-03-27T03:21:02Z,1,A point for the lyrics,fd91efd6684e42ea8bbc8e5e7b7ced25
spotify:track:77yGu0p7APK39lotu7CLk5,605866a938e54c5da212fc8595186729,2026-03-27T03:21:02Z,1,Started with some space lasers and then evened out - probably what the future will be like ,fd91efd6684e42ea8bbc8e5e7b7ced25
spotify:track:7fXJByfDleygQSR8FsmL7u,605866a938e54c5da212fc8595186729,2026-03-27T03:21:02Z,1,,fd91efd6684e42ea8bbc8e5e7b7ced25
spotify:track:1gExMyY0hcnLisq9OJRabP,8453d173315c468e8134e2527a658ba5,2026-03-27T11:41:27Z,3,Really liked this a lot,fd91efd6684e42ea8bbc8e5e7b7ced25
spotify:track:29XfG8hFSaJuvnoWv6iS0B,8453d173315c468e8134e2527a658ba5,2026-03-27T11:41:27Z,2,,fd91efd6684e42ea8bbc8e5e7b7ced25
spotify:track:49y1OtYisAghP4sytcyYKQ,8453d173315c468e8134e2527a658ba5,2026-03-27T11:41:27Z,1,,fd91efd6684e42ea8bbc8e5e7b7ced25
spotify:track:5bZTtNpHCNcOvasdzYzv0W,8453d173315c468e8134e2527a658ba5,2026-03-27T11:41:27Z,4,Fave of the week ,fd91efd6684e42ea8bbc8e5e7b7ced25
spotify:track:5VKEsChbUowEF2BT0gJSGX,8453d173315c468e8134e2527a658ba5,2026-03-27T11:41:27Z,1,,fd91efd6684e42ea8bbc8e5e7b7ced25
spotify:track:6tqf2ld6wL9ikqxDIKLFXw,8453d173315c468e8134e2527a658ba5,2026-03-27T11:41:27Z,1,,fd91efd6684e42ea8bbc8e5e7b7ced25
spotify:track:77yGu0p7APK39lotu7CLk5,8453d173315c468e8134e2527a658ba5,2026-03-27T11:41:27Z,2,,fd91efd6684e42ea8bbc8e5e7b7ced25
spotify:track:7fXJByfDleygQSR8FsmL7u,8453d173315c468e8134e2527a658ba5,2026-03-27T11:41:27Z,2,,fd91efd6684e42ea8bbc8e5e7b7ced25
spotify:track:1gExMyY0hcnLisq9OJRabP,4e117e3021d7466c8bf0b654f8357418,2026-03-27T13:45:10Z,2,,fd91efd6684e42ea8bbc8e5e7b7ced25
spotify:track:29XfG8hFSaJuvnoWv6iS0B,4e117e3021d7466c8bf0b654f8357418,2026-03-27T13:45:10Z,2,,fd91efd6684e42ea8bbc8e5e7b7ced25
spotify:track:2pw9RZWZibttZzoFhwjuy6,4e117e3021d7466c8bf0b654f8357418,2026-03-27T13:45:10Z,1,,fd91efd6684e42ea8bbc8e5e7b7ced25
spotify:track:49y1OtYisAghP4sytcyYKQ,4e117e3021d7466c8bf0b654f8357418,2026-03-27T13:45:10Z,2,,fd91efd6684e42ea8bbc8e5e7b7ced25
spotify:track:5bZTtNpHCNcOvasdzYzv0W,4e117e3021d7466c8bf0b654f8357418,2026-03-27T13:45:10Z,1,,fd91efd6684e42ea8bbc8e5e7b7ced25
spotify:track:5mXSzorkFUffeueDo59kQz,4e117e3021d7466c8bf0b654f8357418,2026-03-27T13:45:10Z,1,,fd91efd6684e42ea8bbc8e5e7b7ced25
spotify:track:5PwWkCS888xVopHOOTVtfY,4e117e3021d7466c8bf0b654f8357418,2026-03-27T13:45:10Z,1,,fd91efd6684e42ea8bbc8e5e7b7ced25
spotify:track:63NMFg8yL81gmSZxwUtqVV,4e117e3021d7466c8bf0b654f8357418,2026-03-27T13:45:10Z,1,,fd91efd6684e42ea8bbc8e5e7b7ced25
spotify:track:6tqf2ld6wL9ikqxDIKLFXw,4e117e3021d7466c8bf0b654f8357418,2026-03-27T13:45:10Z,1,,fd91efd6684e42ea8bbc8e5e7b7ced25
spotify:track:6X6NFe1YgFCXPiMozNSPzL,4e117e3021d7466c8bf0b654f8357418,2026-03-27T13:45:10Z,2,,fd91efd6684e42ea8bbc8e5e7b7ced25
spotify:track:7fXJByfDleygQSR8FsmL7u,4e117e3021d7466c8bf0b654f8357418,2026-03-27T13:45:10Z,2,,fd91efd6684e42ea8bbc8e5e7b7ced25
spotify:track:0qxYx4F3vm1AOnfux6dDxP,49a5ff7c4466457eb8016aaf873224cb,2026-03-31T15:47:19Z,1,Samantha. ,0f3c931f8ca847b7a765c89b7d2e9954
spotify:track:15K8KaEpnKSLDP5lq46kNA,49a5ff7c4466457eb8016aaf873224cb,2026-03-31T15:47:19Z,1,Alexander. You high brow bitch. ,0f3c931f8ca847b7a765c89b7d2e9954
spotify:track:2Bxt2qamL6iu0XN0Td484J,49a5ff7c4466457eb8016aaf873224cb,2026-03-31T15:47:19Z,1,"Mmm tough one. Wanted to go Brandon, but pivoting to Fluffdaddy. ",0f3c931f8ca847b7a765c89b7d2e9954
spotify:track:2qvToeBdYliw6n0nEsKJQa,49a5ff7c4466457eb8016aaf873224cb,2026-03-31T15:47:19Z,1,For some reason I am leaning… Asa. ,0f3c931f8ca847b7a765c89b7d2e9954
spotify:track:2xNZK0n7SV7qvV1AlH30Dp,49a5ff7c4466457eb8016aaf873224cb,2026-03-31T15:47:19Z,1,Feeling Zachary here. ,0f3c931f8ca847b7a765c89b7d2e9954
spotify:track:3apSWeSMRsnzOAjGoVurPP,49a5ff7c4466457eb8016aaf873224cb,2026-03-31T15:47:19Z,1,Mendo for sexiness. ,0f3c931f8ca847b7a765c89b7d2e9954
spotify:track:3s8Anp8dKObIw8Zy8uGgYC,49a5ff7c4466457eb8016aaf873224cb,2026-03-31T15:47:19Z,1,Going Brandon here…,0f3c931f8ca847b7a765c89b7d2e9954
spotify:track:3TKOJWYOMrp98OB19y1A0n,49a5ff7c4466457eb8016aaf873224cb,2026-03-31T15:47:19Z,1,"Couldn’t be Dianna… would’ve picked a different track, I feel… 

Jennifer because I’m out of guesses and want to get this over with. ",0f3c931f8ca847b7a765c89b7d2e9954
spotify:track:4wajJ1o7jWIg62YqpkHC7S,49a5ff7c4466457eb8016aaf873224cb,2026-03-31T15:47:19Z,1,Hmmmmmm Dustin?,0f3c931f8ca847b7a765c89b7d2e9954
spotify:track:5ucIh5Shb9WPimGXDCaj0n,49a5ff7c4466457eb8016aaf873224cb,2026-03-31T15:47:19Z,1,"Hmmmm Jennifer with Dave influence?????

Nah going Jacob. ",0f3c931f8ca847b7a765c89b7d2e9954
spotify:track:6loBBzhr73iQHXq8RFeSAv,49a5ff7c4466457eb8016aaf873224cb,2026-03-31T15:47:19Z,2,"I honestly don’t know who would be this brazen. For some reason I am guessing Rick because he WOULD like this, but generally wouldn’t submit such a track… but did so in protest so that people do not guess him and overtake the lead. 2 points. ",0f3c931f8ca847b7a765c89b7d2e9954
spotify:track:7ajPDMxJkj2UCCGE2tnC9u,49a5ff7c4466457eb8016aaf873224cb,2026-03-31T15:47:19Z,1,Originally submitted Shine On Parts 6-9. Feeling Storm for some reason. ,0f3c931f8ca847b7a765c89b7d2e9954
spotify:track:7rvGZDlfqCjY9EWEUg3Xs6,49a5ff7c4466457eb8016aaf873224cb,2026-03-31T15:47:19Z,1,Now this one could definitely be Dianna. ,0f3c931f8ca847b7a765c89b7d2e9954
spotify:track:7tnSmKPEw0fD0DNgVWzJ3R,49a5ff7c4466457eb8016aaf873224cb,2026-03-31T15:47:19Z,1,Joshua Diskin. Didn’t know there was a version with lyrics. ,0f3c931f8ca847b7a765c89b7d2e9954
spotify:track:7wOKVOhqghB6rCyaPWVegJ,49a5ff7c4466457eb8016aaf873224cb,2026-03-31T15:47:19Z,1,"Picking Timothy, because of DCU and my brain hurts now. ",0f3c931f8ca847b7a765c89b7d2e9954
spotify:track:0qxYx4F3vm1AOnfux6dDxP,ce76a5e6ff274137bb5127db7065d9a8,2026-03-31T16:41:47Z,1,Rick,0f3c931f8ca847b7a765c89b7d2e9954
spotify:track:2Bxt2qamL6iu0XN0Td484J,ce76a5e6ff274137bb5127db7065d9a8,2026-03-31T16:41:47Z,2,Spund ,0f3c931f8ca847b7a765c89b7d2e9954
spotify:track:2qvToeBdYliw6n0nEsKJQa,ce76a5e6ff274137bb5127db7065d9a8,2026-03-31T16:41:47Z,1,Sam,0f3c931f8ca847b7a765c89b7d2e9954
spotify:track:2xNZK0n7SV7qvV1AlH30Dp,ce76a5e6ff274137bb5127db7065d9a8,2026-03-31T16:41:47Z,3,"AL

Probably the best answer ",0f3c931f8ca847b7a765c89b7d2e9954
spotify:track:3apSWeSMRsnzOAjGoVurPP,ce76a5e6ff274137bb5127db7065d9a8,2026-03-31T16:41:47Z,1,Dusty ,0f3c931f8ca847b7a765c89b7d2e9954
spotify:track:3s8Anp8dKObIw8Zy8uGgYC,ce76a5e6ff274137bb5127db7065d9a8,2026-03-31T16:41:47Z,0,Dr. Jacob ,0f3c931f8ca847b7a765c89b7d2e9954
spotify:track:3TKOJWYOMrp98OB19y1A0n,ce76a5e6ff274137bb5127db7065d9a8,2026-03-31T16:41:47Z,2,"Kinda hoped this was the theme from last waltz when I saw “last waltz suite”

Dianna ",0f3c931f8ca847b7a765c89b7d2e9954
spotify:track:4Gu4Z1RQ68h8fQnSDQxfKr,ce76a5e6ff274137bb5127db7065d9a8,2026-03-31T16:41:47Z,4,"Kenny

Fantastic choice whoever it is",0f3c931f8ca847b7a765c89b7d2e9954
spotify:track:4wajJ1o7jWIg62YqpkHC7S,ce76a5e6ff274137bb5127db7065d9a8,2026-03-31T16:41:47Z,1,Storm,0f3c931f8ca847b7a765c89b7d2e9954
spotify:track:5ucIh5Shb9WPimGXDCaj0n,ce76a5e6ff274137bb5127db7065d9a8,2026-03-31T16:41:47Z,0,Jen. I don’t actually think this is you but here we are ,0f3c931f8ca847b7a765c89b7d2e9954
spotify:track:6loBBzhr73iQHXq8RFeSAv,ce76a5e6ff274137bb5127db7065d9a8,2026-03-31T16:41:47Z,0,Mendo ,0f3c931f8ca847b7a765c89b7d2e9954
spotify:track:7ajPDMxJkj2UCCGE2tnC9u,ce76a5e6ff274137bb5127db7065d9a8,2026-03-31T16:41:47Z,1,Fluff,0f3c931f8ca847b7a765c89b7d2e9954
spotify:track:7rvGZDlfqCjY9EWEUg3Xs6,ce76a5e6ff274137bb5127db7065d9a8,2026-03-31T16:41:47Z,0,"This was used last season, so perfect choice for Josh “I’ve heard it too many times in music league” diskin ",0f3c931f8ca847b7a765c89b7d2e9954
spotify:track:7tnSmKPEw0fD0DNgVWzJ3R,ce76a5e6ff274137bb5127db7065d9a8,2026-03-31T16:41:47Z,0,Paug. Idk have I mentioned that I hate this prompt ,0f3c931f8ca847b7a765c89b7d2e9954
spotify:track:7wOKVOhqghB6rCyaPWVegJ,ce76a5e6ff274137bb5127db7065d9a8,2026-03-31T16:41:47Z,0,"Asa

Sorry this song just makes me think of a dying phish set “ok let’s infuse this with some funk that people will lap up no matter what”",0f3c931f8ca847b7a765c89b7d2e9954
spotify:track:0qxYx4F3vm1AOnfux6dDxP,183c5f6ed1b147099842917a9576c8f4,2026-04-01T03:32:06Z,2,Tongue in cheek enough to actually be AL. ,0f3c931f8ca847b7a765c89b7d2e9954
spotify:track:15K8KaEpnKSLDP5lq46kNA,183c5f6ed1b147099842917a9576c8f4,2026-04-01T03:32:06Z,1,Richard van Beethoven?,0f3c931f8ca847b7a765c89b7d2e9954
spotify:track:2Bxt2qamL6iu0XN0Td484J,183c5f6ed1b147099842917a9576c8f4,2026-04-01T03:32:06Z,1,Asa?,0f3c931f8ca847b7a765c89b7d2e9954
spotify:track:2qvToeBdYliw6n0nEsKJQa,183c5f6ed1b147099842917a9576c8f4,2026-04-01T03:32:06Z,1,Zach?,0f3c931f8ca847b7a765c89b7d2e9954
spotify:track:2xNZK0n7SV7qvV1AlH30Dp,183c5f6ed1b147099842917a9576c8f4,2026-04-01T03:32:06Z,0,Fluff?,0f3c931f8ca847b7a765c89b7d2e9954
spotify:track:3apSWeSMRsnzOAjGoVurPP,183c5f6ed1b147099842917a9576c8f4,2026-04-01T03:32:06Z,1,Dianna?,0f3c931f8ca847b7a765c89b7d2e9954
spotify:track:3s8Anp8dKObIw8Zy8uGgYC,183c5f6ed1b147099842917a9576c8f4,2026-04-01T03:32:06Z,1,Spund?,0f3c931f8ca847b7a765c89b7d2e9954
spotify:track:4Gu4Z1RQ68h8fQnSDQxfKr,183c5f6ed1b147099842917a9576c8f4,2026-04-01T03:32:06Z,0,Jacob?,0f3c931f8ca847b7a765c89b7d2e9954
spotify:track:4wajJ1o7jWIg62YqpkHC7S,183c5f6ed1b147099842917a9576c8f4,2026-04-01T03:32:06Z,1,Dustin?,0f3c931f8ca847b7a765c89b7d2e9954
spotify:track:5ucIh5Shb9WPimGXDCaj0n,183c5f6ed1b147099842917a9576c8f4,2026-04-01T03:32:06Z,1,Timmy?,0f3c931f8ca847b7a765c89b7d2e9954
spotify:track:6loBBzhr73iQHXq8RFeSAv,183c5f6ed1b147099842917a9576c8f4,2026-04-01T03:32:06Z,1,Joshua Diskin?,0f3c931f8ca847b7a765c89b7d2e9954
spotify:track:7ajPDMxJkj2UCCGE2tnC9u,183c5f6ed1b147099842917a9576c8f4,2026-04-01T03:32:06Z,2,Storm?   I also believe this is a perfect song. Curious about why this version.  ,0f3c931f8ca847b7a765c89b7d2e9954
spotify:track:7rvGZDlfqCjY9EWEUg3Xs6,183c5f6ed1b147099842917a9576c8f4,2026-04-01T03:32:06Z,1,Kenneth?,0f3c931f8ca847b7a765c89b7d2e9954
spotify:track:7tnSmKPEw0fD0DNgVWzJ3R,183c5f6ed1b147099842917a9576c8f4,2026-04-01T03:32:06Z,1,Sam?,0f3c931f8ca847b7a765c89b7d2e9954
spotify:track:7wOKVOhqghB6rCyaPWVegJ,183c5f6ed1b147099842917a9576c8f4,2026-04-01T03:32:06Z,2,Jen?,0f3c931f8ca847b7a765c89b7d2e9954
spotify:track:0qxYx4F3vm1AOnfux6dDxP,1c89e947d02949ed86d05ec22a7350bf,2026-04-01T19:53:13Z,1,"classic, timmy",0f3c931f8ca847b7a765c89b7d2e9954
spotify:track:15K8KaEpnKSLDP5lq46kNA,1c89e947d02949ed86d05ec22a7350bf,2026-04-01T19:53:13Z,0,"i mean yes, but no, sorry Al?",0f3c931f8ca847b7a765c89b7d2e9954
spotify:track:2Bxt2qamL6iu0XN0Td484J,1c89e947d02949ed86d05ec22a7350bf,2026-04-01T19:53:13Z,2,"good pick.. could be anyone, lets go with storm?)",0f3c931f8ca847b7a765c89b7d2e9954
spotify:track:2qvToeBdYliw6n0nEsKJQa,1c89e947d02949ed86d05ec22a7350bf,2026-04-01T19:53:13Z,2,"i have a soft spot for FF, lets go with zach?",0f3c931f8ca847b7a765c89b7d2e9954
spotify:track:2xNZK0n7SV7qvV1AlH30Dp,1c89e947d02949ed86d05ec22a7350bf,2026-04-01T19:53:13Z,1,"i think kenny could be any song on this playlist, but i think ill choose this one",0f3c931f8ca847b7a765c89b7d2e9954
spotify:track:3apSWeSMRsnzOAjGoVurPP,1c89e947d02949ed86d05ec22a7350bf,2026-04-01T19:53:13Z,0,"not my fav prince, sorry asa?",0f3c931f8ca847b7a765c89b7d2e9954
spotify:track:3s8Anp8dKObIw8Zy8uGgYC,1c89e947d02949ed86d05ec22a7350bf,2026-04-01T19:53:13Z,1,"like kenny, any of these could be diskin.  lets go with josh diskin?",0f3c931f8ca847b7a765c89b7d2e9954
spotify:track:3TKOJWYOMrp98OB19y1A0n,1c89e947d02949ed86d05ec22a7350bf,2026-04-01T19:53:13Z,2,"really is perfect, dianna?",0f3c931f8ca847b7a765c89b7d2e9954
spotify:track:4Gu4Z1RQ68h8fQnSDQxfKr,1c89e947d02949ed86d05ec22a7350bf,2026-04-01T19:53:13Z,0,this one has me stumped....mendo?,0f3c931f8ca847b7a765c89b7d2e9954
spotify:track:4wajJ1o7jWIg62YqpkHC7S,1c89e947d02949ed86d05ec22a7350bf,2026-04-01T19:53:13Z,0,"nope, sorry dusty",0f3c931f8ca847b7a765c89b7d2e9954
spotify:track:5ucIh5Shb9WPimGXDCaj0n,1c89e947d02949ed86d05ec22a7350bf,2026-04-01T19:53:13Z,0,"So I was ready to submit the Orgone w/ Adryon de Leon version when I noticed learned it was a cover - Checked out the original, and yup, a more perfect selection indeed",0f3c931f8ca847b7a765c89b7d2e9954
spotify:track:6loBBzhr73iQHXq8RFeSAv,1c89e947d02949ed86d05ec22a7350bf,2026-04-01T19:53:13Z,1,"bold pick whoever you are. heres a point, jacob?",0f3c931f8ca847b7a765c89b7d2e9954
spotify:track:7ajPDMxJkj2UCCGE2tnC9u,1c89e947d02949ed86d05ec22a7350bf,2026-04-01T19:53:13Z,0,pink floyd doesnt do it for me... fluff?,0f3c931f8ca847b7a765c89b7d2e9954
spotify:track:7rvGZDlfqCjY9EWEUg3Xs6,1c89e947d02949ed86d05ec22a7350bf,2026-04-01T19:53:13Z,2,mah queen... ricky?,0f3c931f8ca847b7a765c89b7d2e9954
spotify:track:7tnSmKPEw0fD0DNgVWzJ3R,1c89e947d02949ed86d05ec22a7350bf,2026-04-01T19:53:13Z,2,"also a queen... marvin gaye adjacent, im going with brandon?",0f3c931f8ca847b7a765c89b7d2e9954
spotify:track:7wOKVOhqghB6rCyaPWVegJ,1c89e947d02949ed86d05ec22a7350bf,2026-04-01T19:53:13Z,2,"perfection in a song, indeed.  jen?",0f3c931f8ca847b7a765c89b7d2e9954
spotify:track:0qxYx4F3vm1AOnfux6dDxP,9b7e03ea90dd46db9779dc21eb04ca5a,2026-04-01T21:21:03Z,1,Sam?,0f3c931f8ca847b7a765c89b7d2e9954
spotify:track:15K8KaEpnKSLDP5lq46kNA,9b7e03ea90dd46db9779dc21eb04ca5a,2026-04-01T21:21:03Z,0,"Was really hoping they’d open it up into some Type II jamming. 

Justin?

",0f3c931f8ca847b7a765c89b7d2e9954
spotify:track:2Bxt2qamL6iu0XN0Td484J,9b7e03ea90dd46db9779dc21eb04ca5a,2026-04-01T21:21:03Z,0,Dianna?,0f3c931f8ca847b7a765c89b7d2e9954
spotify:track:2qvToeBdYliw6n0nEsKJQa,9b7e03ea90dd46db9779dc21eb04ca5a,2026-04-01T21:21:03Z,2,"One of those songs that transport you back to the exact moment you listened to it for the first time. 
Family road trip driving to Indiana in the fall to visit my sister in college. Stopped at a Starbucks on the way. They sold this CD, I grabbed it  because the album cover looked cool. I was eating an oat bar. Popped the CD into the player. Boom. 

Zach?

",0f3c931f8ca847b7a765c89b7d2e9954
spotify:track:2xNZK0n7SV7qvV1AlH30Dp,9b7e03ea90dd46db9779dc21eb04ca5a,2026-04-01T21:21:03Z,0,Josh? ,0f3c931f8ca847b7a765c89b7d2e9954
spotify:track:3apSWeSMRsnzOAjGoVurPP,9b7e03ea90dd46db9779dc21eb04ca5a,2026-04-01T21:21:03Z,1,Tim?,0f3c931f8ca847b7a765c89b7d2e9954
spotify:track:3s8Anp8dKObIw8Zy8uGgYC,9b7e03ea90dd46db9779dc21eb04ca5a,2026-04-01T21:21:03Z,1,Kenny?,0f3c931f8ca847b7a765c89b7d2e9954
spotify:track:3TKOJWYOMrp98OB19y1A0n,9b7e03ea90dd46db9779dc21eb04ca5a,2026-04-01T21:21:03Z,3,Joshua ,0f3c931f8ca847b7a765c89b7d2e9954
spotify:track:4Gu4Z1RQ68h8fQnSDQxfKr,9b7e03ea90dd46db9779dc21eb04ca5a,2026-04-01T21:21:03Z,2,Dustin?,0f3c931f8ca847b7a765c89b7d2e9954
spotify:track:5ucIh5Shb9WPimGXDCaj0n,9b7e03ea90dd46db9779dc21eb04ca5a,2026-04-01T21:21:03Z,1,Alex?,0f3c931f8ca847b7a765c89b7d2e9954
spotify:track:6loBBzhr73iQHXq8RFeSAv,9b7e03ea90dd46db9779dc21eb04ca5a,2026-04-01T21:21:03Z,0,"Sick. this was a journey. Great song. Not enough votes. 
No idea. ",0f3c931f8ca847b7a765c89b7d2e9954
spotify:track:7rvGZDlfqCjY9EWEUg3Xs6,9b7e03ea90dd46db9779dc21eb04ca5a,2026-04-01T21:21:03Z,2,Jen?,0f3c931f8ca847b7a765c89b7d2e9954
spotify:track:7tnSmKPEw0fD0DNgVWzJ3R,9b7e03ea90dd46db9779dc21eb04ca5a,2026-04-01T21:21:03Z,1,Asa?,0f3c931f8ca847b7a765c89b7d2e9954
spotify:track:7wOKVOhqghB6rCyaPWVegJ,9b7e03ea90dd46db9779dc21eb04ca5a,2026-04-01T21:21:03Z,2,,0f3c931f8ca847b7a765c89b7d2e9954
spotify:track:7tnSmKPEw0fD0DNgVWzJ3R,a2909b31d1c04d728cfcf68ca0d73cca,2026-04-01T21:48:49Z,1,Jacob,0f3c931f8ca847b7a765c89b7d2e9954
spotify:track:15K8KaEpnKSLDP5lq46kNA,a2909b31d1c04d728cfcf68ca0d73cca,2026-04-01T21:48:49Z,1,"Definitely wasn’t expecting this one but can’t argue with it. There are better Beethoven pieces I think but it’s worthy of a point. 

Mendo",0f3c931f8ca847b7a765c89b7d2e9954
spotify:track:7wOKVOhqghB6rCyaPWVegJ,a2909b31d1c04d728cfcf68ca0d73cca,2026-04-01T21:48:49Z,2,"Classic. 

Asa",0f3c931f8ca847b7a765c89b7d2e9954
spotify:track:2Bxt2qamL6iu0XN0Td484J,a2909b31d1c04d728cfcf68ca0d73cca,2026-04-01T21:48:49Z,1,"The piano opening this after the Beethoven song was surprisingly an amazing segue. Is this the extended cut?

Fluff",0f3c931f8ca847b7a765c89b7d2e9954
spotify:track:2qvToeBdYliw6n0nEsKJQa,a2909b31d1c04d728cfcf68ca0d73cca,2026-04-01T21:48:49Z,0,"It’s good but not sure it’s perfect. 

Sam",0f3c931f8ca847b7a765c89b7d2e9954
spotify:track:2xNZK0n7SV7qvV1AlH30Dp,a2909b31d1c04d728cfcf68ca0d73cca,2026-04-01T21:48:49Z,1,"Definitely a perfect album but probably better song choices. 

Jen",0f3c931f8ca847b7a765c89b7d2e9954
spotify:track:3apSWeSMRsnzOAjGoVurPP,a2909b31d1c04d728cfcf68ca0d73cca,2026-04-01T21:48:49Z,0,"I think there are more perfect Prince choices. 

Josh diskin",0f3c931f8ca847b7a765c89b7d2e9954
spotify:track:3s8Anp8dKObIw8Zy8uGgYC,a2909b31d1c04d728cfcf68ca0d73cca,2026-04-01T21:48:49Z,1,Al,0f3c931f8ca847b7a765c89b7d2e9954
spotify:track:3TKOJWYOMrp98OB19y1A0n,a2909b31d1c04d728cfcf68ca0d73cca,2026-04-01T21:48:49Z,3,"Dianna. For sure. 

Confirmed perfect song and album ",0f3c931f8ca847b7a765c89b7d2e9954
spotify:track:0qxYx4F3vm1AOnfux6dDxP,a2909b31d1c04d728cfcf68ca0d73cca,2026-04-01T21:48:49Z,0,Tim,0f3c931f8ca847b7a765c89b7d2e9954
spotify:track:4Gu4Z1RQ68h8fQnSDQxfKr,a2909b31d1c04d728cfcf68ca0d73cca,2026-04-01T21:48:49Z,1,Kenny cause it’s a funny pick but also perfect. ,0f3c931f8ca847b7a765c89b7d2e9954
spotify:track:4wajJ1o7jWIg62YqpkHC7S,a2909b31d1c04d728cfcf68ca0d73cca,2026-04-01T21:48:49Z,1,Josh Goldstein ,0f3c931f8ca847b7a765c89b7d2e9954
spotify:track:5ucIh5Shb9WPimGXDCaj0n,a2909b31d1c04d728cfcf68ca0d73cca,2026-04-01T21:48:49Z,1,Josh Storm,0f3c931f8ca847b7a765c89b7d2e9954
spotify:track:6loBBzhr73iQHXq8RFeSAv,a2909b31d1c04d728cfcf68ca0d73cca,2026-04-01T21:48:49Z,0,"Zach

A bit long for perfection even though it’s dope. ",0f3c931f8ca847b7a765c89b7d2e9954
spotify:track:7ajPDMxJkj2UCCGE2tnC9u,a2909b31d1c04d728cfcf68ca0d73cca,2026-04-01T21:48:49Z,2,"Rick

For sure perfect. Live was a bold choice but I’ll take it. ",0f3c931f8ca847b7a765c89b7d2e9954
spotify:track:7rvGZDlfqCjY9EWEUg3Xs6,a2909b31d1c04d728cfcf68ca0d73cca,2026-04-01T21:48:49Z,1,Brandon. I mean obviously. ,0f3c931f8ca847b7a765c89b7d2e9954
spotify:track:4Gu4Z1RQ68h8fQnSDQxfKr,8453d173315c468e8134e2527a658ba5,2026-04-02T13:04:53Z,0,Jacob ,0f3c931f8ca847b7a765c89b7d2e9954
spotify:track:0qxYx4F3vm1AOnfux6dDxP,8453d173315c468e8134e2527a658ba5,2026-04-02T13:04:53Z,1,Gotta be Tim,0f3c931f8ca847b7a765c89b7d2e9954
spotify:track:15K8KaEpnKSLDP5lq46kNA,8453d173315c468e8134e2527a658ba5,2026-04-02T13:04:53Z,0,Definitely Al being pretentious,0f3c931f8ca847b7a765c89b7d2e9954
spotify:track:2Bxt2qamL6iu0XN0Td484J,8453d173315c468e8134e2527a658ba5,2026-04-02T13:04:53Z,2,Dustin,0f3c931f8ca847b7a765c89b7d2e9954
spotify:track:2qvToeBdYliw6n0nEsKJQa,8453d173315c468e8134e2527a658ba5,2026-04-02T13:04:53Z,1,Storm,0f3c931f8ca847b7a765c89b7d2e9954
spotify:track:2xNZK0n7SV7qvV1AlH30Dp,8453d173315c468e8134e2527a658ba5,2026-04-02T13:04:53Z,0,Asa ,0f3c931f8ca847b7a765c89b7d2e9954
spotify:track:3apSWeSMRsnzOAjGoVurPP,8453d173315c468e8134e2527a658ba5,2026-04-02T13:04:53Z,1,Rick,0f3c931f8ca847b7a765c89b7d2e9954
spotify:track:3TKOJWYOMrp98OB19y1A0n,8453d173315c468e8134e2527a658ba5,2026-04-02T13:04:53Z,2,Dianna,0f3c931f8ca847b7a765c89b7d2e9954
spotify:track:4wajJ1o7jWIg62YqpkHC7S,8453d173315c468e8134e2527a658ba5,2026-04-02T13:04:53Z,0,Zach Zeez ,0f3c931f8ca847b7a765c89b7d2e9954
spotify:track:5ucIh5Shb9WPimGXDCaj0n,8453d173315c468e8134e2527a658ba5,2026-04-02T13:04:53Z,2,Jen,0f3c931f8ca847b7a765c89b7d2e9954
spotify:track:6loBBzhr73iQHXq8RFeSAv,8453d173315c468e8134e2527a658ba5,2026-04-02T13:04:53Z,0,You’re a real a-hole mendo. The length of this track is so far from perfect,0f3c931f8ca847b7a765c89b7d2e9954
spotify:track:7ajPDMxJkj2UCCGE2tnC9u,8453d173315c468e8134e2527a658ba5,2026-04-02T13:04:53Z,1,Josh G Fluff,0f3c931f8ca847b7a765c89b7d2e9954
spotify:track:7rvGZDlfqCjY9EWEUg3Xs6,8453d173315c468e8134e2527a658ba5,2026-04-02T13:04:53Z,2,Kenny,0f3c931f8ca847b7a765c89b7d2e9954
spotify:track:7tnSmKPEw0fD0DNgVWzJ3R,8453d173315c468e8134e2527a658ba5,2026-04-02T13:04:53Z,3,Fave of the week. This is Jdisk for sure. He fell in love with David t walkers version of this song on spund’s funky 45s volume 2 and has never been the same ,0f3c931f8ca847b7a765c89b7d2e9954
spotify:track:7wOKVOhqghB6rCyaPWVegJ,8453d173315c468e8134e2527a658ba5,2026-04-02T13:04:53Z,1,My wife!,0f3c931f8ca847b7a765c89b7d2e9954
spotify:track:0qxYx4F3vm1AOnfux6dDxP,7fdceb56429c4e38939c3e5ee41bfdd0,2026-04-02T18:24:29Z,1,Al? On the nose?,0f3c931f8ca847b7a765c89b7d2e9954
spotify:track:15K8KaEpnKSLDP5lq46kNA,7fdceb56429c4e38939c3e5ee41bfdd0,2026-04-02T18:24:29Z,0,Jacob,0f3c931f8ca847b7a765c89b7d2e9954
spotify:track:2Bxt2qamL6iu0XN0Td484J,7fdceb56429c4e38939c3e5ee41bfdd0,2026-04-02T18:24:29Z,1,Jen,0f3c931f8ca847b7a765c89b7d2e9954
spotify:track:2qvToeBdYliw6n0nEsKJQa,7fdceb56429c4e38939c3e5ee41bfdd0,2026-04-02T18:24:29Z,0,Dustin,0f3c931f8ca847b7a765c89b7d2e9954
spotify:track:2xNZK0n7SV7qvV1AlH30Dp,7fdceb56429c4e38939c3e5ee41bfdd0,2026-04-02T18:24:29Z,0,Zach,0f3c931f8ca847b7a765c89b7d2e9954
spotify:track:3apSWeSMRsnzOAjGoVurPP,7fdceb56429c4e38939c3e5ee41bfdd0,2026-04-02T18:24:29Z,2,Kenny,0f3c931f8ca847b7a765c89b7d2e9954
spotify:track:3s8Anp8dKObIw8Zy8uGgYC,7fdceb56429c4e38939c3e5ee41bfdd0,2026-04-02T18:24:29Z,1,Brandon,0f3c931f8ca847b7a765c89b7d2e9954
spotify:track:3TKOJWYOMrp98OB19y1A0n,7fdceb56429c4e38939c3e5ee41bfdd0,2026-04-02T18:24:29Z,2,"Asa
",0f3c931f8ca847b7a765c89b7d2e9954
spotify:track:4Gu4Z1RQ68h8fQnSDQxfKr,7fdceb56429c4e38939c3e5ee41bfdd0,2026-04-02T18:24:29Z,1,"Tim
",0f3c931f8ca847b7a765c89b7d2e9954
spotify:track:4wajJ1o7jWIg62YqpkHC7S,7fdceb56429c4e38939c3e5ee41bfdd0,2026-04-02T18:24:29Z,2,Josh Diskin,0f3c931f8ca847b7a765c89b7d2e9954
spotify:track:5ucIh5Shb9WPimGXDCaj0n,7fdceb56429c4e38939c3e5ee41bfdd0,2026-04-02T18:24:29Z,0,Dianna,0f3c931f8ca847b7a765c89b7d2e9954
spotify:track:6loBBzhr73iQHXq8RFeSAv,7fdceb56429c4e38939c3e5ee41bfdd0,2026-04-02T18:24:29Z,2,Fluff,0f3c931f8ca847b7a765c89b7d2e9954
spotify:track:7rvGZDlfqCjY9EWEUg3Xs6,7fdceb56429c4e38939c3e5ee41bfdd0,2026-04-02T18:24:29Z,2,Rick,0f3c931f8ca847b7a765c89b7d2e9954
spotify:track:7tnSmKPEw0fD0DNgVWzJ3R,7fdceb56429c4e38939c3e5ee41bfdd0,2026-04-02T18:24:29Z,0,Sam,0f3c931f8ca847b7a765c89b7d2e9954
spotify:track:7wOKVOhqghB6rCyaPWVegJ,7fdceb56429c4e38939c3e5ee41bfdd0,2026-04-02T18:24:29Z,2,Mendo,0f3c931f8ca847b7a765c89b7d2e9954
spotify:track:0qxYx4F3vm1AOnfux6dDxP,0b4377c224ba402d97adce848425da90,2026-04-02T19:08:16Z,1,AL,0f3c931f8ca847b7a765c89b7d2e9954
spotify:track:15K8KaEpnKSLDP5lq46kNA,0b4377c224ba402d97adce848425da90,2026-04-02T19:08:16Z,1,Zach,0f3c931f8ca847b7a765c89b7d2e9954
spotify:track:2Bxt2qamL6iu0XN0Td484J,0b4377c224ba402d97adce848425da90,2026-04-02T19:08:16Z,0,Paug,0f3c931f8ca847b7a765c89b7d2e9954
spotify:track:2xNZK0n7SV7qvV1AlH30Dp,0b4377c224ba402d97adce848425da90,2026-04-02T19:08:16Z,0,Fluff,0f3c931f8ca847b7a765c89b7d2e9954
spotify:track:3apSWeSMRsnzOAjGoVurPP,0b4377c224ba402d97adce848425da90,2026-04-02T19:08:16Z,0,Jacob,0f3c931f8ca847b7a765c89b7d2e9954
spotify:track:3s8Anp8dKObIw8Zy8uGgYC,0b4377c224ba402d97adce848425da90,2026-04-02T19:08:16Z,2,Spund ,0f3c931f8ca847b7a765c89b7d2e9954
spotify:track:3TKOJWYOMrp98OB19y1A0n,0b4377c224ba402d97adce848425da90,2026-04-02T19:08:16Z,2,Mendo,0f3c931f8ca847b7a765c89b7d2e9954
spotify:track:4Gu4Z1RQ68h8fQnSDQxfKr,0b4377c224ba402d97adce848425da90,2026-04-02T19:08:16Z,3,Kenny,0f3c931f8ca847b7a765c89b7d2e9954
spotify:track:4wajJ1o7jWIg62YqpkHC7S,0b4377c224ba402d97adce848425da90,2026-04-02T19:08:16Z,0,Dustin,0f3c931f8ca847b7a765c89b7d2e9954
spotify:track:5ucIh5Shb9WPimGXDCaj0n,0b4377c224ba402d97adce848425da90,2026-04-02T19:08:16Z,0,Dianna,0f3c931f8ca847b7a765c89b7d2e9954
spotify:track:6loBBzhr73iQHXq8RFeSAv,0b4377c224ba402d97adce848425da90,2026-04-02T19:08:16Z,0,Josh Diskin,0f3c931f8ca847b7a765c89b7d2e9954
spotify:track:7ajPDMxJkj2UCCGE2tnC9u,0b4377c224ba402d97adce848425da90,2026-04-02T19:08:16Z,1,Storm,0f3c931f8ca847b7a765c89b7d2e9954
spotify:track:7rvGZDlfqCjY9EWEUg3Xs6,0b4377c224ba402d97adce848425da90,2026-04-02T19:08:16Z,1,Asa,0f3c931f8ca847b7a765c89b7d2e9954
spotify:track:7tnSmKPEw0fD0DNgVWzJ3R,0b4377c224ba402d97adce848425da90,2026-04-02T19:08:16Z,3,Dianna,0f3c931f8ca847b7a765c89b7d2e9954
spotify:track:7wOKVOhqghB6rCyaPWVegJ,0b4377c224ba402d97adce848425da90,2026-04-02T19:08:16Z,2,Fluff,0f3c931f8ca847b7a765c89b7d2e9954
spotify:track:0qxYx4F3vm1AOnfux6dDxP,605866a938e54c5da212fc8595186729,2026-04-02T19:32:44Z,2,Asa,0f3c931f8ca847b7a765c89b7d2e9954
spotify:track:15K8KaEpnKSLDP5lq46kNA,605866a938e54c5da212fc8595186729,2026-04-02T19:32:44Z,1,Rick ,0f3c931f8ca847b7a765c89b7d2e9954
spotify:track:2Bxt2qamL6iu0XN0Td484J,605866a938e54c5da212fc8595186729,2026-04-02T19:32:44Z,1,Fluff ,0f3c931f8ca847b7a765c89b7d2e9954
spotify:track:2qvToeBdYliw6n0nEsKJQa,605866a938e54c5da212fc8595186729,2026-04-02T19:32:44Z,0,Sam ,0f3c931f8ca847b7a765c89b7d2e9954
spotify:track:2xNZK0n7SV7qvV1AlH30Dp,605866a938e54c5da212fc8595186729,2026-04-02T19:32:44Z,0,Zach,0f3c931f8ca847b7a765c89b7d2e9954
spotify:track:3apSWeSMRsnzOAjGoVurPP,605866a938e54c5da212fc8595186729,2026-04-02T19:32:44Z,2,Dustin ,0f3c931f8ca847b7a765c89b7d2e9954
spotify:track:3s8Anp8dKObIw8Zy8uGgYC,605866a938e54c5da212fc8595186729,2026-04-02T19:32:44Z,1,Diskin,0f3c931f8ca847b7a765c89b7d2e9954
spotify:track:3TKOJWYOMrp98OB19y1A0n,605866a938e54c5da212fc8595186729,2026-04-02T19:32:44Z,2,Dianna,0f3c931f8ca847b7a765c89b7d2e9954
spotify:track:4Gu4Z1RQ68h8fQnSDQxfKr,605866a938e54c5da212fc8595186729,2026-04-02T19:32:44Z,1,Al ,0f3c931f8ca847b7a765c89b7d2e9954
spotify:track:4wajJ1o7jWIg62YqpkHC7S,605866a938e54c5da212fc8595186729,2026-04-02T19:32:44Z,1,"Storm

I could use an intro to Radiohead playlist  ",0f3c931f8ca847b7a765c89b7d2e9954
spotify:track:5ucIh5Shb9WPimGXDCaj0n,605866a938e54c5da212fc8595186729,2026-04-02T19:32:44Z,0,Justin ,0f3c931f8ca847b7a765c89b7d2e9954
spotify:track:6loBBzhr73iQHXq8RFeSAv,605866a938e54c5da212fc8595186729,2026-04-02T19:32:44Z,1,"Jacob 

I like this but cannot believe you—whoever you are!—chose a 17 min song  ",0f3c931f8ca847b7a765c89b7d2e9954
spotify:track:7ajPDMxJkj2UCCGE2tnC9u,605866a938e54c5da212fc8595186729,2026-04-02T19:32:44Z,1,Tim ,0f3c931f8ca847b7a765c89b7d2e9954
spotify:track:7rvGZDlfqCjY9EWEUg3Xs6,605866a938e54c5da212fc8595186729,2026-04-02T19:32:44Z,2,Kenny,0f3c931f8ca847b7a765c89b7d2e9954
spotify:track:7tnSmKPEw0fD0DNgVWzJ3R,605866a938e54c5da212fc8595186729,2026-04-02T19:32:44Z,1,Brandon ,0f3c931f8ca847b7a765c89b7d2e9954
spotify:track:0qxYx4F3vm1AOnfux6dDxP,4e117e3021d7466c8bf0b654f8357418,2026-04-03T03:03:08Z,1,Al,0f3c931f8ca847b7a765c89b7d2e9954
spotify:track:15K8KaEpnKSLDP5lq46kNA,4e117e3021d7466c8bf0b654f8357418,2026-04-03T03:03:08Z,1,Diskin ,0f3c931f8ca847b7a765c89b7d2e9954
spotify:track:2Bxt2qamL6iu0XN0Td484J,4e117e3021d7466c8bf0b654f8357418,2026-04-03T03:03:08Z,0,Asa,0f3c931f8ca847b7a765c89b7d2e9954
spotify:track:2qvToeBdYliw6n0nEsKJQa,4e117e3021d7466c8bf0b654f8357418,2026-04-03T03:03:08Z,0,Sam,0f3c931f8ca847b7a765c89b7d2e9954
spotify:track:2xNZK0n7SV7qvV1AlH30Dp,4e117e3021d7466c8bf0b654f8357418,2026-04-03T03:03:08Z,0,Jacob,0f3c931f8ca847b7a765c89b7d2e9954
spotify:track:3apSWeSMRsnzOAjGoVurPP,4e117e3021d7466c8bf0b654f8357418,2026-04-03T03:03:08Z,3,Mendo,0f3c931f8ca847b7a765c89b7d2e9954
spotify:track:3s8Anp8dKObIw8Zy8uGgYC,4e117e3021d7466c8bf0b654f8357418,2026-04-03T03:03:08Z,1,Kenny,0f3c931f8ca847b7a765c89b7d2e9954
spotify:track:3TKOJWYOMrp98OB19y1A0n,4e117e3021d7466c8bf0b654f8357418,2026-04-03T03:03:08Z,1,Jen,0f3c931f8ca847b7a765c89b7d2e9954
spotify:track:4Gu4Z1RQ68h8fQnSDQxfKr,4e117e3021d7466c8bf0b654f8357418,2026-04-03T03:03:08Z,0,Paug,0f3c931f8ca847b7a765c89b7d2e9954
spotify:track:4wajJ1o7jWIg62YqpkHC7S,4e117e3021d7466c8bf0b654f8357418,2026-04-03T03:03:08Z,2,Dianna,0f3c931f8ca847b7a765c89b7d2e9954
spotify:track:5ucIh5Shb9WPimGXDCaj0n,4e117e3021d7466c8bf0b654f8357418,2026-04-03T03:03:08Z,1,Rick,0f3c931f8ca847b7a765c89b7d2e9954
spotify:track:7ajPDMxJkj2UCCGE2tnC9u,4e117e3021d7466c8bf0b654f8357418,2026-04-03T03:03:08Z,2,Zach,0f3c931f8ca847b7a765c89b7d2e9954
spotify:track:7rvGZDlfqCjY9EWEUg3Xs6,4e117e3021d7466c8bf0b654f8357418,2026-04-03T03:03:08Z,2,Brandon,0f3c931f8ca847b7a765c89b7d2e9954
spotify:track:7tnSmKPEw0fD0DNgVWzJ3R,4e117e3021d7466c8bf0b654f8357418,2026-04-03T03:03:08Z,1,Storm,0f3c931f8ca847b7a765c89b7d2e9954
spotify:track:7wOKVOhqghB6rCyaPWVegJ,4e117e3021d7466c8bf0b654f8357418,2026-04-03T03:03:08Z,1,Fluff,0f3c931f8ca847b7a765c89b7d2e9954
spotify:track:0qxYx4F3vm1AOnfux6dDxP,0d42af6c19054b7dbbe4aa499186e408,2026-04-03T03:43:39Z,1,"I toyed with ""Under African Skies"" for a bit. ""Graceland"" is probably a perfect song, too. A river delta spreading to become the strings of a guitar is such a beautiful, melancholic, American opening. Toyed with a lot of Simon+Garfunkel. ""Bridge Over Troubled Water"" is a perfect song. These are far better Simon songs than AL, which is not perfect. But it is a good song, and I admit that my lack of taste for it is probably in part because of its popularity, which isn't fair. What gives this a point for me is  the comedic value of the choice, with all our AI and AL talk this season. Mendo seems like a funny guy. He amuses me. Like a clown. I guess Mendo.  ",0f3c931f8ca847b7a765c89b7d2e9954
spotify:track:15K8KaEpnKSLDP5lq46kNA,0d42af6c19054b7dbbe4aa499186e408,2026-04-03T03:43:39Z,1,This is clearly the most impressive song on the playlist. But I don't know if I was created to appreciate it. Good music is clearly good. I know my Rye pal has a penchant for the Classics. He's enlightened like that. I guess Mr. Stearns.,0f3c931f8ca847b7a765c89b7d2e9954
spotify:track:2Bxt2qamL6iu0XN0Td484J,0d42af6c19054b7dbbe4aa499186e408,2026-04-03T03:43:39Z,1,"Struggled with this one. The song is not perfect to me by any means. Wow what a subjective prompt. The music video is one of my all-time favorites though. I am not voting based on whether or not I think a song is perfect--rebelling against the subjectivity of all this--but rather do I like the song? I smiled when I saw this on the playlist, but I must admit I had completely forgotten how abysmal the bridge is here. That knocks out Comish Diskin. Wasn't there someone here obsessed with the Venga Boys? This is kinda similar in period. Tim? ",0f3c931f8ca847b7a765c89b7d2e9954
spotify:track:2qvToeBdYliw6n0nEsKJQa,0d42af6c19054b7dbbe4aa499186e408,2026-04-03T03:43:39Z,0,"Took some cajones to submit a sad boi song. I did that the 1st round and was rewarded with last place. I remember Zach, good friend he is, called me on the rotary to make sure I was ok. I was in my bathtub when he rang, drinking directly from a bottle of high elevation Merlot and crying into the pages of Catcher in the Rye. He asked what that sobbing was and I told him one of the kids had stubbed their toe. I said I had to get off the phone, go out back and gather some wood. This was of course a lie. He did tell me ""hey, at least you now know who has similar, horrible taste to you."" So I just went back and looked at who voted for my song round 1, hoping to find a compatriot. Rick said ""allowed...to be depressed?"" Mendo: ""Constant Yawns"". The Good Doctor: ""Here for grooves :/"" But Josh S: ""down to check out more""-tho he was my (probably too obvious) Radiohead pick. And Sam Y DID say my fruit bats post was ""a nice cleanser"" after the future playlist. Sam Y it is! Also 0 points song sucks",0f3c931f8ca847b7a765c89b7d2e9954
spotify:track:2xNZK0n7SV7qvV1AlH30Dp,0d42af6c19054b7dbbe4aa499186e408,2026-04-03T03:43:39Z,0,"It is a very very good song, and then the airhorn hits a few times at the end and it is a perfect song. If you don't like Pet Sounds then I don't know how to help you. Oh this is also the song that made me realize my wife had awesome taste in music, well before we were dating and just friends in high school, because I heard her humming it. So if you don't like it, you also hate my family. Oh ya my guess is AI. Al submitted this. ",0f3c931f8ca847b7a765c89b7d2e9954
spotify:track:3apSWeSMRsnzOAjGoVurPP,0d42af6c19054b7dbbe4aa499186e408,2026-04-03T03:43:39Z,2,"This song would have CRUSHED on the jerky playlist. Prince shreds. Venison jerky is fucking awesome. And its a funny, macabre thing to think about eating Bambi. In the animal kingdom, young meat just tastes better. Woulda been a 5 for me on that playlist. As is a 2 here. Just going out on a whim here and saying it is the meat king himself...Kenny?",0f3c931f8ca847b7a765c89b7d2e9954
spotify:track:3s8Anp8dKObIw8Zy8uGgYC,0d42af6c19054b7dbbe4aa499186e408,2026-04-03T03:43:39Z,0,"Places and Spaces and Funk and Soul Caves. Trains Planes and Automobiles. Cars and Trucks (and Buses) and Things That Go. My Aunt the Tarrot Card Reader Who Once Flashed the Entire Family (her 13 year old son included) At a Childhood Thanksgiving to Prove a Point About Toxic Masculinity, etc. 

Didn't love this, because much to the chagrin of the good doctor (see Ragged Wood) I am generally, staunchly anti-groove. Though I did grow an increased appreciation for the genre this season so kudos to those who stuff it down our throats like smooth, baby venison. Brandon Y? ",0f3c931f8ca847b7a765c89b7d2e9954
spotify:track:3TKOJWYOMrp98OB19y1A0n,0d42af6c19054b7dbbe4aa499186e408,2026-04-03T03:43:39Z,1,"Oh man. So much Band I wanted to do but thought it would be too self-identifying. From Last Waltz I woulda gone It Makes No Difference or I Shall Be Released. Whole catalogue Tears of Rage, When You Awake, Christmas Must be Tonight, Chest Fever, Goin' to Acapulco and so much more. But when Papa comes in, and then Danko goes Danko, and that harmony on the final verse...def a point. My new best friend (even though she didn't remember me from an entire set of Phish), Dianna?  ",0f3c931f8ca847b7a765c89b7d2e9954
spotify:track:4Gu4Z1RQ68h8fQnSDQxfKr,0d42af6c19054b7dbbe4aa499186e408,2026-04-03T03:43:39Z,2,Maybe my fav pull of the playlist. I weirdly feel like this is Dustin. Dustin? ,0f3c931f8ca847b7a765c89b7d2e9954
spotify:track:4wajJ1o7jWIg62YqpkHC7S,0d42af6c19054b7dbbe4aa499186e408,2026-04-03T03:43:39Z,1,"Radiohead is good and this song is good, and it gets better as it goes on. A point, and a probably too obvious guess, in Josh S. ",0f3c931f8ca847b7a765c89b7d2e9954
spotify:track:5ucIh5Shb9WPimGXDCaj0n,0d42af6c19054b7dbbe4aa499186e408,2026-04-03T03:43:39Z,0,"this was fine...points needed to go elsewhere...yaddy yaddy...what if I had only submitted obscure, spoken-word songs from Beat authors all year? WHAT THEN? 

No but seriously thanks for the lesson in funk and soul, to all of you who dabble. I now know what I like in that world better than I used to, and this is not necessarily it. Sorry, I'm just here for the grooves. Jacob? ",0f3c931f8ca847b7a765c89b7d2e9954
spotify:track:6loBBzhr73iQHXq8RFeSAv,0d42af6c19054b7dbbe4aa499186e408,2026-04-03T03:43:39Z,1,"Josh Diskin advised everyone to ""listen to the end"" before voting. I feel that only a person who submitted a near 20 minute song would say that, though my sleeper guess for him was Radiohead. But no, it takes the hubris of a comish to subject us to a song that was 4x longer than every other song. I shoulda goddamn submitted Dylan's Murder Most Foul. But ya musically this is insanely impressive, if not masturbatory. A point. My guess is Comish. ",0f3c931f8ca847b7a765c89b7d2e9954
spotify:track:7ajPDMxJkj2UCCGE2tnC9u,0d42af6c19054b7dbbe4aa499186e408,2026-04-03T03:43:39Z,2,Whatever. Pink Floyd and Gilmour fuckin rock and this song rocks and its lyrics are a damn fever dream and this version is great. Is it like me picking God Only Knows off Pet Sounds? A little. But there is clarity in this choice. Decisiveness. Hammer-cock energy. Rick? ,0f3c931f8ca847b7a765c89b7d2e9954
spotify:track:7rvGZDlfqCjY9EWEUg3Xs6,0d42af6c19054b7dbbe4aa499186e408,2026-04-03T03:43:39Z,2,Ya this is a perfect song. Feels appropriate for a young man's musical education near and around Detroit. Asa? ,0f3c931f8ca847b7a765c89b7d2e9954
spotify:track:7tnSmKPEw0fD0DNgVWzJ3R,0d42af6c19054b7dbbe4aa499186e408,2026-04-03T03:43:39Z,1,This is a soul groove I really like. Fluff?,0f3c931f8ca847b7a765c89b7d2e9954
spotify:track:7wOKVOhqghB6rCyaPWVegJ,0d42af6c19054b7dbbe4aa499186e408,2026-04-03T03:43:39Z,1,Which leaves...Jen? Jen seems really cool and this song of course has been and will always be really cool. Peak Stevie. I don't feel confident in any of these picks. ,0f3c931f8ca847b7a765c89b7d2e9954
spotify:track:0qxYx4F3vm1AOnfux6dDxP,f1f0f2ed0eb64306992b613229fb7972,2026-04-03T15:19:14Z,2,"Lol, hi Al 👋 I literally LOL’d when I first opened the playlist. PERFECT start to this last round of the season. It *is* a banger, not sure I’d call it perfect. But for YOU? Yes. Love. Thank you for this.",0f3c931f8ca847b7a765c89b7d2e9954
spotify:track:15K8KaEpnKSLDP5lq46kNA,f1f0f2ed0eb64306992b613229fb7972,2026-04-03T15:19:14Z,1,Zach? I see what you’re doing here but… Idk if I agree with it ,0f3c931f8ca847b7a765c89b7d2e9954
spotify:track:2Bxt2qamL6iu0XN0Td484J,f1f0f2ed0eb64306992b613229fb7972,2026-04-03T15:19:14Z,1,"Feels like a Fluff pick to me? 

Or maybe Sam? Jen?

Perfect, tho?? Idk… ",0f3c931f8ca847b7a765c89b7d2e9954
spotify:track:2qvToeBdYliw6n0nEsKJQa,f1f0f2ed0eb64306992b613229fb7972,2026-04-03T15:19:14Z,1,"Interesting choice! I feel like this has got to be like… Dustin, or Mendo? I don’t know this song, so it’s hard for me to believe that it’s *perfect* but I’m enjoying it so far, at least? 

Final answer: Dustin",0f3c931f8ca847b7a765c89b7d2e9954
spotify:track:2xNZK0n7SV7qvV1AlH30Dp,f1f0f2ed0eb64306992b613229fb7972,2026-04-03T15:19:14Z,0,This isn’t even the best Beach Boys song IMO lol but I seem to remember Tim having an affinity for the Beach Boys...? ,0f3c931f8ca847b7a765c89b7d2e9954
spotify:track:3apSWeSMRsnzOAjGoVurPP,f1f0f2ed0eb64306992b613229fb7972,2026-04-03T15:19:14Z,1,😮‍💨🔥🫠 (Mendo?),0f3c931f8ca847b7a765c89b7d2e9954
spotify:track:3s8Anp8dKObIw8Zy8uGgYC,f1f0f2ed0eb64306992b613229fb7972,2026-04-03T15:19:14Z,2,Spund? Wasn’t familiar with this track previously but dug it a lot 👌,0f3c931f8ca847b7a765c89b7d2e9954
spotify:track:3TKOJWYOMrp98OB19y1A0n,f1f0f2ed0eb64306992b613229fb7972,2026-04-03T15:19:14Z,3,"UGH 💗💗💗 Gary? (Jk) Rick?? (I have no idea, it could be ANY of you. But actually, I think it’s Gary.) GOT DAMN, MAVIS CHEAT CODE 😮‍💨😮‍💨😮‍💨 I almost did Atlantic City by The Band but talked myself out of it ¯\_(ツ)_/¯ ",0f3c931f8ca847b7a765c89b7d2e9954
spotify:track:4Gu4Z1RQ68h8fQnSDQxfKr,f1f0f2ed0eb64306992b613229fb7972,2026-04-03T15:19:14Z,1,"Merry Christmas, Kenny ❤️ I’m glad you went with your heart this round. Sorry in advance for all our dumb friends who don’t like this, lol ",0f3c931f8ca847b7a765c89b7d2e9954
spotify:track:4wajJ1o7jWIg62YqpkHC7S,f1f0f2ed0eb64306992b613229fb7972,2026-04-03T15:19:14Z,0,"JDisk? I still don’t really like Radiohead, despite Sam’s efforts. Sorry….. 😬 ",0f3c931f8ca847b7a765c89b7d2e9954
spotify:track:5ucIh5Shb9WPimGXDCaj0n,f1f0f2ed0eb64306992b613229fb7972,2026-04-03T15:19:14Z,2,"Oh, FUNK yeah 🕺🏻 Jen? ",0f3c931f8ca847b7a765c89b7d2e9954
spotify:track:6loBBzhr73iQHXq8RFeSAv,f1f0f2ed0eb64306992b613229fb7972,2026-04-03T15:19:14Z,0,"Ummmm…. 18 minutes long?? Yeahhhh, idk about this… Jacob?",0f3c931f8ca847b7a765c89b7d2e9954
spotify:track:7ajPDMxJkj2UCCGE2tnC9u,f1f0f2ed0eb64306992b613229fb7972,2026-04-03T15:19:14Z,1,"Sure. Classic. Intense live version, too. Storm?",0f3c931f8ca847b7a765c89b7d2e9954
spotify:track:7rvGZDlfqCjY9EWEUg3Xs6,f1f0f2ed0eb64306992b613229fb7972,2026-04-03T15:19:14Z,0,"The Queen of Soul. I could hear this song multiple times a day every single day for the rest of my life & never tire of it. It's such a fucking banger. Love her voice, love the groove behind it. Absolute fire. ",0f3c931f8ca847b7a765c89b7d2e9954
spotify:track:7tnSmKPEw0fD0DNgVWzJ3R,f1f0f2ed0eb64306992b613229fb7972,2026-04-03T15:19:14Z,0,Unfamiliar with this? Perfect? Idk… Sam?,0f3c931f8ca847b7a765c89b7d2e9954
spotify:track:7wOKVOhqghB6rCyaPWVegJ,f1f0f2ed0eb64306992b613229fb7972,2026-04-03T15:19:14Z,1,A little overplayed to me but it’s obviously a good tune. Not my fave Stevie track but still a great one. Asa?,0f3c931f8ca847b7a765c89b7d2e9954
spotify:track:0qxYx4F3vm1AOnfux6dDxP,e5c2390073644e979f43e744c33e6c60,2026-04-03T16:11:43Z,2,"Initially thought oh definitely Tim, but then could this be Al trying to confuse us all???

Guess:Tim",0f3c931f8ca847b7a765c89b7d2e9954
spotify:track:15K8KaEpnKSLDP5lq46kNA,e5c2390073644e979f43e744c33e6c60,2026-04-03T16:11:43Z,1,"Classic but the middle section is preferred to the first stanza! 

Guess: Al",0f3c931f8ca847b7a765c89b7d2e9954
spotify:track:2Bxt2qamL6iu0XN0Td484J,e5c2390073644e979f43e744c33e6c60,2026-04-03T16:11:43Z,2,Guess: Asa,0f3c931f8ca847b7a765c89b7d2e9954
spotify:track:2qvToeBdYliw6n0nEsKJQa,e5c2390073644e979f43e744c33e6c60,2026-04-03T16:11:43Z,0,Guess: Jen,0f3c931f8ca847b7a765c89b7d2e9954
spotify:track:2xNZK0n7SV7qvV1AlH30Dp,e5c2390073644e979f43e744c33e6c60,2026-04-03T16:11:43Z,1,Guess: Dustin ,0f3c931f8ca847b7a765c89b7d2e9954
spotify:track:3s8Anp8dKObIw8Zy8uGgYC,e5c2390073644e979f43e744c33e6c60,2026-04-03T16:11:43Z,0,Guess: Jacob ,0f3c931f8ca847b7a765c89b7d2e9954
spotify:track:3TKOJWYOMrp98OB19y1A0n,e5c2390073644e979f43e744c33e6c60,2026-04-03T16:11:43Z,2,Guess: Zach,0f3c931f8ca847b7a765c89b7d2e9954
spotify:track:4Gu4Z1RQ68h8fQnSDQxfKr,e5c2390073644e979f43e744c33e6c60,2026-04-03T16:11:43Z,0,Guess: Storm,0f3c931f8ca847b7a765c89b7d2e9954
spotify:track:4wajJ1o7jWIg62YqpkHC7S,e5c2390073644e979f43e744c33e6c60,2026-04-03T16:11:43Z,1,Guess: Dianna,0f3c931f8ca847b7a765c89b7d2e9954
spotify:track:5ucIh5Shb9WPimGXDCaj0n,e5c2390073644e979f43e744c33e6c60,2026-04-03T16:11:43Z,1,Guess: Kenny,0f3c931f8ca847b7a765c89b7d2e9954
spotify:track:6loBBzhr73iQHXq8RFeSAv,e5c2390073644e979f43e744c33e6c60,2026-04-03T16:11:43Z,0,Guess: Mendo,0f3c931f8ca847b7a765c89b7d2e9954
spotify:track:7ajPDMxJkj2UCCGE2tnC9u,e5c2390073644e979f43e744c33e6c60,2026-04-03T16:11:43Z,1,Guess: Rick,0f3c931f8ca847b7a765c89b7d2e9954
spotify:track:7rvGZDlfqCjY9EWEUg3Xs6,e5c2390073644e979f43e744c33e6c60,2026-04-03T16:11:43Z,2,Guess: Josh Diskin,0f3c931f8ca847b7a765c89b7d2e9954
spotify:track:7tnSmKPEw0fD0DNgVWzJ3R,e5c2390073644e979f43e744c33e6c60,2026-04-03T16:11:43Z,1,Guess: Brandon,0f3c931f8ca847b7a765c89b7d2e9954
spotify:track:7wOKVOhqghB6rCyaPWVegJ,e5c2390073644e979f43e744c33e6c60,2026-04-03T16:11:43Z,2,Guess: Sam,0f3c931f8ca847b7a765c89b7d2e9954
spotify:track:0qxYx4F3vm1AOnfux6dDxP,d0b05ef03f5e4598a3e8532b812c3330,2026-04-03T23:38:44Z,1,Jen’s song ,0f3c931f8ca847b7a765c89b7d2e9954
spotify:track:15K8KaEpnKSLDP5lq46kNA,d0b05ef03f5e4598a3e8532b812c3330,2026-04-03T23:38:44Z,1,Alex’s song,0f3c931f8ca847b7a765c89b7d2e9954
spotify:track:2Bxt2qamL6iu0XN0Td484J,d0b05ef03f5e4598a3e8532b812c3330,2026-04-03T23:38:44Z,2,Asa’s song ,0f3c931f8ca847b7a765c89b7d2e9954
spotify:track:2qvToeBdYliw6n0nEsKJQa,d0b05ef03f5e4598a3e8532b812c3330,2026-04-03T23:38:44Z,1,Storm’s song,0f3c931f8ca847b7a765c89b7d2e9954
spotify:track:2xNZK0n7SV7qvV1AlH30Dp,d0b05ef03f5e4598a3e8532b812c3330,2026-04-03T23:38:44Z,0,Paug’s song,0f3c931f8ca847b7a765c89b7d2e9954
spotify:track:3apSWeSMRsnzOAjGoVurPP,d0b05ef03f5e4598a3e8532b812c3330,2026-04-03T23:38:44Z,1,Mendo’s song ,0f3c931f8ca847b7a765c89b7d2e9954
spotify:track:3s8Anp8dKObIw8Zy8uGgYC,d0b05ef03f5e4598a3e8532b812c3330,2026-04-03T23:38:44Z,1,Rick’s song ,0f3c931f8ca847b7a765c89b7d2e9954
spotify:track:3TKOJWYOMrp98OB19y1A0n,d0b05ef03f5e4598a3e8532b812c3330,2026-04-03T23:38:44Z,2,Zach’s song ,0f3c931f8ca847b7a765c89b7d2e9954
spotify:track:4Gu4Z1RQ68h8fQnSDQxfKr,d0b05ef03f5e4598a3e8532b812c3330,2026-04-03T23:38:44Z,1,Kenny’s song,0f3c931f8ca847b7a765c89b7d2e9954
spotify:track:4wajJ1o7jWIg62YqpkHC7S,d0b05ef03f5e4598a3e8532b812c3330,2026-04-03T23:38:44Z,4,Jacob’s song,0f3c931f8ca847b7a765c89b7d2e9954
spotify:track:5ucIh5Shb9WPimGXDCaj0n,d0b05ef03f5e4598a3e8532b812c3330,2026-04-03T23:38:44Z,0,Dianna’s song,0f3c931f8ca847b7a765c89b7d2e9954
spotify:track:6loBBzhr73iQHXq8RFeSAv,d0b05ef03f5e4598a3e8532b812c3330,2026-04-03T23:38:44Z,0,Dusty’s song,0f3c931f8ca847b7a765c89b7d2e9954
spotify:track:7ajPDMxJkj2UCCGE2tnC9u,d0b05ef03f5e4598a3e8532b812c3330,2026-04-03T23:38:44Z,0,Fluff’s song,0f3c931f8ca847b7a765c89b7d2e9954
spotify:track:7rvGZDlfqCjY9EWEUg3Xs6,d0b05ef03f5e4598a3e8532b812c3330,2026-04-03T23:38:44Z,1,Spund’s song,0f3c931f8ca847b7a765c89b7d2e9954
spotify:track:7wOKVOhqghB6rCyaPWVegJ,d0b05ef03f5e4598a3e8532b812c3330,2026-04-03T23:38:44Z,1,Sam’s song ,0f3c931f8ca847b7a765c89b7d2e9954
spotify:track:0qxYx4F3vm1AOnfux6dDxP,48468f9ee55c4e71b349a5f376d4d792,2026-04-03T23:46:31Z,2,"its pretty good

Fluff",0f3c931f8ca847b7a765c89b7d2e9954
spotify:track:15K8KaEpnKSLDP5lq46kNA,48468f9ee55c4e71b349a5f376d4d792,2026-04-03T23:46:31Z,0,"its not really good

jen",0f3c931f8ca847b7a765c89b7d2e9954
spotify:track:2qvToeBdYliw6n0nEsKJQa,48468f9ee55c4e71b349a5f376d4d792,2026-04-03T23:46:31Z,1,Storm,0f3c931f8ca847b7a765c89b7d2e9954
spotify:track:2xNZK0n7SV7qvV1AlH30Dp,48468f9ee55c4e71b349a5f376d4d792,2026-04-03T23:46:31Z,1,"
Dusty",0f3c931f8ca847b7a765c89b7d2e9954
spotify:track:3apSWeSMRsnzOAjGoVurPP,48468f9ee55c4e71b349a5f376d4d792,2026-04-03T23:46:31Z,1,Mendo,0f3c931f8ca847b7a765c89b7d2e9954
spotify:track:3s8Anp8dKObIw8Zy8uGgYC,48468f9ee55c4e71b349a5f376d4d792,2026-04-03T23:46:31Z,1,Rick,0f3c931f8ca847b7a765c89b7d2e9954
spotify:track:3TKOJWYOMrp98OB19y1A0n,48468f9ee55c4e71b349a5f376d4d792,2026-04-03T23:46:31Z,1,The Dude,0f3c931f8ca847b7a765c89b7d2e9954
spotify:track:4Gu4Z1RQ68h8fQnSDQxfKr,48468f9ee55c4e71b349a5f376d4d792,2026-04-03T23:46:31Z,1,Paug,0f3c931f8ca847b7a765c89b7d2e9954
spotify:track:4wajJ1o7jWIg62YqpkHC7S,48468f9ee55c4e71b349a5f376d4d792,2026-04-03T23:46:31Z,1,Uncle Jacob,0f3c931f8ca847b7a765c89b7d2e9954
spotify:track:5ucIh5Shb9WPimGXDCaj0n,48468f9ee55c4e71b349a5f376d4d792,2026-04-03T23:46:31Z,1,Spund,0f3c931f8ca847b7a765c89b7d2e9954
spotify:track:6loBBzhr73iQHXq8RFeSAv,48468f9ee55c4e71b349a5f376d4d792,2026-04-03T23:46:31Z,0,Kenny,0f3c931f8ca847b7a765c89b7d2e9954
spotify:track:7ajPDMxJkj2UCCGE2tnC9u,48468f9ee55c4e71b349a5f376d4d792,2026-04-03T23:46:31Z,1,Dianna,0f3c931f8ca847b7a765c89b7d2e9954
spotify:track:7rvGZDlfqCjY9EWEUg3Xs6,48468f9ee55c4e71b349a5f376d4d792,2026-04-03T23:46:31Z,1,Sam,0f3c931f8ca847b7a765c89b7d2e9954
spotify:track:7tnSmKPEw0fD0DNgVWzJ3R,48468f9ee55c4e71b349a5f376d4d792,2026-04-03T23:46:31Z,2,Daddy,0f3c931f8ca847b7a765c89b7d2e9954
spotify:track:7wOKVOhqghB6rCyaPWVegJ,48468f9ee55c4e71b349a5f376d4d792,2026-04-03T23:46:31Z,2,Alex,0f3c931f8ca847b7a765c89b7d2e9954
