Spotify URI,Voter ID,Created,Points Assigned,Comment,Round ID
spotify:track:0AECVMjxepWdsjDb49JFRd,8453d173315c468e8134e2527a658ba5,2025-02-26T13:42:51Z,3,,469e1bb53dc049a09c94b98ba8d7cd75
spotify:track:7rvGZDlfqCjY9EWEUg3Xs6,8453d173315c468e8134e2527a658ba5,2025-02-26T13:42:51Z,2,,469e1bb53dc049a09c94b98ba8d7cd75
spotify:track:73ljrkSg4A0q3ByU0Cu7mw,8453d173315c468e8134e2527a658ba5,2025-02-26T13:42:51Z,1,,469e1bb53dc049a09c94b98ba8d7cd75
spotify:track:6uQKuonTU8VKBz5SHZuQXD,8453d173315c468e8134e2527a658ba5,2025-02-26T13:42:51Z,1,,469e1bb53dc049a09c94b98ba8d7cd75
spotify:track:4dT3qLUU6fFUmomLzk2cUA,8453d173315c468e8134e2527a658ba5,2025-02-26T13:42:51Z,1,,469e1bb53dc049a09c94b98ba8d7cd75
spotify:track:3yDVQgX2BdOA0f3yJ5smLT,8453d173315c468e8134e2527a658ba5,2025-02-26T13:42:51Z,1,,469e1bb53dc049a09c94b98ba8d7cd75
spotify:track:3rv2u0rfXCZrUoeposkCML,8453d173315c468e8134e2527a658ba5,2025-02-26T13:42:51Z,4,,469e1bb53dc049a09c94b98ba8d7cd75
spotify:track:2tb45sHqz02OtBPyiZwmzD,8453d173315c468e8134e2527a658ba5,2025-02-26T13:42:51Z,1,,469e1bb53dc049a09c94b98ba8d7cd75
spotify:track:12Kq9wL1i4bUCGs6yxFFnA,8453d173315c468e8134e2527a658ba5,2025-02-26T13:42:51Z,2,,469e1bb53dc049a09c94b98ba8d7cd75
spotify:track:2XVQdI3m0giGxNrwUhV3yP,d0b05ef03f5e4598a3e8532b812c3330,2025-02-26T13:43:46Z,1,,469e1bb53dc049a09c94b98ba8d7cd75
spotify:track:0AECVMjxepWdsjDb49JFRd,d0b05ef03f5e4598a3e8532b812c3330,2025-02-26T13:43:46Z,1,,469e1bb53dc049a09c94b98ba8d7cd75
spotify:track:12Kq9wL1i4bUCGs6yxFFnA,d0b05ef03f5e4598a3e8532b812c3330,2025-02-26T13:43:46Z,2,,469e1bb53dc049a09c94b98ba8d7cd75
spotify:track:17OqI90oTFZ3J8PVu6j07V,d0b05ef03f5e4598a3e8532b812c3330,2025-02-26T13:43:46Z,2,,469e1bb53dc049a09c94b98ba8d7cd75
spotify:track:1irx6ITISFfwiSqZuBGzSf,d0b05ef03f5e4598a3e8532b812c3330,2025-02-26T13:43:46Z,1,,469e1bb53dc049a09c94b98ba8d7cd75
spotify:track:2tb45sHqz02OtBPyiZwmzD,d0b05ef03f5e4598a3e8532b812c3330,2025-02-26T13:43:46Z,2,,469e1bb53dc049a09c94b98ba8d7cd75
spotify:track:3XIEWK1V9n25PS9Vb6axj5,d0b05ef03f5e4598a3e8532b812c3330,2025-02-26T13:43:46Z,2,,469e1bb53dc049a09c94b98ba8d7cd75
spotify:track:3yDVQgX2BdOA0f3yJ5smLT,d0b05ef03f5e4598a3e8532b812c3330,2025-02-26T13:43:46Z,1,,469e1bb53dc049a09c94b98ba8d7cd75
spotify:track:4dT3qLUU6fFUmomLzk2cUA,d0b05ef03f5e4598a3e8532b812c3330,2025-02-26T13:43:46Z,1,,469e1bb53dc049a09c94b98ba8d7cd75
spotify:track:5YLnfy7R2kueN0BRPkjiEG,d0b05ef03f5e4598a3e8532b812c3330,2025-02-26T13:43:46Z,1,,469e1bb53dc049a09c94b98ba8d7cd75
spotify:track:6GcbXBic7GsE85wofV3Sd9,d0b05ef03f5e4598a3e8532b812c3330,2025-02-26T13:43:46Z,1,,469e1bb53dc049a09c94b98ba8d7cd75
spotify:track:7rvGZDlfqCjY9EWEUg3Xs6,d0b05ef03f5e4598a3e8532b812c3330,2025-02-26T13:43:46Z,1,,469e1bb53dc049a09c94b98ba8d7cd75
spotify:track:3XIEWK1V9n25PS9Vb6axj5,ce76a5e6ff274137bb5127db7065d9a8,2025-02-26T14:19:42Z,1,,469e1bb53dc049a09c94b98ba8d7cd75
spotify:track:7rvGZDlfqCjY9EWEUg3Xs6,ce76a5e6ff274137bb5127db7065d9a8,2025-02-26T14:19:42Z,2,,469e1bb53dc049a09c94b98ba8d7cd75
spotify:track:2tb45sHqz02OtBPyiZwmzD,ce76a5e6ff274137bb5127db7065d9a8,2025-02-26T14:19:42Z,1,,469e1bb53dc049a09c94b98ba8d7cd75
spotify:track:73mlvsfJM2qwlDUJxeaatI,ce76a5e6ff274137bb5127db7065d9a8,2025-02-26T14:19:42Z,2,,469e1bb53dc049a09c94b98ba8d7cd75
spotify:track:0AECVMjxepWdsjDb49JFRd,ce76a5e6ff274137bb5127db7065d9a8,2025-02-26T14:19:42Z,2,,469e1bb53dc049a09c94b98ba8d7cd75
spotify:track:73ljrkSg4A0q3ByU0Cu7mw,ce76a5e6ff274137bb5127db7065d9a8,2025-02-26T14:19:42Z,1,,469e1bb53dc049a09c94b98ba8d7cd75
spotify:track:6uQKuonTU8VKBz5SHZuQXD,ce76a5e6ff274137bb5127db7065d9a8,2025-02-26T14:19:42Z,3,,469e1bb53dc049a09c94b98ba8d7cd75
spotify:track:6GcbXBic7GsE85wofV3Sd9,ce76a5e6ff274137bb5127db7065d9a8,2025-02-26T14:19:42Z,1,,469e1bb53dc049a09c94b98ba8d7cd75
spotify:track:5YLnfy7R2kueN0BRPkjiEG,ce76a5e6ff274137bb5127db7065d9a8,2025-02-26T14:19:42Z,2,,469e1bb53dc049a09c94b98ba8d7cd75
spotify:track:3yDVQgX2BdOA0f3yJ5smLT,ce76a5e6ff274137bb5127db7065d9a8,2025-02-26T14:19:42Z,1,,469e1bb53dc049a09c94b98ba8d7cd75
spotify:track:3yDVQgX2BdOA0f3yJ5smLT,49a5ff7c4466457eb8016aaf873224cb,2025-02-26T15:45:12Z,1,"Dig it. It's pretty busy, but would work. ",469e1bb53dc049a09c94b98ba8d7cd75
spotify:track:0AECVMjxepWdsjDb49JFRd,49a5ff7c4466457eb8016aaf873224cb,2025-02-26T15:45:12Z,0,This song has slowly fallen out of favor for me. Removed it from my big ol' playlist as it just hasn't been doing it for me lately. Too long n slow. Could be good late night as you get the sing-along (similar to Why Can't We Be Friends). ,469e1bb53dc049a09c94b98ba8d7cd75
spotify:track:12Kq9wL1i4bUCGs6yxFFnA,49a5ff7c4466457eb8016aaf873224cb,2025-02-26T15:45:12Z,2,"I dig it. Hits the right points for me on inoffensive/lowkey background music. Important thing to consider for the very first song is that people are probably still boarding the bus, getting settled, etc. Need casual walk-on music that gets people bobbin. Tempo might be a LITTLE slow, but it works for sure as walk-on music.  You've got 6-8 legs to DJ. You can't burn your big tracks yet. ",469e1bb53dc049a09c94b98ba8d7cd75
spotify:track:17OqI90oTFZ3J8PVu6j07V,49a5ff7c4466457eb8016aaf873224cb,2025-02-26T15:45:12Z,1,"Damn, this is a banger. Not sure if it works for me pre-show, but may very well make it into my postshow rotation. See other comments for reasoning. (TLDR: Disco in the daylight just doesn't hit as hard... picture this one in the dark with the lights goin, people on the pole, everyone in their postshow glow, etc...)",469e1bb53dc049a09c94b98ba8d7cd75
spotify:track:1irx6ITISFfwiSqZuBGzSf,49a5ff7c4466457eb8016aaf873224cb,2025-02-26T15:45:12Z,0,I selected this in the same way I always start out the queue. Go to my big-ass-playlist-of-stuff-i-love and hit shuffle. Scroll through the selects the shuffle gods have given me and pick things that meet my criteria for preshow. This one was in the first 5-10 tracks of my first shuffle attempt and called out to me as the clear choice from what shuffle gave me. Other comments highlight the reasoning. This would also work as filler when you're trying to find the next perfect pick.,469e1bb53dc049a09c94b98ba8d7cd75
spotify:track:2tb45sHqz02OtBPyiZwmzD,49a5ff7c4466457eb8016aaf873224cb,2025-02-26T15:45:12Z,5,"The most important question to consider when picking a preshow bus song is... would this be better postshow? Preshow tends to have a more distracted audience. The music is more background filler and doesn't have the same impact as the selects during postshow. You don't want to burn your late-night heavy hitters (lookin at you, Freedom 90) on a crew that is barely listening to the music. I tend to lean more instrumental for preshow. This hits the right marks and is a new one for me. Thank you!",469e1bb53dc049a09c94b98ba8d7cd75
spotify:track:2XVQdI3m0giGxNrwUhV3yP,49a5ff7c4466457eb8016aaf873224cb,2025-02-26T15:45:12Z,0,"Same reason as the Daft Punk track. Goes on a bit too long, but could see it as a breathing room track that you cut early when you find the right track. Don't love it for song 1. ",469e1bb53dc049a09c94b98ba8d7cd75
spotify:track:3rv2u0rfXCZrUoeposkCML,49a5ff7c4466457eb8016aaf873224cb,2025-02-26T15:45:12Z,2,Same reasoning as the other 2 pointers. Although this might be one that shines at night as well. Hard to say. ,469e1bb53dc049a09c94b98ba8d7cd75
spotify:track:3XIEWK1V9n25PS9Vb6axj5,49a5ff7c4466457eb8016aaf873224cb,2025-02-26T15:45:12Z,2,"Dig it. Disco generally works better at night, but I am feelin this one as an all-purpose track. ",469e1bb53dc049a09c94b98ba8d7cd75
spotify:track:4dT3qLUU6fFUmomLzk2cUA,49a5ff7c4466457eb8016aaf873224cb,2025-02-26T15:45:12Z,0,Gotta save this for the right time and it ain't night 1 track 1,469e1bb53dc049a09c94b98ba8d7cd75
spotify:track:5YLnfy7R2kueN0BRPkjiEG,49a5ff7c4466457eb8016aaf873224cb,2025-02-26T15:45:12Z,0,"Love it, but usually not in the bus setting. Maybe post-show when we're all feelin sexy. ",469e1bb53dc049a09c94b98ba8d7cd75
spotify:track:6GcbXBic7GsE85wofV3Sd9,49a5ff7c4466457eb8016aaf873224cb,2025-02-26T15:45:12Z,2,Very reliable filler. Same reasoning as other 2 pointers.,469e1bb53dc049a09c94b98ba8d7cd75
spotify:track:6uQKuonTU8VKBz5SHZuQXD,49a5ff7c4466457eb8016aaf873224cb,2025-02-26T15:45:12Z,0,"Howie Doac. Feeling it more postshow, if at all. ",469e1bb53dc049a09c94b98ba8d7cd75
spotify:track:73ljrkSg4A0q3ByU0Cu7mw,49a5ff7c4466457eb8016aaf873224cb,2025-02-26T15:45:12Z,0,If we're going to Six Flags maybe. ,469e1bb53dc049a09c94b98ba8d7cd75
spotify:track:73mlvsfJM2qwlDUJxeaatI,49a5ff7c4466457eb8016aaf873224cb,2025-02-26T15:45:12Z,0,"It's good, but not sure it works for me. Kinda goes on too long. Could see playing it in a pinch and cutting it early when you find the right follow.",469e1bb53dc049a09c94b98ba8d7cd75
spotify:track:7rvGZDlfqCjY9EWEUg3Xs6,49a5ff7c4466457eb8016aaf873224cb,2025-02-26T15:45:12Z,1,"Hard to go wrong with this one. It is a common enough track that I don't mind burning it early. Doesn't need to be saved for the afters, but it cannn hit pretty hard if the moment is right post-show.",469e1bb53dc049a09c94b98ba8d7cd75
spotify:track:0AECVMjxepWdsjDb49JFRd,183c5f6ed1b147099842917a9576c8f4,2025-02-26T15:53:41Z,1,,469e1bb53dc049a09c94b98ba8d7cd75
spotify:track:17OqI90oTFZ3J8PVu6j07V,183c5f6ed1b147099842917a9576c8f4,2025-02-26T15:53:41Z,0,"It's not you, it's me. ",469e1bb53dc049a09c94b98ba8d7cd75
spotify:track:1irx6ITISFfwiSqZuBGzSf,183c5f6ed1b147099842917a9576c8f4,2025-02-26T15:53:41Z,1,,469e1bb53dc049a09c94b98ba8d7cd75
spotify:track:2tb45sHqz02OtBPyiZwmzD,183c5f6ed1b147099842917a9576c8f4,2025-02-26T15:53:41Z,3,,469e1bb53dc049a09c94b98ba8d7cd75
spotify:track:2XVQdI3m0giGxNrwUhV3yP,183c5f6ed1b147099842917a9576c8f4,2025-02-26T15:53:41Z,1,,469e1bb53dc049a09c94b98ba8d7cd75
spotify:track:3XIEWK1V9n25PS9Vb6axj5,183c5f6ed1b147099842917a9576c8f4,2025-02-26T15:53:41Z,4,,469e1bb53dc049a09c94b98ba8d7cd75
spotify:track:3yDVQgX2BdOA0f3yJ5smLT,183c5f6ed1b147099842917a9576c8f4,2025-02-26T15:53:41Z,3,,469e1bb53dc049a09c94b98ba8d7cd75
spotify:track:5YLnfy7R2kueN0BRPkjiEG,183c5f6ed1b147099842917a9576c8f4,2025-02-26T15:53:41Z,1,,469e1bb53dc049a09c94b98ba8d7cd75
spotify:track:73ljrkSg4A0q3ByU0Cu7mw,183c5f6ed1b147099842917a9576c8f4,2025-02-26T15:53:41Z,0,Wanted to give a point for being the most literal.  But was forced to listen to this song 50x on repeat in my underwear during freshman year hazing and I can't hear it without getting ill.   ,469e1bb53dc049a09c94b98ba8d7cd75
spotify:track:73mlvsfJM2qwlDUJxeaatI,183c5f6ed1b147099842917a9576c8f4,2025-02-26T15:53:41Z,1,,469e1bb53dc049a09c94b98ba8d7cd75
spotify:track:7rvGZDlfqCjY9EWEUg3Xs6,183c5f6ed1b147099842917a9576c8f4,2025-02-26T15:53:41Z,1,The queen,469e1bb53dc049a09c94b98ba8d7cd75
spotify:track:0AECVMjxepWdsjDb49JFRd,7fdceb56429c4e38939c3e5ee41bfdd0,2025-02-26T17:27:28Z,2,,469e1bb53dc049a09c94b98ba8d7cd75
spotify:track:12Kq9wL1i4bUCGs6yxFFnA,7fdceb56429c4e38939c3e5ee41bfdd0,2025-02-26T17:27:28Z,1,,469e1bb53dc049a09c94b98ba8d7cd75
spotify:track:1irx6ITISFfwiSqZuBGzSf,7fdceb56429c4e38939c3e5ee41bfdd0,2025-02-26T17:27:28Z,3,,469e1bb53dc049a09c94b98ba8d7cd75
spotify:track:2tb45sHqz02OtBPyiZwmzD,7fdceb56429c4e38939c3e5ee41bfdd0,2025-02-26T17:27:28Z,3,,469e1bb53dc049a09c94b98ba8d7cd75
spotify:track:3yDVQgX2BdOA0f3yJ5smLT,7fdceb56429c4e38939c3e5ee41bfdd0,2025-02-26T17:27:28Z,1,,469e1bb53dc049a09c94b98ba8d7cd75
spotify:track:4dT3qLUU6fFUmomLzk2cUA,7fdceb56429c4e38939c3e5ee41bfdd0,2025-02-26T17:27:28Z,2,,469e1bb53dc049a09c94b98ba8d7cd75
spotify:track:6GcbXBic7GsE85wofV3Sd9,7fdceb56429c4e38939c3e5ee41bfdd0,2025-02-26T17:27:28Z,3,,469e1bb53dc049a09c94b98ba8d7cd75
spotify:track:6uQKuonTU8VKBz5SHZuQXD,7fdceb56429c4e38939c3e5ee41bfdd0,2025-02-26T17:27:28Z,1,,469e1bb53dc049a09c94b98ba8d7cd75
spotify:track:12Kq9wL1i4bUCGs6yxFFnA,9b7e03ea90dd46db9779dc21eb04ca5a,2025-02-26T17:39:37Z,2,"LOVE the dip. This was my song for a ""MLB walk up song"" prompt in another league. ",469e1bb53dc049a09c94b98ba8d7cd75
spotify:track:17OqI90oTFZ3J8PVu6j07V,9b7e03ea90dd46db9779dc21eb04ca5a,2025-02-26T17:39:37Z,1,,469e1bb53dc049a09c94b98ba8d7cd75
spotify:track:1irx6ITISFfwiSqZuBGzSf,9b7e03ea90dd46db9779dc21eb04ca5a,2025-02-26T17:39:37Z,4,I have been super into Pearl recently. I could see myself shazaaming this on a bus and being so excited it was Janis,469e1bb53dc049a09c94b98ba8d7cd75
spotify:track:2tb45sHqz02OtBPyiZwmzD,9b7e03ea90dd46db9779dc21eb04ca5a,2025-02-26T17:39:37Z,2,OKAY that bassline! ,469e1bb53dc049a09c94b98ba8d7cd75
spotify:track:3rv2u0rfXCZrUoeposkCML,9b7e03ea90dd46db9779dc21eb04ca5a,2025-02-26T17:39:37Z,2,goddamn lets bring disco back,469e1bb53dc049a09c94b98ba8d7cd75
spotify:track:6GcbXBic7GsE85wofV3Sd9,9b7e03ea90dd46db9779dc21eb04ca5a,2025-02-26T17:39:37Z,3,"Ok bar-kays, I'll do what you say!",469e1bb53dc049a09c94b98ba8d7cd75
spotify:track:7rvGZDlfqCjY9EWEUg3Xs6,9b7e03ea90dd46db9779dc21eb04ca5a,2025-02-26T17:39:37Z,2,,469e1bb53dc049a09c94b98ba8d7cd75
spotify:track:1irx6ITISFfwiSqZuBGzSf,4e117e3021d7466c8bf0b654f8357418,2025-02-26T18:29:07Z,4,,469e1bb53dc049a09c94b98ba8d7cd75
spotify:track:2XVQdI3m0giGxNrwUhV3yP,4e117e3021d7466c8bf0b654f8357418,2025-02-26T18:29:07Z,1,,469e1bb53dc049a09c94b98ba8d7cd75
spotify:track:3XIEWK1V9n25PS9Vb6axj5,4e117e3021d7466c8bf0b654f8357418,2025-02-26T18:29:07Z,4,,469e1bb53dc049a09c94b98ba8d7cd75
spotify:track:6GcbXBic7GsE85wofV3Sd9,4e117e3021d7466c8bf0b654f8357418,2025-02-26T18:29:07Z,4,,469e1bb53dc049a09c94b98ba8d7cd75
spotify:track:7rvGZDlfqCjY9EWEUg3Xs6,4e117e3021d7466c8bf0b654f8357418,2025-02-26T18:29:07Z,3,,469e1bb53dc049a09c94b98ba8d7cd75
spotify:track:2tb45sHqz02OtBPyiZwmzD,1c89e947d02949ed86d05ec22a7350bf,2025-02-26T20:56:06Z,3,This song does in fact make me feelin' happy. 3 points!,469e1bb53dc049a09c94b98ba8d7cd75
spotify:track:12Kq9wL1i4bUCGs6yxFFnA,1c89e947d02949ed86d05ec22a7350bf,2025-02-26T20:56:06Z,3,"Points for not what I typically think of when I think of being on the party bus, but definitely works.  Love this new album. ",469e1bb53dc049a09c94b98ba8d7cd75
spotify:track:3XIEWK1V9n25PS9Vb6axj5,1c89e947d02949ed86d05ec22a7350bf,2025-02-26T20:56:06Z,5,Oh yes. More of this. ,469e1bb53dc049a09c94b98ba8d7cd75
spotify:track:4dT3qLUU6fFUmomLzk2cUA,1c89e947d02949ed86d05ec22a7350bf,2025-02-26T20:56:06Z,5,This. This IS phish party bus sing a long. I miss it.,469e1bb53dc049a09c94b98ba8d7cd75
spotify:track:12Kq9wL1i4bUCGs6yxFFnA,e5c2390073644e979f43e744c33e6c60,2025-02-26T23:42:24Z,1,,469e1bb53dc049a09c94b98ba8d7cd75
spotify:track:17OqI90oTFZ3J8PVu6j07V,e5c2390073644e979f43e744c33e6c60,2025-02-26T23:42:24Z,1,,469e1bb53dc049a09c94b98ba8d7cd75
spotify:track:1irx6ITISFfwiSqZuBGzSf,e5c2390073644e979f43e744c33e6c60,2025-02-26T23:42:24Z,2,,469e1bb53dc049a09c94b98ba8d7cd75
spotify:track:3XIEWK1V9n25PS9Vb6axj5,e5c2390073644e979f43e744c33e6c60,2025-02-26T23:42:24Z,1,,469e1bb53dc049a09c94b98ba8d7cd75
spotify:track:3yDVQgX2BdOA0f3yJ5smLT,e5c2390073644e979f43e744c33e6c60,2025-02-26T23:42:24Z,3,,469e1bb53dc049a09c94b98ba8d7cd75
spotify:track:6uQKuonTU8VKBz5SHZuQXD,e5c2390073644e979f43e744c33e6c60,2025-02-26T23:42:24Z,2,,469e1bb53dc049a09c94b98ba8d7cd75
spotify:track:73ljrkSg4A0q3ByU0Cu7mw,e5c2390073644e979f43e744c33e6c60,2025-02-26T23:42:24Z,3,,469e1bb53dc049a09c94b98ba8d7cd75
spotify:track:73mlvsfJM2qwlDUJxeaatI,e5c2390073644e979f43e744c33e6c60,2025-02-26T23:42:24Z,1,,469e1bb53dc049a09c94b98ba8d7cd75
spotify:track:7rvGZDlfqCjY9EWEUg3Xs6,e5c2390073644e979f43e744c33e6c60,2025-02-26T23:42:24Z,2,,469e1bb53dc049a09c94b98ba8d7cd75
spotify:track:0AECVMjxepWdsjDb49JFRd,0b4377c224ba402d97adce848425da90,2025-02-27T15:38:46Z,0,Great song. But this is for bumping and grinding and private time. ,469e1bb53dc049a09c94b98ba8d7cd75
spotify:track:17OqI90oTFZ3J8PVu6j07V,0b4377c224ba402d97adce848425da90,2025-02-27T15:38:46Z,0,Did I get on the wrong bus? 😬 ,469e1bb53dc049a09c94b98ba8d7cd75
spotify:track:1irx6ITISFfwiSqZuBGzSf,0b4377c224ba402d97adce848425da90,2025-02-27T15:38:46Z,1,"Head bopping, full stank face ",469e1bb53dc049a09c94b98ba8d7cd75
spotify:track:2tb45sHqz02OtBPyiZwmzD,0b4377c224ba402d97adce848425da90,2025-02-27T15:38:46Z,2,The great Mic Gillette with a fire trumpet solo,469e1bb53dc049a09c94b98ba8d7cd75
spotify:track:2XVQdI3m0giGxNrwUhV3yP,0b4377c224ba402d97adce848425da90,2025-02-27T15:38:46Z,1,"Full length album version was bold, but this slapped. I just put together that their name is a play on lip synch. Carry on",469e1bb53dc049a09c94b98ba8d7cd75
spotify:track:3XIEWK1V9n25PS9Vb6axj5,0b4377c224ba402d97adce848425da90,2025-02-27T15:38:46Z,1,,469e1bb53dc049a09c94b98ba8d7cd75
spotify:track:3yDVQgX2BdOA0f3yJ5smLT,0b4377c224ba402d97adce848425da90,2025-02-27T15:38:46Z,2,This sounds like something right out of Miles’ electric period and I am fucking here for it. ,469e1bb53dc049a09c94b98ba8d7cd75
spotify:track:4dT3qLUU6fFUmomLzk2cUA,0b4377c224ba402d97adce848425da90,2025-02-27T15:38:46Z,3,"This one checks all the boxes for me. Instantly recognizable, cross genre appeal, and it’s getting fannies out of their seats. ",469e1bb53dc049a09c94b98ba8d7cd75
spotify:track:5YLnfy7R2kueN0BRPkjiEG,0b4377c224ba402d97adce848425da90,2025-02-27T15:38:46Z,2,,469e1bb53dc049a09c94b98ba8d7cd75
spotify:track:6uQKuonTU8VKBz5SHZuQXD,0b4377c224ba402d97adce848425da90,2025-02-27T15:38:46Z,2,Classic banger,469e1bb53dc049a09c94b98ba8d7cd75
spotify:track:73ljrkSg4A0q3ByU0Cu7mw,0b4377c224ba402d97adce848425da90,2025-02-27T15:38:46Z,0,I definitely got on the wrong bus. ,469e1bb53dc049a09c94b98ba8d7cd75
spotify:track:73mlvsfJM2qwlDUJxeaatI,0b4377c224ba402d97adce848425da90,2025-02-27T15:38:46Z,2,,469e1bb53dc049a09c94b98ba8d7cd75
spotify:track:0AECVMjxepWdsjDb49JFRd,f1f0f2ed0eb64306992b613229fb7972,2025-02-27T17:38:41Z,1,,469e1bb53dc049a09c94b98ba8d7cd75
spotify:track:17OqI90oTFZ3J8PVu6j07V,f1f0f2ed0eb64306992b613229fb7972,2025-02-27T17:38:41Z,1,,469e1bb53dc049a09c94b98ba8d7cd75
spotify:track:2tb45sHqz02OtBPyiZwmzD,f1f0f2ed0eb64306992b613229fb7972,2025-02-27T17:38:41Z,2,,469e1bb53dc049a09c94b98ba8d7cd75
spotify:track:3rv2u0rfXCZrUoeposkCML,f1f0f2ed0eb64306992b613229fb7972,2025-02-27T17:38:41Z,2,,469e1bb53dc049a09c94b98ba8d7cd75
spotify:track:3XIEWK1V9n25PS9Vb6axj5,f1f0f2ed0eb64306992b613229fb7972,2025-02-27T17:38:41Z,1,,469e1bb53dc049a09c94b98ba8d7cd75
spotify:track:4dT3qLUU6fFUmomLzk2cUA,f1f0f2ed0eb64306992b613229fb7972,2025-02-27T17:38:41Z,2,,469e1bb53dc049a09c94b98ba8d7cd75
spotify:track:5YLnfy7R2kueN0BRPkjiEG,f1f0f2ed0eb64306992b613229fb7972,2025-02-27T17:38:41Z,2,,469e1bb53dc049a09c94b98ba8d7cd75
spotify:track:6GcbXBic7GsE85wofV3Sd9,f1f0f2ed0eb64306992b613229fb7972,2025-02-27T17:38:41Z,1,,469e1bb53dc049a09c94b98ba8d7cd75
spotify:track:73ljrkSg4A0q3ByU0Cu7mw,f1f0f2ed0eb64306992b613229fb7972,2025-02-27T17:38:41Z,1,,469e1bb53dc049a09c94b98ba8d7cd75
spotify:track:73mlvsfJM2qwlDUJxeaatI,f1f0f2ed0eb64306992b613229fb7972,2025-02-27T17:38:41Z,1,,469e1bb53dc049a09c94b98ba8d7cd75
spotify:track:7rvGZDlfqCjY9EWEUg3Xs6,f1f0f2ed0eb64306992b613229fb7972,2025-02-27T17:38:41Z,2,,469e1bb53dc049a09c94b98ba8d7cd75
spotify:track:0AECVMjxepWdsjDb49JFRd,7acfbf6ff4234d00875b58e7b2ec389d,2025-02-27T23:14:48Z,2,"Safe, but solid.  I'm cool with this.  Tell you something good? Well my back is feeling better....",469e1bb53dc049a09c94b98ba8d7cd75
spotify:track:17OqI90oTFZ3J8PVu6j07V,7acfbf6ff4234d00875b58e7b2ec389d,2025-02-27T23:14:48Z,0,At no point in my life have I ever felt that I need more ABBA in it.  I have thought the opposite many times. ,469e1bb53dc049a09c94b98ba8d7cd75
spotify:track:1irx6ITISFfwiSqZuBGzSf,7acfbf6ff4234d00875b58e7b2ec389d,2025-02-27T23:14:48Z,4,Cool pick.  An intrustemental Janis tune is very creative. My fav of the week.  A nice tidy 2 and a half min also.  Leaves room for others. ,469e1bb53dc049a09c94b98ba8d7cd75
spotify:track:2tb45sHqz02OtBPyiZwmzD,7acfbf6ff4234d00875b58e7b2ec389d,2025-02-27T23:14:48Z,2,"I'm into this.  Groovy, allows me to chat to my friends.  Tells me to be happy on Phish tour, something I need to be reminded of. ",469e1bb53dc049a09c94b98ba8d7cd75
spotify:track:2XVQdI3m0giGxNrwUhV3yP,7acfbf6ff4234d00875b58e7b2ec389d,2025-02-27T23:14:48Z,0,How in the fuck is this song 8 minutes.  It could be 3 easy.  If this is Kenny's bus I assume we are pretty close to the venue and this will take up most of the ride.  It's so damn repetitive.  This song make me think of Star Wars. ,469e1bb53dc049a09c94b98ba8d7cd75
spotify:track:3rv2u0rfXCZrUoeposkCML,7acfbf6ff4234d00875b58e7b2ec389d,2025-02-27T23:14:48Z,2,The title of this song is something no human being has ever said to me.  Another song that could be like 4 min. ,469e1bb53dc049a09c94b98ba8d7cd75
spotify:track:3XIEWK1V9n25PS9Vb6axj5,7acfbf6ff4234d00875b58e7b2ec389d,2025-02-27T23:14:48Z,0,"How in the fuck is there an original, extended, remix, reborn, and snight b, and unplugged version of this song.  The orginal is beyond enough for me. ",469e1bb53dc049a09c94b98ba8d7cd75
spotify:track:3yDVQgX2BdOA0f3yJ5smLT,7acfbf6ff4234d00875b58e7b2ec389d,2025-02-27T23:14:48Z,1,"I'm on a bus talking with my friends, no way I can pay attention to the 1,000,000 notes in this song. ",469e1bb53dc049a09c94b98ba8d7cd75
spotify:track:4dT3qLUU6fFUmomLzk2cUA,7acfbf6ff4234d00875b58e7b2ec389d,2025-02-27T23:14:48Z,0,"I didn't want to get on this bus in the 90s, I def don't want to get it now.  I feel like Dianna and Maya are screaming Freedom in my ear. ",469e1bb53dc049a09c94b98ba8d7cd75
spotify:track:5YLnfy7R2kueN0BRPkjiEG,7acfbf6ff4234d00875b58e7b2ec389d,2025-02-27T23:14:48Z,0,You must have been up all night thinking of this.  I'd rather staple myself in the throat. ,469e1bb53dc049a09c94b98ba8d7cd75
spotify:track:6GcbXBic7GsE85wofV3Sd9,7acfbf6ff4234d00875b58e7b2ec389d,2025-02-27T23:14:48Z,1,If you look up generic funk in the dictionary the example is this. ,469e1bb53dc049a09c94b98ba8d7cd75
spotify:track:6uQKuonTU8VKBz5SHZuQXD,7acfbf6ff4234d00875b58e7b2ec389d,2025-02-27T23:14:48Z,0,This is SOOOOO Not how I do it.  This would be the second song I've ever skipped in music league. ,469e1bb53dc049a09c94b98ba8d7cd75
spotify:track:73ljrkSg4A0q3ByU0Cu7mw,7acfbf6ff4234d00875b58e7b2ec389d,2025-02-27T23:14:48Z,0,This is the 3rd song I've ever skipped in music league.  Hell of a back to back. ,469e1bb53dc049a09c94b98ba8d7cd75
spotify:track:73mlvsfJM2qwlDUJxeaatI,7acfbf6ff4234d00875b58e7b2ec389d,2025-02-27T23:14:48Z,2,Down.  Be cooler if you played Karina's version. ,469e1bb53dc049a09c94b98ba8d7cd75
spotify:track:7rvGZDlfqCjY9EWEUg3Xs6,7acfbf6ff4234d00875b58e7b2ec389d,2025-02-27T23:14:48Z,2,"This album could be named ""3 Things Memo is not"" ",469e1bb53dc049a09c94b98ba8d7cd75
spotify:track:2XVQdI3m0giGxNrwUhV3yP,605866a938e54c5da212fc8595186729,2025-02-28T00:04:47Z,2,,469e1bb53dc049a09c94b98ba8d7cd75
spotify:track:3rv2u0rfXCZrUoeposkCML,605866a938e54c5da212fc8595186729,2025-02-28T00:04:47Z,2,,469e1bb53dc049a09c94b98ba8d7cd75
spotify:track:4dT3qLUU6fFUmomLzk2cUA,605866a938e54c5da212fc8595186729,2025-02-28T00:04:47Z,3,,469e1bb53dc049a09c94b98ba8d7cd75
spotify:track:5YLnfy7R2kueN0BRPkjiEG,605866a938e54c5da212fc8595186729,2025-02-28T00:04:47Z,2,,469e1bb53dc049a09c94b98ba8d7cd75
spotify:track:6GcbXBic7GsE85wofV3Sd9,605866a938e54c5da212fc8595186729,2025-02-28T00:04:47Z,2,,469e1bb53dc049a09c94b98ba8d7cd75
spotify:track:6uQKuonTU8VKBz5SHZuQXD,605866a938e54c5da212fc8595186729,2025-02-28T00:04:47Z,1,,469e1bb53dc049a09c94b98ba8d7cd75
spotify:track:7rvGZDlfqCjY9EWEUg3Xs6,605866a938e54c5da212fc8595186729,2025-02-28T00:04:47Z,4,,469e1bb53dc049a09c94b98ba8d7cd75
spotify:track:0AECVMjxepWdsjDb49JFRd,a2909b31d1c04d728cfcf68ca0d73cca,2025-02-28T01:04:15Z,1,,469e1bb53dc049a09c94b98ba8d7cd75
spotify:track:12Kq9wL1i4bUCGs6yxFFnA,a2909b31d1c04d728cfcf68ca0d73cca,2025-02-28T01:04:15Z,2,,469e1bb53dc049a09c94b98ba8d7cd75
spotify:track:2tb45sHqz02OtBPyiZwmzD,a2909b31d1c04d728cfcf68ca0d73cca,2025-02-28T01:04:15Z,2,,469e1bb53dc049a09c94b98ba8d7cd75
spotify:track:2XVQdI3m0giGxNrwUhV3yP,a2909b31d1c04d728cfcf68ca0d73cca,2025-02-28T01:04:15Z,3,,469e1bb53dc049a09c94b98ba8d7cd75
spotify:track:3yDVQgX2BdOA0f3yJ5smLT,a2909b31d1c04d728cfcf68ca0d73cca,2025-02-28T01:04:15Z,1,,469e1bb53dc049a09c94b98ba8d7cd75
spotify:track:4dT3qLUU6fFUmomLzk2cUA,a2909b31d1c04d728cfcf68ca0d73cca,2025-02-28T01:04:15Z,1,,469e1bb53dc049a09c94b98ba8d7cd75
spotify:track:6GcbXBic7GsE85wofV3Sd9,a2909b31d1c04d728cfcf68ca0d73cca,2025-02-28T01:04:15Z,1,,469e1bb53dc049a09c94b98ba8d7cd75
spotify:track:6uQKuonTU8VKBz5SHZuQXD,a2909b31d1c04d728cfcf68ca0d73cca,2025-02-28T01:04:15Z,1,,469e1bb53dc049a09c94b98ba8d7cd75
spotify:track:73mlvsfJM2qwlDUJxeaatI,a2909b31d1c04d728cfcf68ca0d73cca,2025-02-28T01:04:15Z,2,,469e1bb53dc049a09c94b98ba8d7cd75
spotify:track:7rvGZDlfqCjY9EWEUg3Xs6,a2909b31d1c04d728cfcf68ca0d73cca,2025-02-28T01:04:15Z,2,,469e1bb53dc049a09c94b98ba8d7cd75
spotify:track:0AECVMjxepWdsjDb49JFRd,bf3a904d73564b6c97f9e47c5429b767,2025-02-28T12:43:18Z,1,,469e1bb53dc049a09c94b98ba8d7cd75
spotify:track:17OqI90oTFZ3J8PVu6j07V,bf3a904d73564b6c97f9e47c5429b767,2025-02-28T12:43:18Z,1,,469e1bb53dc049a09c94b98ba8d7cd75
spotify:track:1irx6ITISFfwiSqZuBGzSf,bf3a904d73564b6c97f9e47c5429b767,2025-02-28T12:43:18Z,1,,469e1bb53dc049a09c94b98ba8d7cd75
spotify:track:2XVQdI3m0giGxNrwUhV3yP,bf3a904d73564b6c97f9e47c5429b767,2025-02-28T12:43:18Z,1,,469e1bb53dc049a09c94b98ba8d7cd75
spotify:track:3rv2u0rfXCZrUoeposkCML,bf3a904d73564b6c97f9e47c5429b767,2025-02-28T12:43:18Z,1,,469e1bb53dc049a09c94b98ba8d7cd75
spotify:track:3XIEWK1V9n25PS9Vb6axj5,bf3a904d73564b6c97f9e47c5429b767,2025-02-28T12:43:18Z,1,,469e1bb53dc049a09c94b98ba8d7cd75
spotify:track:3yDVQgX2BdOA0f3yJ5smLT,bf3a904d73564b6c97f9e47c5429b767,2025-02-28T12:43:18Z,5,,469e1bb53dc049a09c94b98ba8d7cd75
spotify:track:4dT3qLUU6fFUmomLzk2cUA,bf3a904d73564b6c97f9e47c5429b767,2025-02-28T12:43:18Z,0,"
",469e1bb53dc049a09c94b98ba8d7cd75
spotify:track:5YLnfy7R2kueN0BRPkjiEG,bf3a904d73564b6c97f9e47c5429b767,2025-02-28T12:43:18Z,1,,469e1bb53dc049a09c94b98ba8d7cd75
spotify:track:6GcbXBic7GsE85wofV3Sd9,bf3a904d73564b6c97f9e47c5429b767,2025-02-28T12:43:18Z,2,,469e1bb53dc049a09c94b98ba8d7cd75
spotify:track:73ljrkSg4A0q3ByU0Cu7mw,bf3a904d73564b6c97f9e47c5429b767,2025-02-28T12:43:18Z,0,"jesus christ
",469e1bb53dc049a09c94b98ba8d7cd75
spotify:track:7rvGZDlfqCjY9EWEUg3Xs6,bf3a904d73564b6c97f9e47c5429b767,2025-02-28T12:43:18Z,2,,469e1bb53dc049a09c94b98ba8d7cd75
spotify:track:50o5tGVIiMBQN4MdYJ4FTv,ce76a5e6ff274137bb5127db7065d9a8,2025-03-03T13:37:17Z,1,,51819c387d6f497281ef1baaffd17f00
spotify:track:0TUHqN9omctG8MsSwJMhej,ce76a5e6ff274137bb5127db7065d9a8,2025-03-03T13:37:17Z,4,My other favorite from this category. Lovely slanky groove,51819c387d6f497281ef1baaffd17f00
spotify:track:3KWwb2rZjI2P1hwuQ4gaqS,ce76a5e6ff274137bb5127db7065d9a8,2025-03-03T13:37:17Z,2,,51819c387d6f497281ef1baaffd17f00
spotify:track:3YgvmhjFVbktfVVPjVCBt7,ce76a5e6ff274137bb5127db7065d9a8,2025-03-03T13:37:17Z,1,,51819c387d6f497281ef1baaffd17f00
spotify:track:7dzlMlXxwC2vhpKsfhM6S5,ce76a5e6ff274137bb5127db7065d9a8,2025-03-03T13:37:17Z,1,,51819c387d6f497281ef1baaffd17f00
spotify:track:7AwulfrG1x4sLicEYtQuSf,ce76a5e6ff274137bb5127db7065d9a8,2025-03-03T13:37:17Z,1,,51819c387d6f497281ef1baaffd17f00
spotify:track:5P5qbnKKR4wHhbnWncXsTt,ce76a5e6ff274137bb5127db7065d9a8,2025-03-03T13:37:17Z,2,,51819c387d6f497281ef1baaffd17f00
spotify:track:0q01PkXaaxdmKlt12EcBOx,ce76a5e6ff274137bb5127db7065d9a8,2025-03-03T13:37:17Z,4,Loved this. Only a couple songs that I immediately wanted to go back to listen to again and this was one of them. With new music I want something that grabs me right away cuz it’s a little different,51819c387d6f497281ef1baaffd17f00
spotify:track:7dzlMlXxwC2vhpKsfhM6S5,d0b05ef03f5e4598a3e8532b812c3330,2025-03-03T15:39:29Z,1,,51819c387d6f497281ef1baaffd17f00
spotify:track:0q01PkXaaxdmKlt12EcBOx,d0b05ef03f5e4598a3e8532b812c3330,2025-03-03T15:39:29Z,2,,51819c387d6f497281ef1baaffd17f00
spotify:track:0QPrde5XelykKWVwwgAbOD,d0b05ef03f5e4598a3e8532b812c3330,2025-03-03T15:39:29Z,1,,51819c387d6f497281ef1baaffd17f00
spotify:track:0QYtZlAMNwyIWSxqa11Bi4,d0b05ef03f5e4598a3e8532b812c3330,2025-03-03T15:39:29Z,1,,51819c387d6f497281ef1baaffd17f00
spotify:track:0TUHqN9omctG8MsSwJMhej,d0b05ef03f5e4598a3e8532b812c3330,2025-03-03T15:39:29Z,2,Queen sierra! ,51819c387d6f497281ef1baaffd17f00
spotify:track:2rsEq7nJU0mQm5GxF2DV8B,d0b05ef03f5e4598a3e8532b812c3330,2025-03-03T15:39:29Z,1,,51819c387d6f497281ef1baaffd17f00
spotify:track:3KWwb2rZjI2P1hwuQ4gaqS,d0b05ef03f5e4598a3e8532b812c3330,2025-03-03T15:39:29Z,1,,51819c387d6f497281ef1baaffd17f00
spotify:track:3YgvmhjFVbktfVVPjVCBt7,d0b05ef03f5e4598a3e8532b812c3330,2025-03-03T15:39:29Z,0,Released in 2024 :( love rose city though! ,51819c387d6f497281ef1baaffd17f00
spotify:track:50o5tGVIiMBQN4MdYJ4FTv,d0b05ef03f5e4598a3e8532b812c3330,2025-03-03T15:39:29Z,1,,51819c387d6f497281ef1baaffd17f00
spotify:track:5P5qbnKKR4wHhbnWncXsTt,d0b05ef03f5e4598a3e8532b812c3330,2025-03-03T15:39:29Z,1,,51819c387d6f497281ef1baaffd17f00
spotify:track:5ptjyu9U6GLHiSBhav57fg,d0b05ef03f5e4598a3e8532b812c3330,2025-03-03T15:39:29Z,1,,51819c387d6f497281ef1baaffd17f00
spotify:track:79S0nPgf2upTHNp6Z15E0v,d0b05ef03f5e4598a3e8532b812c3330,2025-03-03T15:39:29Z,3,Ugh this was so good. ,51819c387d6f497281ef1baaffd17f00
spotify:track:7AwulfrG1x4sLicEYtQuSf,d0b05ef03f5e4598a3e8532b812c3330,2025-03-03T15:39:29Z,1,,51819c387d6f497281ef1baaffd17f00
spotify:track:79S0nPgf2upTHNp6Z15E0v,a2909b31d1c04d728cfcf68ca0d73cca,2025-03-03T15:57:47Z,1,,51819c387d6f497281ef1baaffd17f00
spotify:track:7dzlMlXxwC2vhpKsfhM6S5,a2909b31d1c04d728cfcf68ca0d73cca,2025-03-03T15:57:47Z,2,Yup this had be bouncing in my chair. I almost even got up to dance. ,51819c387d6f497281ef1baaffd17f00
spotify:track:2rsEq7nJU0mQm5GxF2DV8B,a2909b31d1c04d728cfcf68ca0d73cca,2025-03-03T15:57:47Z,2,I’ll always give Lebo track high marks. Love him and ALO. ,51819c387d6f497281ef1baaffd17f00
spotify:track:3KWwb2rZjI2P1hwuQ4gaqS,a2909b31d1c04d728cfcf68ca0d73cca,2025-03-03T15:57:47Z,0,Saw Franc Moody on JC and then again in Boston and they put on a great show. This was the only new release I could think of for this year. ,51819c387d6f497281ef1baaffd17f00
spotify:track:3YgvmhjFVbktfVVPjVCBt7,a2909b31d1c04d728cfcf68ca0d73cca,2025-03-03T15:57:47Z,2,Really dig this one. ,51819c387d6f497281ef1baaffd17f00
spotify:track:50o5tGVIiMBQN4MdYJ4FTv,a2909b31d1c04d728cfcf68ca0d73cca,2025-03-03T15:57:47Z,1,,51819c387d6f497281ef1baaffd17f00
spotify:track:5jx8nGaWvgYQZJd6k1OOuO,a2909b31d1c04d728cfcf68ca0d73cca,2025-03-03T15:57:47Z,0,Not doing it for me. ,51819c387d6f497281ef1baaffd17f00
spotify:track:5P5qbnKKR4wHhbnWncXsTt,a2909b31d1c04d728cfcf68ca0d73cca,2025-03-03T15:57:47Z,1,1 point for being from Rhode Island and the funky synth part. ,51819c387d6f497281ef1baaffd17f00
spotify:track:5ptjyu9U6GLHiSBhav57fg,a2909b31d1c04d728cfcf68ca0d73cca,2025-03-03T15:57:47Z,2,Yup this is the vibe I’m looking for. ,51819c387d6f497281ef1baaffd17f00
spotify:track:7AwulfrG1x4sLicEYtQuSf,a2909b31d1c04d728cfcf68ca0d73cca,2025-03-03T15:57:47Z,1,This is like heavy metal funk and I kind of like it. ,51819c387d6f497281ef1baaffd17f00
spotify:track:0QYtZlAMNwyIWSxqa11Bi4,a2909b31d1c04d728cfcf68ca0d73cca,2025-03-03T15:57:47Z,0,I just can’t get into Neal. It’s not a bad song but the points were needed elsewhere. ,51819c387d6f497281ef1baaffd17f00
spotify:track:0q01PkXaaxdmKlt12EcBOx,a2909b31d1c04d728cfcf68ca0d73cca,2025-03-03T15:57:47Z,1,,51819c387d6f497281ef1baaffd17f00
spotify:track:0QPrde5XelykKWVwwgAbOD,a2909b31d1c04d728cfcf68ca0d73cca,2025-03-03T15:57:47Z,1,,51819c387d6f497281ef1baaffd17f00
spotify:track:0TUHqN9omctG8MsSwJMhej,a2909b31d1c04d728cfcf68ca0d73cca,2025-03-03T15:57:47Z,1,This song would be the perfect vibe for morning coffee on the porch. ,51819c387d6f497281ef1baaffd17f00
spotify:track:2BOM2OhPkqlI8CUMF951K1,a2909b31d1c04d728cfcf68ca0d73cca,2025-03-03T15:57:47Z,1,Real catchy. Definitely gonna check out the whole album. ,51819c387d6f497281ef1baaffd17f00
spotify:track:0QPrde5XelykKWVwwgAbOD,8453d173315c468e8134e2527a658ba5,2025-03-03T16:35:52Z,2,,51819c387d6f497281ef1baaffd17f00
spotify:track:0QYtZlAMNwyIWSxqa11Bi4,8453d173315c468e8134e2527a658ba5,2025-03-03T16:35:52Z,1,,51819c387d6f497281ef1baaffd17f00
spotify:track:0TUHqN9omctG8MsSwJMhej,8453d173315c468e8134e2527a658ba5,2025-03-03T16:35:52Z,1,,51819c387d6f497281ef1baaffd17f00
spotify:track:2BOM2OhPkqlI8CUMF951K1,8453d173315c468e8134e2527a658ba5,2025-03-03T16:35:52Z,4,,51819c387d6f497281ef1baaffd17f00
spotify:track:2rsEq7nJU0mQm5GxF2DV8B,8453d173315c468e8134e2527a658ba5,2025-03-03T16:35:52Z,1,,51819c387d6f497281ef1baaffd17f00
spotify:track:3KWwb2rZjI2P1hwuQ4gaqS,8453d173315c468e8134e2527a658ba5,2025-03-03T16:35:52Z,1,,51819c387d6f497281ef1baaffd17f00
spotify:track:5ptjyu9U6GLHiSBhav57fg,8453d173315c468e8134e2527a658ba5,2025-03-03T16:35:52Z,4,,51819c387d6f497281ef1baaffd17f00
spotify:track:7dzlMlXxwC2vhpKsfhM6S5,8453d173315c468e8134e2527a658ba5,2025-03-03T16:35:52Z,2,,51819c387d6f497281ef1baaffd17f00
spotify:track:0QYtZlAMNwyIWSxqa11Bi4,4e117e3021d7466c8bf0b654f8357418,2025-03-03T18:50:01Z,2,,51819c387d6f497281ef1baaffd17f00
spotify:track:0q01PkXaaxdmKlt12EcBOx,4e117e3021d7466c8bf0b654f8357418,2025-03-03T18:50:01Z,1,,51819c387d6f497281ef1baaffd17f00
spotify:track:0TUHqN9omctG8MsSwJMhej,4e117e3021d7466c8bf0b654f8357418,2025-03-03T18:50:01Z,4,,51819c387d6f497281ef1baaffd17f00
spotify:track:2BOM2OhPkqlI8CUMF951K1,4e117e3021d7466c8bf0b654f8357418,2025-03-03T18:50:01Z,3,,51819c387d6f497281ef1baaffd17f00
spotify:track:3YgvmhjFVbktfVVPjVCBt7,4e117e3021d7466c8bf0b654f8357418,2025-03-03T18:50:01Z,1,,51819c387d6f497281ef1baaffd17f00
spotify:track:5jx8nGaWvgYQZJd6k1OOuO,4e117e3021d7466c8bf0b654f8357418,2025-03-03T18:50:01Z,2,,51819c387d6f497281ef1baaffd17f00
spotify:track:5ptjyu9U6GLHiSBhav57fg,4e117e3021d7466c8bf0b654f8357418,2025-03-03T18:50:01Z,1,,51819c387d6f497281ef1baaffd17f00
spotify:track:7dzlMlXxwC2vhpKsfhM6S5,4e117e3021d7466c8bf0b654f8357418,2025-03-03T18:50:01Z,2,,51819c387d6f497281ef1baaffd17f00
spotify:track:0q01PkXaaxdmKlt12EcBOx,49a5ff7c4466457eb8016aaf873224cb,2025-03-03T21:44:53Z,1,Good for ketamine w/ eye mask & headphones prompt. Would traverse some galaxies to. ,51819c387d6f497281ef1baaffd17f00
spotify:track:0QPrde5XelykKWVwwgAbOD,49a5ff7c4466457eb8016aaf873224cb,2025-03-03T21:44:53Z,0,Little bridge/jam was sweet. Overall not much goin on for me. Runnin in circles’d,51819c387d6f497281ef1baaffd17f00
spotify:track:0QYtZlAMNwyIWSxqa11Bi4,49a5ff7c4466457eb8016aaf873224cb,2025-03-03T21:44:53Z,0,meh,51819c387d6f497281ef1baaffd17f00
spotify:track:0TUHqN9omctG8MsSwJMhej,49a5ff7c4466457eb8016aaf873224cb,2025-03-03T21:44:53Z,2,"They may have a lawsuit from the Harry Nilsson estate on their hands, but really enjoyed the track! 🍋‍🟩 🥥 ",51819c387d6f497281ef1baaffd17f00
spotify:track:2BOM2OhPkqlI8CUMF951K1,49a5ff7c4466457eb8016aaf873224cb,2025-03-03T21:44:53Z,0,Nothin doin for me. ,51819c387d6f497281ef1baaffd17f00
spotify:track:2rsEq7nJU0mQm5GxF2DV8B,49a5ff7c4466457eb8016aaf873224cb,2025-03-03T21:44:53Z,0,"Love ALO and catch them any time they come around. Their songs since 2011 or so don’t do it for me as much, though. Feels like they’ve exhausted their style and don’t have fresh ideas. Fly Between Falls is no doubt my favorite of their work. I think I like the other track more. Looking forward to listening to the rest of the album when it drops!",51819c387d6f497281ef1baaffd17f00
spotify:track:3KWwb2rZjI2P1hwuQ4gaqS,49a5ff7c4466457eb8016aaf873224cb,2025-03-03T21:44:53Z,1,Fucks. ,51819c387d6f497281ef1baaffd17f00
spotify:track:3YgvmhjFVbktfVVPjVCBt7,49a5ff7c4466457eb8016aaf873224cb,2025-03-03T21:44:53Z,0,"They may have a lawsuit from <every band they copied to make this album> on their hands, but the album is a real pleasant listen. They, will, get by. ",51819c387d6f497281ef1baaffd17f00
spotify:track:50o5tGVIiMBQN4MdYJ4FTv,49a5ff7c4466457eb8016aaf873224cb,2025-03-03T21:44:53Z,3,Oh baby. Love the way it flows and builds. ,51819c387d6f497281ef1baaffd17f00
spotify:track:5jx8nGaWvgYQZJd6k1OOuO,49a5ff7c4466457eb8016aaf873224cb,2025-03-03T21:44:53Z,2,Gives me some interesting 90s alt rock nostalgia while still being quite unique. Love it. ,51819c387d6f497281ef1baaffd17f00
spotify:track:5P5qbnKKR4wHhbnWncXsTt,49a5ff7c4466457eb8016aaf873224cb,2025-03-03T21:44:53Z,3,Tasty. Groovy. Mysterious. If Neal Francis was as good as we wanted him to be and then did a collab with Reznor and/or Maynard. ,51819c387d6f497281ef1baaffd17f00
spotify:track:5ptjyu9U6GLHiSBhav57fg,49a5ff7c4466457eb8016aaf873224cb,2025-03-03T21:44:53Z,0,"Drumming is super sick. Overall product leaving me wanting. I really like the Echoes album, it is super dynamic, but this felt a little too straight forward (circa 2010 Lettuce? Maybe?) Still technically super sound, but kept waiting for the break or B section that never came. Maybe it will sit better in the full album context as a powerhouse track. ",51819c387d6f497281ef1baaffd17f00
spotify:track:79S0nPgf2upTHNp6Z15E0v,49a5ff7c4466457eb8016aaf873224cb,2025-03-03T21:44:53Z,0,"Hmmm. Nice, chill, funky n groovy. No complaints but not standing out against some of the stiff competition here. ",51819c387d6f497281ef1baaffd17f00
spotify:track:7AwulfrG1x4sLicEYtQuSf,49a5ff7c4466457eb8016aaf873224cb,2025-03-03T21:44:53Z,1,Marcus Miller reincarnated as a British ginger? Song could be a sequel to Miller’s “Blast”. Interested in learning more about this guy. ,51819c387d6f497281ef1baaffd17f00
spotify:track:7dzlMlXxwC2vhpKsfhM6S5,49a5ff7c4466457eb8016aaf873224cb,2025-03-03T21:44:53Z,3,Mmmmbaby. This one covers some nice ground. Had to remove some points elsewhere so this could tie my other 3 pointers for highest marks of the round. ,51819c387d6f497281ef1baaffd17f00
spotify:track:0q01PkXaaxdmKlt12EcBOx,9b7e03ea90dd46db9779dc21eb04ca5a,2025-03-03T23:19:00Z,0,:/,51819c387d6f497281ef1baaffd17f00
spotify:track:0QPrde5XelykKWVwwgAbOD,9b7e03ea90dd46db9779dc21eb04ca5a,2025-03-03T23:19:00Z,1,,51819c387d6f497281ef1baaffd17f00
spotify:track:0QYtZlAMNwyIWSxqa11Bi4,9b7e03ea90dd46db9779dc21eb04ca5a,2025-03-03T23:19:00Z,2,"The man does not miss!

I'll never forget seeing him in a small back-room bar in Chicago before his first album came out. Tiny stage in the corner of this bar. Band could barely fit. They started off with maybe 15ish people watching, the rest of the patrons just getting drinks at the bar. He absolutely destroyed, and before long the entire place was dancing.

Haven't heard this yet, so good. 
",51819c387d6f497281ef1baaffd17f00
spotify:track:0TUHqN9omctG8MsSwJMhej,9b7e03ea90dd46db9779dc21eb04ca5a,2025-03-03T23:19:00Z,2,Absolutely gorgeous ,51819c387d6f497281ef1baaffd17f00
spotify:track:2BOM2OhPkqlI8CUMF951K1,9b7e03ea90dd46db9779dc21eb04ca5a,2025-03-03T23:19:00Z,4,"YES YES YES YES YES YES YES YES YES YES YES YES YES YES YES YES YES YES YES YES YES YES YES YES YES YES YES YES YES YES YES YES YES YES YES YES YES YES YES YES. 
WINNER WINNER CHICKEN DINNER.",51819c387d6f497281ef1baaffd17f00
spotify:track:3KWwb2rZjI2P1hwuQ4gaqS,9b7e03ea90dd46db9779dc21eb04ca5a,2025-03-03T23:19:00Z,1,"Space Between Us > Space Between Frames
",51819c387d6f497281ef1baaffd17f00
spotify:track:3YgvmhjFVbktfVVPjVCBt7,9b7e03ea90dd46db9779dc21eb04ca5a,2025-03-03T23:19:00Z,1,,51819c387d6f497281ef1baaffd17f00
spotify:track:50o5tGVIiMBQN4MdYJ4FTv,9b7e03ea90dd46db9779dc21eb04ca5a,2025-03-03T23:19:00Z,1,,51819c387d6f497281ef1baaffd17f00
spotify:track:5jx8nGaWvgYQZJd6k1OOuO,9b7e03ea90dd46db9779dc21eb04ca5a,2025-03-03T23:19:00Z,1,,51819c387d6f497281ef1baaffd17f00
spotify:track:79S0nPgf2upTHNp6Z15E0v,9b7e03ea90dd46db9779dc21eb04ca5a,2025-03-03T23:19:00Z,1,This album was on my short list. Glad it made it onto this playlist. ,51819c387d6f497281ef1baaffd17f00
spotify:track:7dzlMlXxwC2vhpKsfhM6S5,9b7e03ea90dd46db9779dc21eb04ca5a,2025-03-03T23:19:00Z,2,This was such a good build,51819c387d6f497281ef1baaffd17f00
spotify:track:0TUHqN9omctG8MsSwJMhej,183c5f6ed1b147099842917a9576c8f4,2025-03-04T02:19:52Z,2,Easily displaces Shaggy's Boombastic as my fav song with Boom in the title. ,51819c387d6f497281ef1baaffd17f00
spotify:track:7dzlMlXxwC2vhpKsfhM6S5,183c5f6ed1b147099842917a9576c8f4,2025-03-04T02:19:52Z,1,Hope to see more of this from the new L'Impetatrice!,51819c387d6f497281ef1baaffd17f00
spotify:track:7AwulfrG1x4sLicEYtQuSf,183c5f6ed1b147099842917a9576c8f4,2025-03-04T02:19:52Z,1,Absolute ripper in small package. ,51819c387d6f497281ef1baaffd17f00
spotify:track:79S0nPgf2upTHNp6Z15E0v,183c5f6ed1b147099842917a9576c8f4,2025-03-04T02:19:52Z,1,,51819c387d6f497281ef1baaffd17f00
spotify:track:5ptjyu9U6GLHiSBhav57fg,183c5f6ed1b147099842917a9576c8f4,2025-03-04T02:19:52Z,1,Definitely looking up these guys next time in Austin. ,51819c387d6f497281ef1baaffd17f00
spotify:track:5P5qbnKKR4wHhbnWncXsTt,183c5f6ed1b147099842917a9576c8f4,2025-03-04T02:19:52Z,3,"Was my first choice, but you beat me to it!  Dave Hamilton studying under Stevie?",51819c387d6f497281ef1baaffd17f00
spotify:track:50o5tGVIiMBQN4MdYJ4FTv,183c5f6ed1b147099842917a9576c8f4,2025-03-04T02:19:52Z,2,Driving. Sort of hear a flamenco beat.  Catchy. Love it. ,51819c387d6f497281ef1baaffd17f00
spotify:track:3YgvmhjFVbktfVVPjVCBt7,183c5f6ed1b147099842917a9576c8f4,2025-03-04T02:19:52Z,2,Beautiful track. Another one of theirs that gives me strong studio Dead vibes. ,51819c387d6f497281ef1baaffd17f00
spotify:track:3KWwb2rZjI2P1hwuQ4gaqS,183c5f6ed1b147099842917a9576c8f4,2025-03-04T02:19:52Z,2,Funkier than a mosquito's tweeter,51819c387d6f497281ef1baaffd17f00
spotify:track:2rsEq7nJU0mQm5GxF2DV8B,183c5f6ed1b147099842917a9576c8f4,2025-03-04T02:19:52Z,0,Nice tune. Was hearing Jack Johnson and then looked them up and their on his label!,51819c387d6f497281ef1baaffd17f00
spotify:track:2BOM2OhPkqlI8CUMF951K1,183c5f6ed1b147099842917a9576c8f4,2025-03-04T02:19:52Z,0,Just overshadowed by some other funk on the list. ,51819c387d6f497281ef1baaffd17f00
spotify:track:0QPrde5XelykKWVwwgAbOD,183c5f6ed1b147099842917a9576c8f4,2025-03-04T02:19:52Z,0,An elevated Jamiroquai. And I mean that in the best way possible.  Sexy song but didn't make my cut with these other bangers. ,51819c387d6f497281ef1baaffd17f00
spotify:track:0QYtZlAMNwyIWSxqa11Bi4,183c5f6ed1b147099842917a9576c8f4,2025-03-04T02:19:52Z,1,"Neal's tricking us again. But if Say She She is confirmed at his next show, I'll go. ",51819c387d6f497281ef1baaffd17f00
spotify:track:3YgvmhjFVbktfVVPjVCBt7,7fdceb56429c4e38939c3e5ee41bfdd0,2025-03-04T04:46:40Z,2,,51819c387d6f497281ef1baaffd17f00
spotify:track:0QYtZlAMNwyIWSxqa11Bi4,7fdceb56429c4e38939c3e5ee41bfdd0,2025-03-04T04:46:40Z,2,,51819c387d6f497281ef1baaffd17f00
spotify:track:0TUHqN9omctG8MsSwJMhej,7fdceb56429c4e38939c3e5ee41bfdd0,2025-03-04T04:46:40Z,1,,51819c387d6f497281ef1baaffd17f00
spotify:track:2BOM2OhPkqlI8CUMF951K1,7fdceb56429c4e38939c3e5ee41bfdd0,2025-03-04T04:46:40Z,1,,51819c387d6f497281ef1baaffd17f00
spotify:track:3KWwb2rZjI2P1hwuQ4gaqS,7fdceb56429c4e38939c3e5ee41bfdd0,2025-03-04T04:46:40Z,1,,51819c387d6f497281ef1baaffd17f00
spotify:track:50o5tGVIiMBQN4MdYJ4FTv,7fdceb56429c4e38939c3e5ee41bfdd0,2025-03-04T04:46:40Z,1,,51819c387d6f497281ef1baaffd17f00
spotify:track:5jx8nGaWvgYQZJd6k1OOuO,7fdceb56429c4e38939c3e5ee41bfdd0,2025-03-04T04:46:40Z,1,,51819c387d6f497281ef1baaffd17f00
spotify:track:5P5qbnKKR4wHhbnWncXsTt,7fdceb56429c4e38939c3e5ee41bfdd0,2025-03-04T04:46:40Z,2,,51819c387d6f497281ef1baaffd17f00
spotify:track:5ptjyu9U6GLHiSBhav57fg,7fdceb56429c4e38939c3e5ee41bfdd0,2025-03-04T04:46:40Z,2,,51819c387d6f497281ef1baaffd17f00
spotify:track:79S0nPgf2upTHNp6Z15E0v,7fdceb56429c4e38939c3e5ee41bfdd0,2025-03-04T04:46:40Z,2,,51819c387d6f497281ef1baaffd17f00
spotify:track:7dzlMlXxwC2vhpKsfhM6S5,7fdceb56429c4e38939c3e5ee41bfdd0,2025-03-04T04:46:40Z,1,,51819c387d6f497281ef1baaffd17f00
spotify:track:0QYtZlAMNwyIWSxqa11Bi4,e5c2390073644e979f43e744c33e6c60,2025-03-04T12:41:37Z,1,,51819c387d6f497281ef1baaffd17f00
spotify:track:0TUHqN9omctG8MsSwJMhej,e5c2390073644e979f43e744c33e6c60,2025-03-04T12:41:37Z,2,,51819c387d6f497281ef1baaffd17f00
spotify:track:2BOM2OhPkqlI8CUMF951K1,e5c2390073644e979f43e744c33e6c60,2025-03-04T12:41:37Z,2,,51819c387d6f497281ef1baaffd17f00
spotify:track:3YgvmhjFVbktfVVPjVCBt7,e5c2390073644e979f43e744c33e6c60,2025-03-04T12:41:37Z,1,Felt like uncle John’s band and sultans of swing had a love child ,51819c387d6f497281ef1baaffd17f00
spotify:track:50o5tGVIiMBQN4MdYJ4FTv,e5c2390073644e979f43e744c33e6c60,2025-03-04T12:41:37Z,1,,51819c387d6f497281ef1baaffd17f00
spotify:track:5ptjyu9U6GLHiSBhav57fg,e5c2390073644e979f43e744c33e6c60,2025-03-04T12:41:37Z,3,,51819c387d6f497281ef1baaffd17f00
spotify:track:79S0nPgf2upTHNp6Z15E0v,e5c2390073644e979f43e744c33e6c60,2025-03-04T12:41:37Z,2,Saxy ,51819c387d6f497281ef1baaffd17f00
spotify:track:7AwulfrG1x4sLicEYtQuSf,e5c2390073644e979f43e744c33e6c60,2025-03-04T12:41:37Z,2,,51819c387d6f497281ef1baaffd17f00
spotify:track:7dzlMlXxwC2vhpKsfhM6S5,e5c2390073644e979f43e744c33e6c60,2025-03-04T12:41:37Z,2,,51819c387d6f497281ef1baaffd17f00
spotify:track:0QPrde5XelykKWVwwgAbOD,1c89e947d02949ed86d05ec22a7350bf,2025-03-04T15:14:01Z,4,My fav new album of year. Tried to submit but you beat me to!,51819c387d6f497281ef1baaffd17f00
spotify:track:0TUHqN9omctG8MsSwJMhej,1c89e947d02949ed86d05ec22a7350bf,2025-03-04T15:14:01Z,2,Swoooon love her nice change of pace from much of this playlist ,51819c387d6f497281ef1baaffd17f00
spotify:track:2BOM2OhPkqlI8CUMF951K1,1c89e947d02949ed86d05ec22a7350bf,2025-03-04T15:14:01Z,5,Fav new find on the whole playlist for me. Thanks for sharing will def check more of him out ,51819c387d6f497281ef1baaffd17f00
spotify:track:50o5tGVIiMBQN4MdYJ4FTv,1c89e947d02949ed86d05ec22a7350bf,2025-03-04T15:14:01Z,1,,51819c387d6f497281ef1baaffd17f00
spotify:track:5P5qbnKKR4wHhbnWncXsTt,1c89e947d02949ed86d05ec22a7350bf,2025-03-04T15:14:01Z,1,,51819c387d6f497281ef1baaffd17f00
spotify:track:5ptjyu9U6GLHiSBhav57fg,1c89e947d02949ed86d05ec22a7350bf,2025-03-04T15:14:01Z,2,Best use of horns on the playlist ,51819c387d6f497281ef1baaffd17f00
spotify:track:79S0nPgf2upTHNp6Z15E0v,1c89e947d02949ed86d05ec22a7350bf,2025-03-04T15:14:01Z,1,,51819c387d6f497281ef1baaffd17f00
spotify:track:0q01PkXaaxdmKlt12EcBOx,605866a938e54c5da212fc8595186729,2025-03-04T15:43:18Z,4,,51819c387d6f497281ef1baaffd17f00
spotify:track:0QPrde5XelykKWVwwgAbOD,605866a938e54c5da212fc8595186729,2025-03-04T15:43:18Z,2,,51819c387d6f497281ef1baaffd17f00
spotify:track:0QYtZlAMNwyIWSxqa11Bi4,605866a938e54c5da212fc8595186729,2025-03-04T15:43:18Z,1,Wanted to love this song…..,51819c387d6f497281ef1baaffd17f00
spotify:track:0TUHqN9omctG8MsSwJMhej,605866a938e54c5da212fc8595186729,2025-03-04T15:43:18Z,1,,51819c387d6f497281ef1baaffd17f00
spotify:track:50o5tGVIiMBQN4MdYJ4FTv,605866a938e54c5da212fc8595186729,2025-03-04T15:43:18Z,1,,51819c387d6f497281ef1baaffd17f00
spotify:track:79S0nPgf2upTHNp6Z15E0v,605866a938e54c5da212fc8595186729,2025-03-04T15:43:18Z,2,Love this album,51819c387d6f497281ef1baaffd17f00
spotify:track:7AwulfrG1x4sLicEYtQuSf,605866a938e54c5da212fc8595186729,2025-03-04T15:43:18Z,3,,51819c387d6f497281ef1baaffd17f00
spotify:track:7dzlMlXxwC2vhpKsfhM6S5,605866a938e54c5da212fc8595186729,2025-03-04T15:43:18Z,2,,51819c387d6f497281ef1baaffd17f00
spotify:track:0q01PkXaaxdmKlt12EcBOx,0b4377c224ba402d97adce848425da90,2025-03-04T18:44:03Z,2,"This reminds me a lot of the theme music from the show Industry, and I dig it. (“Blue Spring” by Nathan Micay)",51819c387d6f497281ef1baaffd17f00
spotify:track:0QPrde5XelykKWVwwgAbOD,0b4377c224ba402d97adce848425da90,2025-03-04T18:44:03Z,0,I feel like this song has been made already.  ,51819c387d6f497281ef1baaffd17f00
spotify:track:0QYtZlAMNwyIWSxqa11Bi4,0b4377c224ba402d97adce848425da90,2025-03-04T18:44:03Z,0,The sum is less than the parts for me. ,51819c387d6f497281ef1baaffd17f00
spotify:track:2BOM2OhPkqlI8CUMF951K1,0b4377c224ba402d97adce848425da90,2025-03-04T18:44:03Z,2,Dope,51819c387d6f497281ef1baaffd17f00
spotify:track:2rsEq7nJU0mQm5GxF2DV8B,0b4377c224ba402d97adce848425da90,2025-03-04T18:44:03Z,1,I bopped. ,51819c387d6f497281ef1baaffd17f00
spotify:track:3KWwb2rZjI2P1hwuQ4gaqS,0b4377c224ba402d97adce848425da90,2025-03-04T18:44:03Z,3,Super dope ,51819c387d6f497281ef1baaffd17f00
spotify:track:3YgvmhjFVbktfVVPjVCBt7,0b4377c224ba402d97adce848425da90,2025-03-04T18:44:03Z,0,There are rules here. ,51819c387d6f497281ef1baaffd17f00
spotify:track:50o5tGVIiMBQN4MdYJ4FTv,0b4377c224ba402d97adce848425da90,2025-03-04T18:44:03Z,4,Great stuff. Big fan of his album “El Dorado”,51819c387d6f497281ef1baaffd17f00
spotify:track:5ptjyu9U6GLHiSBhav57fg,0b4377c224ba402d97adce848425da90,2025-03-04T18:44:03Z,3,Great afrobeat feel. Slick drumming. ,51819c387d6f497281ef1baaffd17f00
spotify:track:79S0nPgf2upTHNp6Z15E0v,0b4377c224ba402d97adce848425da90,2025-03-04T18:44:03Z,0,A different song from this album made my short list. This track is too chatty for me. Inglewooood…. we get it. ,51819c387d6f497281ef1baaffd17f00
spotify:track:7AwulfrG1x4sLicEYtQuSf,0b4377c224ba402d97adce848425da90,2025-03-04T18:44:03Z,0,Nasty (would have been a 4). But released as a single in 2023!,51819c387d6f497281ef1baaffd17f00
spotify:track:7dzlMlXxwC2vhpKsfhM6S5,0b4377c224ba402d97adce848425da90,2025-03-04T18:44:03Z,1,,51819c387d6f497281ef1baaffd17f00
spotify:track:0q01PkXaaxdmKlt12EcBOx,7acfbf6ff4234d00875b58e7b2ec389d,2025-03-04T21:01:38Z,1,"Points for creativity for sure.  Something I doubt would ever make it's way to me. I appreciate that.  It's just not totally my style.  It's a bit too club for me, and I go to Home Depot.  I really hope this guys' name is Bob. ",51819c387d6f497281ef1baaffd17f00
spotify:track:0QPrde5XelykKWVwwgAbOD,7acfbf6ff4234d00875b58e7b2ec389d,2025-03-04T21:01:38Z,1,"Another track that I would never find.  Sir Woman is a bit too Sir Boy Bandy sounding for my liking.  It's good for that genre though.  Bye, Bye, Bye",51819c387d6f497281ef1baaffd17f00
spotify:track:0QYtZlAMNwyIWSxqa11Bi4,7acfbf6ff4234d00875b58e7b2ec389d,2025-03-04T21:01:38Z,2,"I've long been a major supporter of Say She She and Neal Francis.  Didn't know this existed, and it's awesome.  Def watched Neal with two very attractive females at Jones Beach.  So you could say he was saying she she that night. ",51819c387d6f497281ef1baaffd17f00
spotify:track:0TUHqN9omctG8MsSwJMhej,7acfbf6ff4234d00875b58e7b2ec389d,2025-03-04T21:01:38Z,1,Gorgeous. I love opening up the windows.  We don't get a lot of Sierra Hull in Buffalo but I always hear such rave reviews.  Little known fact.  Her father is not Brett.  ,51819c387d6f497281ef1baaffd17f00
spotify:track:2BOM2OhPkqlI8CUMF951K1,7acfbf6ff4234d00875b58e7b2ec389d,2025-03-04T21:01:38Z,2,This is fire. Insta save.  I really can't wait to play this sometime for whoever submitted this when we get to the top floor in an elevator.  Hopefully to a pool party. ,51819c387d6f497281ef1baaffd17f00
spotify:track:2rsEq7nJU0mQm5GxF2DV8B,7acfbf6ff4234d00875b58e7b2ec389d,2025-03-04T21:01:38Z,0,This is like a 2 ton wheel of 18 year old aged cheddar cheese. It's too much cheese.  I want to throw a giant can of red paint on this blank canvas.  It makes me think ALO stands for Always Listen at the Optometrist. ,51819c387d6f497281ef1baaffd17f00
spotify:track:3KWwb2rZjI2P1hwuQ4gaqS,7acfbf6ff4234d00875b58e7b2ec389d,2025-03-04T21:01:38Z,2,"Franc Moody FUCKING RULES.  I've been so into them.  Always gets me grooving, dancing, and feeling great. This another banger from them.  A little known fact.  They were super popular in the 70s as an overplayed Blues Band. ",51819c387d6f497281ef1baaffd17f00
spotify:track:3YgvmhjFVbktfVVPjVCBt7,7acfbf6ff4234d00875b58e7b2ec389d,2025-03-04T21:01:38Z,0,"It's so funny a band as unknown as Rose City can be so well known in our circle.  They rock but his song is wayyy to much like ""Runnin' Down a Dream"" and ""Sugar Magnolia"" had incestuous affair for my liking.  ",51819c387d6f497281ef1baaffd17f00
spotify:track:50o5tGVIiMBQN4MdYJ4FTv,7acfbf6ff4234d00875b58e7b2ec389d,2025-03-04T21:01:38Z,0,#LatinMemo,51819c387d6f497281ef1baaffd17f00
spotify:track:5jx8nGaWvgYQZJd6k1OOuO,7acfbf6ff4234d00875b58e7b2ec389d,2025-03-04T21:01:38Z,2,"I got introduced to Lucius in the last league, and I'm a fan.  I was alive during the actual Gold Rush and it didn't sound anything like this.  Good pick.  ",51819c387d6f497281ef1baaffd17f00
spotify:track:5P5qbnKKR4wHhbnWncXsTt,7acfbf6ff4234d00875b58e7b2ec389d,2025-03-04T21:01:38Z,2,"The new Darkside is seriously incredible.  Multiple spins already, but this would not have been my pick.  Although it's prob the most listener friendly, so I get it.  I can't stop spinning Are you Tired? (Keep on Singing).  I was going to submit that. Darkside might be the coolest fucking band.  ",51819c387d6f497281ef1baaffd17f00
spotify:track:5ptjyu9U6GLHiSBhav57fg,7acfbf6ff4234d00875b58e7b2ec389d,2025-03-04T21:01:38Z,1,Into this.  Power and groove.  Zero idea how to pronounce this band name.  It's like someone sneezed and hit all the keys on the keyboard at the same time.  Kind of like Khruangbin and BALTHVS (hat tip Kenny),51819c387d6f497281ef1baaffd17f00
spotify:track:79S0nPgf2upTHNp6Z15E0v,7acfbf6ff4234d00875b58e7b2ec389d,2025-03-04T21:01:38Z,0,"It's cool, I prob would never find this, but it's a bit too much like every single Jazz song I've heard.  Throw a little flute, some weird sax noises, noodle around and boom you got a single! ",51819c387d6f497281ef1baaffd17f00
spotify:track:7AwulfrG1x4sLicEYtQuSf,7acfbf6ff4234d00875b58e7b2ec389d,2025-03-04T21:01:38Z,1,"This guy is better than me at Bass.  And probably at being cool.  Ok, both of those things for sure.  Big sound.  Def the type of guy I'd like to see live. ",51819c387d6f497281ef1baaffd17f00
spotify:track:7dzlMlXxwC2vhpKsfhM6S5,7acfbf6ff4234d00875b58e7b2ec389d,2025-03-04T21:01:38Z,1,"This band is fucking awesome.  I would love to be in this band, but they would be like  ""Ummm....we don't allow dudes that wear a hoodie every day of their life."" This band def has cats though. ",51819c387d6f497281ef1baaffd17f00
spotify:track:0QPrde5XelykKWVwwgAbOD,bf3a904d73564b6c97f9e47c5429b767,2025-03-05T13:25:00Z,2,,51819c387d6f497281ef1baaffd17f00
spotify:track:0QYtZlAMNwyIWSxqa11Bi4,bf3a904d73564b6c97f9e47c5429b767,2025-03-05T13:25:00Z,1,,51819c387d6f497281ef1baaffd17f00
spotify:track:0TUHqN9omctG8MsSwJMhej,bf3a904d73564b6c97f9e47c5429b767,2025-03-05T13:25:00Z,1,,51819c387d6f497281ef1baaffd17f00
spotify:track:2BOM2OhPkqlI8CUMF951K1,bf3a904d73564b6c97f9e47c5429b767,2025-03-05T13:25:00Z,2,,51819c387d6f497281ef1baaffd17f00
spotify:track:3YgvmhjFVbktfVVPjVCBt7,bf3a904d73564b6c97f9e47c5429b767,2025-03-05T13:25:00Z,2,this band is great,51819c387d6f497281ef1baaffd17f00
spotify:track:50o5tGVIiMBQN4MdYJ4FTv,bf3a904d73564b6c97f9e47c5429b767,2025-03-05T13:25:00Z,1,,51819c387d6f497281ef1baaffd17f00
spotify:track:5jx8nGaWvgYQZJd6k1OOuO,bf3a904d73564b6c97f9e47c5429b767,2025-03-05T13:25:00Z,1,,51819c387d6f497281ef1baaffd17f00
spotify:track:5P5qbnKKR4wHhbnWncXsTt,bf3a904d73564b6c97f9e47c5429b767,2025-03-05T13:25:00Z,2,great band,51819c387d6f497281ef1baaffd17f00
spotify:track:5ptjyu9U6GLHiSBhav57fg,bf3a904d73564b6c97f9e47c5429b767,2025-03-05T13:25:00Z,1,,51819c387d6f497281ef1baaffd17f00
spotify:track:79S0nPgf2upTHNp6Z15E0v,bf3a904d73564b6c97f9e47c5429b767,2025-03-05T13:25:00Z,2,"I almost picked this song
",51819c387d6f497281ef1baaffd17f00
spotify:track:7AwulfrG1x4sLicEYtQuSf,bf3a904d73564b6c97f9e47c5429b767,2025-03-05T13:25:00Z,1,,51819c387d6f497281ef1baaffd17f00
spotify:track:06IfNMdoVrWAizU8boYYCt,ce76a5e6ff274137bb5127db7065d9a8,2025-03-07T17:55:18Z,1,I agree with the message and it definitely made me shake my tushy,fc975de786424ff6a38432e5fca873a7
spotify:track:6rHlF2GEH8SlKeo04uqQHF,ce76a5e6ff274137bb5127db7065d9a8,2025-03-07T17:55:18Z,1,I think this one popped up in my shuffling. Or I listened to it elsewhere. Either way it caught my ear so here’s a point,fc975de786424ff6a38432e5fca873a7
spotify:track:6KkdsySYUb9mjz6vUNTgsI,ce76a5e6ff274137bb5127db7065d9a8,2025-03-07T17:55:18Z,4,Dank,fc975de786424ff6a38432e5fca873a7
spotify:track:6jP0sdoPg0SQukJOKYEUi9,ce76a5e6ff274137bb5127db7065d9a8,2025-03-07T17:55:18Z,1,I never thought of bus stops as being so funky but here we are with two songs about em. Out of 260 hours worth of songs. ,fc975de786424ff6a38432e5fca873a7
spotify:track:2znXL2KwdT1fwMecbIZDtp,ce76a5e6ff274137bb5127db7065d9a8,2025-03-07T17:55:18Z,5,Yup. Yup. Take all my points. ,fc975de786424ff6a38432e5fca873a7
spotify:track:2QWNoieQ1qIzhN9Ho4IqeU,ce76a5e6ff274137bb5127db7065d9a8,2025-03-07T17:55:18Z,0,Part of what I struggled with when picking was that I wanted something that really stood out. And while this is good (it all is) I don’t know if it’s different enough for me,fc975de786424ff6a38432e5fca873a7
spotify:track:1YBeUOMrOnmkgiFzSx9TlA,ce76a5e6ff274137bb5127db7065d9a8,2025-03-07T17:55:18Z,3,Very cool. Very cool. ,fc975de786424ff6a38432e5fca873a7
spotify:track:0MYKfjepQjBvp7CkJqCsML,ce76a5e6ff274137bb5127db7065d9a8,2025-03-07T17:55:18Z,0,"I appreciate that this one had a different vibe, but it didn’t really do it for me",fc975de786424ff6a38432e5fca873a7
spotify:track:0DxZQkKV0pePy2nLGk24wX,ce76a5e6ff274137bb5127db7065d9a8,2025-03-07T17:55:18Z,1,I like it. Shook my booty even if I zoned out a bit in the middle ,fc975de786424ff6a38432e5fca873a7
spotify:track:0DxZQkKV0pePy2nLGk24wX,4e117e3021d7466c8bf0b654f8357418,2025-03-07T18:18:03Z,2,,fc975de786424ff6a38432e5fca873a7
spotify:track:06IfNMdoVrWAizU8boYYCt,4e117e3021d7466c8bf0b654f8357418,2025-03-07T18:18:03Z,1,,fc975de786424ff6a38432e5fca873a7
spotify:track:6KkdsySYUb9mjz6vUNTgsI,4e117e3021d7466c8bf0b654f8357418,2025-03-07T18:18:03Z,2,Franklin’s Tower-ass ending,fc975de786424ff6a38432e5fca873a7
spotify:track:6jP0sdoPg0SQukJOKYEUi9,4e117e3021d7466c8bf0b654f8357418,2025-03-07T18:18:03Z,1,What’s with all the bus stop songs?,fc975de786424ff6a38432e5fca873a7
spotify:track:5oJtuBTQjjNteO2bIKp5qI,4e117e3021d7466c8bf0b654f8357418,2025-03-07T18:18:03Z,3,,fc975de786424ff6a38432e5fca873a7
spotify:track:42dWp81BKDOSyEOzaTp3ew,4e117e3021d7466c8bf0b654f8357418,2025-03-07T18:18:03Z,1,,fc975de786424ff6a38432e5fca873a7
spotify:track:3GrvFBxKFjaYnYpDiKcPWK,4e117e3021d7466c8bf0b654f8357418,2025-03-07T18:18:03Z,1,Reminded me of a Cosby Show theme,fc975de786424ff6a38432e5fca873a7
spotify:track:38AwzEF66Zhq0LHoYhUcG7,4e117e3021d7466c8bf0b654f8357418,2025-03-07T18:18:03Z,3,Second best track in the playlist after mine,fc975de786424ff6a38432e5fca873a7
spotify:track:31uf9Tc89J22N0OjGzodNa,4e117e3021d7466c8bf0b654f8357418,2025-03-07T18:18:03Z,1,,fc975de786424ff6a38432e5fca873a7
spotify:track:2QWNoieQ1qIzhN9Ho4IqeU,4e117e3021d7466c8bf0b654f8357418,2025-03-07T18:18:03Z,1,,fc975de786424ff6a38432e5fca873a7
spotify:track:0MYKfjepQjBvp7CkJqCsML,1c89e947d02949ed86d05ec22a7350bf,2025-03-07T18:43:13Z,1,,fc975de786424ff6a38432e5fca873a7
spotify:track:0DxZQkKV0pePy2nLGk24wX,1c89e947d02949ed86d05ec22a7350bf,2025-03-07T18:43:13Z,0,"dig it, but the afro beat isnt my fav sub genre within this greater genre. ",fc975de786424ff6a38432e5fca873a7
spotify:track:7qD3BnKbj7R7KZmUY8JXf3,1c89e947d02949ed86d05ec22a7350bf,2025-03-07T18:43:13Z,2,"One my fav bands ive discovered through the years from this master playlist. spotify loves to play me ""The Dirty"" from this album, check it out!",fc975de786424ff6a38432e5fca873a7
spotify:track:6rHlF2GEH8SlKeo04uqQHF,1c89e947d02949ed86d05ec22a7350bf,2025-03-07T18:43:13Z,1,,fc975de786424ff6a38432e5fca873a7
spotify:track:5oJtuBTQjjNteO2bIKp5qI,1c89e947d02949ed86d05ec22a7350bf,2025-03-07T18:43:13Z,2,TNM can do no wrong. ,fc975de786424ff6a38432e5fca873a7
spotify:track:42dWp81BKDOSyEOzaTp3ew,1c89e947d02949ed86d05ec22a7350bf,2025-03-07T18:43:13Z,1,Relevancy point ,fc975de786424ff6a38432e5fca873a7
spotify:track:3pr3WRROWjHhoAmjX8cIYU,1c89e947d02949ed86d05ec22a7350bf,2025-03-07T18:43:13Z,1,,fc975de786424ff6a38432e5fca873a7
spotify:track:38AwzEF66Zhq0LHoYhUcG7,1c89e947d02949ed86d05ec22a7350bf,2025-03-07T18:43:13Z,4,"Love this, was super close to submitting their song ""Fat Lip"" from this same album **Clear fav for me this go around **",fc975de786424ff6a38432e5fca873a7
spotify:track:2QWNoieQ1qIzhN9Ho4IqeU,1c89e947d02949ed86d05ec22a7350bf,2025-03-07T18:43:13Z,1,"I too feel nice after listening, good pick",fc975de786424ff6a38432e5fca873a7
spotify:track:1YBeUOMrOnmkgiFzSx9TlA,1c89e947d02949ed86d05ec22a7350bf,2025-03-07T18:43:13Z,3,"I see this was composed by Gregg Allman, I can hear it! ",fc975de786424ff6a38432e5fca873a7
spotify:track:2znXL2KwdT1fwMecbIZDtp,bf3a904d73564b6c97f9e47c5429b767,2025-03-07T18:45:03Z,3,,fc975de786424ff6a38432e5fca873a7
spotify:track:0MYKfjepQjBvp7CkJqCsML,bf3a904d73564b6c97f9e47c5429b767,2025-03-07T18:45:03Z,1,,fc975de786424ff6a38432e5fca873a7
spotify:track:7qD3BnKbj7R7KZmUY8JXf3,bf3a904d73564b6c97f9e47c5429b767,2025-03-07T18:45:03Z,1,,fc975de786424ff6a38432e5fca873a7
spotify:track:6rHlF2GEH8SlKeo04uqQHF,bf3a904d73564b6c97f9e47c5429b767,2025-03-07T18:45:03Z,1,,fc975de786424ff6a38432e5fca873a7
spotify:track:42dWp81BKDOSyEOzaTp3ew,bf3a904d73564b6c97f9e47c5429b767,2025-03-07T18:45:03Z,2,,fc975de786424ff6a38432e5fca873a7
spotify:track:3pr3WRROWjHhoAmjX8cIYU,bf3a904d73564b6c97f9e47c5429b767,2025-03-07T18:45:03Z,1,,fc975de786424ff6a38432e5fca873a7
spotify:track:3GrvFBxKFjaYnYpDiKcPWK,bf3a904d73564b6c97f9e47c5429b767,2025-03-07T18:45:03Z,3,,fc975de786424ff6a38432e5fca873a7
spotify:track:38AwzEF66Zhq0LHoYhUcG7,bf3a904d73564b6c97f9e47c5429b767,2025-03-07T18:45:03Z,1,,fc975de786424ff6a38432e5fca873a7
spotify:track:31uf9Tc89J22N0OjGzodNa,bf3a904d73564b6c97f9e47c5429b767,2025-03-07T18:45:03Z,1,,fc975de786424ff6a38432e5fca873a7
spotify:track:2QWNoieQ1qIzhN9Ho4IqeU,bf3a904d73564b6c97f9e47c5429b767,2025-03-07T18:45:03Z,2,,fc975de786424ff6a38432e5fca873a7
spotify:track:2znXL2KwdT1fwMecbIZDtp,8453d173315c468e8134e2527a658ba5,2025-03-07T18:46:38Z,1,Timmy picked this,fc975de786424ff6a38432e5fca873a7
spotify:track:06IfNMdoVrWAizU8boYYCt,8453d173315c468e8134e2527a658ba5,2025-03-07T18:46:38Z,2,"Sam picked this, and if she didn’t it’s getting all of her votes. ✊🏼 ",fc975de786424ff6a38432e5fca873a7
spotify:track:0DxZQkKV0pePy2nLGk24wX,8453d173315c468e8134e2527a658ba5,2025-03-07T18:46:38Z,2,Josh G picked this,fc975de786424ff6a38432e5fca873a7
spotify:track:0MYKfjepQjBvp7CkJqCsML,8453d173315c468e8134e2527a658ba5,2025-03-07T18:46:38Z,0,Lildisk picked this. Big on the cinematic soul,fc975de786424ff6a38432e5fca873a7
spotify:track:1YBeUOMrOnmkgiFzSx9TlA,8453d173315c468e8134e2527a658ba5,2025-03-07T18:46:38Z,1,Going with Jen here. Feel like she would be all about an Allmans cover. If it was whipping post I would say Kenny ,fc975de786424ff6a38432e5fca873a7
spotify:track:2QWNoieQ1qIzhN9Ho4IqeU,8453d173315c468e8134e2527a658ba5,2025-03-07T18:46:38Z,1,Josh or Justin I don’t know you but one of you probably picked this. Thanks for participating in this round where everybody kissed my butt ,fc975de786424ff6a38432e5fca873a7
spotify:track:31uf9Tc89J22N0OjGzodNa,8453d173315c468e8134e2527a658ba5,2025-03-07T18:46:38Z,0,This is a Brinks selection. Weird funky jazz,fc975de786424ff6a38432e5fca873a7
spotify:track:38AwzEF66Zhq0LHoYhUcG7,8453d173315c468e8134e2527a658ba5,2025-03-07T18:46:38Z,1,Zeez picked this. Dude loves some good geetar. ,fc975de786424ff6a38432e5fca873a7
spotify:track:3pr3WRROWjHhoAmjX8cIYU,8453d173315c468e8134e2527a658ba5,2025-03-07T18:46:38Z,2,Memo picked this he loves the bamboos and so do I and that’s why we’re friends ,fc975de786424ff6a38432e5fca873a7
spotify:track:42dWp81BKDOSyEOzaTp3ew,8453d173315c468e8134e2527a658ba5,2025-03-07T18:46:38Z,2,Rick picked this. Big Roy Ayers guy. Rest in Power,fc975de786424ff6a38432e5fca873a7
spotify:track:5oJtuBTQjjNteO2bIKp5qI,8453d173315c468e8134e2527a658ba5,2025-03-07T18:46:38Z,0,Josh or Justin,fc975de786424ff6a38432e5fca873a7
spotify:track:6jP0sdoPg0SQukJOKYEUi9,8453d173315c468e8134e2527a658ba5,2025-03-07T18:46:38Z,1,Dianna picked this. It’s her favorite song I introduced her to since grazing in the grass,fc975de786424ff6a38432e5fca873a7
spotify:track:6KkdsySYUb9mjz6vUNTgsI,8453d173315c468e8134e2527a658ba5,2025-03-07T18:46:38Z,0,"Kenny picked this. He loves that bass tone. It’s not on the playlist though, but maybe it should be. Zero points!",fc975de786424ff6a38432e5fca873a7
spotify:track:6rHlF2GEH8SlKeo04uqQHF,8453d173315c468e8134e2527a658ba5,2025-03-07T18:46:38Z,1,Dusty picked this. Serious LA vibes,fc975de786424ff6a38432e5fca873a7
spotify:track:7qD3BnKbj7R7KZmUY8JXf3,8453d173315c468e8134e2527a658ba5,2025-03-07T18:46:38Z,2,Jdisk picked this. His famous last word are “it was the weed”,fc975de786424ff6a38432e5fca873a7
spotify:track:2znXL2KwdT1fwMecbIZDtp,49a5ff7c4466457eb8016aaf873224cb,2025-03-07T20:43:21Z,5,The recording really sent this over the edge for me. So tight. The pop on those drums. Bass and guitar synced line is crack. Tickles the brain. Other guitar adding perfect noise to it all. Either Jacob’s pick or one he is throwing top votes at. ,fc975de786424ff6a38432e5fca873a7
spotify:track:1YBeUOMrOnmkgiFzSx9TlA,49a5ff7c4466457eb8016aaf873224cb,2025-03-07T20:43:21Z,3,Love this one. The instrumental/jam break bookended by the vocals is perfect. Kinda forget where ya are for a minute. ,fc975de786424ff6a38432e5fca873a7
spotify:track:3GrvFBxKFjaYnYpDiKcPWK,49a5ff7c4466457eb8016aaf873224cb,2025-03-07T20:43:21Z,1,,fc975de786424ff6a38432e5fca873a7
spotify:track:3pr3WRROWjHhoAmjX8cIYU,49a5ff7c4466457eb8016aaf873224cb,2025-03-07T20:43:21Z,1,,fc975de786424ff6a38432e5fca873a7
spotify:track:42dWp81BKDOSyEOzaTp3ew,49a5ff7c4466457eb8016aaf873224cb,2025-03-07T20:43:21Z,1,,fc975de786424ff6a38432e5fca873a7
spotify:track:6rHlF2GEH8SlKeo04uqQHF,49a5ff7c4466457eb8016aaf873224cb,2025-03-07T20:43:21Z,1,,fc975de786424ff6a38432e5fca873a7
spotify:track:7qD3BnKbj7R7KZmUY8JXf3,49a5ff7c4466457eb8016aaf873224cb,2025-03-07T20:43:21Z,3,"Started as a 3 pointer for me but knocked it down a point to spread some love. Definitely a favorite of the list. 

Jk it’s back to 3. ",fc975de786424ff6a38432e5fca873a7
spotify:track:38AwzEF66Zhq0LHoYhUcG7,49a5ff7c4466457eb8016aaf873224cb,2025-03-07T20:43:21Z,1,,fc975de786424ff6a38432e5fca873a7
spotify:track:42dWp81BKDOSyEOzaTp3ew,d0b05ef03f5e4598a3e8532b812c3330,2025-03-07T20:46:47Z,2,Love Roy :) ,fc975de786424ff6a38432e5fca873a7
spotify:track:6KkdsySYUb9mjz6vUNTgsI,d0b05ef03f5e4598a3e8532b812c3330,2025-03-07T20:46:47Z,1,,fc975de786424ff6a38432e5fca873a7
spotify:track:6jP0sdoPg0SQukJOKYEUi9,d0b05ef03f5e4598a3e8532b812c3330,2025-03-07T20:46:47Z,2,Also on my short list! ,fc975de786424ff6a38432e5fca873a7
spotify:track:0DxZQkKV0pePy2nLGk24wX,d0b05ef03f5e4598a3e8532b812c3330,2025-03-07T20:46:47Z,1,,fc975de786424ff6a38432e5fca873a7
spotify:track:0MYKfjepQjBvp7CkJqCsML,d0b05ef03f5e4598a3e8532b812c3330,2025-03-07T20:46:47Z,3,Points for creativity here. Loved the little extra weirdness on the guitar chords. ,fc975de786424ff6a38432e5fca873a7
spotify:track:2QWNoieQ1qIzhN9Ho4IqeU,d0b05ef03f5e4598a3e8532b812c3330,2025-03-07T20:46:47Z,1,,fc975de786424ff6a38432e5fca873a7
spotify:track:2znXL2KwdT1fwMecbIZDtp,d0b05ef03f5e4598a3e8532b812c3330,2025-03-07T20:46:47Z,1,,fc975de786424ff6a38432e5fca873a7
spotify:track:38AwzEF66Zhq0LHoYhUcG7,d0b05ef03f5e4598a3e8532b812c3330,2025-03-07T20:46:47Z,2,,fc975de786424ff6a38432e5fca873a7
spotify:track:3GrvFBxKFjaYnYpDiKcPWK,d0b05ef03f5e4598a3e8532b812c3330,2025-03-07T20:46:47Z,1,,fc975de786424ff6a38432e5fca873a7
spotify:track:3pr3WRROWjHhoAmjX8cIYU,d0b05ef03f5e4598a3e8532b812c3330,2025-03-07T20:46:47Z,2,Was on my short list. ,fc975de786424ff6a38432e5fca873a7
spotify:track:7qD3BnKbj7R7KZmUY8JXf3,a2909b31d1c04d728cfcf68ca0d73cca,2025-03-07T21:57:54Z,1,,fc975de786424ff6a38432e5fca873a7
spotify:track:06IfNMdoVrWAizU8boYYCt,a2909b31d1c04d728cfcf68ca0d73cca,2025-03-07T21:57:54Z,1,,fc975de786424ff6a38432e5fca873a7
spotify:track:3pr3WRROWjHhoAmjX8cIYU,a2909b31d1c04d728cfcf68ca0d73cca,2025-03-07T21:57:54Z,1,,fc975de786424ff6a38432e5fca873a7
spotify:track:3GrvFBxKFjaYnYpDiKcPWK,a2909b31d1c04d728cfcf68ca0d73cca,2025-03-07T21:57:54Z,1,,fc975de786424ff6a38432e5fca873a7
spotify:track:38AwzEF66Zhq0LHoYhUcG7,a2909b31d1c04d728cfcf68ca0d73cca,2025-03-07T21:57:54Z,1,,fc975de786424ff6a38432e5fca873a7
spotify:track:31uf9Tc89J22N0OjGzodNa,a2909b31d1c04d728cfcf68ca0d73cca,2025-03-07T21:57:54Z,1,,fc975de786424ff6a38432e5fca873a7
spotify:track:2znXL2KwdT1fwMecbIZDtp,a2909b31d1c04d728cfcf68ca0d73cca,2025-03-07T21:57:54Z,2,,fc975de786424ff6a38432e5fca873a7
spotify:track:2QWNoieQ1qIzhN9Ho4IqeU,a2909b31d1c04d728cfcf68ca0d73cca,2025-03-07T21:57:54Z,1,,fc975de786424ff6a38432e5fca873a7
spotify:track:1YBeUOMrOnmkgiFzSx9TlA,a2909b31d1c04d728cfcf68ca0d73cca,2025-03-07T21:57:54Z,1,,fc975de786424ff6a38432e5fca873a7
spotify:track:0MYKfjepQjBvp7CkJqCsML,a2909b31d1c04d728cfcf68ca0d73cca,2025-03-07T21:57:54Z,1,,fc975de786424ff6a38432e5fca873a7
spotify:track:0DxZQkKV0pePy2nLGk24wX,a2909b31d1c04d728cfcf68ca0d73cca,2025-03-07T21:57:54Z,1,,fc975de786424ff6a38432e5fca873a7
spotify:track:42dWp81BKDOSyEOzaTp3ew,a2909b31d1c04d728cfcf68ca0d73cca,2025-03-07T21:57:54Z,1,,fc975de786424ff6a38432e5fca873a7
spotify:track:5oJtuBTQjjNteO2bIKp5qI,a2909b31d1c04d728cfcf68ca0d73cca,2025-03-07T21:57:54Z,1,,fc975de786424ff6a38432e5fca873a7
spotify:track:6jP0sdoPg0SQukJOKYEUi9,a2909b31d1c04d728cfcf68ca0d73cca,2025-03-07T21:57:54Z,1,,fc975de786424ff6a38432e5fca873a7
spotify:track:6KkdsySYUb9mjz6vUNTgsI,a2909b31d1c04d728cfcf68ca0d73cca,2025-03-07T21:57:54Z,1,,fc975de786424ff6a38432e5fca873a7
spotify:track:3GrvFBxKFjaYnYpDiKcPWK,183c5f6ed1b147099842917a9576c8f4,2025-03-08T01:33:57Z,1,,fc975de786424ff6a38432e5fca873a7
spotify:track:31uf9Tc89J22N0OjGzodNa,183c5f6ed1b147099842917a9576c8f4,2025-03-08T01:33:57Z,1,,fc975de786424ff6a38432e5fca873a7
spotify:track:2znXL2KwdT1fwMecbIZDtp,183c5f6ed1b147099842917a9576c8f4,2025-03-08T01:33:57Z,3,,fc975de786424ff6a38432e5fca873a7
spotify:track:1YBeUOMrOnmkgiFzSx9TlA,183c5f6ed1b147099842917a9576c8f4,2025-03-08T01:33:57Z,3,Docked one point as a cover (unfair) with so much original content. But what a cover. ,fc975de786424ff6a38432e5fca873a7
spotify:track:0MYKfjepQjBvp7CkJqCsML,183c5f6ed1b147099842917a9576c8f4,2025-03-08T01:33:57Z,1,,fc975de786424ff6a38432e5fca873a7
spotify:track:0DxZQkKV0pePy2nLGk24wX,183c5f6ed1b147099842917a9576c8f4,2025-03-08T01:33:57Z,4,,fc975de786424ff6a38432e5fca873a7
spotify:track:06IfNMdoVrWAizU8boYYCt,183c5f6ed1b147099842917a9576c8f4,2025-03-08T01:33:57Z,1,Timely now as it was then,fc975de786424ff6a38432e5fca873a7
spotify:track:6rHlF2GEH8SlKeo04uqQHF,183c5f6ed1b147099842917a9576c8f4,2025-03-08T01:33:57Z,1,,fc975de786424ff6a38432e5fca873a7
spotify:track:6jP0sdoPg0SQukJOKYEUi9,183c5f6ed1b147099842917a9576c8f4,2025-03-08T01:33:57Z,1,,fc975de786424ff6a38432e5fca873a7
spotify:track:3pr3WRROWjHhoAmjX8cIYU,7fdceb56429c4e38939c3e5ee41bfdd0,2025-03-08T05:13:51Z,1,,fc975de786424ff6a38432e5fca873a7
spotify:track:5oJtuBTQjjNteO2bIKp5qI,7fdceb56429c4e38939c3e5ee41bfdd0,2025-03-08T05:13:51Z,2,,fc975de786424ff6a38432e5fca873a7
spotify:track:6jP0sdoPg0SQukJOKYEUi9,7fdceb56429c4e38939c3e5ee41bfdd0,2025-03-08T05:13:51Z,1,,fc975de786424ff6a38432e5fca873a7
spotify:track:6rHlF2GEH8SlKeo04uqQHF,7fdceb56429c4e38939c3e5ee41bfdd0,2025-03-08T05:13:51Z,2,,fc975de786424ff6a38432e5fca873a7
spotify:track:0MYKfjepQjBvp7CkJqCsML,7fdceb56429c4e38939c3e5ee41bfdd0,2025-03-08T05:13:51Z,1,,fc975de786424ff6a38432e5fca873a7
spotify:track:0DxZQkKV0pePy2nLGk24wX,7fdceb56429c4e38939c3e5ee41bfdd0,2025-03-08T05:13:51Z,1,,fc975de786424ff6a38432e5fca873a7
spotify:track:2QWNoieQ1qIzhN9Ho4IqeU,7fdceb56429c4e38939c3e5ee41bfdd0,2025-03-08T05:13:51Z,1,,fc975de786424ff6a38432e5fca873a7
spotify:track:2znXL2KwdT1fwMecbIZDtp,7fdceb56429c4e38939c3e5ee41bfdd0,2025-03-08T05:13:51Z,3,,fc975de786424ff6a38432e5fca873a7
spotify:track:38AwzEF66Zhq0LHoYhUcG7,7fdceb56429c4e38939c3e5ee41bfdd0,2025-03-08T05:13:51Z,2,,fc975de786424ff6a38432e5fca873a7
spotify:track:31uf9Tc89J22N0OjGzodNa,7fdceb56429c4e38939c3e5ee41bfdd0,2025-03-08T05:13:51Z,1,,fc975de786424ff6a38432e5fca873a7
spotify:track:3GrvFBxKFjaYnYpDiKcPWK,7fdceb56429c4e38939c3e5ee41bfdd0,2025-03-08T05:13:51Z,1,,fc975de786424ff6a38432e5fca873a7
spotify:track:6jP0sdoPg0SQukJOKYEUi9,7acfbf6ff4234d00875b58e7b2ec389d,2025-03-08T05:52:21Z,0,Tough to be the second bus stop on a playlist. ,fc975de786424ff6a38432e5fca873a7
spotify:track:06IfNMdoVrWAizU8boYYCt,7acfbf6ff4234d00875b58e7b2ec389d,2025-03-08T05:52:21Z,1,Classic. Nixon was president when this came out.  Richard Nixon.  Not Trot.  ,fc975de786424ff6a38432e5fca873a7
spotify:track:0DxZQkKV0pePy2nLGk24wX,7acfbf6ff4234d00875b58e7b2ec389d,2025-03-08T05:52:21Z,2,Loved this one.  If Jacqui was polish this would be her nickname. ,fc975de786424ff6a38432e5fca873a7
spotify:track:0MYKfjepQjBvp7CkJqCsML,7acfbf6ff4234d00875b58e7b2ec389d,2025-03-08T05:52:21Z,1,Fun fact.  I used to steal candy bars when I was a kid.  Never got caught.  It's how I got my nickname. ,fc975de786424ff6a38432e5fca873a7
spotify:track:1YBeUOMrOnmkgiFzSx9TlA,7acfbf6ff4234d00875b58e7b2ec389d,2025-03-08T05:52:21Z,0,"Fleetwood Mac sure sounds different these days. 
",fc975de786424ff6a38432e5fca873a7
spotify:track:2QWNoieQ1qIzhN9Ho4IqeU,7acfbf6ff4234d00875b58e7b2ec389d,2025-03-08T05:52:21Z,1,The song name and the band name really makes me want a sub from Jimmy John's,fc975de786424ff6a38432e5fca873a7
spotify:track:2znXL2KwdT1fwMecbIZDtp,7acfbf6ff4234d00875b58e7b2ec389d,2025-03-08T05:52:21Z,2,Dug this.  Groovey and a touch spacey.  I'm am however confused how the song asks a question yet there are zero lyrics. ,fc975de786424ff6a38432e5fca873a7
spotify:track:31uf9Tc89J22N0OjGzodNa,7acfbf6ff4234d00875b58e7b2ec389d,2025-03-08T05:52:21Z,0,This is what Patrick Mahomes father said to John's father. ,fc975de786424ff6a38432e5fca873a7
spotify:track:38AwzEF66Zhq0LHoYhUcG7,7acfbf6ff4234d00875b58e7b2ec389d,2025-03-08T05:52:21Z,1,I almost had a heart attack listening to the speed of this song.  I can't imagine how hard it would be to actually play it. ,fc975de786424ff6a38432e5fca873a7
spotify:track:3GrvFBxKFjaYnYpDiKcPWK,7acfbf6ff4234d00875b58e7b2ec389d,2025-03-08T05:52:21Z,0,I have never taken a bus in Buffalo,fc975de786424ff6a38432e5fca873a7
spotify:track:42dWp81BKDOSyEOzaTp3ew,7acfbf6ff4234d00875b58e7b2ec389d,2025-03-08T05:52:21Z,0,I made one Phish sign in my entire life.  It was at Dick's 2011 for Seven Below.  They played it. ,fc975de786424ff6a38432e5fca873a7
spotify:track:5oJtuBTQjjNteO2bIKp5qI,7acfbf6ff4234d00875b58e7b2ec389d,2025-03-08T05:52:21Z,2,The New Mastersounds are just great. ,fc975de786424ff6a38432e5fca873a7
spotify:track:6KkdsySYUb9mjz6vUNTgsI,7acfbf6ff4234d00875b58e7b2ec389d,2025-03-08T05:52:21Z,1,So many flutes in the 70s,fc975de786424ff6a38432e5fca873a7
spotify:track:6rHlF2GEH8SlKeo04uqQHF,7acfbf6ff4234d00875b58e7b2ec389d,2025-03-08T05:52:21Z,2,I lost 200 bucks playing Black Jack waiting for a table at that Pancake place in the Linq.  I then got the biggest pancake in the world and ate 2 bites of it. ,fc975de786424ff6a38432e5fca873a7
spotify:track:7qD3BnKbj7R7KZmUY8JXf3,7acfbf6ff4234d00875b58e7b2ec389d,2025-03-08T05:52:21Z,3,"RNG kicking major ass putting ""Famous Last Words"" as the last track. ",fc975de786424ff6a38432e5fca873a7
spotify:track:7qD3BnKbj7R7KZmUY8JXf3,605866a938e54c5da212fc8595186729,2025-03-08T15:40:14Z,1,,fc975de786424ff6a38432e5fca873a7
spotify:track:6KkdsySYUb9mjz6vUNTgsI,605866a938e54c5da212fc8595186729,2025-03-08T15:40:14Z,2,Brinks?,fc975de786424ff6a38432e5fca873a7
spotify:track:5oJtuBTQjjNteO2bIKp5qI,605866a938e54c5da212fc8595186729,2025-03-08T15:40:14Z,1,,fc975de786424ff6a38432e5fca873a7
spotify:track:3GrvFBxKFjaYnYpDiKcPWK,605866a938e54c5da212fc8595186729,2025-03-08T15:40:14Z,3,,fc975de786424ff6a38432e5fca873a7
spotify:track:38AwzEF66Zhq0LHoYhUcG7,605866a938e54c5da212fc8595186729,2025-03-08T15:40:14Z,1,,fc975de786424ff6a38432e5fca873a7
spotify:track:2znXL2KwdT1fwMecbIZDtp,605866a938e54c5da212fc8595186729,2025-03-08T15:40:14Z,2,,fc975de786424ff6a38432e5fca873a7
spotify:track:2QWNoieQ1qIzhN9Ho4IqeU,605866a938e54c5da212fc8595186729,2025-03-08T15:40:14Z,1,,fc975de786424ff6a38432e5fca873a7
spotify:track:1YBeUOMrOnmkgiFzSx9TlA,605866a938e54c5da212fc8595186729,2025-03-08T15:40:14Z,3,,fc975de786424ff6a38432e5fca873a7
spotify:track:0MYKfjepQjBvp7CkJqCsML,605866a938e54c5da212fc8595186729,2025-03-08T15:40:14Z,1,,fc975de786424ff6a38432e5fca873a7
spotify:track:06IfNMdoVrWAizU8boYYCt,605866a938e54c5da212fc8595186729,2025-03-08T15:40:14Z,1,+1 for the state of the country ,fc975de786424ff6a38432e5fca873a7
spotify:track:6rHlF2GEH8SlKeo04uqQHF,e5c2390073644e979f43e744c33e6c60,2025-03-08T16:25:05Z,1,,fc975de786424ff6a38432e5fca873a7
spotify:track:7qD3BnKbj7R7KZmUY8JXf3,e5c2390073644e979f43e744c33e6c60,2025-03-08T16:25:05Z,1,,fc975de786424ff6a38432e5fca873a7
spotify:track:0DxZQkKV0pePy2nLGk24wX,e5c2390073644e979f43e744c33e6c60,2025-03-08T16:25:05Z,2,,fc975de786424ff6a38432e5fca873a7
spotify:track:1YBeUOMrOnmkgiFzSx9TlA,e5c2390073644e979f43e744c33e6c60,2025-03-08T16:25:05Z,1,,fc975de786424ff6a38432e5fca873a7
spotify:track:2QWNoieQ1qIzhN9Ho4IqeU,e5c2390073644e979f43e744c33e6c60,2025-03-08T16:25:05Z,1,,fc975de786424ff6a38432e5fca873a7
spotify:track:2znXL2KwdT1fwMecbIZDtp,e5c2390073644e979f43e744c33e6c60,2025-03-08T16:25:05Z,1,,fc975de786424ff6a38432e5fca873a7
spotify:track:31uf9Tc89J22N0OjGzodNa,e5c2390073644e979f43e744c33e6c60,2025-03-08T16:25:05Z,1,,fc975de786424ff6a38432e5fca873a7
spotify:track:3GrvFBxKFjaYnYpDiKcPWK,e5c2390073644e979f43e744c33e6c60,2025-03-08T16:25:05Z,2,,fc975de786424ff6a38432e5fca873a7
spotify:track:3pr3WRROWjHhoAmjX8cIYU,e5c2390073644e979f43e744c33e6c60,2025-03-08T16:25:05Z,1,,fc975de786424ff6a38432e5fca873a7
spotify:track:42dWp81BKDOSyEOzaTp3ew,e5c2390073644e979f43e744c33e6c60,2025-03-08T16:25:05Z,1,,fc975de786424ff6a38432e5fca873a7
spotify:track:6jP0sdoPg0SQukJOKYEUi9,e5c2390073644e979f43e744c33e6c60,2025-03-08T16:25:05Z,1,,fc975de786424ff6a38432e5fca873a7
spotify:track:6KkdsySYUb9mjz6vUNTgsI,e5c2390073644e979f43e744c33e6c60,2025-03-08T16:25:05Z,1,,fc975de786424ff6a38432e5fca873a7
spotify:track:06IfNMdoVrWAizU8boYYCt,e5c2390073644e979f43e744c33e6c60,2025-03-08T16:25:05Z,2,Was listening to the ice cube version right before i started this playlist!,fc975de786424ff6a38432e5fca873a7
spotify:track:1YBeUOMrOnmkgiFzSx9TlA,9b7e03ea90dd46db9779dc21eb04ca5a,2025-03-08T22:55:37Z,1,Love the arrangement. Just can’t ever top Buddy Miles IMO. ,fc975de786424ff6a38432e5fca873a7
spotify:track:2QWNoieQ1qIzhN9Ho4IqeU,9b7e03ea90dd46db9779dc21eb04ca5a,2025-03-08T22:55:37Z,0,Love it I just wish the sound quality was better ,fc975de786424ff6a38432e5fca873a7
spotify:track:31uf9Tc89J22N0OjGzodNa,9b7e03ea90dd46db9779dc21eb04ca5a,2025-03-08T22:55:37Z,2,Goddamn this is tight as tiger. ,fc975de786424ff6a38432e5fca873a7
spotify:track:38AwzEF66Zhq0LHoYhUcG7,9b7e03ea90dd46db9779dc21eb04ca5a,2025-03-08T22:55:37Z,2,,fc975de786424ff6a38432e5fca873a7
spotify:track:3GrvFBxKFjaYnYpDiKcPWK,9b7e03ea90dd46db9779dc21eb04ca5a,2025-03-08T22:55:37Z,1,Cowbell player deserves a raise. ,fc975de786424ff6a38432e5fca873a7
spotify:track:3pr3WRROWjHhoAmjX8cIYU,9b7e03ea90dd46db9779dc21eb04ca5a,2025-03-08T22:55:37Z,1,,fc975de786424ff6a38432e5fca873a7
spotify:track:5oJtuBTQjjNteO2bIKp5qI,9b7e03ea90dd46db9779dc21eb04ca5a,2025-03-08T22:55:37Z,3,No other way to put it than a pure masterpiece. ,fc975de786424ff6a38432e5fca873a7
spotify:track:6jP0sdoPg0SQukJOKYEUi9,9b7e03ea90dd46db9779dc21eb04ca5a,2025-03-08T22:55:37Z,1,"Would be so funny if the dance was just leaning up against a wall with your hands in your pockets, looking at your feet, and shivering a little. ",fc975de786424ff6a38432e5fca873a7
spotify:track:6KkdsySYUb9mjz6vUNTgsI,9b7e03ea90dd46db9779dc21eb04ca5a,2025-03-08T22:55:37Z,1,,fc975de786424ff6a38432e5fca873a7
spotify:track:7qD3BnKbj7R7KZmUY8JXf3,9b7e03ea90dd46db9779dc21eb04ca5a,2025-03-08T22:55:37Z,2,Probably the most warped vinyl I have. ,fc975de786424ff6a38432e5fca873a7
spotify:track:0DxZQkKV0pePy2nLGk24wX,9b7e03ea90dd46db9779dc21eb04ca5a,2025-03-08T22:55:37Z,2,Afrobeat is the key to my heart. Swanky horn lines are my love language. ,fc975de786424ff6a38432e5fca873a7
spotify:track:2znXL2KwdT1fwMecbIZDtp,f1f0f2ed0eb64306992b613229fb7972,2025-03-09T00:24:41Z,1,,fc975de786424ff6a38432e5fca873a7
spotify:track:6rHlF2GEH8SlKeo04uqQHF,f1f0f2ed0eb64306992b613229fb7972,2025-03-09T00:24:41Z,1,,fc975de786424ff6a38432e5fca873a7
spotify:track:6KkdsySYUb9mjz6vUNTgsI,f1f0f2ed0eb64306992b613229fb7972,2025-03-09T00:24:41Z,1,,fc975de786424ff6a38432e5fca873a7
spotify:track:42dWp81BKDOSyEOzaTp3ew,f1f0f2ed0eb64306992b613229fb7972,2025-03-09T00:24:41Z,1,,fc975de786424ff6a38432e5fca873a7
spotify:track:3GrvFBxKFjaYnYpDiKcPWK,f1f0f2ed0eb64306992b613229fb7972,2025-03-09T00:24:41Z,1,,fc975de786424ff6a38432e5fca873a7
spotify:track:38AwzEF66Zhq0LHoYhUcG7,f1f0f2ed0eb64306992b613229fb7972,2025-03-09T00:24:41Z,3,,fc975de786424ff6a38432e5fca873a7
spotify:track:31uf9Tc89J22N0OjGzodNa,f1f0f2ed0eb64306992b613229fb7972,2025-03-09T00:24:41Z,1,,fc975de786424ff6a38432e5fca873a7
spotify:track:7qD3BnKbj7R7KZmUY8JXf3,f1f0f2ed0eb64306992b613229fb7972,2025-03-09T00:24:41Z,2,,fc975de786424ff6a38432e5fca873a7
spotify:track:2QWNoieQ1qIzhN9Ho4IqeU,f1f0f2ed0eb64306992b613229fb7972,2025-03-09T00:24:41Z,1,,fc975de786424ff6a38432e5fca873a7
spotify:track:1YBeUOMrOnmkgiFzSx9TlA,f1f0f2ed0eb64306992b613229fb7972,2025-03-09T00:24:41Z,1,,fc975de786424ff6a38432e5fca873a7
spotify:track:0MYKfjepQjBvp7CkJqCsML,f1f0f2ed0eb64306992b613229fb7972,2025-03-09T00:24:41Z,1,,fc975de786424ff6a38432e5fca873a7
spotify:track:0DxZQkKV0pePy2nLGk24wX,f1f0f2ed0eb64306992b613229fb7972,2025-03-09T00:24:41Z,2,,fc975de786424ff6a38432e5fca873a7
spotify:track:06IfNMdoVrWAizU8boYYCt,0b4377c224ba402d97adce848425da90,2025-03-09T01:13:52Z,2,Iconic drum beat. ,fc975de786424ff6a38432e5fca873a7
spotify:track:0DxZQkKV0pePy2nLGk24wX,0b4377c224ba402d97adce848425da90,2025-03-09T01:13:52Z,1,Spotify says they have 14 monthly listeners. We just doubled it. Heroes. ,fc975de786424ff6a38432e5fca873a7
spotify:track:0MYKfjepQjBvp7CkJqCsML,0b4377c224ba402d97adce848425da90,2025-03-09T01:13:52Z,2,Always love their sound ,fc975de786424ff6a38432e5fca873a7
spotify:track:1YBeUOMrOnmkgiFzSx9TlA,0b4377c224ba402d97adce848425da90,2025-03-09T01:13:52Z,1,Great version,fc975de786424ff6a38432e5fca873a7
spotify:track:2QWNoieQ1qIzhN9Ho4IqeU,0b4377c224ba402d97adce848425da90,2025-03-09T01:13:52Z,1,This comment is so familiar… I wonder whose song this is?,fc975de786424ff6a38432e5fca873a7
spotify:track:2znXL2KwdT1fwMecbIZDtp,0b4377c224ba402d97adce848425da90,2025-03-09T01:13:52Z,0,Kept waiting for them to let Eddie rip. ,fc975de786424ff6a38432e5fca873a7
spotify:track:31uf9Tc89J22N0OjGzodNa,0b4377c224ba402d97adce848425da90,2025-03-09T01:13:52Z,0,Is this ASMR?,fc975de786424ff6a38432e5fca873a7
spotify:track:38AwzEF66Zhq0LHoYhUcG7,0b4377c224ba402d97adce848425da90,2025-03-09T01:13:52Z,0,Frantic. ,fc975de786424ff6a38432e5fca873a7
spotify:track:3GrvFBxKFjaYnYpDiKcPWK,0b4377c224ba402d97adce848425da90,2025-03-09T01:13:52Z,2,Funkyyy,fc975de786424ff6a38432e5fca873a7
spotify:track:3pr3WRROWjHhoAmjX8cIYU,0b4377c224ba402d97adce848425da90,2025-03-09T01:13:52Z,1,Bamboos… always solid,fc975de786424ff6a38432e5fca873a7
spotify:track:42dWp81BKDOSyEOzaTp3ew,0b4377c224ba402d97adce848425da90,2025-03-09T01:13:52Z,0,"Love Roy, but this one had too much grunting and laughing for my taste. RIP though. ",fc975de786424ff6a38432e5fca873a7
spotify:track:5oJtuBTQjjNteO2bIKp5qI,0b4377c224ba402d97adce848425da90,2025-03-09T01:13:52Z,2,Always love their sound,fc975de786424ff6a38432e5fca873a7
spotify:track:6jP0sdoPg0SQukJOKYEUi9,0b4377c224ba402d97adce848425da90,2025-03-09T01:13:52Z,1,The keys are great. I love how in the 70’s there were literally no bad ideas for inventing a new dance. Do the bus stop? FOH,fc975de786424ff6a38432e5fca873a7
spotify:track:6KkdsySYUb9mjz6vUNTgsI,0b4377c224ba402d97adce848425da90,2025-03-09T01:13:52Z,0,This is a band I want to dig into.  Maybe Spund will too and add it to his incredible playlist. ,fc975de786424ff6a38432e5fca873a7
spotify:track:6rHlF2GEH8SlKeo04uqQHF,0b4377c224ba402d97adce848425da90,2025-03-09T01:13:52Z,3,Real nice strut to this one ,fc975de786424ff6a38432e5fca873a7
spotify:track:0nYbn4KaDHNdAmXSQ4eErw,ce76a5e6ff274137bb5127db7065d9a8,2025-03-10T16:20:33Z,1,This is the right vibe,d173bb9e6fe549cdb77a712e5a2003d4
spotify:track:6KM4KLN1kmX0k0kELWNwB1,ce76a5e6ff274137bb5127db7065d9a8,2025-03-10T16:20:33Z,2,Floydy,d173bb9e6fe549cdb77a712e5a2003d4
spotify:track:5WUZZfuyfWo06mXastqQ8Z,ce76a5e6ff274137bb5127db7065d9a8,2025-03-10T16:20:33Z,0,I love you but not today,d173bb9e6fe549cdb77a712e5a2003d4
spotify:track:5rVFG1UpzRO70YGdu634cK,ce76a5e6ff274137bb5127db7065d9a8,2025-03-10T16:20:33Z,1,Dig it,d173bb9e6fe549cdb77a712e5a2003d4
spotify:track:5gC2pvnOw8ZMuGHBBMZZv0,ce76a5e6ff274137bb5127db7065d9a8,2025-03-10T16:20:33Z,3,Pretty. Dreamy. If going by which song is gonna help most in making me feel small and insignificant I think this one wins,d173bb9e6fe549cdb77a712e5a2003d4
spotify:track:46JBAowaN2BOfB8CDvazud,ce76a5e6ff274137bb5127db7065d9a8,2025-03-10T16:20:33Z,1,,d173bb9e6fe549cdb77a712e5a2003d4
spotify:track:3oWXn5eW8NUJIXGqa6fANt,ce76a5e6ff274137bb5127db7065d9a8,2025-03-10T16:20:33Z,2,"I went looking into the el paraiso well for a bit for this category too, I like your style ",d173bb9e6fe549cdb77a712e5a2003d4
spotify:track:3FPKjKxdYR6o3d25QFsycf,ce76a5e6ff274137bb5127db7065d9a8,2025-03-10T16:20:33Z,0,Lyrics on point but also too many words for what I’m looking for,d173bb9e6fe549cdb77a712e5a2003d4
spotify:track:2yfKkvgywRAY9xy849piLp,ce76a5e6ff274137bb5127db7065d9a8,2025-03-10T16:20:33Z,1,,d173bb9e6fe549cdb77a712e5a2003d4
spotify:track:2vN0yJIIsjfUE5EgcBT6hf,ce76a5e6ff274137bb5127db7065d9a8,2025-03-10T16:20:33Z,3,Space bubbles. Chill. This hits the right mix of groove and chill space for me,d173bb9e6fe549cdb77a712e5a2003d4
spotify:track:2Rlw1EslDSKSODPst1GhOY,ce76a5e6ff274137bb5127db7065d9a8,2025-03-10T16:20:33Z,1,Groovy. More akin to the direction I was originally gonna go,d173bb9e6fe549cdb77a712e5a2003d4
spotify:track:2NeVYtinQRXtjIvhNkQShE,ce76a5e6ff274137bb5127db7065d9a8,2025-03-10T16:20:33Z,0,Nice chill vibe. Maybe not spacey enough for me but I do dig it ,d173bb9e6fe549cdb77a712e5a2003d4
spotify:track:2cyxqUnXVqCepHKKGgwT2S,ce76a5e6ff274137bb5127db7065d9a8,2025-03-10T16:20:33Z,1,This has nice sounds. Could be fun mid trip,d173bb9e6fe549cdb77a712e5a2003d4
spotify:track:6KM4KLN1kmX0k0kELWNwB1,9b7e03ea90dd46db9779dc21eb04ca5a,2025-03-10T17:27:48Z,1,,d173bb9e6fe549cdb77a712e5a2003d4
spotify:track:6CQ9jdrQoWQmmcfutvOl60,9b7e03ea90dd46db9779dc21eb04ca5a,2025-03-10T17:27:48Z,3,LOVE Ezra Feinberg,d173bb9e6fe549cdb77a712e5a2003d4
spotify:track:5rVFG1UpzRO70YGdu634cK,9b7e03ea90dd46db9779dc21eb04ca5a,2025-03-10T17:27:48Z,1,,d173bb9e6fe549cdb77a712e5a2003d4
spotify:track:5gC2pvnOw8ZMuGHBBMZZv0,9b7e03ea90dd46db9779dc21eb04ca5a,2025-03-10T17:27:48Z,1,,d173bb9e6fe549cdb77a712e5a2003d4
spotify:track:46JBAowaN2BOfB8CDvazud,9b7e03ea90dd46db9779dc21eb04ca5a,2025-03-10T17:27:48Z,2,,d173bb9e6fe549cdb77a712e5a2003d4
spotify:track:3vX1OAHdl2R8XAWDxffrqy,9b7e03ea90dd46db9779dc21eb04ca5a,2025-03-10T17:27:48Z,1,,d173bb9e6fe549cdb77a712e5a2003d4
spotify:track:2vN0yJIIsjfUE5EgcBT6hf,9b7e03ea90dd46db9779dc21eb04ca5a,2025-03-10T17:27:48Z,1,,d173bb9e6fe549cdb77a712e5a2003d4
spotify:track:2Rlw1EslDSKSODPst1GhOY,9b7e03ea90dd46db9779dc21eb04ca5a,2025-03-10T17:27:48Z,1,,d173bb9e6fe549cdb77a712e5a2003d4
spotify:track:2NeVYtinQRXtjIvhNkQShE,9b7e03ea90dd46db9779dc21eb04ca5a,2025-03-10T17:27:48Z,1,,d173bb9e6fe549cdb77a712e5a2003d4
spotify:track:0nYbn4KaDHNdAmXSQ4eErw,9b7e03ea90dd46db9779dc21eb04ca5a,2025-03-10T17:27:48Z,3,"damn well done. Nailed the prompt and a new discovery. Slow build. Awesome, really enjoyed this even on the 3rd/4th listen. ",d173bb9e6fe549cdb77a712e5a2003d4
spotify:track:7m3TmFGOTfnNfj6uqAP79u,9b7e03ea90dd46db9779dc21eb04ca5a,2025-03-10T17:27:48Z,1,"love love love this new discovery, just didn't really fit the prompt for me. BUT this may end up on my spotify wrapped. ",d173bb9e6fe549cdb77a712e5a2003d4
spotify:track:2NeVYtinQRXtjIvhNkQShE,a2909b31d1c04d728cfcf68ca0d73cca,2025-03-10T22:29:12Z,2,,d173bb9e6fe549cdb77a712e5a2003d4
spotify:track:0nYbn4KaDHNdAmXSQ4eErw,a2909b31d1c04d728cfcf68ca0d73cca,2025-03-10T22:29:12Z,1,,d173bb9e6fe549cdb77a712e5a2003d4
spotify:track:2cyxqUnXVqCepHKKGgwT2S,a2909b31d1c04d728cfcf68ca0d73cca,2025-03-10T22:29:12Z,2,,d173bb9e6fe549cdb77a712e5a2003d4
spotify:track:7m3TmFGOTfnNfj6uqAP79u,a2909b31d1c04d728cfcf68ca0d73cca,2025-03-10T22:29:12Z,1,,d173bb9e6fe549cdb77a712e5a2003d4
spotify:track:6KM4KLN1kmX0k0kELWNwB1,a2909b31d1c04d728cfcf68ca0d73cca,2025-03-10T22:29:12Z,1,,d173bb9e6fe549cdb77a712e5a2003d4
spotify:track:6CQ9jdrQoWQmmcfutvOl60,a2909b31d1c04d728cfcf68ca0d73cca,2025-03-10T22:29:12Z,1,,d173bb9e6fe549cdb77a712e5a2003d4
spotify:track:5WUZZfuyfWo06mXastqQ8Z,a2909b31d1c04d728cfcf68ca0d73cca,2025-03-10T22:29:12Z,1,+1 for the courage to pick phish and for being not wrong. ,d173bb9e6fe549cdb77a712e5a2003d4
spotify:track:5rVFG1UpzRO70YGdu634cK,a2909b31d1c04d728cfcf68ca0d73cca,2025-03-10T22:29:12Z,2,Maybe my favorite on the playlist. Maybe. ,d173bb9e6fe549cdb77a712e5a2003d4
spotify:track:46JBAowaN2BOfB8CDvazud,a2909b31d1c04d728cfcf68ca0d73cca,2025-03-10T22:29:12Z,1,,d173bb9e6fe549cdb77a712e5a2003d4
spotify:track:3vX1OAHdl2R8XAWDxffrqy,a2909b31d1c04d728cfcf68ca0d73cca,2025-03-10T22:29:12Z,1,I thought this was a different song by the end. Wok itself a point. ,d173bb9e6fe549cdb77a712e5a2003d4
spotify:track:3oWXn5eW8NUJIXGqa6fANt,a2909b31d1c04d728cfcf68ca0d73cca,2025-03-10T22:29:12Z,1,,d173bb9e6fe549cdb77a712e5a2003d4
spotify:track:2yfKkvgywRAY9xy849piLp,a2909b31d1c04d728cfcf68ca0d73cca,2025-03-10T22:29:12Z,1,"Bowies in spaaaaaaace. How far out are you, man? Pretty far out, man.",d173bb9e6fe549cdb77a712e5a2003d4
spotify:track:2vN0yJIIsjfUE5EgcBT6hf,a2909b31d1c04d728cfcf68ca0d73cca,2025-03-10T22:29:12Z,1,,d173bb9e6fe549cdb77a712e5a2003d4
spotify:track:46JBAowaN2BOfB8CDvazud,183c5f6ed1b147099842917a9576c8f4,2025-03-11T03:41:58Z,2,These guys are just amazing. And this song is perfect for the moment. ,d173bb9e6fe549cdb77a712e5a2003d4
spotify:track:2cyxqUnXVqCepHKKGgwT2S,183c5f6ed1b147099842917a9576c8f4,2025-03-11T03:41:58Z,0,"Great song. Just not for my stargazing.  Spacey yes, but more alien funk than alien chill. ",d173bb9e6fe549cdb77a712e5a2003d4
spotify:track:2NeVYtinQRXtjIvhNkQShE,183c5f6ed1b147099842917a9576c8f4,2025-03-11T03:41:58Z,0,Head bobbing. Has my vote for funk and soul cave. ,d173bb9e6fe549cdb77a712e5a2003d4
spotify:track:2Rlw1EslDSKSODPst1GhOY,183c5f6ed1b147099842917a9576c8f4,2025-03-11T03:41:58Z,0,Love these guys to hang. Overshadowed by others I thought were better for the moment. ,d173bb9e6fe549cdb77a712e5a2003d4
spotify:track:2vN0yJIIsjfUE5EgcBT6hf,183c5f6ed1b147099842917a9576c8f4,2025-03-11T03:41:58Z,2,Couldn't imagine a jazz song hitting harder for the moment. Spacey - phenomenal. ,d173bb9e6fe549cdb77a712e5a2003d4
spotify:track:2yfKkvgywRAY9xy849piLp,183c5f6ed1b147099842917a9576c8f4,2025-03-11T03:41:58Z,1,Mysterious. Verging on spooky in the woods....but love the selection. ,d173bb9e6fe549cdb77a712e5a2003d4
spotify:track:3FPKjKxdYR6o3d25QFsycf,183c5f6ed1b147099842917a9576c8f4,2025-03-11T03:41:58Z,0,Stargazing during a mid-life crisis. Definitely the most literal of the tracks. Play me this at 5pm in Ibiza. ,d173bb9e6fe549cdb77a712e5a2003d4
spotify:track:3oWXn5eW8NUJIXGqa6fANt,183c5f6ed1b147099842917a9576c8f4,2025-03-11T03:41:58Z,4,Yes. This. Reminds me of the Modegreen jam. ,d173bb9e6fe549cdb77a712e5a2003d4
spotify:track:3vX1OAHdl2R8XAWDxffrqy,183c5f6ed1b147099842917a9576c8f4,2025-03-11T03:41:58Z,0,Bouncy second half section threw me. ,d173bb9e6fe549cdb77a712e5a2003d4
spotify:track:5gC2pvnOw8ZMuGHBBMZZv0,183c5f6ed1b147099842917a9576c8f4,2025-03-11T03:41:58Z,1,When will they play the fucking Sphere?  Or a field in Maine. ,d173bb9e6fe549cdb77a712e5a2003d4
spotify:track:5rVFG1UpzRO70YGdu634cK,183c5f6ed1b147099842917a9576c8f4,2025-03-11T03:41:58Z,2,"Space reference in name, check. Dripping guitar, check. Absolutely lovely. ",d173bb9e6fe549cdb77a712e5a2003d4
spotify:track:5WUZZfuyfWo06mXastqQ8Z,183c5f6ed1b147099842917a9576c8f4,2025-03-11T03:41:58Z,1,Fantastic jam for the moment. ,d173bb9e6fe549cdb77a712e5a2003d4
spotify:track:6CQ9jdrQoWQmmcfutvOl60,183c5f6ed1b147099842917a9576c8f4,2025-03-11T03:41:58Z,1,Love what Ezra is bringing to the evening. ,d173bb9e6fe549cdb77a712e5a2003d4
spotify:track:6KM4KLN1kmX0k0kELWNwB1,183c5f6ed1b147099842917a9576c8f4,2025-03-11T03:41:58Z,2,Gorgeous. ,d173bb9e6fe549cdb77a712e5a2003d4
spotify:track:7m3TmFGOTfnNfj6uqAP79u,183c5f6ed1b147099842917a9576c8f4,2025-03-11T03:41:58Z,0,Fantastic groove.  Too groovy. ,d173bb9e6fe549cdb77a712e5a2003d4
spotify:track:5rVFG1UpzRO70YGdu634cK,d0b05ef03f5e4598a3e8532b812c3330,2025-03-11T05:05:54Z,2,,d173bb9e6fe549cdb77a712e5a2003d4
spotify:track:6CQ9jdrQoWQmmcfutvOl60,d0b05ef03f5e4598a3e8532b812c3330,2025-03-11T05:05:54Z,3,,d173bb9e6fe549cdb77a712e5a2003d4
spotify:track:6KM4KLN1kmX0k0kELWNwB1,d0b05ef03f5e4598a3e8532b812c3330,2025-03-11T05:05:54Z,1,,d173bb9e6fe549cdb77a712e5a2003d4
spotify:track:3vX1OAHdl2R8XAWDxffrqy,d0b05ef03f5e4598a3e8532b812c3330,2025-03-11T05:05:54Z,2,,d173bb9e6fe549cdb77a712e5a2003d4
spotify:track:3oWXn5eW8NUJIXGqa6fANt,d0b05ef03f5e4598a3e8532b812c3330,2025-03-11T05:05:54Z,2,,d173bb9e6fe549cdb77a712e5a2003d4
spotify:track:3FPKjKxdYR6o3d25QFsycf,d0b05ef03f5e4598a3e8532b812c3330,2025-03-11T05:05:54Z,1,,d173bb9e6fe549cdb77a712e5a2003d4
spotify:track:2vN0yJIIsjfUE5EgcBT6hf,d0b05ef03f5e4598a3e8532b812c3330,2025-03-11T05:05:54Z,1,,d173bb9e6fe549cdb77a712e5a2003d4
spotify:track:0nYbn4KaDHNdAmXSQ4eErw,d0b05ef03f5e4598a3e8532b812c3330,2025-03-11T05:05:54Z,1,,d173bb9e6fe549cdb77a712e5a2003d4
spotify:track:46JBAowaN2BOfB8CDvazud,d0b05ef03f5e4598a3e8532b812c3330,2025-03-11T05:05:54Z,1,,d173bb9e6fe549cdb77a712e5a2003d4
spotify:track:5gC2pvnOw8ZMuGHBBMZZv0,d0b05ef03f5e4598a3e8532b812c3330,2025-03-11T05:05:54Z,1,,d173bb9e6fe549cdb77a712e5a2003d4
spotify:track:5WUZZfuyfWo06mXastqQ8Z,d0b05ef03f5e4598a3e8532b812c3330,2025-03-11T05:05:54Z,1,,d173bb9e6fe549cdb77a712e5a2003d4
spotify:track:46JBAowaN2BOfB8CDvazud,8453d173315c468e8134e2527a658ba5,2025-03-11T11:59:08Z,1,,d173bb9e6fe549cdb77a712e5a2003d4
spotify:track:3vX1OAHdl2R8XAWDxffrqy,8453d173315c468e8134e2527a658ba5,2025-03-11T11:59:08Z,1,,d173bb9e6fe549cdb77a712e5a2003d4
spotify:track:3oWXn5eW8NUJIXGqa6fANt,8453d173315c468e8134e2527a658ba5,2025-03-11T11:59:08Z,2,Real cool track,d173bb9e6fe549cdb77a712e5a2003d4
spotify:track:2vN0yJIIsjfUE5EgcBT6hf,8453d173315c468e8134e2527a658ba5,2025-03-11T11:59:08Z,2,Can’t go wrong with Herbie,d173bb9e6fe549cdb77a712e5a2003d4
spotify:track:2Rlw1EslDSKSODPst1GhOY,8453d173315c468e8134e2527a658ba5,2025-03-11T11:59:08Z,4,My favorite selection. Gonna deep dive,d173bb9e6fe549cdb77a712e5a2003d4
spotify:track:2NeVYtinQRXtjIvhNkQShE,8453d173315c468e8134e2527a658ba5,2025-03-11T11:59:08Z,3,Love Janko,d173bb9e6fe549cdb77a712e5a2003d4
spotify:track:2cyxqUnXVqCepHKKGgwT2S,8453d173315c468e8134e2527a658ba5,2025-03-11T11:59:08Z,2,You know who loves Tycho? Aphro,d173bb9e6fe549cdb77a712e5a2003d4
spotify:track:6CQ9jdrQoWQmmcfutvOl60,8453d173315c468e8134e2527a658ba5,2025-03-11T11:59:08Z,1,,d173bb9e6fe549cdb77a712e5a2003d4
spotify:track:2Rlw1EslDSKSODPst1GhOY,bf3a904d73564b6c97f9e47c5429b767,2025-03-11T12:44:40Z,2,khruangish,d173bb9e6fe549cdb77a712e5a2003d4
spotify:track:2vN0yJIIsjfUE5EgcBT6hf,bf3a904d73564b6c97f9e47c5429b767,2025-03-11T12:44:40Z,1,,d173bb9e6fe549cdb77a712e5a2003d4
spotify:track:3FPKjKxdYR6o3d25QFsycf,bf3a904d73564b6c97f9e47c5429b767,2025-03-11T12:44:40Z,1,,d173bb9e6fe549cdb77a712e5a2003d4
spotify:track:3oWXn5eW8NUJIXGqa6fANt,bf3a904d73564b6c97f9e47c5429b767,2025-03-11T12:44:40Z,1,,d173bb9e6fe549cdb77a712e5a2003d4
spotify:track:3vX1OAHdl2R8XAWDxffrqy,bf3a904d73564b6c97f9e47c5429b767,2025-03-11T12:44:40Z,1,,d173bb9e6fe549cdb77a712e5a2003d4
spotify:track:46JBAowaN2BOfB8CDvazud,bf3a904d73564b6c97f9e47c5429b767,2025-03-11T12:44:40Z,2,gabor 4 life,d173bb9e6fe549cdb77a712e5a2003d4
spotify:track:5gC2pvnOw8ZMuGHBBMZZv0,bf3a904d73564b6c97f9e47c5429b767,2025-03-11T12:44:40Z,2,forgot about this band,d173bb9e6fe549cdb77a712e5a2003d4
spotify:track:5rVFG1UpzRO70YGdu634cK,bf3a904d73564b6c97f9e47c5429b767,2025-03-11T12:44:40Z,1,,d173bb9e6fe549cdb77a712e5a2003d4
spotify:track:6KM4KLN1kmX0k0kELWNwB1,bf3a904d73564b6c97f9e47c5429b767,2025-03-11T12:44:40Z,1,,d173bb9e6fe549cdb77a712e5a2003d4
spotify:track:7m3TmFGOTfnNfj6uqAP79u,bf3a904d73564b6c97f9e47c5429b767,2025-03-11T12:44:40Z,2,,d173bb9e6fe549cdb77a712e5a2003d4
spotify:track:0nYbn4KaDHNdAmXSQ4eErw,bf3a904d73564b6c97f9e47c5429b767,2025-03-11T12:44:40Z,1,,d173bb9e6fe549cdb77a712e5a2003d4
spotify:track:2NeVYtinQRXtjIvhNkQShE,bf3a904d73564b6c97f9e47c5429b767,2025-03-11T12:44:40Z,1,,d173bb9e6fe549cdb77a712e5a2003d4
spotify:track:5rVFG1UpzRO70YGdu634cK,1c89e947d02949ed86d05ec22a7350bf,2025-03-11T13:52:25Z,1,,d173bb9e6fe549cdb77a712e5a2003d4
spotify:track:46JBAowaN2BOfB8CDvazud,1c89e947d02949ed86d05ec22a7350bf,2025-03-11T13:52:25Z,2,,d173bb9e6fe549cdb77a712e5a2003d4
spotify:track:3oWXn5eW8NUJIXGqa6fANt,1c89e947d02949ed86d05ec22a7350bf,2025-03-11T13:52:25Z,1,,d173bb9e6fe549cdb77a712e5a2003d4
spotify:track:2Rlw1EslDSKSODPst1GhOY,1c89e947d02949ed86d05ec22a7350bf,2025-03-11T13:52:25Z,2,,d173bb9e6fe549cdb77a712e5a2003d4
spotify:track:2cyxqUnXVqCepHKKGgwT2S,1c89e947d02949ed86d05ec22a7350bf,2025-03-11T13:52:25Z,4,"Fav on the list, this is the vibe i was hoping for",d173bb9e6fe549cdb77a712e5a2003d4
spotify:track:7m3TmFGOTfnNfj6uqAP79u,1c89e947d02949ed86d05ec22a7350bf,2025-03-11T13:52:25Z,3,,d173bb9e6fe549cdb77a712e5a2003d4
spotify:track:6KM4KLN1kmX0k0kELWNwB1,1c89e947d02949ed86d05ec22a7350bf,2025-03-11T13:52:25Z,3,,d173bb9e6fe549cdb77a712e5a2003d4
spotify:track:0nYbn4KaDHNdAmXSQ4eErw,605866a938e54c5da212fc8595186729,2025-03-11T15:10:37Z,2,This is a journey! Into it,d173bb9e6fe549cdb77a712e5a2003d4
spotify:track:7m3TmFGOTfnNfj6uqAP79u,605866a938e54c5da212fc8595186729,2025-03-11T15:10:37Z,1,,d173bb9e6fe549cdb77a712e5a2003d4
spotify:track:6CQ9jdrQoWQmmcfutvOl60,605866a938e54c5da212fc8595186729,2025-03-11T15:10:37Z,1,,d173bb9e6fe549cdb77a712e5a2003d4
spotify:track:6KM4KLN1kmX0k0kELWNwB1,605866a938e54c5da212fc8595186729,2025-03-11T15:10:37Z,1,,d173bb9e6fe549cdb77a712e5a2003d4
spotify:track:5rVFG1UpzRO70YGdu634cK,605866a938e54c5da212fc8595186729,2025-03-11T15:10:37Z,0,Beginning sounds like AOL dial up ,d173bb9e6fe549cdb77a712e5a2003d4
spotify:track:5gC2pvnOw8ZMuGHBBMZZv0,605866a938e54c5da212fc8595186729,2025-03-11T15:10:37Z,1,,d173bb9e6fe549cdb77a712e5a2003d4
spotify:track:46JBAowaN2BOfB8CDvazud,605866a938e54c5da212fc8595186729,2025-03-11T15:10:37Z,3,,d173bb9e6fe549cdb77a712e5a2003d4
spotify:track:3oWXn5eW8NUJIXGqa6fANt,605866a938e54c5da212fc8595186729,2025-03-11T15:10:37Z,2,,d173bb9e6fe549cdb77a712e5a2003d4
spotify:track:2Rlw1EslDSKSODPst1GhOY,605866a938e54c5da212fc8595186729,2025-03-11T15:10:37Z,3,,d173bb9e6fe549cdb77a712e5a2003d4
spotify:track:2NeVYtinQRXtjIvhNkQShE,605866a938e54c5da212fc8595186729,2025-03-11T15:10:37Z,2,,d173bb9e6fe549cdb77a712e5a2003d4
spotify:track:7m3TmFGOTfnNfj6uqAP79u,49a5ff7c4466457eb8016aaf873224cb,2025-03-11T15:34:52Z,1,Nice groundwork track. Spund? Extrapolate!,d173bb9e6fe549cdb77a712e5a2003d4
spotify:track:0nYbn4KaDHNdAmXSQ4eErw,49a5ff7c4466457eb8016aaf873224cb,2025-03-11T15:34:52Z,1,This one really grew on my in the right setting. Had a rough playlist position being the first track + people maybe not settled in yet. When I came back to it at night it was a much better journey and all around great into to the list.,d173bb9e6fe549cdb77a712e5a2003d4
spotify:track:2cyxqUnXVqCepHKKGgwT2S,49a5ff7c4466457eb8016aaf873224cb,2025-03-11T15:34:52Z,0,"Too jarring for me. Cool ass track, but harshes my mellow instead of marshing my mallow.",d173bb9e6fe549cdb77a712e5a2003d4
spotify:track:2NeVYtinQRXtjIvhNkQShE,49a5ff7c4466457eb8016aaf873224cb,2025-03-11T15:34:52Z,1,Wavy.,d173bb9e6fe549cdb77a712e5a2003d4
spotify:track:2Rlw1EslDSKSODPst1GhOY,49a5ff7c4466457eb8016aaf873224cb,2025-03-11T15:34:52Z,2,Fake / better Khrangabanga with an equally confusing to spell/say name. Always dig them. #BestNewArtist,d173bb9e6fe549cdb77a712e5a2003d4
spotify:track:2vN0yJIIsjfUE5EgcBT6hf,49a5ff7c4466457eb8016aaf873224cb,2025-03-11T15:34:52Z,2,,d173bb9e6fe549cdb77a712e5a2003d4
spotify:track:2yfKkvgywRAY9xy849piLp,49a5ff7c4466457eb8016aaf873224cb,2025-03-11T15:34:52Z,0,"Vocal part kinda turned me off / took me out of it, but cool track that I was not familiar with.",d173bb9e6fe549cdb77a712e5a2003d4
spotify:track:3FPKjKxdYR6o3d25QFsycf,49a5ff7c4466457eb8016aaf873224cb,2025-03-11T15:34:52Z,1,,d173bb9e6fe549cdb77a712e5a2003d4
spotify:track:3oWXn5eW8NUJIXGqa6fANt,49a5ff7c4466457eb8016aaf873224cb,2025-03-11T15:34:52Z,1,Almost picked from this artist. Some great tracks on their albums.,d173bb9e6fe549cdb77a712e5a2003d4
spotify:track:3vX1OAHdl2R8XAWDxffrqy,49a5ff7c4466457eb8016aaf873224cb,2025-03-11T15:34:52Z,1,"Another, Almost picked from this artist. Some great tracks on their albums.",d173bb9e6fe549cdb77a712e5a2003d4
spotify:track:46JBAowaN2BOfB8CDvazud,49a5ff7c4466457eb8016aaf873224cb,2025-03-11T15:34:52Z,0,"Love the hell out of this album. Not sure if this track will land for everyone, but oh well! It is dank. ",d173bb9e6fe549cdb77a712e5a2003d4
spotify:track:5gC2pvnOw8ZMuGHBBMZZv0,49a5ff7c4466457eb8016aaf873224cb,2025-03-11T15:34:52Z,1,"The Sigurian whimpering can wear on me a little bit, and the drum part at the end sort of broke the trance, but overall it was a very cool track.",d173bb9e6fe549cdb77a712e5a2003d4
spotify:track:5rVFG1UpzRO70YGdu634cK,49a5ff7c4466457eb8016aaf873224cb,2025-03-11T15:34:52Z,2,Had a tough time sending anything over the edge for this round. Lots of 2 pointers. This was a contender for 3 for sure.,d173bb9e6fe549cdb77a712e5a2003d4
spotify:track:5WUZZfuyfWo06mXastqQ8Z,49a5ff7c4466457eb8016aaf873224cb,2025-03-11T15:34:52Z,0,"I was ready to toss some points this way, but the Walk Away blue balls was too strong. ",d173bb9e6fe549cdb77a712e5a2003d4
spotify:track:6CQ9jdrQoWQmmcfutvOl60,49a5ff7c4466457eb8016aaf873224cb,2025-03-11T15:34:52Z,1,,d173bb9e6fe549cdb77a712e5a2003d4
spotify:track:6KM4KLN1kmX0k0kELWNwB1,49a5ff7c4466457eb8016aaf873224cb,2025-03-11T15:34:52Z,2,Had a tough time sending anything over the edge for this round. Lots of 2 pointers. This was a contender for 3 for sure.,d173bb9e6fe549cdb77a712e5a2003d4
spotify:track:46JBAowaN2BOfB8CDvazud,4e117e3021d7466c8bf0b654f8357418,2025-03-11T17:49:52Z,2,,d173bb9e6fe549cdb77a712e5a2003d4
spotify:track:3oWXn5eW8NUJIXGqa6fANt,4e117e3021d7466c8bf0b654f8357418,2025-03-11T17:49:52Z,2,,d173bb9e6fe549cdb77a712e5a2003d4
spotify:track:2yfKkvgywRAY9xy849piLp,4e117e3021d7466c8bf0b654f8357418,2025-03-11T17:49:52Z,1,,d173bb9e6fe549cdb77a712e5a2003d4
spotify:track:2vN0yJIIsjfUE5EgcBT6hf,4e117e3021d7466c8bf0b654f8357418,2025-03-11T17:49:52Z,2,,d173bb9e6fe549cdb77a712e5a2003d4
spotify:track:2cyxqUnXVqCepHKKGgwT2S,4e117e3021d7466c8bf0b654f8357418,2025-03-11T17:49:52Z,1,,d173bb9e6fe549cdb77a712e5a2003d4
spotify:track:6CQ9jdrQoWQmmcfutvOl60,4e117e3021d7466c8bf0b654f8357418,2025-03-11T17:49:52Z,2,Rick doing a terrific job selling me on the Public Records show,d173bb9e6fe549cdb77a712e5a2003d4
spotify:track:6KM4KLN1kmX0k0kELWNwB1,4e117e3021d7466c8bf0b654f8357418,2025-03-11T17:49:52Z,3,Floydy at times. The direct path to my heart. ,d173bb9e6fe549cdb77a712e5a2003d4
spotify:track:5gC2pvnOw8ZMuGHBBMZZv0,4e117e3021d7466c8bf0b654f8357418,2025-03-11T17:49:52Z,3,,d173bb9e6fe549cdb77a712e5a2003d4
spotify:track:6KM4KLN1kmX0k0kELWNwB1,7acfbf6ff4234d00875b58e7b2ec389d,2025-03-11T19:40:34Z,1,More Floyd vibes.  I do love when he switches off the electric a ton.  ,d173bb9e6fe549cdb77a712e5a2003d4
spotify:track:7m3TmFGOTfnNfj6uqAP79u,7acfbf6ff4234d00875b58e7b2ec389d,2025-03-11T19:40:34Z,1,Loved this as well.  Saved and I'll throw this on but more when I'm doing chores and driving around. ,d173bb9e6fe549cdb77a712e5a2003d4
spotify:track:2Rlw1EslDSKSODPst1GhOY,7acfbf6ff4234d00875b58e7b2ec389d,2025-03-11T19:40:34Z,1,"Been a big fan of BALTHVS for a while now.  Almost all of their music works with this prompt.  Hope to see them live sometime, heard they put on a sick show.  Also no band has ever ripped off another band more, but they take it next level. ",d173bb9e6fe549cdb77a712e5a2003d4
spotify:track:2yfKkvgywRAY9xy849piLp,7acfbf6ff4234d00875b58e7b2ec389d,2025-03-11T19:40:34Z,1,"David Bowie, you certainly fit so many prompts out there.  ",d173bb9e6fe549cdb77a712e5a2003d4
spotify:track:3FPKjKxdYR6o3d25QFsycf,7acfbf6ff4234d00875b58e7b2ec389d,2025-03-11T19:40:34Z,0,"This song is way too cool for my taste.  I'm not sure I can relax while ""The universe is in this song"" is playing.  I keep thinking about that line.  ",d173bb9e6fe549cdb77a712e5a2003d4
spotify:track:3oWXn5eW8NUJIXGqa6fANt,7acfbf6ff4234d00875b58e7b2ec389d,2025-03-11T19:40:34Z,0,"Probably fits the prompt, but I was just a bit too bored during it and wanted it to end.  ",d173bb9e6fe549cdb77a712e5a2003d4
spotify:track:46JBAowaN2BOfB8CDvazud,7acfbf6ff4234d00875b58e7b2ec389d,2025-03-11T19:40:34Z,3,"I liked this a lot! Some cool guitar work, and I was able to sink my shoulders at the same time. Bravo.  Close race, but my fav of the week. ",d173bb9e6fe549cdb77a712e5a2003d4
spotify:track:5gC2pvnOw8ZMuGHBBMZZv0,7acfbf6ff4234d00875b58e7b2ec389d,2025-03-11T19:40:34Z,1,Another great band for this prompt but this song is a touch too much like an audio circus for me to que up. The horns at 6:30 is like a marching band snapping me out of a trance. ,d173bb9e6fe549cdb77a712e5a2003d4
spotify:track:5rVFG1UpzRO70YGdu634cK,7acfbf6ff4234d00875b58e7b2ec389d,2025-03-11T19:40:34Z,2,"So bummed you didn't pick ""Shuttle Cock"" from this album.  I dug this though, spacey as heck.  Floyd vibes for sure. ",d173bb9e6fe549cdb77a712e5a2003d4
spotify:track:6CQ9jdrQoWQmmcfutvOl60,7acfbf6ff4234d00875b58e7b2ec389d,2025-03-11T19:40:34Z,2,"This is super cool and I love the title. My letter to my mind would read ""You are an idiot"". ",d173bb9e6fe549cdb77a712e5a2003d4
spotify:track:0nYbn4KaDHNdAmXSQ4eErw,7acfbf6ff4234d00875b58e7b2ec389d,2025-03-11T19:40:34Z,1,"Pretty unknown, def fits the prompt.  Perfect slot for it hitting leadoff as well.  I googled Muskoka.  It's not in Asia.  ",d173bb9e6fe549cdb77a712e5a2003d4
spotify:track:2cyxqUnXVqCepHKKGgwT2S,7acfbf6ff4234d00875b58e7b2ec389d,2025-03-11T19:40:34Z,0,"I wanted to like this more than I did.  I feel like I might hear this this at a yoga studio dance party than in the middle of the outdoors. Doubt I would ever find something like this, so appreciate you submitting it.",d173bb9e6fe549cdb77a712e5a2003d4
spotify:track:2NeVYtinQRXtjIvhNkQShE,7acfbf6ff4234d00875b58e7b2ec389d,2025-03-11T19:40:34Z,2,"I like this.  Chill, groovey, makes me tap my foot.  Good pick! Thanks!",d173bb9e6fe549cdb77a712e5a2003d4
spotify:track:2vN0yJIIsjfUE5EgcBT6hf,7acfbf6ff4234d00875b58e7b2ec389d,2025-03-11T19:40:34Z,1,"Well known artist, with an underground track.  I liked this, and hit in a good spot on the playlist. This is good Slay the Spire music. ",d173bb9e6fe549cdb77a712e5a2003d4
spotify:track:5gC2pvnOw8ZMuGHBBMZZv0,0b4377c224ba402d97adce848425da90,2025-03-11T21:49:32Z,1,I was really feeling this until that little orchestral waltz section took me out of it. Still a point. ,d173bb9e6fe549cdb77a712e5a2003d4
spotify:track:3vX1OAHdl2R8XAWDxffrqy,0b4377c224ba402d97adce848425da90,2025-03-11T21:49:32Z,0,Somehow this also sounds like it could segue perfectly into Interior People. ,d173bb9e6fe549cdb77a712e5a2003d4
spotify:track:2yfKkvgywRAY9xy849piLp,0b4377c224ba402d97adce848425da90,2025-03-11T21:49:32Z,1,"Sneaky good call here for this category. Slightly ominous, but hey, so is space. ",d173bb9e6fe549cdb77a712e5a2003d4
spotify:track:2vN0yJIIsjfUE5EgcBT6hf,0b4377c224ba402d97adce848425da90,2025-03-11T21:49:32Z,3,"Seems obvious now, but Herbie was an inspired choice. Well done. The final minute is especially spacey. ",d173bb9e6fe549cdb77a712e5a2003d4
spotify:track:0nYbn4KaDHNdAmXSQ4eErw,0b4377c224ba402d97adce848425da90,2025-03-11T21:49:32Z,3,My favorite artist discovery of 2024. This guy cooks up hypnotic psychedelic grooves that are one with nature. Excellent choice. ,d173bb9e6fe549cdb77a712e5a2003d4
spotify:track:6KM4KLN1kmX0k0kELWNwB1,0b4377c224ba402d97adce848425da90,2025-03-11T21:49:32Z,1,,d173bb9e6fe549cdb77a712e5a2003d4
spotify:track:6CQ9jdrQoWQmmcfutvOl60,0b4377c224ba402d97adce848425da90,2025-03-11T21:49:32Z,2,Delightfully spacey ,d173bb9e6fe549cdb77a712e5a2003d4
spotify:track:5WUZZfuyfWo06mXastqQ8Z,0b4377c224ba402d97adce848425da90,2025-03-11T21:49:32Z,2,Brilliant. ,d173bb9e6fe549cdb77a712e5a2003d4
spotify:track:5rVFG1UpzRO70YGdu634cK,0b4377c224ba402d97adce848425da90,2025-03-11T21:49:32Z,3,"Perfect, no notes. Well, except for the notes they played, those were perfect. ",d173bb9e6fe549cdb77a712e5a2003d4
spotify:track:2Rlw1EslDSKSODPst1GhOY,7fdceb56429c4e38939c3e5ee41bfdd0,2025-03-11T23:14:14Z,1,,d173bb9e6fe549cdb77a712e5a2003d4
spotify:track:6CQ9jdrQoWQmmcfutvOl60,7fdceb56429c4e38939c3e5ee41bfdd0,2025-03-11T23:14:14Z,2,,d173bb9e6fe549cdb77a712e5a2003d4
spotify:track:5WUZZfuyfWo06mXastqQ8Z,7fdceb56429c4e38939c3e5ee41bfdd0,2025-03-11T23:14:14Z,1,,d173bb9e6fe549cdb77a712e5a2003d4
spotify:track:5gC2pvnOw8ZMuGHBBMZZv0,7fdceb56429c4e38939c3e5ee41bfdd0,2025-03-11T23:14:14Z,2,,d173bb9e6fe549cdb77a712e5a2003d4
spotify:track:46JBAowaN2BOfB8CDvazud,7fdceb56429c4e38939c3e5ee41bfdd0,2025-03-11T23:14:14Z,1,,d173bb9e6fe549cdb77a712e5a2003d4
spotify:track:3vX1OAHdl2R8XAWDxffrqy,7fdceb56429c4e38939c3e5ee41bfdd0,2025-03-11T23:14:14Z,1,,d173bb9e6fe549cdb77a712e5a2003d4
spotify:track:3oWXn5eW8NUJIXGqa6fANt,7fdceb56429c4e38939c3e5ee41bfdd0,2025-03-11T23:14:14Z,3,,d173bb9e6fe549cdb77a712e5a2003d4
spotify:track:2yfKkvgywRAY9xy849piLp,7fdceb56429c4e38939c3e5ee41bfdd0,2025-03-11T23:14:14Z,2,,d173bb9e6fe549cdb77a712e5a2003d4
spotify:track:2vN0yJIIsjfUE5EgcBT6hf,7fdceb56429c4e38939c3e5ee41bfdd0,2025-03-11T23:14:14Z,1,,d173bb9e6fe549cdb77a712e5a2003d4
spotify:track:0nYbn4KaDHNdAmXSQ4eErw,7fdceb56429c4e38939c3e5ee41bfdd0,2025-03-11T23:14:14Z,2,,d173bb9e6fe549cdb77a712e5a2003d4
spotify:track:5rVFG1UpzRO70YGdu634cK,e5c2390073644e979f43e744c33e6c60,2025-03-12T00:53:50Z,2,,d173bb9e6fe549cdb77a712e5a2003d4
spotify:track:0nYbn4KaDHNdAmXSQ4eErw,e5c2390073644e979f43e744c33e6c60,2025-03-12T00:53:50Z,1,,d173bb9e6fe549cdb77a712e5a2003d4
spotify:track:2cyxqUnXVqCepHKKGgwT2S,e5c2390073644e979f43e744c33e6c60,2025-03-12T00:53:50Z,1,,d173bb9e6fe549cdb77a712e5a2003d4
spotify:track:2NeVYtinQRXtjIvhNkQShE,e5c2390073644e979f43e744c33e6c60,2025-03-12T00:53:50Z,2,,d173bb9e6fe549cdb77a712e5a2003d4
spotify:track:2Rlw1EslDSKSODPst1GhOY,e5c2390073644e979f43e744c33e6c60,2025-03-12T00:53:50Z,1,,d173bb9e6fe549cdb77a712e5a2003d4
spotify:track:3oWXn5eW8NUJIXGqa6fANt,e5c2390073644e979f43e744c33e6c60,2025-03-12T00:53:50Z,1,,d173bb9e6fe549cdb77a712e5a2003d4
spotify:track:3vX1OAHdl2R8XAWDxffrqy,e5c2390073644e979f43e744c33e6c60,2025-03-12T00:53:50Z,2,,d173bb9e6fe549cdb77a712e5a2003d4
spotify:track:46JBAowaN2BOfB8CDvazud,e5c2390073644e979f43e744c33e6c60,2025-03-12T00:53:50Z,1,,d173bb9e6fe549cdb77a712e5a2003d4
spotify:track:7m3TmFGOTfnNfj6uqAP79u,e5c2390073644e979f43e744c33e6c60,2025-03-12T00:53:50Z,1,,d173bb9e6fe549cdb77a712e5a2003d4
spotify:track:6KM4KLN1kmX0k0kELWNwB1,e5c2390073644e979f43e744c33e6c60,2025-03-12T00:53:50Z,1,,d173bb9e6fe549cdb77a712e5a2003d4
spotify:track:6CQ9jdrQoWQmmcfutvOl60,e5c2390073644e979f43e744c33e6c60,2025-03-12T00:53:50Z,3,,d173bb9e6fe549cdb77a712e5a2003d4
spotify:track:5WUZZfuyfWo06mXastqQ8Z,f1f0f2ed0eb64306992b613229fb7972,2025-03-12T02:15:29Z,1,,d173bb9e6fe549cdb77a712e5a2003d4
spotify:track:5rVFG1UpzRO70YGdu634cK,f1f0f2ed0eb64306992b613229fb7972,2025-03-12T02:15:29Z,1,,d173bb9e6fe549cdb77a712e5a2003d4
spotify:track:46JBAowaN2BOfB8CDvazud,f1f0f2ed0eb64306992b613229fb7972,2025-03-12T02:15:29Z,1,,d173bb9e6fe549cdb77a712e5a2003d4
spotify:track:3oWXn5eW8NUJIXGqa6fANt,f1f0f2ed0eb64306992b613229fb7972,2025-03-12T02:15:29Z,2,,d173bb9e6fe549cdb77a712e5a2003d4
spotify:track:3FPKjKxdYR6o3d25QFsycf,f1f0f2ed0eb64306992b613229fb7972,2025-03-12T02:15:29Z,1,,d173bb9e6fe549cdb77a712e5a2003d4
spotify:track:2vN0yJIIsjfUE5EgcBT6hf,f1f0f2ed0eb64306992b613229fb7972,2025-03-12T02:15:29Z,1,,d173bb9e6fe549cdb77a712e5a2003d4
spotify:track:2Rlw1EslDSKSODPst1GhOY,f1f0f2ed0eb64306992b613229fb7972,2025-03-12T02:15:29Z,1,Almost submitted a BALTHVS song myself! ,d173bb9e6fe549cdb77a712e5a2003d4
spotify:track:2cyxqUnXVqCepHKKGgwT2S,f1f0f2ed0eb64306992b613229fb7972,2025-03-12T02:15:29Z,2,,d173bb9e6fe549cdb77a712e5a2003d4
spotify:track:0nYbn4KaDHNdAmXSQ4eErw,f1f0f2ed0eb64306992b613229fb7972,2025-03-12T02:15:29Z,2,"Wow, this is spectacular 🤩",d173bb9e6fe549cdb77a712e5a2003d4
spotify:track:7m3TmFGOTfnNfj6uqAP79u,f1f0f2ed0eb64306992b613229fb7972,2025-03-12T02:15:29Z,1,,d173bb9e6fe549cdb77a712e5a2003d4
spotify:track:6KM4KLN1kmX0k0kELWNwB1,f1f0f2ed0eb64306992b613229fb7972,2025-03-12T02:15:29Z,1,,d173bb9e6fe549cdb77a712e5a2003d4
spotify:track:6CQ9jdrQoWQmmcfutvOl60,f1f0f2ed0eb64306992b613229fb7972,2025-03-12T02:15:29Z,2,,d173bb9e6fe549cdb77a712e5a2003d4
spotify:track:08zaFYNqxprgDyfmRhXWbs,d0b05ef03f5e4598a3e8532b812c3330,2025-03-13T02:38:33Z,0,love spafford but would have gone with a bunch of other tunes. like electric taco stand or bee my angel jam (This is dianna),4087e61e46a849508941d85e924e87ef
spotify:track:0dgbJ8kBIy2tr2tdarkGW7,d0b05ef03f5e4598a3e8532b812c3330,2025-03-13T02:38:33Z,2,hi spund. steve sweney for life. ,4087e61e46a849508941d85e924e87ef
spotify:track:0ICyyWM1gTSfD5qynWHpox,d0b05ef03f5e4598a3e8532b812c3330,2025-03-13T02:38:33Z,1,why. cant. people. follow. directions.... dont care love pgroove too much. to me they might be the ultimate tier 2 jam band. (Jen??),4087e61e46a849508941d85e924e87ef
spotify:track:12lKizzEiLgRQuKs9vXPa8,d0b05ef03f5e4598a3e8532b812c3330,2025-03-13T02:38:33Z,3,"OH SHIT IS THAT ANOTHER PUPS IN TROUBLE ALBUM COVER?? GOOSE FUCKING RIPPED OFF ANOTHER JAM BAND??? This is lovely and never heard of them. can we just spotify search by pups in trouble album covers? jacob, take note, would be another good music league prompt. add it to the list. (Dustin)",4087e61e46a849508941d85e924e87ef
spotify:track:12tRRP8jnBGOc3eQMFpcxk,d0b05ef03f5e4598a3e8532b812c3330,2025-03-13T02:38:33Z,0,"This is mine and I found them from the ""modern jam band"" spotify playlist in case people doubt they are a jam band.... and they are fucking AWESOME. If Gizz was actually a jam band and from norway. if you like this do a deep dive. their new album is nasty. Also I needed 100 points for this round.",4087e61e46a849508941d85e924e87ef
spotify:track:1WMpucULQdR94OBmda8bdk,d0b05ef03f5e4598a3e8532b812c3330,2025-03-13T02:38:33Z,1,I do love donato but i cant belief he ripped off phish with the reprise. also listened to them so much in anticipation of last week's detroit concert that I didnt end up making cause I was too exhausted from a VERY fun date the night before. should have sucked it up and procured drugs. (rick cause I know he loves this song) ,4087e61e46a849508941d85e924e87ef
spotify:track:00UuzW4G4wm0QpMdDTflun,d0b05ef03f5e4598a3e8532b812c3330,2025-03-13T02:38:33Z,0,big cheese fan... not sunsquabi so much. still they somehow blend well. but too many other good tunes Josh Storm?,4087e61e46a849508941d85e924e87ef
spotify:track:2ffjTgiovmTDa0pvmqQN6m,d0b05ef03f5e4598a3e8532b812c3330,2025-03-13T02:38:33Z,1,Brinks becuase brinks loves STS9,4087e61e46a849508941d85e924e87ef
spotify:track:2m7beeBNe4zXiDDSyrBQWl,d0b05ef03f5e4598a3e8532b812c3330,2025-03-13T02:38:33Z,0,If I had to create a tier 2 jamband in a lab it would be magic beans. and thats a compliment. Mendo,4087e61e46a849508941d85e924e87ef
spotify:track:3d5vGsYx481NEEnZzAlTII,d0b05ef03f5e4598a3e8532b812c3330,2025-03-13T02:38:33Z,2,This choice is jacob all the way. Very little known funk based school teacher from seattle with a fun band name. sick groove ,4087e61e46a849508941d85e924e87ef
spotify:track:3Ub1A9i0rjIuWzO39RzZ7L,d0b05ef03f5e4598a3e8532b812c3330,2025-03-13T02:38:33Z,0,Ugh tea leaf is my comfort food just too many other good stuff (Fluff),4087e61e46a849508941d85e924e87ef
spotify:track:47hl50HyDtprbwY7mRmk5A,d0b05ef03f5e4598a3e8532b812c3330,2025-03-13T02:38:33Z,0,Kenny because of the youtube video you posted before??,4087e61e46a849508941d85e924e87ef
spotify:track:5Z8yINFb42KCbRXXRSV2UJ,d0b05ef03f5e4598a3e8532b812c3330,2025-03-13T02:38:33Z,1,Zach??,4087e61e46a849508941d85e924e87ef
spotify:track:6D9slGIeEMbCjXJ1NfhqZW,d0b05ef03f5e4598a3e8532b812c3330,2025-03-13T02:38:33Z,2,Going with Paug cause I know how much he secretly loves disco biscuits and most jam bands just like me JAM CRUISE 4 LYFE. I havent listened to this since college when i listened to it a hundred times its transporting me back love it,4087e61e46a849508941d85e924e87ef
spotify:track:6uh3TMl9Gno3ONK1CbEs98,d0b05ef03f5e4598a3e8532b812c3330,2025-03-13T02:38:33Z,1,thank you so much for that enlightening description. still love strangefolk. Sam?  i will always give a point to strangefolk for any prompt because i love them ,4087e61e46a849508941d85e924e87ef
spotify:track:6xlQ5j4YZ1VRFjQkzNd7zP,d0b05ef03f5e4598a3e8532b812c3330,2025-03-13T02:38:33Z,2,fuck damn this is a good song. hell yeah. Memo cause this is a band i havent heard before and they are awesome?,4087e61e46a849508941d85e924e87ef
spotify:track:00UuzW4G4wm0QpMdDTflun,8453d173315c468e8134e2527a658ba5,2025-03-13T12:36:25Z,1,String Cheese had their time in the A list. 1 point max,4087e61e46a849508941d85e924e87ef
spotify:track:08zaFYNqxprgDyfmRhXWbs,8453d173315c468e8134e2527a658ba5,2025-03-13T12:36:25Z,0,Too Nickelbacky,4087e61e46a849508941d85e924e87ef
spotify:track:0ICyyWM1gTSfD5qynWHpox,8453d173315c468e8134e2527a658ba5,2025-03-13T12:36:25Z,0,"Live, cheater",4087e61e46a849508941d85e924e87ef
spotify:track:12lKizzEiLgRQuKs9vXPa8,8453d173315c468e8134e2527a658ba5,2025-03-13T12:36:25Z,1,,4087e61e46a849508941d85e924e87ef
spotify:track:1WMpucULQdR94OBmda8bdk,8453d173315c468e8134e2527a658ba5,2025-03-13T12:36:25Z,3,Dude rips,4087e61e46a849508941d85e924e87ef
spotify:track:2ffjTgiovmTDa0pvmqQN6m,8453d173315c468e8134e2527a658ba5,2025-03-13T12:36:25Z,0,Br0nks,4087e61e46a849508941d85e924e87ef
spotify:track:2m7beeBNe4zXiDDSyrBQWl,8453d173315c468e8134e2527a658ba5,2025-03-13T12:36:25Z,4,Liked this more than I wanted to,4087e61e46a849508941d85e924e87ef
spotify:track:3d5vGsYx481NEEnZzAlTII,8453d173315c468e8134e2527a658ba5,2025-03-13T12:36:25Z,2,A fave of the cave ,4087e61e46a849508941d85e924e87ef
spotify:track:5Z8yINFb42KCbRXXRSV2UJ,8453d173315c468e8134e2527a658ba5,2025-03-13T12:36:25Z,2,,4087e61e46a849508941d85e924e87ef
spotify:track:6uh3TMl9Gno3ONK1CbEs98,8453d173315c468e8134e2527a658ba5,2025-03-13T12:36:25Z,3,Love Reid (obligated to say that per my marriage agreement),4087e61e46a849508941d85e924e87ef
spotify:track:1WMpucULQdR94OBmda8bdk,1c89e947d02949ed86d05ec22a7350bf,2025-03-13T14:12:58Z,1,"dont think i've actually heard any of his music before this, would def see if he came around these parts (but i think he just did and we missed it?) - ricks pick?",4087e61e46a849508941d85e924e87ef
spotify:track:2ffjTgiovmTDa0pvmqQN6m,1c89e947d02949ed86d05ec22a7350bf,2025-03-13T14:12:58Z,0,can get down with these guys live but doesnt translate for me - dustin?,4087e61e46a849508941d85e924e87ef
spotify:track:2m7beeBNe4zXiDDSyrBQWl,1c89e947d02949ed86d05ec22a7350bf,2025-03-13T14:12:58Z,2,Fun and funky-  jen?,4087e61e46a849508941d85e924e87ef
spotify:track:3d5vGsYx481NEEnZzAlTII,1c89e947d02949ed86d05ec22a7350bf,2025-03-13T14:12:58Z,1,also fun and funky- memo?,4087e61e46a849508941d85e924e87ef
spotify:track:3Ub1A9i0rjIuWzO39RzZ7L,1c89e947d02949ed86d05ec22a7350bf,2025-03-13T14:12:58Z,2,loved these guys- fluff pick?,4087e61e46a849508941d85e924e87ef
spotify:track:47hl50HyDtprbwY7mRmk5A,1c89e947d02949ed86d05ec22a7350bf,2025-03-13T14:12:58Z,0,schizophrenia indeed- too much ,4087e61e46a849508941d85e924e87ef
spotify:track:5Z8yINFb42KCbRXXRSV2UJ,1c89e947d02949ed86d05ec22a7350bf,2025-03-13T14:12:58Z,0,this whole album slaps,4087e61e46a849508941d85e924e87ef
spotify:track:6D9slGIeEMbCjXJ1NfhqZW,1c89e947d02949ed86d05ec22a7350bf,2025-03-13T14:12:58Z,0,dusty or dianna?,4087e61e46a849508941d85e924e87ef
spotify:track:00UuzW4G4wm0QpMdDTflun,1c89e947d02949ed86d05ec22a7350bf,2025-03-13T14:12:58Z,1,still at the top of the b-listers for a reason ,4087e61e46a849508941d85e924e87ef
spotify:track:08zaFYNqxprgDyfmRhXWbs,1c89e947d02949ed86d05ec22a7350bf,2025-03-13T14:12:58Z,0,"meh, sounded weasel'y for sure - diskin?",4087e61e46a849508941d85e924e87ef
spotify:track:0dgbJ8kBIy2tr2tdarkGW7,1c89e947d02949ed86d05ec22a7350bf,2025-03-13T14:12:58Z,3,"Ah, the strangefolk of the Midwest <3 brandon",4087e61e46a849508941d85e924e87ef
spotify:track:12lKizzEiLgRQuKs9vXPa8,1c89e947d02949ed86d05ec22a7350bf,2025-03-13T14:12:58Z,1,"this band was new to  me, has potential",4087e61e46a849508941d85e924e87ef
spotify:track:12tRRP8jnBGOc3eQMFpcxk,1c89e947d02949ed86d05ec22a7350bf,2025-03-13T14:12:58Z,0,also new to me but wasnt feeling it,4087e61e46a849508941d85e924e87ef
spotify:track:6uh3TMl9Gno3ONK1CbEs98,1c89e947d02949ed86d05ec22a7350bf,2025-03-13T14:12:58Z,3,"Forever A-listers to me - would give anything for a reunion tour and an excuse to rent a big ol house in VT like the good ol days - timmy, obvs ",4087e61e46a849508941d85e924e87ef
spotify:track:6xlQ5j4YZ1VRFjQkzNd7zP,1c89e947d02949ed86d05ec22a7350bf,2025-03-13T14:12:58Z,2,"This was new to me too, dug it - jdisk?",4087e61e46a849508941d85e924e87ef
spotify:track:00UuzW4G4wm0QpMdDTflun,ce76a5e6ff274137bb5127db7065d9a8,2025-03-13T14:15:40Z,1,I liked this more than I wanted to. Still feel a little icky,4087e61e46a849508941d85e924e87ef
spotify:track:08zaFYNqxprgDyfmRhXWbs,ce76a5e6ff274137bb5127db7065d9a8,2025-03-13T14:15:40Z,0,"Rough. Hate the drumming, if you can call it that. Sounds like someone pushing buttons",4087e61e46a849508941d85e924e87ef
spotify:track:0dgbJ8kBIy2tr2tdarkGW7,ce76a5e6ff274137bb5127db7065d9a8,2025-03-13T14:15:40Z,1,Tolerable ,4087e61e46a849508941d85e924e87ef
spotify:track:0ICyyWM1gTSfD5qynWHpox,ce76a5e6ff274137bb5127db7065d9a8,2025-03-13T14:15:40Z,1,"I’m gonna give you a point because it was an auto skip for being live, so thanks for allowing me to listen to one less song. I also don’t want to give any other songs any more points ",4087e61e46a849508941d85e924e87ef
spotify:track:12tRRP8jnBGOc3eQMFpcxk,ce76a5e6ff274137bb5127db7065d9a8,2025-03-13T14:15:40Z,3,"I don’t know if this qualifies as a jam band, but it has enough elements of one and also does it matter? I actually liked the song, which is more than most of the rest ",4087e61e46a849508941d85e924e87ef
spotify:track:1WMpucULQdR94OBmda8bdk,ce76a5e6ff274137bb5127db7065d9a8,2025-03-13T14:15:40Z,1,"I’m struggling here cuz if someone told me to listen to DD and that’s the song they gave me I think I’d write him off, but I do like him. Just not really loving this choice. I’ll begrudgingly give you a point cuz I need to get rid of some",4087e61e46a849508941d85e924e87ef
spotify:track:2m7beeBNe4zXiDDSyrBQWl,ce76a5e6ff274137bb5127db7065d9a8,2025-03-13T14:15:40Z,1,,4087e61e46a849508941d85e924e87ef
spotify:track:3d5vGsYx481NEEnZzAlTII,ce76a5e6ff274137bb5127db7065d9a8,2025-03-13T14:15:40Z,2,,4087e61e46a849508941d85e924e87ef
spotify:track:3Ub1A9i0rjIuWzO39RzZ7L,ce76a5e6ff274137bb5127db7065d9a8,2025-03-13T14:15:40Z,2,Did not like the lyrics but enjoyed the rest ,4087e61e46a849508941d85e924e87ef
spotify:track:47hl50HyDtprbwY7mRmk5A,ce76a5e6ff274137bb5127db7065d9a8,2025-03-13T14:15:40Z,0,Lost me with the untz,4087e61e46a849508941d85e924e87ef
spotify:track:5Z8yINFb42KCbRXXRSV2UJ,ce76a5e6ff274137bb5127db7065d9a8,2025-03-13T14:15:40Z,1,,4087e61e46a849508941d85e924e87ef
spotify:track:6uh3TMl9Gno3ONK1CbEs98,ce76a5e6ff274137bb5127db7065d9a8,2025-03-13T14:15:40Z,2,,4087e61e46a849508941d85e924e87ef
spotify:track:6xlQ5j4YZ1VRFjQkzNd7zP,ce76a5e6ff274137bb5127db7065d9a8,2025-03-13T14:15:40Z,1,"I’m just glad this category is over, so I guess congrats for being last",4087e61e46a849508941d85e924e87ef
spotify:track:00UuzW4G4wm0QpMdDTflun,49a5ff7c4466457eb8016aaf873224cb,2025-03-13T15:07:44Z,3,"Great start to the list. Feel like the following songs suffered because of how solid this was (and instrumental taboot, please stop singing). Maybe cheating by combining the power of two bands... with one of them allegedly being A-list for a hot second... but oh well! Nice pick, Fluff. ",4087e61e46a849508941d85e924e87ef
spotify:track:08zaFYNqxprgDyfmRhXWbs,49a5ff7c4466457eb8016aaf873224cb,2025-03-13T15:07:44Z,0,"Gets good and peaky (like all of their songs... for better or worse), but it is a slog to get there. Spafford vocals following the previous track really put them at a disadvantage. I tried to not let it impact my vote too much, but oh well. I am outta points. ",4087e61e46a849508941d85e924e87ef
spotify:track:0dgbJ8kBIy2tr2tdarkGW7,49a5ff7c4466457eb8016aaf873224cb,2025-03-13T15:07:44Z,1,"See you at Hookahville 60 in June, Spundo!",4087e61e46a849508941d85e924e87ef
spotify:track:0ICyyWM1gTSfD5qynWHpox,49a5ff7c4466457eb8016aaf873224cb,2025-03-13T15:07:44Z,0,"Nice pick, jdisk, but the Live aspect DQ's it for me. The studio take is actually pretty awesome, too. Love me some pgroove. Had a few strong contenders I almost submitted. ",4087e61e46a849508941d85e924e87ef
spotify:track:12lKizzEiLgRQuKs9vXPa8,49a5ff7c4466457eb8016aaf873224cb,2025-03-13T15:07:44Z,0,"Had to take a break from the list after this one. I think I liked it? Maybe? First time hearing of this band and wouldn't mind hearing more from them to see what they're about, but ehh this track alone felt pretty vanilla. Going Zeez due to their Allmansy/Dead vibes.",4087e61e46a849508941d85e924e87ef
spotify:track:12tRRP8jnBGOc3eQMFpcxk,49a5ff7c4466457eb8016aaf873224cb,2025-03-13T15:07:44Z,2,"Surprised King Gizz didn't make the list. Would've been a fun ""is they jamband"" debate. I liked whatever this was, though. ",4087e61e46a849508941d85e924e87ef
spotify:track:1WMpucULQdR94OBmda8bdk,49a5ff7c4466457eb8016aaf873224cb,2025-03-13T15:07:44Z,1,"Okay Jacob. Baby faces unite. Hate the vocals, but the music is cool. I enjoyed DD live, but can't really be arsed to listen to his stuff outside of the live show. I never got the hype leading up to my time seeing him live, but yeah they are sweet. ",4087e61e46a849508941d85e924e87ef
spotify:track:2ffjTgiovmTDa0pvmqQN6m,49a5ff7c4466457eb8016aaf873224cb,2025-03-13T15:07:44Z,0,"The STS9 I cut my teeth on. Damn this track takes me back. Hope people (Sam) made it the full 7 min. Particle's Elevator would've sweeped, though. ",4087e61e46a849508941d85e924e87ef
spotify:track:2m7beeBNe4zXiDDSyrBQWl,49a5ff7c4466457eb8016aaf873224cb,2025-03-13T15:07:44Z,2,"Easy listen. Unoffensive. No vocals. I got to read the word ""casino"". Take my points. Seen these guys a number of times at Peach and they're always decent. Jen?????",4087e61e46a849508941d85e924e87ef
spotify:track:3d5vGsYx481NEEnZzAlTII,49a5ff7c4466457eb8016aaf873224cb,2025-03-13T15:07:44Z,0,"I am DQ'ing this one, Brinks. Not sure what makes it a jamband. It is seemingly one dude from Seattle that makes music. Has never played a live show. Doesn't have any extended tracks on Spotify or elsewhere that I could find. I was ready to be VERY loose with the ""jamband"" categorization, but I don't see how this applies at all. I loved the track and it might be the best on the list... but it isn't fair because it is competing against handicapped bands that are actual low-tier jambands. :gavel: ",4087e61e46a849508941d85e924e87ef
spotify:track:3Ub1A9i0rjIuWzO39RzZ7L,49a5ff7c4466457eb8016aaf873224cb,2025-03-13T15:07:44Z,2,"Oedipus be damned, this is a nice track. 

Reel it in a bit, Reed... https://www.youtube.com/watch?v=PfgKqDX8xTg",4087e61e46a849508941d85e924e87ef
spotify:track:47hl50HyDtprbwY7mRmk5A,49a5ff7c4466457eb8016aaf873224cb,2025-03-13T15:07:44Z,1,"Don't know these folks, but dug the track. It was a little long, skipped around a bit, but solid. Probably Timmy as the band seems Reid Genauer/Strangecreek adjacent. ",4087e61e46a849508941d85e924e87ef
spotify:track:5Z8yINFb42KCbRXXRSV2UJ,49a5ff7c4466457eb8016aaf873224cb,2025-03-13T15:07:44Z,2,"Can always count on some Motet for easy-listenin grooves. Smart of them to have a female vocalist. I guess they're a jamband? Don't know or care. Also potentially Jacob, but I am continuously wrong about his choices, so who knows.",4087e61e46a849508941d85e924e87ef
spotify:track:6D9slGIeEMbCjXJ1NfhqZW,49a5ff7c4466457eb8016aaf873224cb,2025-03-13T15:07:44Z,0,"Bisco_0Ns, love this journey for you, but this song isn't doing much for me. (Or Dustin? But I am feeling the TLG track from him for some reason)",4087e61e46a849508941d85e924e87ef
spotify:track:6uh3TMl9Gno3ONK1CbEs98,49a5ff7c4466457eb8016aaf873224cb,2025-03-13T15:07:44Z,1,Samantha. Gotta give some votes to the other Reid/Reed on the list. Great songwriter... *decent* vocalist... ,4087e61e46a849508941d85e924e87ef
spotify:track:6xlQ5j4YZ1VRFjQkzNd7zP,49a5ff7c4466457eb8016aaf873224cb,2025-03-13T15:07:44Z,1,"It's fine. Reminds me of something I can't place. Didn't fully hate the vocals, but sort of did. ",4087e61e46a849508941d85e924e87ef
spotify:track:00UuzW4G4wm0QpMdDTflun,0b4377c224ba402d97adce848425da90,2025-03-13T15:51:06Z,2,,4087e61e46a849508941d85e924e87ef
spotify:track:08zaFYNqxprgDyfmRhXWbs,0b4377c224ba402d97adce848425da90,2025-03-13T15:51:06Z,3,,4087e61e46a849508941d85e924e87ef
spotify:track:0dgbJ8kBIy2tr2tdarkGW7,0b4377c224ba402d97adce848425da90,2025-03-13T15:51:06Z,1,,4087e61e46a849508941d85e924e87ef
spotify:track:12lKizzEiLgRQuKs9vXPa8,0b4377c224ba402d97adce848425da90,2025-03-13T15:51:06Z,1,,4087e61e46a849508941d85e924e87ef
spotify:track:12tRRP8jnBGOc3eQMFpcxk,0b4377c224ba402d97adce848425da90,2025-03-13T15:51:06Z,2,,4087e61e46a849508941d85e924e87ef
spotify:track:1WMpucULQdR94OBmda8bdk,0b4377c224ba402d97adce848425da90,2025-03-13T15:51:06Z,1,,4087e61e46a849508941d85e924e87ef
spotify:track:2ffjTgiovmTDa0pvmqQN6m,0b4377c224ba402d97adce848425da90,2025-03-13T15:51:06Z,3,,4087e61e46a849508941d85e924e87ef
spotify:track:6uh3TMl9Gno3ONK1CbEs98,0b4377c224ba402d97adce848425da90,2025-03-13T15:51:06Z,3,,4087e61e46a849508941d85e924e87ef
spotify:track:00UuzW4G4wm0QpMdDTflun,7fdceb56429c4e38939c3e5ee41bfdd0,2025-03-13T16:26:18Z,2,,4087e61e46a849508941d85e924e87ef
spotify:track:0dgbJ8kBIy2tr2tdarkGW7,7fdceb56429c4e38939c3e5ee41bfdd0,2025-03-13T16:26:18Z,2,,4087e61e46a849508941d85e924e87ef
spotify:track:12lKizzEiLgRQuKs9vXPa8,7fdceb56429c4e38939c3e5ee41bfdd0,2025-03-13T16:26:18Z,3,,4087e61e46a849508941d85e924e87ef
spotify:track:2ffjTgiovmTDa0pvmqQN6m,7fdceb56429c4e38939c3e5ee41bfdd0,2025-03-13T16:26:18Z,2,,4087e61e46a849508941d85e924e87ef
spotify:track:3d5vGsYx481NEEnZzAlTII,7fdceb56429c4e38939c3e5ee41bfdd0,2025-03-13T16:26:18Z,1,,4087e61e46a849508941d85e924e87ef
spotify:track:3Ub1A9i0rjIuWzO39RzZ7L,7fdceb56429c4e38939c3e5ee41bfdd0,2025-03-13T16:26:18Z,1,,4087e61e46a849508941d85e924e87ef
spotify:track:47hl50HyDtprbwY7mRmk5A,7fdceb56429c4e38939c3e5ee41bfdd0,2025-03-13T16:26:18Z,1,,4087e61e46a849508941d85e924e87ef
spotify:track:5Z8yINFb42KCbRXXRSV2UJ,7fdceb56429c4e38939c3e5ee41bfdd0,2025-03-13T16:26:18Z,1,,4087e61e46a849508941d85e924e87ef
spotify:track:6D9slGIeEMbCjXJ1NfhqZW,7fdceb56429c4e38939c3e5ee41bfdd0,2025-03-13T16:26:18Z,1,,4087e61e46a849508941d85e924e87ef
spotify:track:6uh3TMl9Gno3ONK1CbEs98,7fdceb56429c4e38939c3e5ee41bfdd0,2025-03-13T16:26:18Z,2,,4087e61e46a849508941d85e924e87ef
spotify:track:47hl50HyDtprbwY7mRmk5A,bf3a904d73564b6c97f9e47c5429b767,2025-03-13T17:36:13Z,2,,4087e61e46a849508941d85e924e87ef
spotify:track:00UuzW4G4wm0QpMdDTflun,bf3a904d73564b6c97f9e47c5429b767,2025-03-13T17:36:13Z,2,,4087e61e46a849508941d85e924e87ef
spotify:track:0ICyyWM1gTSfD5qynWHpox,bf3a904d73564b6c97f9e47c5429b767,2025-03-13T17:36:13Z,2,,4087e61e46a849508941d85e924e87ef
spotify:track:1WMpucULQdR94OBmda8bdk,bf3a904d73564b6c97f9e47c5429b767,2025-03-13T17:36:13Z,1,,4087e61e46a849508941d85e924e87ef
spotify:track:2ffjTgiovmTDa0pvmqQN6m,bf3a904d73564b6c97f9e47c5429b767,2025-03-13T17:36:13Z,3,,4087e61e46a849508941d85e924e87ef
spotify:track:2m7beeBNe4zXiDDSyrBQWl,bf3a904d73564b6c97f9e47c5429b767,2025-03-13T17:36:13Z,2,"never heard this, i like",4087e61e46a849508941d85e924e87ef
spotify:track:3Ub1A9i0rjIuWzO39RzZ7L,bf3a904d73564b6c97f9e47c5429b767,2025-03-13T17:36:13Z,2,,4087e61e46a849508941d85e924e87ef
spotify:track:5Z8yINFb42KCbRXXRSV2UJ,bf3a904d73564b6c97f9e47c5429b767,2025-03-13T17:36:13Z,1,,4087e61e46a849508941d85e924e87ef
spotify:track:6uh3TMl9Gno3ONK1CbEs98,bf3a904d73564b6c97f9e47c5429b767,2025-03-13T17:36:13Z,1,,4087e61e46a849508941d85e924e87ef
spotify:track:0ICyyWM1gTSfD5qynWHpox,183c5f6ed1b147099842917a9576c8f4,2025-03-13T21:42:21Z,0,DQ,4087e61e46a849508941d85e924e87ef
spotify:track:12tRRP8jnBGOc3eQMFpcxk,183c5f6ed1b147099842917a9576c8f4,2025-03-13T21:42:21Z,1,,4087e61e46a849508941d85e924e87ef
spotify:track:1WMpucULQdR94OBmda8bdk,183c5f6ed1b147099842917a9576c8f4,2025-03-13T21:42:21Z,1,,4087e61e46a849508941d85e924e87ef
spotify:track:2ffjTgiovmTDa0pvmqQN6m,183c5f6ed1b147099842917a9576c8f4,2025-03-13T21:42:21Z,3,Yes t s,4087e61e46a849508941d85e924e87ef
spotify:track:2m7beeBNe4zXiDDSyrBQWl,183c5f6ed1b147099842917a9576c8f4,2025-03-13T21:42:21Z,1,,4087e61e46a849508941d85e924e87ef
spotify:track:3d5vGsYx481NEEnZzAlTII,183c5f6ed1b147099842917a9576c8f4,2025-03-13T21:42:21Z,1,"Is this a jam band?  Don't think so, but really need to give some points away and I liked it. ",4087e61e46a849508941d85e924e87ef
spotify:track:3Ub1A9i0rjIuWzO39RzZ7L,183c5f6ed1b147099842917a9576c8f4,2025-03-13T21:42:21Z,1,Lyrically...challenged ,4087e61e46a849508941d85e924e87ef
spotify:track:5Z8yINFb42KCbRXXRSV2UJ,183c5f6ed1b147099842917a9576c8f4,2025-03-13T21:42:21Z,2,,4087e61e46a849508941d85e924e87ef
spotify:track:6D9slGIeEMbCjXJ1NfhqZW,183c5f6ed1b147099842917a9576c8f4,2025-03-13T21:42:21Z,0,Studio Disco Biscuits lost me two chances to hook up with girls in high school,4087e61e46a849508941d85e924e87ef
spotify:track:6uh3TMl9Gno3ONK1CbEs98,183c5f6ed1b147099842917a9576c8f4,2025-03-13T21:42:21Z,3,,4087e61e46a849508941d85e924e87ef
spotify:track:6xlQ5j4YZ1VRFjQkzNd7zP,183c5f6ed1b147099842917a9576c8f4,2025-03-13T21:42:21Z,1,These are children,4087e61e46a849508941d85e924e87ef
spotify:track:08zaFYNqxprgDyfmRhXWbs,183c5f6ed1b147099842917a9576c8f4,2025-03-13T21:42:21Z,0,Stop yelling at me!,4087e61e46a849508941d85e924e87ef
spotify:track:0dgbJ8kBIy2tr2tdarkGW7,183c5f6ed1b147099842917a9576c8f4,2025-03-13T21:42:21Z,2,Hookahville 4 life ,4087e61e46a849508941d85e924e87ef
spotify:track:0ICyyWM1gTSfD5qynWHpox,4e117e3021d7466c8bf0b654f8357418,2025-03-13T21:46:14Z,1,"As a stickler for rules, this deserves a 0. But the studio version would’ve gotten at least 2 from me. And since I have an abundance of points I’m struggling to figure out how to award, I’m throwing it one pity point.",4087e61e46a849508941d85e924e87ef
spotify:track:12lKizzEiLgRQuKs9vXPa8,4e117e3021d7466c8bf0b654f8357418,2025-03-13T21:46:14Z,3,Forgot about these guys. Saw them a couple times in the LA days and really liked what I saw. ,4087e61e46a849508941d85e924e87ef
spotify:track:12tRRP8jnBGOc3eQMFpcxk,4e117e3021d7466c8bf0b654f8357418,2025-03-13T21:46:14Z,1,One of the best in the playlist but I wouldn’t consider them a jam band so the buck stops at 1. ,4087e61e46a849508941d85e924e87ef
spotify:track:1WMpucULQdR94OBmda8bdk,4e117e3021d7466c8bf0b654f8357418,2025-03-13T21:46:14Z,3,,4087e61e46a849508941d85e924e87ef
spotify:track:2ffjTgiovmTDa0pvmqQN6m,4e117e3021d7466c8bf0b654f8357418,2025-03-13T21:46:14Z,3,,4087e61e46a849508941d85e924e87ef
spotify:track:2m7beeBNe4zXiDDSyrBQWl,4e117e3021d7466c8bf0b654f8357418,2025-03-13T21:46:14Z,1,,4087e61e46a849508941d85e924e87ef
spotify:track:3d5vGsYx481NEEnZzAlTII,4e117e3021d7466c8bf0b654f8357418,2025-03-13T21:46:14Z,1,Another I wouldn’t consider a jam band.  But I liked it and am still struggling to get rid of these points. ,4087e61e46a849508941d85e924e87ef
spotify:track:3Ub1A9i0rjIuWzO39RzZ7L,4e117e3021d7466c8bf0b654f8357418,2025-03-13T21:46:14Z,1,,4087e61e46a849508941d85e924e87ef
spotify:track:47hl50HyDtprbwY7mRmk5A,4e117e3021d7466c8bf0b654f8357418,2025-03-13T21:46:14Z,1,,4087e61e46a849508941d85e924e87ef
spotify:track:00UuzW4G4wm0QpMdDTflun,4e117e3021d7466c8bf0b654f8357418,2025-03-13T21:46:14Z,1,,4087e61e46a849508941d85e924e87ef
spotify:track:6uh3TMl9Gno3ONK1CbEs98,4e117e3021d7466c8bf0b654f8357418,2025-03-13T21:46:14Z,0,Punishing ,4087e61e46a849508941d85e924e87ef
spotify:track:00UuzW4G4wm0QpMdDTflun,a2909b31d1c04d728cfcf68ca0d73cca,2025-03-13T22:21:35Z,2,,4087e61e46a849508941d85e924e87ef
spotify:track:08zaFYNqxprgDyfmRhXWbs,a2909b31d1c04d728cfcf68ca0d73cca,2025-03-13T22:21:35Z,1,,4087e61e46a849508941d85e924e87ef
spotify:track:0dgbJ8kBIy2tr2tdarkGW7,a2909b31d1c04d728cfcf68ca0d73cca,2025-03-13T22:21:35Z,1,,4087e61e46a849508941d85e924e87ef
spotify:track:0ICyyWM1gTSfD5qynWHpox,a2909b31d1c04d728cfcf68ca0d73cca,2025-03-13T22:21:35Z,0,Want to give this a point cause I love pgroove but live tracks aren’t studio tracks. ,4087e61e46a849508941d85e924e87ef
spotify:track:12lKizzEiLgRQuKs9vXPa8,a2909b31d1c04d728cfcf68ca0d73cca,2025-03-13T22:21:35Z,1,,4087e61e46a849508941d85e924e87ef
spotify:track:1WMpucULQdR94OBmda8bdk,a2909b31d1c04d728cfcf68ca0d73cca,2025-03-13T22:21:35Z,1,Love his music. Hate his voice. ,4087e61e46a849508941d85e924e87ef
spotify:track:2m7beeBNe4zXiDDSyrBQWl,a2909b31d1c04d728cfcf68ca0d73cca,2025-03-13T22:21:35Z,1,,4087e61e46a849508941d85e924e87ef
spotify:track:3d5vGsYx481NEEnZzAlTII,a2909b31d1c04d728cfcf68ca0d73cca,2025-03-13T22:21:35Z,2,The most jamband band name of them all. Ekoostik Hookah a close second. ,4087e61e46a849508941d85e924e87ef
spotify:track:3Ub1A9i0rjIuWzO39RzZ7L,a2909b31d1c04d728cfcf68ca0d73cca,2025-03-13T22:21:35Z,1,,4087e61e46a849508941d85e924e87ef
spotify:track:47hl50HyDtprbwY7mRmk5A,a2909b31d1c04d728cfcf68ca0d73cca,2025-03-13T22:21:35Z,1,Decent song but longer than it needed to be. ,4087e61e46a849508941d85e924e87ef
spotify:track:5Z8yINFb42KCbRXXRSV2UJ,a2909b31d1c04d728cfcf68ca0d73cca,2025-03-13T22:21:35Z,2,"Sexy vocals, slanky bass, and funky groove. Yup. ",4087e61e46a849508941d85e924e87ef
spotify:track:6D9slGIeEMbCjXJ1NfhqZW,a2909b31d1c04d728cfcf68ca0d73cca,2025-03-13T22:21:35Z,1,This gets a point just for nostalgia to my wook days. There are better studio Bisco tracks. ,4087e61e46a849508941d85e924e87ef
spotify:track:6xlQ5j4YZ1VRFjQkzNd7zP,a2909b31d1c04d728cfcf68ca0d73cca,2025-03-13T22:21:35Z,2,,4087e61e46a849508941d85e924e87ef
spotify:track:3d5vGsYx481NEEnZzAlTII,7acfbf6ff4234d00875b58e7b2ec389d,2025-03-13T22:22:47Z,2,This was decent.  I was bobbing along.  Not sure if they were going for The Chewbacca but it def looks like that. ,4087e61e46a849508941d85e924e87ef
spotify:track:00UuzW4G4wm0QpMdDTflun,7acfbf6ff4234d00875b58e7b2ec389d,2025-03-13T22:22:47Z,1,"Never seen String Cheese.  That will prob change this summer, they are coming to Buffalo.  Dug this track. ",4087e61e46a849508941d85e924e87ef
spotify:track:08zaFYNqxprgDyfmRhXWbs,7acfbf6ff4234d00875b58e7b2ec389d,2025-03-13T22:22:47Z,0,I've seen Spafford a few times and always enjoyed them.  I hated this track though lol.  All the jam band cliche sounds in one track. ,4087e61e46a849508941d85e924e87ef
spotify:track:0dgbJ8kBIy2tr2tdarkGW7,7acfbf6ff4234d00875b58e7b2ec389d,2025-03-13T22:22:47Z,1,"Everything about this song name, band name, album title and actual song screams used patchouli. ",4087e61e46a849508941d85e924e87ef
spotify:track:0ICyyWM1gTSfD5qynWHpox,7acfbf6ff4234d00875b58e7b2ec389d,2025-03-13T22:22:47Z,0,"""It's not Nam, dude"" ",4087e61e46a849508941d85e924e87ef
spotify:track:12lKizzEiLgRQuKs9vXPa8,7acfbf6ff4234d00875b58e7b2ec389d,2025-03-13T22:22:47Z,2,Not bad for a sunny chill day on a Hammock.  ,4087e61e46a849508941d85e924e87ef
spotify:track:12tRRP8jnBGOc3eQMFpcxk,7acfbf6ff4234d00875b58e7b2ec389d,2025-03-13T22:22:47Z,2,"This is ok, I'd check them out. Fun fact about Buffalo, there are 4 seasons. ",4087e61e46a849508941d85e924e87ef
spotify:track:1WMpucULQdR94OBmda8bdk,7acfbf6ff4234d00875b58e7b2ec389d,2025-03-13T22:22:47Z,1,Having your first and last name have the exact same amount of letters is a trip.  I like Donato but just has fully grabbed me like he has for many others.  ,4087e61e46a849508941d85e924e87ef
spotify:track:2ffjTgiovmTDa0pvmqQN6m,7acfbf6ff4234d00875b58e7b2ec389d,2025-03-13T22:22:47Z,0,I would very much like to escape from this vehicle. ,4087e61e46a849508941d85e924e87ef
spotify:track:2m7beeBNe4zXiDDSyrBQWl,7acfbf6ff4234d00875b58e7b2ec389d,2025-03-13T22:22:47Z,1,I like Magic Beans for sure.  Also appreciate a 2:20 track for a jam band pick. ,4087e61e46a849508941d85e924e87ef
spotify:track:3Ub1A9i0rjIuWzO39RzZ7L,7acfbf6ff4234d00875b58e7b2ec389d,2025-03-13T22:22:47Z,0,I remember liking Tea Leaf Green a long time ago.  Apparently that changed. ,4087e61e46a849508941d85e924e87ef
spotify:track:47hl50HyDtprbwY7mRmk5A,7acfbf6ff4234d00875b58e7b2ec389d,2025-03-13T22:22:47Z,2,"I liked the main riff in this, and it was like 4 min shorter it would be so much better. ",4087e61e46a849508941d85e924e87ef
spotify:track:5Z8yINFb42KCbRXXRSV2UJ,7acfbf6ff4234d00875b58e7b2ec389d,2025-03-13T22:22:47Z,3,Motet is awesome.  My fav of the week. ,4087e61e46a849508941d85e924e87ef
spotify:track:6D9slGIeEMbCjXJ1NfhqZW,7acfbf6ff4234d00875b58e7b2ec389d,2025-03-13T22:22:47Z,0,"Saw the Biscuits like 2 years ago, thought it was solid.  This was gave me the opposite of the song title.  It should be named despair.  ",4087e61e46a849508941d85e924e87ef
spotify:track:6uh3TMl9Gno3ONK1CbEs98,7acfbf6ff4234d00875b58e7b2ec389d,2025-03-13T22:22:47Z,1,Strangefolk rules for sure but man this band feels like a lifetime ago. ,4087e61e46a849508941d85e924e87ef
spotify:track:1WMpucULQdR94OBmda8bdk,e5c2390073644e979f43e744c33e6c60,2025-03-14T15:38:47Z,2,,4087e61e46a849508941d85e924e87ef
spotify:track:2ffjTgiovmTDa0pvmqQN6m,e5c2390073644e979f43e744c33e6c60,2025-03-14T15:38:47Z,1,,4087e61e46a849508941d85e924e87ef
spotify:track:2m7beeBNe4zXiDDSyrBQWl,e5c2390073644e979f43e744c33e6c60,2025-03-14T15:38:47Z,3,,4087e61e46a849508941d85e924e87ef
spotify:track:3d5vGsYx481NEEnZzAlTII,e5c2390073644e979f43e744c33e6c60,2025-03-14T15:38:47Z,2,,4087e61e46a849508941d85e924e87ef
spotify:track:3Ub1A9i0rjIuWzO39RzZ7L,e5c2390073644e979f43e744c33e6c60,2025-03-14T15:38:47Z,1,,4087e61e46a849508941d85e924e87ef
spotify:track:47hl50HyDtprbwY7mRmk5A,e5c2390073644e979f43e744c33e6c60,2025-03-14T15:38:47Z,1,,4087e61e46a849508941d85e924e87ef
spotify:track:6uh3TMl9Gno3ONK1CbEs98,e5c2390073644e979f43e744c33e6c60,2025-03-14T15:38:47Z,1,,4087e61e46a849508941d85e924e87ef
spotify:track:6xlQ5j4YZ1VRFjQkzNd7zP,e5c2390073644e979f43e744c33e6c60,2025-03-14T15:38:47Z,2,,4087e61e46a849508941d85e924e87ef
spotify:track:12tRRP8jnBGOc3eQMFpcxk,e5c2390073644e979f43e744c33e6c60,2025-03-14T15:38:47Z,2,,4087e61e46a849508941d85e924e87ef
spotify:track:12lKizzEiLgRQuKs9vXPa8,e5c2390073644e979f43e744c33e6c60,2025-03-14T15:38:47Z,1,,4087e61e46a849508941d85e924e87ef
spotify:track:6uh3TMl9Gno3ONK1CbEs98,9b7e03ea90dd46db9779dc21eb04ca5a,2025-03-14T17:23:38Z,1,,4087e61e46a849508941d85e924e87ef
spotify:track:6xlQ5j4YZ1VRFjQkzNd7zP,9b7e03ea90dd46db9779dc21eb04ca5a,2025-03-14T17:23:38Z,0,Like it but when I hear 4 on the floor or a simple boom blap drum beat I get a little turned off,4087e61e46a849508941d85e924e87ef
spotify:track:00UuzW4G4wm0QpMdDTflun,9b7e03ea90dd46db9779dc21eb04ca5a,2025-03-14T17:23:38Z,0,Love the Waiting All Night synth sound in the beginning,4087e61e46a849508941d85e924e87ef
spotify:track:0dgbJ8kBIy2tr2tdarkGW7,9b7e03ea90dd46db9779dc21eb04ca5a,2025-03-14T17:23:38Z,1,,4087e61e46a849508941d85e924e87ef
spotify:track:0ICyyWM1gTSfD5qynWHpox,9b7e03ea90dd46db9779dc21eb04ca5a,2025-03-14T17:23:38Z,1,,4087e61e46a849508941d85e924e87ef
spotify:track:12lKizzEiLgRQuKs9vXPa8,9b7e03ea90dd46db9779dc21eb04ca5a,2025-03-14T17:23:38Z,2,New discovery AND fucking killer?! TAKE MY VOTES,4087e61e46a849508941d85e924e87ef
spotify:track:12tRRP8jnBGOc3eQMFpcxk,9b7e03ea90dd46db9779dc21eb04ca5a,2025-03-14T17:23:38Z,4,WHO IS THIS! Ahh I love this prompt. Reminds me of White Denim. ,4087e61e46a849508941d85e924e87ef
spotify:track:2m7beeBNe4zXiDDSyrBQWl,9b7e03ea90dd46db9779dc21eb04ca5a,2025-03-14T17:23:38Z,1,,4087e61e46a849508941d85e924e87ef
spotify:track:3d5vGsYx481NEEnZzAlTII,9b7e03ea90dd46db9779dc21eb04ca5a,2025-03-14T17:23:38Z,2,oh snap. ,4087e61e46a849508941d85e924e87ef
spotify:track:3Ub1A9i0rjIuWzO39RzZ7L,9b7e03ea90dd46db9779dc21eb04ca5a,2025-03-14T17:23:38Z,2,,4087e61e46a849508941d85e924e87ef
spotify:track:5Z8yINFb42KCbRXXRSV2UJ,9b7e03ea90dd46db9779dc21eb04ca5a,2025-03-14T17:23:38Z,2,,4087e61e46a849508941d85e924e87ef
spotify:track:6xlQ5j4YZ1VRFjQkzNd7zP,f1f0f2ed0eb64306992b613229fb7972,2025-03-14T17:58:20Z,1,,4087e61e46a849508941d85e924e87ef
spotify:track:12lKizzEiLgRQuKs9vXPa8,f1f0f2ed0eb64306992b613229fb7972,2025-03-14T17:58:20Z,1,,4087e61e46a849508941d85e924e87ef
spotify:track:12tRRP8jnBGOc3eQMFpcxk,f1f0f2ed0eb64306992b613229fb7972,2025-03-14T17:58:20Z,1,,4087e61e46a849508941d85e924e87ef
spotify:track:1WMpucULQdR94OBmda8bdk,f1f0f2ed0eb64306992b613229fb7972,2025-03-14T17:58:20Z,3,,4087e61e46a849508941d85e924e87ef
spotify:track:2ffjTgiovmTDa0pvmqQN6m,f1f0f2ed0eb64306992b613229fb7972,2025-03-14T17:58:20Z,1,,4087e61e46a849508941d85e924e87ef
spotify:track:3d5vGsYx481NEEnZzAlTII,f1f0f2ed0eb64306992b613229fb7972,2025-03-14T17:58:20Z,1,,4087e61e46a849508941d85e924e87ef
spotify:track:3Ub1A9i0rjIuWzO39RzZ7L,f1f0f2ed0eb64306992b613229fb7972,2025-03-14T17:58:20Z,2,,4087e61e46a849508941d85e924e87ef
spotify:track:47hl50HyDtprbwY7mRmk5A,f1f0f2ed0eb64306992b613229fb7972,2025-03-14T17:58:20Z,2,,4087e61e46a849508941d85e924e87ef
spotify:track:5Z8yINFb42KCbRXXRSV2UJ,f1f0f2ed0eb64306992b613229fb7972,2025-03-14T17:58:20Z,1,,4087e61e46a849508941d85e924e87ef
spotify:track:00UuzW4G4wm0QpMdDTflun,f1f0f2ed0eb64306992b613229fb7972,2025-03-14T17:58:20Z,2,,4087e61e46a849508941d85e924e87ef
spotify:track:08zaFYNqxprgDyfmRhXWbs,f1f0f2ed0eb64306992b613229fb7972,2025-03-14T17:58:20Z,1,,4087e61e46a849508941d85e924e87ef
spotify:track:0dgbJ8kBIy2tr2tdarkGW7,605866a938e54c5da212fc8595186729,2025-03-14T18:11:30Z,1,,4087e61e46a849508941d85e924e87ef
spotify:track:12lKizzEiLgRQuKs9vXPa8,605866a938e54c5da212fc8595186729,2025-03-14T18:11:30Z,1,,4087e61e46a849508941d85e924e87ef
spotify:track:1WMpucULQdR94OBmda8bdk,605866a938e54c5da212fc8595186729,2025-03-14T18:11:30Z,3,+1 for seeing him tonight ,4087e61e46a849508941d85e924e87ef
spotify:track:2ffjTgiovmTDa0pvmqQN6m,605866a938e54c5da212fc8595186729,2025-03-14T18:11:30Z,2,,4087e61e46a849508941d85e924e87ef
spotify:track:2m7beeBNe4zXiDDSyrBQWl,605866a938e54c5da212fc8595186729,2025-03-14T18:11:30Z,3,,4087e61e46a849508941d85e924e87ef
spotify:track:5Z8yINFb42KCbRXXRSV2UJ,605866a938e54c5da212fc8595186729,2025-03-14T18:11:30Z,3,,4087e61e46a849508941d85e924e87ef
spotify:track:6uh3TMl9Gno3ONK1CbEs98,605866a938e54c5da212fc8595186729,2025-03-14T18:11:30Z,1,,4087e61e46a849508941d85e924e87ef
spotify:track:00UuzW4G4wm0QpMdDTflun,605866a938e54c5da212fc8595186729,2025-03-14T18:11:30Z,2,,4087e61e46a849508941d85e924e87ef
spotify:track:0HxMz7UkNvX2M2FdHNSfqn,d0b05ef03f5e4598a3e8532b812c3330,2025-03-16T15:44:07Z,1,interesting and cool. nice job.,9552a43fbd0148089fdfb9e3ecfebd1f
spotify:track:0lpN3t52zV2OZzEuVf44VF,d0b05ef03f5e4598a3e8532b812c3330,2025-03-16T15:44:07Z,2,Thought it sounded bit too over produced for the vibes of this prompt but I stuck with it throughout and loved it. ,9552a43fbd0148089fdfb9e3ecfebd1f
spotify:track:0nYy99TKeqt8T2LdSWzFHN,d0b05ef03f5e4598a3e8532b812c3330,2025-03-16T15:44:07Z,2,Was not familiar with your late game beach boys...,9552a43fbd0148089fdfb9e3ecfebd1f
spotify:track:16EXxrSxvDvgOnCp56mNP6,d0b05ef03f5e4598a3e8532b812c3330,2025-03-16T15:44:07Z,1,Love cory. ,9552a43fbd0148089fdfb9e3ecfebd1f
spotify:track:16OeJvn6s38iUCNniIU4WQ,d0b05ef03f5e4598a3e8532b812c3330,2025-03-16T15:44:07Z,0,i get the vibe here just not enough substance...,9552a43fbd0148089fdfb9e3ecfebd1f
spotify:track:1ohvvpAVuay6BM7UHfk6kS,d0b05ef03f5e4598a3e8532b812c3330,2025-03-16T15:44:07Z,0,"solid pick but i've heard this too much. its not you, its me. ",9552a43fbd0148089fdfb9e3ecfebd1f
spotify:track:2pZJhvpin385eqAFRp3ASJ,d0b05ef03f5e4598a3e8532b812c3330,2025-03-16T15:44:07Z,1,Point for the lyrics. ,9552a43fbd0148089fdfb9e3ecfebd1f
spotify:track:3kbUFmLV5SHVQonfOpNgkd,d0b05ef03f5e4598a3e8532b812c3330,2025-03-16T15:44:07Z,1,Classic. Also love the melancholy twinge to this.  ,9552a43fbd0148089fdfb9e3ecfebd1f
spotify:track:4Hm5W5XsJlJ5FdF8w9eIaj,d0b05ef03f5e4598a3e8532b812c3330,2025-03-16T15:44:07Z,1,All into this vibe. Just on the edge of a little too boring but it kept me just interested enough. ,9552a43fbd0148089fdfb9e3ecfebd1f
spotify:track:4VwDvmQuHh7q9KoyJJ7MF5,d0b05ef03f5e4598a3e8532b812c3330,2025-03-16T15:44:07Z,2,I was about to give this 4 or 5 points and then she started singing.... Still perfect fit for the vibes. ,9552a43fbd0148089fdfb9e3ecfebd1f
spotify:track:5t84c16mS381H1duJpy1nj,d0b05ef03f5e4598a3e8532b812c3330,2025-03-16T15:44:07Z,1,"Someone grew up listening to bernard purdie... great groove. I bet it would be a perfect day chilling in OB for the day, going to OB noodle shop with my shoes off, and then heading over to winstons to see these guys... if the stage can fit 9 people... ",9552a43fbd0148089fdfb9e3ecfebd1f
spotify:track:5x022eufIzb8CkXsIlxRB9,d0b05ef03f5e4598a3e8532b812c3330,2025-03-16T15:44:07Z,0,"i mean this song is perfect for this prompt, is it not??",9552a43fbd0148089fdfb9e3ecfebd1f
spotify:track:6Ehg6hFp7O2qUF3njy7dAj,d0b05ef03f5e4598a3e8532b812c3330,2025-03-16T15:44:07Z,2,Complex and lovely. Extra point for going for it with this. ,9552a43fbd0148089fdfb9e3ecfebd1f
spotify:track:6VBvM8L3zWQY0JVaJMNUyy,d0b05ef03f5e4598a3e8532b812c3330,2025-03-16T15:44:07Z,1,Solid vibe yet a bit boring,9552a43fbd0148089fdfb9e3ecfebd1f
spotify:track:7E4qUlNYocWix5FKBdw5CN,d0b05ef03f5e4598a3e8532b812c3330,2025-03-16T15:44:07Z,1,Takanaka.... of course... this prompt was made for him. ,9552a43fbd0148089fdfb9e3ecfebd1f
spotify:track:0HxMz7UkNvX2M2FdHNSfqn,f1f0f2ed0eb64306992b613229fb7972,2025-03-16T19:37:58Z,2,,9552a43fbd0148089fdfb9e3ecfebd1f
spotify:track:0lpN3t52zV2OZzEuVf44VF,f1f0f2ed0eb64306992b613229fb7972,2025-03-16T19:37:58Z,2,,9552a43fbd0148089fdfb9e3ecfebd1f
spotify:track:16EXxrSxvDvgOnCp56mNP6,f1f0f2ed0eb64306992b613229fb7972,2025-03-16T19:37:58Z,2,,9552a43fbd0148089fdfb9e3ecfebd1f
spotify:track:16OeJvn6s38iUCNniIU4WQ,f1f0f2ed0eb64306992b613229fb7972,2025-03-16T19:37:58Z,1,,9552a43fbd0148089fdfb9e3ecfebd1f
spotify:track:1ohvvpAVuay6BM7UHfk6kS,f1f0f2ed0eb64306992b613229fb7972,2025-03-16T19:37:58Z,1,,9552a43fbd0148089fdfb9e3ecfebd1f
spotify:track:34HzVMlMYgfjBdhvjxUSA2,f1f0f2ed0eb64306992b613229fb7972,2025-03-16T19:37:58Z,1,,9552a43fbd0148089fdfb9e3ecfebd1f
spotify:track:3kbUFmLV5SHVQonfOpNgkd,f1f0f2ed0eb64306992b613229fb7972,2025-03-16T19:37:58Z,1,,9552a43fbd0148089fdfb9e3ecfebd1f
spotify:track:4Hm5W5XsJlJ5FdF8w9eIaj,f1f0f2ed0eb64306992b613229fb7972,2025-03-16T19:37:58Z,1,,9552a43fbd0148089fdfb9e3ecfebd1f
spotify:track:5t84c16mS381H1duJpy1nj,f1f0f2ed0eb64306992b613229fb7972,2025-03-16T19:37:58Z,2,,9552a43fbd0148089fdfb9e3ecfebd1f
spotify:track:5x022eufIzb8CkXsIlxRB9,f1f0f2ed0eb64306992b613229fb7972,2025-03-16T19:37:58Z,1,,9552a43fbd0148089fdfb9e3ecfebd1f
spotify:track:6Ehg6hFp7O2qUF3njy7dAj,f1f0f2ed0eb64306992b613229fb7972,2025-03-16T19:37:58Z,1,,9552a43fbd0148089fdfb9e3ecfebd1f
spotify:track:6VBvM8L3zWQY0JVaJMNUyy,f1f0f2ed0eb64306992b613229fb7972,2025-03-16T19:37:58Z,1,,9552a43fbd0148089fdfb9e3ecfebd1f
spotify:track:1ohvvpAVuay6BM7UHfk6kS,4e117e3021d7466c8bf0b654f8357418,2025-03-16T19:41:12Z,1,,9552a43fbd0148089fdfb9e3ecfebd1f
spotify:track:0nYy99TKeqt8T2LdSWzFHN,4e117e3021d7466c8bf0b654f8357418,2025-03-16T19:41:12Z,1,,9552a43fbd0148089fdfb9e3ecfebd1f
spotify:track:0lpN3t52zV2OZzEuVf44VF,4e117e3021d7466c8bf0b654f8357418,2025-03-16T19:41:12Z,2,,9552a43fbd0148089fdfb9e3ecfebd1f
spotify:track:0HxMz7UkNvX2M2FdHNSfqn,4e117e3021d7466c8bf0b654f8357418,2025-03-16T19:41:12Z,2,,9552a43fbd0148089fdfb9e3ecfebd1f
spotify:track:7E4qUlNYocWix5FKBdw5CN,4e117e3021d7466c8bf0b654f8357418,2025-03-16T19:41:12Z,3,,9552a43fbd0148089fdfb9e3ecfebd1f
spotify:track:6VBvM8L3zWQY0JVaJMNUyy,4e117e3021d7466c8bf0b654f8357418,2025-03-16T19:41:12Z,1,,9552a43fbd0148089fdfb9e3ecfebd1f
spotify:track:6Ehg6hFp7O2qUF3njy7dAj,4e117e3021d7466c8bf0b654f8357418,2025-03-16T19:41:12Z,1,,9552a43fbd0148089fdfb9e3ecfebd1f
spotify:track:5t84c16mS381H1duJpy1nj,4e117e3021d7466c8bf0b654f8357418,2025-03-16T19:41:12Z,1,,9552a43fbd0148089fdfb9e3ecfebd1f
spotify:track:4VwDvmQuHh7q9KoyJJ7MF5,4e117e3021d7466c8bf0b654f8357418,2025-03-16T19:41:12Z,1,,9552a43fbd0148089fdfb9e3ecfebd1f
spotify:track:4Hm5W5XsJlJ5FdF8w9eIaj,4e117e3021d7466c8bf0b654f8357418,2025-03-16T19:41:12Z,1,,9552a43fbd0148089fdfb9e3ecfebd1f
spotify:track:34HzVMlMYgfjBdhvjxUSA2,4e117e3021d7466c8bf0b654f8357418,2025-03-16T19:41:12Z,1,,9552a43fbd0148089fdfb9e3ecfebd1f
spotify:track:2pZJhvpin385eqAFRp3ASJ,4e117e3021d7466c8bf0b654f8357418,2025-03-16T19:41:12Z,1,,9552a43fbd0148089fdfb9e3ecfebd1f
spotify:track:5x022eufIzb8CkXsIlxRB9,49a5ff7c4466457eb8016aaf873224cb,2025-03-16T20:17:08Z,0,"Love these guys, but have had trouble caring about most of their stuff outside of the Call it Home album. Those are all of the songs I fell in love with by them and everything else just feels too derivative of it. Not too dissimilar from ALO's Fly Between Falls. I want to like more of their stuff, but it just leaves me wanting. On second listen it grew on me more, though. ",9552a43fbd0148089fdfb9e3ecfebd1f
spotify:track:6VBvM8L3zWQY0JVaJMNUyy,49a5ff7c4466457eb8016aaf873224cb,2025-03-16T20:17:08Z,2,"Mhm, yep. Would get absolutely roasted by the sun to this one. It's giving Tarantino... (sorry, Rick... I hate it, too)",9552a43fbd0148089fdfb9e3ecfebd1f
spotify:track:7E4qUlNYocWix5FKBdw5CN,49a5ff7c4466457eb8016aaf873224cb,2025-03-16T20:17:08Z,2,This'll do just fine. Made me feel all kinds of nice. ,9552a43fbd0148089fdfb9e3ecfebd1f
spotify:track:0HxMz7UkNvX2M2FdHNSfqn,49a5ff7c4466457eb8016aaf873224cb,2025-03-16T20:17:08Z,1,,9552a43fbd0148089fdfb9e3ecfebd1f
spotify:track:0lpN3t52zV2OZzEuVf44VF,49a5ff7c4466457eb8016aaf873224cb,2025-03-16T20:17:08Z,2,,9552a43fbd0148089fdfb9e3ecfebd1f
spotify:track:0nYy99TKeqt8T2LdSWzFHN,49a5ff7c4466457eb8016aaf873224cb,2025-03-16T20:17:08Z,2,"Awesome track that I wasn't familiar with. Love the fade out jam, find me that OG recording. Reminds me I need to deep dive on these boys some time soon.",9552a43fbd0148089fdfb9e3ecfebd1f
spotify:track:16EXxrSxvDvgOnCp56mNP6,49a5ff7c4466457eb8016aaf873224cb,2025-03-16T20:17:08Z,0,Better/different than I expected. ,9552a43fbd0148089fdfb9e3ecfebd1f
spotify:track:16OeJvn6s38iUCNniIU4WQ,49a5ff7c4466457eb8016aaf873224cb,2025-03-16T20:17:08Z,0,Maybe a lil too mellow for how I am voting on this round.,9552a43fbd0148089fdfb9e3ecfebd1f
spotify:track:1ohvvpAVuay6BM7UHfk6kS,49a5ff7c4466457eb8016aaf873224cb,2025-03-16T20:17:08Z,0,"Tricked you... 

As on the nose as this one may be, it also fit really well for me. Was vibing to it real nice and just went for the submit without overthinking too much.",9552a43fbd0148089fdfb9e3ecfebd1f
spotify:track:2pZJhvpin385eqAFRp3ASJ,49a5ff7c4466457eb8016aaf873224cb,2025-03-16T20:17:08Z,1,"Anyone 'member the time Trey teased this during DWD but .net refused to add it? I 'member.

https://www.youtube.com/watch?v=FNMuv4PJkl0&t=779s

(1/3/15 DWD @ 13min mark)",9552a43fbd0148089fdfb9e3ecfebd1f
spotify:track:34HzVMlMYgfjBdhvjxUSA2,49a5ff7c4466457eb8016aaf873224cb,2025-03-16T20:17:08Z,2,,9552a43fbd0148089fdfb9e3ecfebd1f
spotify:track:3kbUFmLV5SHVQonfOpNgkd,49a5ff7c4466457eb8016aaf873224cb,2025-03-16T20:17:08Z,1,It's nice.,9552a43fbd0148089fdfb9e3ecfebd1f
spotify:track:4Hm5W5XsJlJ5FdF8w9eIaj,49a5ff7c4466457eb8016aaf873224cb,2025-03-16T20:17:08Z,1,,9552a43fbd0148089fdfb9e3ecfebd1f
spotify:track:4VwDvmQuHh7q9KoyJJ7MF5,49a5ff7c4466457eb8016aaf873224cb,2025-03-16T20:17:08Z,2,Groovy Somebody. Works for me.,9552a43fbd0148089fdfb9e3ecfebd1f
spotify:track:6Ehg6hFp7O2qUF3njy7dAj,49a5ff7c4466457eb8016aaf873224cb,2025-03-16T20:17:08Z,0,Verses remind me a bit of Bowie. Five Years or somethin. Really dig the chord progression/phrasing/story telling. Don't love the chorus. Don't know if it is making it sun-gazing with me. ,9552a43fbd0148089fdfb9e3ecfebd1f
spotify:track:0HxMz7UkNvX2M2FdHNSfqn,183c5f6ed1b147099842917a9576c8f4,2025-03-17T00:45:07Z,1,We've landed in Fiji. Perfect into to this loaded list. ,9552a43fbd0148089fdfb9e3ecfebd1f
spotify:track:0lpN3t52zV2OZzEuVf44VF,183c5f6ed1b147099842917a9576c8f4,2025-03-17T00:45:07Z,1,Synths bring off the deserted island a bit but still point worthy selection,9552a43fbd0148089fdfb9e3ecfebd1f
spotify:track:0nYy99TKeqt8T2LdSWzFHN,183c5f6ed1b147099842917a9576c8f4,2025-03-17T00:45:07Z,1,,9552a43fbd0148089fdfb9e3ecfebd1f
spotify:track:16EXxrSxvDvgOnCp56mNP6,183c5f6ed1b147099842917a9576c8f4,2025-03-17T00:45:07Z,1,,9552a43fbd0148089fdfb9e3ecfebd1f
spotify:track:16OeJvn6s38iUCNniIU4WQ,183c5f6ed1b147099842917a9576c8f4,2025-03-17T00:45:07Z,2,,9552a43fbd0148089fdfb9e3ecfebd1f
spotify:track:1ohvvpAVuay6BM7UHfk6kS,183c5f6ed1b147099842917a9576c8f4,2025-03-17T00:45:07Z,1,"I think you, Diskin!, introduced me to them at Mondegreen.  Been in the regular rotation and the song (and title) really meet the moment. ",9552a43fbd0148089fdfb9e3ecfebd1f
spotify:track:34HzVMlMYgfjBdhvjxUSA2,183c5f6ed1b147099842917a9576c8f4,2025-03-17T00:45:07Z,1,Champ of the reggae battle,9552a43fbd0148089fdfb9e3ecfebd1f
spotify:track:3kbUFmLV5SHVQonfOpNgkd,183c5f6ed1b147099842917a9576c8f4,2025-03-17T00:45:07Z,1,,9552a43fbd0148089fdfb9e3ecfebd1f
spotify:track:4Hm5W5XsJlJ5FdF8w9eIaj,183c5f6ed1b147099842917a9576c8f4,2025-03-17T00:45:07Z,2,Dreamy ,9552a43fbd0148089fdfb9e3ecfebd1f
spotify:track:4VwDvmQuHh7q9KoyJJ7MF5,183c5f6ed1b147099842917a9576c8f4,2025-03-17T00:45:07Z,3,Fits prompt beautifully. That's the voice I want to hear on the deserted island. ,9552a43fbd0148089fdfb9e3ecfebd1f
spotify:track:5t84c16mS381H1duJpy1nj,183c5f6ed1b147099842917a9576c8f4,2025-03-17T00:45:07Z,0,Is that a Funk Cave on desert island?,9552a43fbd0148089fdfb9e3ecfebd1f
spotify:track:5x022eufIzb8CkXsIlxRB9,183c5f6ed1b147099842917a9576c8f4,2025-03-17T00:45:07Z,0,Just missed due to strength of the competition,9552a43fbd0148089fdfb9e3ecfebd1f
spotify:track:6VBvM8L3zWQY0JVaJMNUyy,183c5f6ed1b147099842917a9576c8f4,2025-03-17T00:45:07Z,0,Googled to see if Opez is a side project of one of the hermanos or if Mrs. Gutierrez was quite fertile,9552a43fbd0148089fdfb9e3ecfebd1f
spotify:track:7E4qUlNYocWix5FKBdw5CN,183c5f6ed1b147099842917a9576c8f4,2025-03-17T00:45:07Z,2,I need to really explore this disography,9552a43fbd0148089fdfb9e3ecfebd1f
spotify:track:7E4qUlNYocWix5FKBdw5CN,7fdceb56429c4e38939c3e5ee41bfdd0,2025-03-17T01:08:14Z,3,,9552a43fbd0148089fdfb9e3ecfebd1f
spotify:track:6Ehg6hFp7O2qUF3njy7dAj,7fdceb56429c4e38939c3e5ee41bfdd0,2025-03-17T01:08:14Z,1,,9552a43fbd0148089fdfb9e3ecfebd1f
spotify:track:4VwDvmQuHh7q9KoyJJ7MF5,7fdceb56429c4e38939c3e5ee41bfdd0,2025-03-17T01:08:14Z,2,,9552a43fbd0148089fdfb9e3ecfebd1f
spotify:track:4Hm5W5XsJlJ5FdF8w9eIaj,7fdceb56429c4e38939c3e5ee41bfdd0,2025-03-17T01:08:14Z,2,,9552a43fbd0148089fdfb9e3ecfebd1f
spotify:track:3kbUFmLV5SHVQonfOpNgkd,7fdceb56429c4e38939c3e5ee41bfdd0,2025-03-17T01:08:14Z,1,,9552a43fbd0148089fdfb9e3ecfebd1f
spotify:track:1ohvvpAVuay6BM7UHfk6kS,7fdceb56429c4e38939c3e5ee41bfdd0,2025-03-17T01:08:14Z,1,,9552a43fbd0148089fdfb9e3ecfebd1f
spotify:track:16OeJvn6s38iUCNniIU4WQ,7fdceb56429c4e38939c3e5ee41bfdd0,2025-03-17T01:08:14Z,1,,9552a43fbd0148089fdfb9e3ecfebd1f
spotify:track:16EXxrSxvDvgOnCp56mNP6,7fdceb56429c4e38939c3e5ee41bfdd0,2025-03-17T01:08:14Z,1,,9552a43fbd0148089fdfb9e3ecfebd1f
spotify:track:0nYy99TKeqt8T2LdSWzFHN,7fdceb56429c4e38939c3e5ee41bfdd0,2025-03-17T01:08:14Z,1,,9552a43fbd0148089fdfb9e3ecfebd1f
spotify:track:0lpN3t52zV2OZzEuVf44VF,7fdceb56429c4e38939c3e5ee41bfdd0,2025-03-17T01:08:14Z,1,,9552a43fbd0148089fdfb9e3ecfebd1f
spotify:track:0HxMz7UkNvX2M2FdHNSfqn,7fdceb56429c4e38939c3e5ee41bfdd0,2025-03-17T01:08:14Z,2,,9552a43fbd0148089fdfb9e3ecfebd1f
spotify:track:5x022eufIzb8CkXsIlxRB9,8453d173315c468e8134e2527a658ba5,2025-03-17T10:57:39Z,4,Excellent choice. Love the honeydrops and bummed I didn’t think of them ,9552a43fbd0148089fdfb9e3ecfebd1f
spotify:track:0HxMz7UkNvX2M2FdHNSfqn,8453d173315c468e8134e2527a658ba5,2025-03-17T10:57:39Z,3,Nice new discovery. Gonna check out more,9552a43fbd0148089fdfb9e3ecfebd1f
spotify:track:16EXxrSxvDvgOnCp56mNP6,8453d173315c468e8134e2527a658ba5,2025-03-17T10:57:39Z,2,If tears in heaven and that one greensky song had a baby,9552a43fbd0148089fdfb9e3ecfebd1f
spotify:track:1ohvvpAVuay6BM7UHfk6kS,8453d173315c468e8134e2527a658ba5,2025-03-17T10:57:39Z,2,,9552a43fbd0148089fdfb9e3ecfebd1f
spotify:track:2pZJhvpin385eqAFRp3ASJ,8453d173315c468e8134e2527a658ba5,2025-03-17T10:57:39Z,1,,9552a43fbd0148089fdfb9e3ecfebd1f
spotify:track:4VwDvmQuHh7q9KoyJJ7MF5,8453d173315c468e8134e2527a658ba5,2025-03-17T10:57:39Z,1,,9552a43fbd0148089fdfb9e3ecfebd1f
spotify:track:5t84c16mS381H1duJpy1nj,8453d173315c468e8134e2527a658ba5,2025-03-17T10:57:39Z,3,Can’t go wrong with SFSE,9552a43fbd0148089fdfb9e3ecfebd1f
spotify:track:6VBvM8L3zWQY0JVaJMNUyy,ce76a5e6ff274137bb5127db7065d9a8,2025-03-17T12:08:34Z,3,Cool,9552a43fbd0148089fdfb9e3ecfebd1f
spotify:track:0HxMz7UkNvX2M2FdHNSfqn,ce76a5e6ff274137bb5127db7065d9a8,2025-03-17T12:08:34Z,2,Cool find,9552a43fbd0148089fdfb9e3ecfebd1f
spotify:track:16EXxrSxvDvgOnCp56mNP6,ce76a5e6ff274137bb5127db7065d9a8,2025-03-17T12:08:34Z,2,Pretty,9552a43fbd0148089fdfb9e3ecfebd1f
spotify:track:1ohvvpAVuay6BM7UHfk6kS,ce76a5e6ff274137bb5127db7065d9a8,2025-03-17T12:08:34Z,2,Appropriate title and vibe. Thought it was gonna be instrumental so was initially disappointed but ended up not caring ,9552a43fbd0148089fdfb9e3ecfebd1f
spotify:track:3kbUFmLV5SHVQonfOpNgkd,ce76a5e6ff274137bb5127db7065d9a8,2025-03-17T12:08:34Z,0,Great tune. Spreading my points to songs I didn’t know though,9552a43fbd0148089fdfb9e3ecfebd1f
spotify:track:4Hm5W5XsJlJ5FdF8w9eIaj,ce76a5e6ff274137bb5127db7065d9a8,2025-03-17T12:08:34Z,2,Nice,9552a43fbd0148089fdfb9e3ecfebd1f
spotify:track:4VwDvmQuHh7q9KoyJJ7MF5,ce76a5e6ff274137bb5127db7065d9a8,2025-03-17T12:08:34Z,2,I like it. Another one I thought/hoped was going to be instrumental but still worked,9552a43fbd0148089fdfb9e3ecfebd1f
spotify:track:7E4qUlNYocWix5FKBdw5CN,ce76a5e6ff274137bb5127db7065d9a8,2025-03-17T12:08:34Z,3,Very nice ,9552a43fbd0148089fdfb9e3ecfebd1f
spotify:track:5t84c16mS381H1duJpy1nj,ce76a5e6ff274137bb5127db7065d9a8,2025-03-17T12:08:34Z,0,Mood change!,9552a43fbd0148089fdfb9e3ecfebd1f
spotify:track:0HxMz7UkNvX2M2FdHNSfqn,1c89e947d02949ed86d05ec22a7350bf,2025-03-17T13:06:51Z,0,Trio out of tel aviv I randomly came across and cant get enough of,9552a43fbd0148089fdfb9e3ecfebd1f
spotify:track:16EXxrSxvDvgOnCp56mNP6,1c89e947d02949ed86d05ec22a7350bf,2025-03-17T13:06:51Z,2,Clapton-y,9552a43fbd0148089fdfb9e3ecfebd1f
spotify:track:0lpN3t52zV2OZzEuVf44VF,1c89e947d02949ed86d05ec22a7350bf,2025-03-17T13:06:51Z,2,fav new find of the playlist,9552a43fbd0148089fdfb9e3ecfebd1f
spotify:track:1ohvvpAVuay6BM7UHfk6kS,1c89e947d02949ed86d05ec22a7350bf,2025-03-17T13:06:51Z,2,,9552a43fbd0148089fdfb9e3ecfebd1f
spotify:track:34HzVMlMYgfjBdhvjxUSA2,1c89e947d02949ed86d05ec22a7350bf,2025-03-17T13:06:51Z,1,,9552a43fbd0148089fdfb9e3ecfebd1f
spotify:track:3kbUFmLV5SHVQonfOpNgkd,1c89e947d02949ed86d05ec22a7350bf,2025-03-17T13:06:51Z,1,"not usually a pink floyd fan, but this doesnt sound at all like pink floyd",9552a43fbd0148089fdfb9e3ecfebd1f
spotify:track:4Hm5W5XsJlJ5FdF8w9eIaj,1c89e947d02949ed86d05ec22a7350bf,2025-03-17T13:06:51Z,1,,9552a43fbd0148089fdfb9e3ecfebd1f
spotify:track:4VwDvmQuHh7q9KoyJJ7MF5,1c89e947d02949ed86d05ec22a7350bf,2025-03-17T13:06:51Z,1,,9552a43fbd0148089fdfb9e3ecfebd1f
spotify:track:5t84c16mS381H1duJpy1nj,1c89e947d02949ed86d05ec22a7350bf,2025-03-17T13:06:51Z,2,,9552a43fbd0148089fdfb9e3ecfebd1f
spotify:track:5x022eufIzb8CkXsIlxRB9,1c89e947d02949ed86d05ec22a7350bf,2025-03-17T13:06:51Z,3,,9552a43fbd0148089fdfb9e3ecfebd1f
spotify:track:6VBvM8L3zWQY0JVaJMNUyy,1c89e947d02949ed86d05ec22a7350bf,2025-03-17T13:06:51Z,1,,9552a43fbd0148089fdfb9e3ecfebd1f
spotify:track:0lpN3t52zV2OZzEuVf44VF,0b4377c224ba402d97adce848425da90,2025-03-17T14:04:28Z,2,"I’ve been to LA, it’s decent. ",9552a43fbd0148089fdfb9e3ecfebd1f
spotify:track:16EXxrSxvDvgOnCp56mNP6,0b4377c224ba402d97adce848425da90,2025-03-17T14:04:28Z,1,"I’ve been trying to get into meditation for years. It’s hard, but so many benefits!",9552a43fbd0148089fdfb9e3ecfebd1f
spotify:track:16OeJvn6s38iUCNniIU4WQ,0b4377c224ba402d97adce848425da90,2025-03-17T14:04:28Z,1,Japan has an incredible train system. This local service operates out of Tokyo and Shinjuku. ,9552a43fbd0148089fdfb9e3ecfebd1f
spotify:track:4VwDvmQuHh7q9KoyJJ7MF5,0b4377c224ba402d97adce848425da90,2025-03-17T14:04:28Z,3,I’ve seen a few seas in my day,9552a43fbd0148089fdfb9e3ecfebd1f
spotify:track:5x022eufIzb8CkXsIlxRB9,0b4377c224ba402d97adce848425da90,2025-03-17T14:04:28Z,1,Confusing because the underwater picture is decidedly not in the air. ,9552a43fbd0148089fdfb9e3ecfebd1f
spotify:track:6Ehg6hFp7O2qUF3njy7dAj,0b4377c224ba402d97adce848425da90,2025-03-17T14:04:28Z,1,Never been. ,9552a43fbd0148089fdfb9e3ecfebd1f
spotify:track:6VBvM8L3zWQY0JVaJMNUyy,0b4377c224ba402d97adce848425da90,2025-03-17T14:04:28Z,3,This 45 acre Croatian village is home to a place called “The Guitar Sanctuary.”,9552a43fbd0148089fdfb9e3ecfebd1f
spotify:track:7E4qUlNYocWix5FKBdw5CN,0b4377c224ba402d97adce848425da90,2025-03-17T14:04:28Z,1,Fun fact: I have actually been to the Seychelles. Gorgeous!,9552a43fbd0148089fdfb9e3ecfebd1f
spotify:track:0HxMz7UkNvX2M2FdHNSfqn,0b4377c224ba402d97adce848425da90,2025-03-17T14:04:28Z,3,Never been to Fiji. ,9552a43fbd0148089fdfb9e3ecfebd1f
spotify:track:6VBvM8L3zWQY0JVaJMNUyy,a2909b31d1c04d728cfcf68ca0d73cca,2025-03-17T14:44:21Z,1,,9552a43fbd0148089fdfb9e3ecfebd1f
spotify:track:6Ehg6hFp7O2qUF3njy7dAj,a2909b31d1c04d728cfcf68ca0d73cca,2025-03-17T14:44:21Z,1,,9552a43fbd0148089fdfb9e3ecfebd1f
spotify:track:5x022eufIzb8CkXsIlxRB9,a2909b31d1c04d728cfcf68ca0d73cca,2025-03-17T14:44:21Z,2,,9552a43fbd0148089fdfb9e3ecfebd1f
spotify:track:5t84c16mS381H1duJpy1nj,a2909b31d1c04d728cfcf68ca0d73cca,2025-03-17T14:44:21Z,1,,9552a43fbd0148089fdfb9e3ecfebd1f
spotify:track:4VwDvmQuHh7q9KoyJJ7MF5,a2909b31d1c04d728cfcf68ca0d73cca,2025-03-17T14:44:21Z,0,The video that plays on Spotify is giving Old Greg vibes. ,9552a43fbd0148089fdfb9e3ecfebd1f
spotify:track:4Hm5W5XsJlJ5FdF8w9eIaj,a2909b31d1c04d728cfcf68ca0d73cca,2025-03-17T14:44:21Z,1,Definite chill beach vibes. ,9552a43fbd0148089fdfb9e3ecfebd1f
spotify:track:3kbUFmLV5SHVQonfOpNgkd,a2909b31d1c04d728cfcf68ca0d73cca,2025-03-17T14:44:21Z,1,,9552a43fbd0148089fdfb9e3ecfebd1f
spotify:track:34HzVMlMYgfjBdhvjxUSA2,a2909b31d1c04d728cfcf68ca0d73cca,2025-03-17T14:44:21Z,1,I don’t know why but I feel good all over. ,9552a43fbd0148089fdfb9e3ecfebd1f
spotify:track:16OeJvn6s38iUCNniIU4WQ,a2909b31d1c04d728cfcf68ca0d73cca,2025-03-17T14:44:21Z,1,,9552a43fbd0148089fdfb9e3ecfebd1f
spotify:track:1ohvvpAVuay6BM7UHfk6kS,a2909b31d1c04d728cfcf68ca0d73cca,2025-03-17T14:44:21Z,2,Vocals sound a bit like Beck. I dig Beck. 2 points. ,9552a43fbd0148089fdfb9e3ecfebd1f
spotify:track:2pZJhvpin385eqAFRp3ASJ,a2909b31d1c04d728cfcf68ca0d73cca,2025-03-17T14:44:21Z,1,Classic ,9552a43fbd0148089fdfb9e3ecfebd1f
spotify:track:0HxMz7UkNvX2M2FdHNSfqn,a2909b31d1c04d728cfcf68ca0d73cca,2025-03-17T14:44:21Z,2,,9552a43fbd0148089fdfb9e3ecfebd1f
spotify:track:0lpN3t52zV2OZzEuVf44VF,a2909b31d1c04d728cfcf68ca0d73cca,2025-03-17T14:44:21Z,1,,9552a43fbd0148089fdfb9e3ecfebd1f
spotify:track:0nYy99TKeqt8T2LdSWzFHN,a2909b31d1c04d728cfcf68ca0d73cca,2025-03-17T14:44:21Z,0,The band name almost won this a point but the songs not fitting the vibe for me. ,9552a43fbd0148089fdfb9e3ecfebd1f
spotify:track:7E4qUlNYocWix5FKBdw5CN,a2909b31d1c04d728cfcf68ca0d73cca,2025-03-17T14:44:21Z,1,,9552a43fbd0148089fdfb9e3ecfebd1f
spotify:track:7E4qUlNYocWix5FKBdw5CN,9b7e03ea90dd46db9779dc21eb04ca5a,2025-03-17T15:32:03Z,1,,9552a43fbd0148089fdfb9e3ecfebd1f
spotify:track:0HxMz7UkNvX2M2FdHNSfqn,9b7e03ea90dd46db9779dc21eb04ca5a,2025-03-17T15:32:03Z,3,fav new find of the week and its only Monday! thank you!,9552a43fbd0148089fdfb9e3ecfebd1f
spotify:track:0lpN3t52zV2OZzEuVf44VF,9b7e03ea90dd46db9779dc21eb04ca5a,2025-03-17T15:32:03Z,2,Shit what an incredible playlist. Thank you for thus,9552a43fbd0148089fdfb9e3ecfebd1f
spotify:track:16EXxrSxvDvgOnCp56mNP6,9b7e03ea90dd46db9779dc21eb04ca5a,2025-03-17T15:32:03Z,1,,9552a43fbd0148089fdfb9e3ecfebd1f
spotify:track:1ohvvpAVuay6BM7UHfk6kS,9b7e03ea90dd46db9779dc21eb04ca5a,2025-03-17T15:32:03Z,2,,9552a43fbd0148089fdfb9e3ecfebd1f
spotify:track:2pZJhvpin385eqAFRp3ASJ,9b7e03ea90dd46db9779dc21eb04ca5a,2025-03-17T15:32:03Z,1,,9552a43fbd0148089fdfb9e3ecfebd1f
spotify:track:34HzVMlMYgfjBdhvjxUSA2,9b7e03ea90dd46db9779dc21eb04ca5a,2025-03-17T15:32:03Z,1,,9552a43fbd0148089fdfb9e3ecfebd1f
spotify:track:4Hm5W5XsJlJ5FdF8w9eIaj,9b7e03ea90dd46db9779dc21eb04ca5a,2025-03-17T15:32:03Z,2,,9552a43fbd0148089fdfb9e3ecfebd1f
spotify:track:4VwDvmQuHh7q9KoyJJ7MF5,9b7e03ea90dd46db9779dc21eb04ca5a,2025-03-17T15:32:03Z,1,,9552a43fbd0148089fdfb9e3ecfebd1f
spotify:track:5t84c16mS381H1duJpy1nj,9b7e03ea90dd46db9779dc21eb04ca5a,2025-03-17T15:32:03Z,1,,9552a43fbd0148089fdfb9e3ecfebd1f
spotify:track:5x022eufIzb8CkXsIlxRB9,9b7e03ea90dd46db9779dc21eb04ca5a,2025-03-17T15:32:03Z,1,,9552a43fbd0148089fdfb9e3ecfebd1f
spotify:track:0HxMz7UkNvX2M2FdHNSfqn,e5c2390073644e979f43e744c33e6c60,2025-03-17T15:56:44Z,1,,9552a43fbd0148089fdfb9e3ecfebd1f
spotify:track:0lpN3t52zV2OZzEuVf44VF,e5c2390073644e979f43e744c33e6c60,2025-03-17T15:56:44Z,1,,9552a43fbd0148089fdfb9e3ecfebd1f
spotify:track:0nYy99TKeqt8T2LdSWzFHN,e5c2390073644e979f43e744c33e6c60,2025-03-17T15:56:44Z,2,,9552a43fbd0148089fdfb9e3ecfebd1f
spotify:track:16EXxrSxvDvgOnCp56mNP6,e5c2390073644e979f43e744c33e6c60,2025-03-17T15:56:44Z,2,,9552a43fbd0148089fdfb9e3ecfebd1f
spotify:track:1ohvvpAVuay6BM7UHfk6kS,e5c2390073644e979f43e744c33e6c60,2025-03-17T15:56:44Z,1,,9552a43fbd0148089fdfb9e3ecfebd1f
spotify:track:34HzVMlMYgfjBdhvjxUSA2,e5c2390073644e979f43e744c33e6c60,2025-03-17T15:56:44Z,3,,9552a43fbd0148089fdfb9e3ecfebd1f
spotify:track:4Hm5W5XsJlJ5FdF8w9eIaj,e5c2390073644e979f43e744c33e6c60,2025-03-17T15:56:44Z,1,,9552a43fbd0148089fdfb9e3ecfebd1f
spotify:track:5t84c16mS381H1duJpy1nj,e5c2390073644e979f43e744c33e6c60,2025-03-17T15:56:44Z,2,,9552a43fbd0148089fdfb9e3ecfebd1f
spotify:track:5x022eufIzb8CkXsIlxRB9,e5c2390073644e979f43e744c33e6c60,2025-03-17T15:56:44Z,3,,9552a43fbd0148089fdfb9e3ecfebd1f
spotify:track:0HxMz7UkNvX2M2FdHNSfqn,bf3a904d73564b6c97f9e47c5429b767,2025-03-17T16:41:19Z,2,,9552a43fbd0148089fdfb9e3ecfebd1f
spotify:track:0lpN3t52zV2OZzEuVf44VF,bf3a904d73564b6c97f9e47c5429b767,2025-03-17T16:41:19Z,2,,9552a43fbd0148089fdfb9e3ecfebd1f
spotify:track:16OeJvn6s38iUCNniIU4WQ,bf3a904d73564b6c97f9e47c5429b767,2025-03-17T16:41:19Z,2,,9552a43fbd0148089fdfb9e3ecfebd1f
spotify:track:1ohvvpAVuay6BM7UHfk6kS,bf3a904d73564b6c97f9e47c5429b767,2025-03-17T16:41:19Z,1,,9552a43fbd0148089fdfb9e3ecfebd1f
spotify:track:34HzVMlMYgfjBdhvjxUSA2,bf3a904d73564b6c97f9e47c5429b767,2025-03-17T16:41:19Z,1,,9552a43fbd0148089fdfb9e3ecfebd1f
spotify:track:4Hm5W5XsJlJ5FdF8w9eIaj,bf3a904d73564b6c97f9e47c5429b767,2025-03-17T16:41:19Z,2,have this saved on my list +1 point ,9552a43fbd0148089fdfb9e3ecfebd1f
spotify:track:4VwDvmQuHh7q9KoyJJ7MF5,bf3a904d73564b6c97f9e47c5429b767,2025-03-17T16:41:19Z,0,this video is erotic,9552a43fbd0148089fdfb9e3ecfebd1f
spotify:track:5t84c16mS381H1duJpy1nj,bf3a904d73564b6c97f9e47c5429b767,2025-03-17T16:41:19Z,1,brandon,9552a43fbd0148089fdfb9e3ecfebd1f
spotify:track:5x022eufIzb8CkXsIlxRB9,bf3a904d73564b6c97f9e47c5429b767,2025-03-17T16:41:19Z,1,dianna,9552a43fbd0148089fdfb9e3ecfebd1f
spotify:track:6Ehg6hFp7O2qUF3njy7dAj,bf3a904d73564b6c97f9e47c5429b767,2025-03-17T16:41:19Z,1,for some reason I had to give this a point ,9552a43fbd0148089fdfb9e3ecfebd1f
spotify:track:6VBvM8L3zWQY0JVaJMNUyy,bf3a904d73564b6c97f9e47c5429b767,2025-03-17T16:41:19Z,1,basic but hits the check marks,9552a43fbd0148089fdfb9e3ecfebd1f
spotify:track:7E4qUlNYocWix5FKBdw5CN,bf3a904d73564b6c97f9e47c5429b767,2025-03-17T16:41:19Z,2,"this is probably rick, great tune ",9552a43fbd0148089fdfb9e3ecfebd1f
spotify:track:0HxMz7UkNvX2M2FdHNSfqn,7acfbf6ff4234d00875b58e7b2ec389d,2025-03-17T20:23:17Z,4,"I fucking LOVED this song.  My fav of the week and a hell of a leadoff for this playlist.  Thanks for this, already spun it mulitple times. ",9552a43fbd0148089fdfb9e3ecfebd1f
spotify:track:0lpN3t52zV2OZzEuVf44VF,7acfbf6ff4234d00875b58e7b2ec389d,2025-03-17T20:23:17Z,2,"This was pretty damn cool as well.  Liked it more and more as it went out.  Little spacey, little dreamy, with a touch of vibes.  ",9552a43fbd0148089fdfb9e3ecfebd1f
spotify:track:0nYy99TKeqt8T2LdSWzFHN,7acfbf6ff4234d00875b58e7b2ec389d,2025-03-17T20:23:17Z,0,This is much more of a driving around song for me.  Not my style here. ,9552a43fbd0148089fdfb9e3ecfebd1f
spotify:track:16EXxrSxvDvgOnCp56mNP6,7acfbf6ff4234d00875b58e7b2ec389d,2025-03-17T20:23:17Z,1,"I liked this quite a bit, but not what I'm putting on.  A point for just being damn good tune.",9552a43fbd0148089fdfb9e3ecfebd1f
spotify:track:16OeJvn6s38iUCNniIU4WQ,7acfbf6ff4234d00875b58e7b2ec389d,2025-03-17T20:23:17Z,1,"It's Islandy and chill, but does it actually do anything? Appreciate the swing here though. ",9552a43fbd0148089fdfb9e3ecfebd1f
spotify:track:1ohvvpAVuay6BM7UHfk6kS,7acfbf6ff4234d00875b58e7b2ec389d,2025-03-17T20:23:17Z,1,"Do you know what it's like to have someone else recommend a song by a guy that when you found him had zero live footage available.  Then his first gig was at a parking lot in a shopping mall, and Wrecked sent a wook from Winston's to grab me a vinyl.  When this came on I thought I hit a button on my own spotify that started playing.  This song does rip though! ",9552a43fbd0148089fdfb9e3ecfebd1f
spotify:track:2pZJhvpin385eqAFRp3ASJ,7acfbf6ff4234d00875b58e7b2ec389d,2025-03-17T20:23:17Z,0,"Way too on brand for me, although it fits and I fucking love Bob Marley.  I need you to try harder. ",9552a43fbd0148089fdfb9e3ecfebd1f
spotify:track:34HzVMlMYgfjBdhvjxUSA2,7acfbf6ff4234d00875b58e7b2ec389d,2025-03-17T20:23:17Z,2,I like a little unknown Reggae pick here.  This works well.  Bravo. Saved,9552a43fbd0148089fdfb9e3ecfebd1f
spotify:track:3kbUFmLV5SHVQonfOpNgkd,7acfbf6ff4234d00875b58e7b2ec389d,2025-03-17T20:23:17Z,0,"Pink Floyd probably owns like 10,000 islands.  You can go play them there. ",9552a43fbd0148089fdfb9e3ecfebd1f
spotify:track:4Hm5W5XsJlJ5FdF8w9eIaj,7acfbf6ff4234d00875b58e7b2ec389d,2025-03-17T20:23:17Z,0,I need a bit more ass.  ,9552a43fbd0148089fdfb9e3ecfebd1f
spotify:track:5t84c16mS381H1duJpy1nj,7acfbf6ff4234d00875b58e7b2ec389d,2025-03-17T20:23:17Z,1,A little too happy for a desert island for me.  I would rather dance with other people with this.  I liked it and saved it and it was blessed to be different than the rest of this playlist. ,9552a43fbd0148089fdfb9e3ecfebd1f
spotify:track:5x022eufIzb8CkXsIlxRB9,7acfbf6ff4234d00875b58e7b2ec389d,2025-03-17T20:23:17Z,1,"Decent, nothing flashy, nothing terrible. It's like air in the midwest. ",9552a43fbd0148089fdfb9e3ecfebd1f
spotify:track:6Ehg6hFp7O2qUF3njy7dAj,7acfbf6ff4234d00875b58e7b2ec389d,2025-03-17T20:23:17Z,0,"Was thinking of a point, but you are the only person that commented.  Sorry, Memo Rules. ",9552a43fbd0148089fdfb9e3ecfebd1f
spotify:track:6VBvM8L3zWQY0JVaJMNUyy,7acfbf6ff4234d00875b58e7b2ec389d,2025-03-17T20:23:17Z,2,"I liked this, didn't blow me away but solid and a cool rec. Good backround music. ",9552a43fbd0148089fdfb9e3ecfebd1f
spotify:track:7E4qUlNYocWix5FKBdw5CN,7acfbf6ff4234d00875b58e7b2ec389d,2025-03-17T20:23:17Z,1,"Dug this, never heard it, although I hated the vocals.  Super cool vibe. ",9552a43fbd0148089fdfb9e3ecfebd1f
spotify:track:0HxMz7UkNvX2M2FdHNSfqn,605866a938e54c5da212fc8595186729,2025-03-18T01:16:49Z,1,Could do without the la la la part ,9552a43fbd0148089fdfb9e3ecfebd1f
spotify:track:0lpN3t52zV2OZzEuVf44VF,605866a938e54c5da212fc8595186729,2025-03-18T01:16:49Z,2,,9552a43fbd0148089fdfb9e3ecfebd1f
spotify:track:0nYy99TKeqt8T2LdSWzFHN,605866a938e54c5da212fc8595186729,2025-03-18T01:16:49Z,1,Zach,9552a43fbd0148089fdfb9e3ecfebd1f
spotify:track:16EXxrSxvDvgOnCp56mNP6,605866a938e54c5da212fc8595186729,2025-03-18T01:16:49Z,0,I’m in star gazing mode with this one ,9552a43fbd0148089fdfb9e3ecfebd1f
spotify:track:16OeJvn6s38iUCNniIU4WQ,605866a938e54c5da212fc8595186729,2025-03-18T01:16:49Z,0,Still in star gazing mode ,9552a43fbd0148089fdfb9e3ecfebd1f
spotify:track:7E4qUlNYocWix5FKBdw5CN,605866a938e54c5da212fc8595186729,2025-03-18T01:16:49Z,3,Was not expecting the vocals (and wasn’t excited about them); otherwise loved ,9552a43fbd0148089fdfb9e3ecfebd1f
spotify:track:6VBvM8L3zWQY0JVaJMNUyy,605866a938e54c5da212fc8595186729,2025-03-18T01:16:49Z,1,,9552a43fbd0148089fdfb9e3ecfebd1f
spotify:track:4Hm5W5XsJlJ5FdF8w9eIaj,605866a938e54c5da212fc8595186729,2025-03-18T01:16:49Z,2,,9552a43fbd0148089fdfb9e3ecfebd1f
spotify:track:34HzVMlMYgfjBdhvjxUSA2,605866a938e54c5da212fc8595186729,2025-03-18T01:16:49Z,1,,9552a43fbd0148089fdfb9e3ecfebd1f
spotify:track:2pZJhvpin385eqAFRp3ASJ,605866a938e54c5da212fc8595186729,2025-03-18T01:16:49Z,2,,9552a43fbd0148089fdfb9e3ecfebd1f
spotify:track:1ohvvpAVuay6BM7UHfk6kS,605866a938e54c5da212fc8595186729,2025-03-18T01:16:49Z,3,Memo,9552a43fbd0148089fdfb9e3ecfebd1f
spotify:track:0jsANwwkkHyyeNyuTFq2XO,a2909b31d1c04d728cfcf68ca0d73cca,2025-03-19T11:27:09Z,1,,1cbceb29345b40ad950b853c87ed24d3
spotify:track:0wJyFu6JHwUoKQN5X3uzVe,a2909b31d1c04d728cfcf68ca0d73cca,2025-03-19T11:27:09Z,2,This was my jam and I forgot all about it. ,1cbceb29345b40ad950b853c87ed24d3
spotify:track:2AnTuxahfcAS7dGxGZnihY,a2909b31d1c04d728cfcf68ca0d73cca,2025-03-19T11:27:09Z,1,,1cbceb29345b40ad950b853c87ed24d3
spotify:track:2EI8uljBPaI23VUr2tv4eS,a2909b31d1c04d728cfcf68ca0d73cca,2025-03-19T11:27:09Z,1,,1cbceb29345b40ad950b853c87ed24d3
spotify:track:2UKkLqST2xWpK8n1b0Xr5Z,a2909b31d1c04d728cfcf68ca0d73cca,2025-03-19T11:27:09Z,1,Wow this is a deep cut. ,1cbceb29345b40ad950b853c87ed24d3
spotify:track:3XG801WWhqC753dekEBkMt,a2909b31d1c04d728cfcf68ca0d73cca,2025-03-19T11:27:09Z,1,,1cbceb29345b40ad950b853c87ed24d3
spotify:track:4LxIGAVfcQIw0zAQRyFhU8,a2909b31d1c04d728cfcf68ca0d73cca,2025-03-19T11:27:09Z,1,,1cbceb29345b40ad950b853c87ed24d3
spotify:track:4Ruw17OcuhMkrkHAK91yub,a2909b31d1c04d728cfcf68ca0d73cca,2025-03-19T11:27:09Z,3,"This wins for the extra All That nostalgia. Pierre Escargot, Pizza Face, Baggin Saggin Barry. I mean cmon!",1cbceb29345b40ad950b853c87ed24d3
spotify:track:4VSyH8AkIt3kaR5xIPFVVi,a2909b31d1c04d728cfcf68ca0d73cca,2025-03-19T11:27:09Z,1,,1cbceb29345b40ad950b853c87ed24d3
spotify:track:6CU0zWIWVTEnmWpSjVHM93,a2909b31d1c04d728cfcf68ca0d73cca,2025-03-19T11:27:09Z,1,,1cbceb29345b40ad950b853c87ed24d3
spotify:track:6PNvv1dmDbOWrAYwEcuKBX,a2909b31d1c04d728cfcf68ca0d73cca,2025-03-19T11:27:09Z,1,,1cbceb29345b40ad950b853c87ed24d3
spotify:track:74jTexO94dFGyXGyeu8krd,a2909b31d1c04d728cfcf68ca0d73cca,2025-03-19T11:27:09Z,1,,1cbceb29345b40ad950b853c87ed24d3
spotify:track:7aQjPecQdIuNd1sz3KCDhD,a2909b31d1c04d728cfcf68ca0d73cca,2025-03-19T11:27:09Z,1,,1cbceb29345b40ad950b853c87ed24d3
spotify:track:0wJyFu6JHwUoKQN5X3uzVe,bf3a904d73564b6c97f9e47c5429b767,2025-03-19T11:55:44Z,2,,1cbceb29345b40ad950b853c87ed24d3
spotify:track:7aQjPecQdIuNd1sz3KCDhD,bf3a904d73564b6c97f9e47c5429b767,2025-03-19T11:55:44Z,1,,1cbceb29345b40ad950b853c87ed24d3
spotify:track:6PNvv1dmDbOWrAYwEcuKBX,bf3a904d73564b6c97f9e47c5429b767,2025-03-19T11:55:44Z,1,I like apples in peanut butter,1cbceb29345b40ad950b853c87ed24d3
spotify:track:4VSyH8AkIt3kaR5xIPFVVi,bf3a904d73564b6c97f9e47c5429b767,2025-03-19T11:55:44Z,2,,1cbceb29345b40ad950b853c87ed24d3
spotify:track:4Ruw17OcuhMkrkHAK91yub,bf3a904d73564b6c97f9e47c5429b767,2025-03-19T11:55:44Z,4,welcome to good burger home of the good burger,1cbceb29345b40ad950b853c87ed24d3
spotify:track:4LxIGAVfcQIw0zAQRyFhU8,bf3a904d73564b6c97f9e47c5429b767,2025-03-19T11:55:44Z,1,,1cbceb29345b40ad950b853c87ed24d3
spotify:track:3XG801WWhqC753dekEBkMt,bf3a904d73564b6c97f9e47c5429b767,2025-03-19T11:55:44Z,1,,1cbceb29345b40ad950b853c87ed24d3
spotify:track:2AnTuxahfcAS7dGxGZnihY,bf3a904d73564b6c97f9e47c5429b767,2025-03-19T11:55:44Z,2,,1cbceb29345b40ad950b853c87ed24d3
spotify:track:02lTDOxHeXTHsdwXoz6lpC,bf3a904d73564b6c97f9e47c5429b767,2025-03-19T11:55:44Z,2,,1cbceb29345b40ad950b853c87ed24d3
spotify:track:7LF0YY1gON8rBECsyEs0Wb,ce76a5e6ff274137bb5127db7065d9a8,2025-03-19T12:01:22Z,5,"Wow. Did not recognize this by title or artist. Nailed the prompt though, as soon as the song started wave of nostalgia. Also props for being short",1cbceb29345b40ad950b853c87ed24d3
spotify:track:02lTDOxHeXTHsdwXoz6lpC,ce76a5e6ff274137bb5127db7065d9a8,2025-03-19T12:01:22Z,5,I almost picked this as my song but thought Kenny would be upset if I scooped him. If it’s not Kenny it’s someone appealing to him for points. Good song to kick off the playlist. Fits the nostalgia vibe ,1cbceb29345b40ad950b853c87ed24d3
spotify:track:4Ruw17OcuhMkrkHAK91yub,ce76a5e6ff274137bb5127db7065d9a8,2025-03-19T12:01:22Z,5,It was short. It reminded me very much of the 90s. Would not have thought of it. Here are my points. ,1cbceb29345b40ad950b853c87ed24d3
spotify:track:7aQjPecQdIuNd1sz3KCDhD,ce76a5e6ff274137bb5127db7065d9a8,2025-03-19T12:01:22Z,1,Fun fact: a band I used to play in covered this. Here’s my one extra point. ,1cbceb29345b40ad950b853c87ed24d3
spotify:track:7aQjPecQdIuNd1sz3KCDhD,605866a938e54c5da212fc8595186729,2025-03-19T12:05:10Z,1,Not under the radar but <3,1cbceb29345b40ad950b853c87ed24d3
spotify:track:0jsANwwkkHyyeNyuTFq2XO,605866a938e54c5da212fc8595186729,2025-03-19T12:05:10Z,2,Screams bat mitzvah year (2000 but know the song is 99!),1cbceb29345b40ad950b853c87ed24d3
spotify:track:2UKkLqST2xWpK8n1b0Xr5Z,605866a938e54c5da212fc8595186729,2025-03-19T12:05:10Z,1,Has anyone ever listened to this all the way through before this round?,1cbceb29345b40ad950b853c87ed24d3
spotify:track:3XG801WWhqC753dekEBkMt,605866a938e54c5da212fc8595186729,2025-03-19T12:05:10Z,2,,1cbceb29345b40ad950b853c87ed24d3
spotify:track:4LxIGAVfcQIw0zAQRyFhU8,605866a938e54c5da212fc8595186729,2025-03-19T12:05:10Z,1,,1cbceb29345b40ad950b853c87ed24d3
spotify:track:4Ruw17OcuhMkrkHAK91yub,605866a938e54c5da212fc8595186729,2025-03-19T12:05:10Z,0,Hate the whiney vocals ,1cbceb29345b40ad950b853c87ed24d3
spotify:track:4VSyH8AkIt3kaR5xIPFVVi,605866a938e54c5da212fc8595186729,2025-03-19T12:05:10Z,2,,1cbceb29345b40ad950b853c87ed24d3
spotify:track:5mqEL5pgnDCcWtTWpAofIV,605866a938e54c5da212fc8595186729,2025-03-19T12:05:10Z,0,Definitely under the radar. Definitely does not scream nostalgic dance party.,1cbceb29345b40ad950b853c87ed24d3
spotify:track:6CU0zWIWVTEnmWpSjVHM93,605866a938e54c5da212fc8595186729,2025-03-19T12:05:10Z,5,,1cbceb29345b40ad950b853c87ed24d3
spotify:track:6PNvv1dmDbOWrAYwEcuKBX,605866a938e54c5da212fc8595186729,2025-03-19T12:05:10Z,1,What type of dance party are we at?? ,1cbceb29345b40ad950b853c87ed24d3
spotify:track:7LF0YY1gON8rBECsyEs0Wb,605866a938e54c5da212fc8595186729,2025-03-19T12:05:10Z,1,Opposite of under the radar but reminds me of driving to the beach and it’s a top tier sing-a-long for me ,1cbceb29345b40ad950b853c87ed24d3
spotify:track:02lTDOxHeXTHsdwXoz6lpC,605866a938e54c5da212fc8595186729,2025-03-19T12:05:10Z,0,😑,1cbceb29345b40ad950b853c87ed24d3
spotify:track:02lTDOxHeXTHsdwXoz6lpC,8453d173315c468e8134e2527a658ba5,2025-03-19T12:06:48Z,1,,1cbceb29345b40ad950b853c87ed24d3
spotify:track:0jsANwwkkHyyeNyuTFq2XO,8453d173315c468e8134e2527a658ba5,2025-03-19T12:06:48Z,2,November 2nd 1999. Really pushing the limits there. I respect it,1cbceb29345b40ad950b853c87ed24d3
spotify:track:2AnTuxahfcAS7dGxGZnihY,8453d173315c468e8134e2527a658ba5,2025-03-19T12:06:48Z,2,This was on my shortlist. Classic. Biddy biddy bop ,1cbceb29345b40ad950b853c87ed24d3
spotify:track:4VSyH8AkIt3kaR5xIPFVVi,8453d173315c468e8134e2527a658ba5,2025-03-19T12:06:48Z,3,On my shortlist. Banger,1cbceb29345b40ad950b853c87ed24d3
spotify:track:4Ruw17OcuhMkrkHAK91yub,8453d173315c468e8134e2527a658ba5,2025-03-19T12:06:48Z,1,,1cbceb29345b40ad950b853c87ed24d3
spotify:track:4LxIGAVfcQIw0zAQRyFhU8,8453d173315c468e8134e2527a658ba5,2025-03-19T12:06:48Z,3,Doom doom doom da da,1cbceb29345b40ad950b853c87ed24d3
spotify:track:7aQjPecQdIuNd1sz3KCDhD,8453d173315c468e8134e2527a658ba5,2025-03-19T12:06:48Z,1,,1cbceb29345b40ad950b853c87ed24d3
spotify:track:74jTexO94dFGyXGyeu8krd,8453d173315c468e8134e2527a658ba5,2025-03-19T12:06:48Z,0,Wanted this to be all that she wants is another baby. Sorry for your luck ,1cbceb29345b40ad950b853c87ed24d3
spotify:track:6CU0zWIWVTEnmWpSjVHM93,8453d173315c468e8134e2527a658ba5,2025-03-19T12:06:48Z,2,,1cbceb29345b40ad950b853c87ed24d3
spotify:track:2EI8uljBPaI23VUr2tv4eS,8453d173315c468e8134e2527a658ba5,2025-03-19T12:06:48Z,1,,1cbceb29345b40ad950b853c87ed24d3
spotify:track:2AnTuxahfcAS7dGxGZnihY,1c89e947d02949ed86d05ec22a7350bf,2025-03-19T12:44:46Z,0,this was also not my 90s,1cbceb29345b40ad950b853c87ed24d3
spotify:track:74jTexO94dFGyXGyeu8krd,1c89e947d02949ed86d05ec22a7350bf,2025-03-19T12:44:46Z,1,,1cbceb29345b40ad950b853c87ed24d3
spotify:track:7aQjPecQdIuNd1sz3KCDhD,1c89e947d02949ed86d05ec22a7350bf,2025-03-19T12:44:46Z,1,classic 90s,1cbceb29345b40ad950b853c87ed24d3
spotify:track:7LF0YY1gON8rBECsyEs0Wb,1c89e947d02949ed86d05ec22a7350bf,2025-03-19T12:44:46Z,3,Nails the round for me. Forgot about the song and didn’t recognize it from the song/artist listing but then it started and boom of course can bop along and know all the words. Good way to end a really random playlist. ,1cbceb29345b40ad950b853c87ed24d3
spotify:track:02lTDOxHeXTHsdwXoz6lpC,1c89e947d02949ed86d05ec22a7350bf,2025-03-19T12:44:46Z,0,this was not my 90s,1cbceb29345b40ad950b853c87ed24d3
spotify:track:0wJyFu6JHwUoKQN5X3uzVe,1c89e947d02949ed86d05ec22a7350bf,2025-03-19T12:44:46Z,1,Sums up the round. ,1cbceb29345b40ad950b853c87ed24d3
spotify:track:2EI8uljBPaI23VUr2tv4eS,1c89e947d02949ed86d05ec22a7350bf,2025-03-19T12:44:46Z,1,was very close to submitting MJ's will you be there from free willy.  that was a banger in my little 90s world,1cbceb29345b40ad950b853c87ed24d3
spotify:track:2UKkLqST2xWpK8n1b0Xr5Z,1c89e947d02949ed86d05ec22a7350bf,2025-03-19T12:44:46Z,0,Wtf was this ,1cbceb29345b40ad950b853c87ed24d3
spotify:track:3XG801WWhqC753dekEBkMt,1c89e947d02949ed86d05ec22a7350bf,2025-03-19T12:44:46Z,1,,1cbceb29345b40ad950b853c87ed24d3
spotify:track:4LxIGAVfcQIw0zAQRyFhU8,1c89e947d02949ed86d05ec22a7350bf,2025-03-19T12:44:46Z,3,mmhmm,1cbceb29345b40ad950b853c87ed24d3
spotify:track:4Ruw17OcuhMkrkHAK91yub,1c89e947d02949ed86d05ec22a7350bf,2025-03-19T12:44:46Z,2,i cannot begin to explain how obsessed i was with this show. ,1cbceb29345b40ad950b853c87ed24d3
spotify:track:4VSyH8AkIt3kaR5xIPFVVi,1c89e947d02949ed86d05ec22a7350bf,2025-03-19T12:44:46Z,2,,1cbceb29345b40ad950b853c87ed24d3
spotify:track:6CU0zWIWVTEnmWpSjVHM93,1c89e947d02949ed86d05ec22a7350bf,2025-03-19T12:44:46Z,1,,1cbceb29345b40ad950b853c87ed24d3
spotify:track:6CU0zWIWVTEnmWpSjVHM93,183c5f6ed1b147099842917a9576c8f4,2025-03-19T12:57:26Z,1,Play this at my after party and You Gotta Be out....But I've always enjoyed that chorus,1cbceb29345b40ad950b853c87ed24d3
spotify:track:6PNvv1dmDbOWrAYwEcuKBX,183c5f6ed1b147099842917a9576c8f4,2025-03-19T12:57:26Z,1,,1cbceb29345b40ad950b853c87ed24d3
spotify:track:0wJyFu6JHwUoKQN5X3uzVe,183c5f6ed1b147099842917a9576c8f4,2025-03-19T12:57:26Z,5,"Song stealer!!  Love the horns, most interesting song on the list. Love the mariachi guitar and horns. Great minds...",1cbceb29345b40ad950b853c87ed24d3
spotify:track:2AnTuxahfcAS7dGxGZnihY,183c5f6ed1b147099842917a9576c8f4,2025-03-19T12:57:26Z,3,Benefitted from all the 0s ,1cbceb29345b40ad950b853c87ed24d3
spotify:track:2UKkLqST2xWpK8n1b0Xr5Z,183c5f6ed1b147099842917a9576c8f4,2025-03-19T12:57:26Z,0,Am I going to ask Becky for this slow dance or go pop my zits in the bathroom?,1cbceb29345b40ad950b853c87ed24d3
spotify:track:3XG801WWhqC753dekEBkMt,183c5f6ed1b147099842917a9576c8f4,2025-03-19T12:57:26Z,0,Way over the radar for me,1cbceb29345b40ad950b853c87ed24d3
spotify:track:4LxIGAVfcQIw0zAQRyFhU8,183c5f6ed1b147099842917a9576c8f4,2025-03-19T12:57:26Z,0,Radar is beeping! What's happening!,1cbceb29345b40ad950b853c87ed24d3
spotify:track:4VSyH8AkIt3kaR5xIPFVVi,183c5f6ed1b147099842917a9576c8f4,2025-03-19T12:57:26Z,1,Aviva's twerking!,1cbceb29345b40ad950b853c87ed24d3
spotify:track:5mqEL5pgnDCcWtTWpAofIV,183c5f6ed1b147099842917a9576c8f4,2025-03-19T12:57:26Z,1,I Promise never to listen to this Horror again but it deserves a point. ,1cbceb29345b40ad950b853c87ed24d3
spotify:track:7LF0YY1gON8rBECsyEs0Wb,183c5f6ed1b147099842917a9576c8f4,2025-03-19T12:57:26Z,3,Roll to me = wrong me Mondegreen? ,1cbceb29345b40ad950b853c87ed24d3
spotify:track:74jTexO94dFGyXGyeu8krd,183c5f6ed1b147099842917a9576c8f4,2025-03-19T12:57:26Z,1,Right selection from the Aces,1cbceb29345b40ad950b853c87ed24d3
spotify:track:74jTexO94dFGyXGyeu8krd,49a5ff7c4466457eb8016aaf873224cb,2025-03-19T18:00:47Z,1,Mm. Fine. I’ll toss ya one. ,1cbceb29345b40ad950b853c87ed24d3
spotify:track:02lTDOxHeXTHsdwXoz6lpC,49a5ff7c4466457eb8016aaf873224cb,2025-03-19T18:00:47Z,0,They wish. ,1cbceb29345b40ad950b853c87ed24d3
spotify:track:0jsANwwkkHyyeNyuTFq2XO,49a5ff7c4466457eb8016aaf873224cb,2025-03-19T18:00:47Z,1,Mariah Carey music videos tho ,1cbceb29345b40ad950b853c87ed24d3
spotify:track:2AnTuxahfcAS7dGxGZnihY,49a5ff7c4466457eb8016aaf873224cb,2025-03-19T18:00:47Z,3,Fuck yeah. Another people might contest under the radar but who cares. ,1cbceb29345b40ad950b853c87ed24d3
spotify:track:2EI8uljBPaI23VUr2tv4eS,49a5ff7c4466457eb8016aaf873224cb,2025-03-19T18:00:47Z,1,,1cbceb29345b40ad950b853c87ed24d3
spotify:track:2UKkLqST2xWpK8n1b0Xr5Z,49a5ff7c4466457eb8016aaf873224cb,2025-03-19T18:00:47Z,0,No. ,1cbceb29345b40ad950b853c87ed24d3
spotify:track:3XG801WWhqC753dekEBkMt,49a5ff7c4466457eb8016aaf873224cb,2025-03-19T18:00:47Z,1,Yes. ,1cbceb29345b40ad950b853c87ed24d3
spotify:track:4LxIGAVfcQIw0zAQRyFhU8,49a5ff7c4466457eb8016aaf873224cb,2025-03-19T18:00:47Z,1,Would give more if I didn’t have to think about obscurity at all. This track is probably the first one people think of when the boyz are brought up. I’ve mostly let it slide but choosing to enforce here. ,1cbceb29345b40ad950b853c87ed24d3
spotify:track:4VSyH8AkIt3kaR5xIPFVVi,49a5ff7c4466457eb8016aaf873224cb,2025-03-19T18:00:47Z,1,Mhm,1cbceb29345b40ad950b853c87ed24d3
spotify:track:5mqEL5pgnDCcWtTWpAofIV,49a5ff7c4466457eb8016aaf873224cb,2025-03-19T18:00:47Z,0,Fuck no.,1cbceb29345b40ad950b853c87ed24d3
spotify:track:6CU0zWIWVTEnmWpSjVHM93,49a5ff7c4466457eb8016aaf873224cb,2025-03-19T18:00:47Z,1,A better listen than I wanted it to be. ,1cbceb29345b40ad950b853c87ed24d3
spotify:track:6PNvv1dmDbOWrAYwEcuKBX,49a5ff7c4466457eb8016aaf873224cb,2025-03-19T18:00:47Z,2,"While not a deep cut of the artist, still something I somehow didn’t think of and the track is great and there are no rules and and ",1cbceb29345b40ad950b853c87ed24d3
spotify:track:7aQjPecQdIuNd1sz3KCDhD,49a5ff7c4466457eb8016aaf873224cb,2025-03-19T18:00:47Z,3,"Idk where people will land on the under the radarness of this one, but I don’t care. This one slaps and it isn’t one I would have thought of. ",1cbceb29345b40ad950b853c87ed24d3
spotify:track:7LF0YY1gON8rBECsyEs0Wb,49a5ff7c4466457eb8016aaf873224cb,2025-03-19T18:00:47Z,1,Wanted to hate it more. Wouldn’t have correctly guessed the band to save my life. ,1cbceb29345b40ad950b853c87ed24d3
spotify:track:02lTDOxHeXTHsdwXoz6lpC,f1f0f2ed0eb64306992b613229fb7972,2025-03-19T18:09:15Z,1,"Definitely fits the “under the radar” part of the prompt! I didn’t know it by its name but definitely recognized it as soon as I heard it. Not sure how Aviva would feel about it, however 😹",1cbceb29345b40ad950b853c87ed24d3
spotify:track:3XG801WWhqC753dekEBkMt,f1f0f2ed0eb64306992b613229fb7972,2025-03-19T18:09:15Z,1,"Def recognizable, def kinda under the radar, I think Aviva would enjoy? ",1cbceb29345b40ad950b853c87ed24d3
spotify:track:4LxIGAVfcQIw0zAQRyFhU8,f1f0f2ed0eb64306992b613229fb7972,2025-03-19T18:09:15Z,2,The Disco Biscuits teased this during their NYE show in Philly this year & (boy)Sam had never heard of it before 🙀 So I’d say it fits the Under the Radar prompt & *obvvvvviously* Vivs would love it (is that the only reason you picked this song? Cheater! #GoBirds) ,1cbceb29345b40ad950b853c87ed24d3
spotify:track:4Ruw17OcuhMkrkHAK91yub,f1f0f2ed0eb64306992b613229fb7972,2025-03-19T18:09:15Z,2,"Wow, I remember WAY more of these words than I should?? Why do brains work this way?? Loved this song (& show!) then & would love to rewatch it now. Had no idea TLC did this but makes sense! ",1cbceb29345b40ad950b853c87ed24d3
spotify:track:4VSyH8AkIt3kaR5xIPFVVi,f1f0f2ed0eb64306992b613229fb7972,2025-03-19T18:09:15Z,1,"Ooh, good call with this. Def under the radar (wouldn’t have been able to tell you the band’s name if you paid me $100) but I *do* know almost every single word to this so…? Nostalgic, for sure. Think Vivs would approve. ",1cbceb29345b40ad950b853c87ed24d3
spotify:track:5mqEL5pgnDCcWtTWpAofIV,f1f0f2ed0eb64306992b613229fb7972,2025-03-19T18:09:15Z,0,"I’ve never heard this song before…? 🤔 Also, don’t know if Aviva would like it bc it’s kind of giving me weird Mike Gordon song vibes? ",1cbceb29345b40ad950b853c87ed24d3
spotify:track:6CU0zWIWVTEnmWpSjVHM93,f1f0f2ed0eb64306992b613229fb7972,2025-03-19T18:09:15Z,2,"UGH, I actually *love* this song?? Def under the radar (wouldn’t have been able to tell you who it’s by) but know most of the words. Think Aviva would like it, too. Take my points. ",1cbceb29345b40ad950b853c87ed24d3
spotify:track:6PNvv1dmDbOWrAYwEcuKBX,f1f0f2ed0eb64306992b613229fb7972,2025-03-19T18:09:15Z,0,"Good song but also wildly popular, ha. Would not call this Under the Radar + I’m not sure I know how Aviva feels about Fiona but it seems difficult to throw a life-loving nostalgic dance party to this 😆",1cbceb29345b40ad950b853c87ed24d3
spotify:track:74jTexO94dFGyXGyeu8krd,f1f0f2ed0eb64306992b613229fb7972,2025-03-19T18:09:15Z,2,"Wow, Ace of Base B-side. Definitely a good call for this prompt. I want to do step aerobics to this? Aviva would def join me. ",1cbceb29345b40ad950b853c87ed24d3
spotify:track:7aQjPecQdIuNd1sz3KCDhD,f1f0f2ed0eb64306992b613229fb7972,2025-03-19T18:09:15Z,2,"Had no idea this came out in the 90s! Great song. Think Aviva would love it, definitely dance party worthy. ",1cbceb29345b40ad950b853c87ed24d3
spotify:track:7LF0YY1gON8rBECsyEs0Wb,f1f0f2ed0eb64306992b613229fb7972,2025-03-19T18:09:15Z,1,Love this tune. Think Aviva would too. ,1cbceb29345b40ad950b853c87ed24d3
spotify:track:0jsANwwkkHyyeNyuTFq2XO,f1f0f2ed0eb64306992b613229fb7972,2025-03-19T18:09:15Z,0,Absolute banger but also SO popular! Wouldn’t call this Under The Radar 🤷🏻‍♀️ even tho I think Aviva would love it ,1cbceb29345b40ad950b853c87ed24d3
spotify:track:0wJyFu6JHwUoKQN5X3uzVe,f1f0f2ed0eb64306992b613229fb7972,2025-03-19T18:09:15Z,2,"Loved this song then & love it still now. A college friend used to use the term “bizarre” regularly & I would *always* start singing this song when she said it so, probably ~less~ under the radar for me than others but still a great choice for this prompt. I think Aviva would love it! ",1cbceb29345b40ad950b853c87ed24d3
spotify:track:2AnTuxahfcAS7dGxGZnihY,f1f0f2ed0eb64306992b613229fb7972,2025-03-19T18:09:15Z,0,Herbie Hancock’s was written in 1964 & this song was at least 60-80% just that… 😆 ,1cbceb29345b40ad950b853c87ed24d3
spotify:track:2EI8uljBPaI23VUr2tv4eS,f1f0f2ed0eb64306992b613229fb7972,2025-03-19T18:09:15Z,0,I’ve never heard this song before in my life? (And I’m kind of glad about that… 😬),1cbceb29345b40ad950b853c87ed24d3
spotify:track:0jsANwwkkHyyeNyuTFq2XO,0b4377c224ba402d97adce848425da90,2025-03-19T18:28:42Z,2,Banger. Is there anything more 90’s than DJ Clue hyping himself up and laughing in the background?,1cbceb29345b40ad950b853c87ed24d3
spotify:track:2AnTuxahfcAS7dGxGZnihY,0b4377c224ba402d97adce848425da90,2025-03-19T18:28:42Z,4,Top choice of the week for me,1cbceb29345b40ad950b853c87ed24d3
spotify:track:2EI8uljBPaI23VUr2tv4eS,0b4377c224ba402d97adce848425da90,2025-03-19T18:28:42Z,0,I hated everything about this song. ,1cbceb29345b40ad950b853c87ed24d3
spotify:track:2UKkLqST2xWpK8n1b0Xr5Z,0b4377c224ba402d97adce848425da90,2025-03-19T18:28:42Z,0,Wow. No. ,1cbceb29345b40ad950b853c87ed24d3
spotify:track:3XG801WWhqC753dekEBkMt,0b4377c224ba402d97adce848425da90,2025-03-19T18:28:42Z,3,Banger. On my short list. ,1cbceb29345b40ad950b853c87ed24d3
spotify:track:4LxIGAVfcQIw0zAQRyFhU8,0b4377c224ba402d97adce848425da90,2025-03-19T18:28:42Z,2,Banger. On my short list. ,1cbceb29345b40ad950b853c87ed24d3
spotify:track:4Ruw17OcuhMkrkHAK91yub,0b4377c224ba402d97adce848425da90,2025-03-19T18:28:42Z,0,"I’m sure this is a nostalgic show for some people, but of all the TLC songs you could have picked???",1cbceb29345b40ad950b853c87ed24d3
spotify:track:6CU0zWIWVTEnmWpSjVHM93,0b4377c224ba402d97adce848425da90,2025-03-19T18:28:42Z,1,,1cbceb29345b40ad950b853c87ed24d3
spotify:track:74jTexO94dFGyXGyeu8krd,0b4377c224ba402d97adce848425da90,2025-03-19T18:28:42Z,1,,1cbceb29345b40ad950b853c87ed24d3
spotify:track:7aQjPecQdIuNd1sz3KCDhD,0b4377c224ba402d97adce848425da90,2025-03-19T18:28:42Z,1,"Really good, but stretches the notion of “under the radar” ",1cbceb29345b40ad950b853c87ed24d3
spotify:track:7LF0YY1gON8rBECsyEs0Wb,0b4377c224ba402d97adce848425da90,2025-03-19T18:28:42Z,1,"Great song. Boppy. Had this in a group with Sister Hazel and Gin Blossoms that fit the nostalgia, but not sure about a dance after party. ",1cbceb29345b40ad950b853c87ed24d3
spotify:track:0wJyFu6JHwUoKQN5X3uzVe,0b4377c224ba402d97adce848425da90,2025-03-19T18:28:42Z,1,Quintessential 90’s quirkiness,1cbceb29345b40ad950b853c87ed24d3
spotify:track:4Ruw17OcuhMkrkHAK91yub,9b7e03ea90dd46db9779dc21eb04ca5a,2025-03-19T19:04:34Z,2,,1cbceb29345b40ad950b853c87ed24d3
spotify:track:7aQjPecQdIuNd1sz3KCDhD,9b7e03ea90dd46db9779dc21eb04ca5a,2025-03-19T19:04:34Z,0,fuzzy guitar. vocal ear-worm. danecable. ,1cbceb29345b40ad950b853c87ed24d3
spotify:track:74jTexO94dFGyXGyeu8krd,9b7e03ea90dd46db9779dc21eb04ca5a,2025-03-19T19:04:34Z,2,,1cbceb29345b40ad950b853c87ed24d3
spotify:track:6CU0zWIWVTEnmWpSjVHM93,9b7e03ea90dd46db9779dc21eb04ca5a,2025-03-19T19:04:34Z,1,,1cbceb29345b40ad950b853c87ed24d3
spotify:track:5mqEL5pgnDCcWtTWpAofIV,9b7e03ea90dd46db9779dc21eb04ca5a,2025-03-19T19:04:34Z,2,never heard this song and its great. nailed the prompt,1cbceb29345b40ad950b853c87ed24d3
spotify:track:4VSyH8AkIt3kaR5xIPFVVi,9b7e03ea90dd46db9779dc21eb04ca5a,2025-03-19T19:04:34Z,1,,1cbceb29345b40ad950b853c87ed24d3
spotify:track:7LF0YY1gON8rBECsyEs0Wb,9b7e03ea90dd46db9779dc21eb04ca5a,2025-03-19T19:04:34Z,3,,1cbceb29345b40ad950b853c87ed24d3
spotify:track:02lTDOxHeXTHsdwXoz6lpC,9b7e03ea90dd46db9779dc21eb04ca5a,2025-03-19T19:04:34Z,2,great riff,1cbceb29345b40ad950b853c87ed24d3
spotify:track:3XG801WWhqC753dekEBkMt,9b7e03ea90dd46db9779dc21eb04ca5a,2025-03-19T19:04:34Z,1,,1cbceb29345b40ad950b853c87ed24d3
spotify:track:0wJyFu6JHwUoKQN5X3uzVe,9b7e03ea90dd46db9779dc21eb04ca5a,2025-03-19T19:04:34Z,1,such a good sing-along,1cbceb29345b40ad950b853c87ed24d3
spotify:track:0jsANwwkkHyyeNyuTFq2XO,9b7e03ea90dd46db9779dc21eb04ca5a,2025-03-19T19:04:34Z,1,,1cbceb29345b40ad950b853c87ed24d3
spotify:track:02lTDOxHeXTHsdwXoz6lpC,7fdceb56429c4e38939c3e5ee41bfdd0,2025-03-19T20:06:53Z,2,Was on my short list,1cbceb29345b40ad950b853c87ed24d3
spotify:track:0wJyFu6JHwUoKQN5X3uzVe,7fdceb56429c4e38939c3e5ee41bfdd0,2025-03-19T20:06:53Z,2,,1cbceb29345b40ad950b853c87ed24d3
spotify:track:2EI8uljBPaI23VUr2tv4eS,7fdceb56429c4e38939c3e5ee41bfdd0,2025-03-19T20:06:53Z,0,Second best submitted song with “Jam” in the title for this league so far. Edge goes to Fukuoka.,1cbceb29345b40ad950b853c87ed24d3
spotify:track:3XG801WWhqC753dekEBkMt,7fdceb56429c4e38939c3e5ee41bfdd0,2025-03-19T20:06:53Z,1,,1cbceb29345b40ad950b853c87ed24d3
spotify:track:4LxIGAVfcQIw0zAQRyFhU8,7fdceb56429c4e38939c3e5ee41bfdd0,2025-03-19T20:06:53Z,2,II poyntz,1cbceb29345b40ad950b853c87ed24d3
spotify:track:4VSyH8AkIt3kaR5xIPFVVi,7fdceb56429c4e38939c3e5ee41bfdd0,2025-03-19T20:06:53Z,2,,1cbceb29345b40ad950b853c87ed24d3
spotify:track:6CU0zWIWVTEnmWpSjVHM93,7fdceb56429c4e38939c3e5ee41bfdd0,2025-03-19T20:06:53Z,2,,1cbceb29345b40ad950b853c87ed24d3
spotify:track:6PNvv1dmDbOWrAYwEcuKBX,7fdceb56429c4e38939c3e5ee41bfdd0,2025-03-19T20:06:53Z,2,,1cbceb29345b40ad950b853c87ed24d3
spotify:track:7aQjPecQdIuNd1sz3KCDhD,7fdceb56429c4e38939c3e5ee41bfdd0,2025-03-19T20:06:53Z,2,"Could also be used for the movie prompt. That Leo, so dreamy….",1cbceb29345b40ad950b853c87ed24d3
spotify:track:7LF0YY1gON8rBECsyEs0Wb,7fdceb56429c4e38939c3e5ee41bfdd0,2025-03-19T20:06:53Z,1,,1cbceb29345b40ad950b853c87ed24d3
spotify:track:7LF0YY1gON8rBECsyEs0Wb,7acfbf6ff4234d00875b58e7b2ec389d,2025-03-19T20:40:35Z,1,"In 1995, during an English exam I raised my hand.  I said I think their is a typo on this exam.  I asked ""what it says ""Dang-ER"".  I minute later after everyone tried to find it, someone goes ""You mean danger?"" Grammar has always been a problem for me. ",1cbceb29345b40ad950b853c87ed24d3
spotify:track:02lTDOxHeXTHsdwXoz6lpC,7acfbf6ff4234d00875b58e7b2ec389d,2025-03-19T20:40:35Z,2,"In 1995 I was a Freshman and had a major crush on a girl name Amy Ziegler.  Called her Ziggy.  Noid ended up dating her for a while.  She then started to like me, and I fucked it up when I let another girl give me a massage.  Amber Jenkins, she used to do it for me, but looks like hell now. 


",1cbceb29345b40ad950b853c87ed24d3
spotify:track:0jsANwwkkHyyeNyuTFq2XO,7acfbf6ff4234d00875b58e7b2ec389d,2025-03-19T20:40:35Z,0,"In 1999, I met Shay Devitt in college and lost my virginity.  I used to call her ""All the Way Shay"".  Her boyfriend before me believed he was going to be the next ""Martin Scorsese"".  He was a loser.  Fun fact about Shay, she was Cinderella at Six Flags and the prom queen.  

Later in life she became crazy after I broke up with her. 

",1cbceb29345b40ad950b853c87ed24d3
spotify:track:0wJyFu6JHwUoKQN5X3uzVe,7acfbf6ff4234d00875b58e7b2ec389d,2025-03-19T20:40:35Z,1,"In 1996, I was captain of the JV soccer team. I was announced in the starting lineup as ""Myke Memo"" instead of ""Myke Menio"".  It instantly stuck and now you have your origin story. 

I 100 percent have heard this song a billion times.  Unntil this playlist I thought they were singing ""Help is On"".  Mind fucking blown. 
",1cbceb29345b40ad950b853c87ed24d3
spotify:track:2AnTuxahfcAS7dGxGZnihY,7acfbf6ff4234d00875b58e7b2ec389d,2025-03-19T20:40:35Z,2,"In 1993, I was in middle school.  I remember seeing this girl fight once and it was fucking nuts. One girl took a girl's hoop earing and ripped it through her ear.  I think her name was Tara. I've never heard a crowd go ""ooooooh"" louder.  Women fights are just another level.  

",1cbceb29345b40ad950b853c87ed24d3
spotify:track:2EI8uljBPaI23VUr2tv4eS,7acfbf6ff4234d00875b58e7b2ec389d,2025-03-19T20:40:35Z,0,"My first prized possesion was a Michael Jackson plastic cup I won at the county fair in the squirt gun race.  I would never let anyone use it, and was the only cup I ever used until the lettering and picture became basically non-existant after so many washes in the dishwasher. ",1cbceb29345b40ad950b853c87ed24d3
spotify:track:2UKkLqST2xWpK8n1b0Xr5Z,7acfbf6ff4234d00875b58e7b2ec389d,2025-03-19T20:40:35Z,0,"In 1993, I was the shortest kid in my class.  I asked Valerie Peek to my first middle school dance.  She was a solid 7 inches taller than me.  She wore umbros to the dance and I remember putting my hand on her butt and it was the softest thing I've ever touched.  I got yelled at by the chaperone who my family was friends with. 

",1cbceb29345b40ad950b853c87ed24d3
spotify:track:3XG801WWhqC753dekEBkMt,7acfbf6ff4234d00875b58e7b2ec389d,2025-03-19T20:40:35Z,3,"In 1992, I was the last kid in school that wore sweatpants.  I owned zero jeans and my parents begged me to get a pair. I refused.   I had a pair of MC hammer pants I wore multiple times a week.  I physically just HATED wearing jeans.  Fast forward about 30 years and Kim bought me a pair of jeans that changed my outlook on life.  I dumped an entire chicago pizza on them after a King Gizzard show though.  Pizza pants. 

Fav of the week. 
",1cbceb29345b40ad950b853c87ed24d3
spotify:track:4LxIGAVfcQIw0zAQRyFhU8,7acfbf6ff4234d00875b58e7b2ec389d,2025-03-19T20:40:35Z,1,"In 1991, we moved to a place in Macedon, New York next to a baptist church.  We were poor, and to save money on rent, we had to do the upkeep on the church property.  So that all fell on me.  I had to shovel, mow the lawn, all that crap.  Made me hate baptists. 

I also tried to make hot chocolate once by turning on our tea kettle.  Turned on the wrong burner and their was a pan with grease.  Almost burned the house down.

",1cbceb29345b40ad950b853c87ed24d3
spotify:track:4Ruw17OcuhMkrkHAK91yub,7acfbf6ff4234d00875b58e7b2ec389d,2025-03-19T20:40:35Z,1,"Also in 1996, I was the last man off the bench for our JV basketball team.  I forgot my sneakers for 2 different games, and one time I had my shorts on backwards.  I almost never got into the game but was scared I would the day I had my shorts on backwards.  We were up 20, and I was hiding on the bench.

Being the last man is better than the 10th man. They chanted my name to get in, and when I got in every time I touched the ball, a shot went up.  I shot 5 times in one minute once.
",1cbceb29345b40ad950b853c87ed24d3
spotify:track:4VSyH8AkIt3kaR5xIPFVVi,7acfbf6ff4234d00875b58e7b2ec389d,2025-03-19T20:40:35Z,1,"In 1999, I was a freshman in college.  My first semester I skipped pretty much every 8am Economics class.  I think I went twice and somehow got a D-.  My GPA after my first semester was 1.62.  I used to tell people my major was ""academic probation"".  Luckily when I met Shay, she has a 4.0 and whipped both my GPA and my Schwanz into shape. ",1cbceb29345b40ad950b853c87ed24d3
spotify:track:5mqEL5pgnDCcWtTWpAofIV,7acfbf6ff4234d00875b58e7b2ec389d,2025-03-19T20:40:35Z,0,"Crazy this is from 2000, but I saw Eve 6 in 2000 at my college (Fredonia).  It was on the gym floor, and I used to crowd surf.  I was crowd surfing and saw an empty patch of people.  Sure enough I ended up surfing right toward it and there was nobody there to hold me up.  I went down like a ton of bricks right on my right hip. 

My friends and I also took someone's wallet out of their pocked when they crowd surfed over us and that dude has his pin number in it.  Don't do that. ",1cbceb29345b40ad950b853c87ed24d3
spotify:track:6CU0zWIWVTEnmWpSjVHM93,7acfbf6ff4234d00875b58e7b2ec389d,2025-03-19T20:40:35Z,0,"In 1994 I learned how to play Euchre.  We used to skip class and drive to Starbucks and play Euchre for hours.  We had some teachers that loved us and wouldn't say anything.  Noid and I will play anyone for money in Euchre, any time and any place.  Accepting donations. 

There was def two starbucks across the street from each other where we went, but we always went to the same one.  We were loyal. ",1cbceb29345b40ad950b853c87ed24d3
spotify:track:6PNvv1dmDbOWrAYwEcuKBX,7acfbf6ff4234d00875b58e7b2ec389d,2025-03-19T20:40:35Z,2,"In 1996, I was late to JV practice multiple times because I was fooling around with the new girl Karen Barg.  She used to live close to the school and we would go to her house before her parents got home.  She wasn't the best of catches though so instead of looking cool when I actually got to practice, I got made fun of. 

",1cbceb29345b40ad950b853c87ed24d3
spotify:track:74jTexO94dFGyXGyeu8krd,7acfbf6ff4234d00875b58e7b2ec389d,2025-03-19T20:40:35Z,1,"In 1995, I made the golf team.  I learned how to golf from my grandpa Charlie when I was 5, and he was the best person to golf with ever.  Our golf coach was a single man who drove a conversion van that fit 15 people.  He no joke was a recovered alcholic and replaced booze with Coca-Cola. He literally drank over a 6 pack every day and the cans would be in his trunk.  He also used to scream at you and call you a ""commie"" if you took too long lining up a putt. 

My senior year I won ideal teammate",1cbceb29345b40ad950b853c87ed24d3
spotify:track:7aQjPecQdIuNd1sz3KCDhD,7acfbf6ff4234d00875b58e7b2ec389d,2025-03-19T20:40:35Z,1,"In 1996, during that soccer season, I broke a kids nose with my shoulder, stepped on a kids head with metal six studs, and put a kids on crutches taking out his ankle.  I got one yellow card in my entire soccer career.  I full on took a kid out from behind on a breakway.  Should have been a straight red.

That same kid went to Fredonia (where I went) and married my crush.  ",1cbceb29345b40ad950b853c87ed24d3
spotify:track:02lTDOxHeXTHsdwXoz6lpC,e5c2390073644e979f43e744c33e6c60,2025-03-19T21:10:12Z,0,"Great under radar song, not something I want post show ",1cbceb29345b40ad950b853c87ed24d3
spotify:track:0jsANwwkkHyyeNyuTFq2XO,e5c2390073644e979f43e744c33e6c60,2025-03-19T21:10:12Z,3,Strong memories of sitting in art class next to Joe Na as he listens on his disc man singing along,1cbceb29345b40ad950b853c87ed24d3
spotify:track:0wJyFu6JHwUoKQN5X3uzVe,e5c2390073644e979f43e744c33e6c60,2025-03-19T21:10:12Z,0,Never could figure out what’s in her face and will not be buying the rights,1cbceb29345b40ad950b853c87ed24d3
spotify:track:2AnTuxahfcAS7dGxGZnihY,e5c2390073644e979f43e744c33e6c60,2025-03-19T21:10:12Z,3,Was on my short list too,1cbceb29345b40ad950b853c87ed24d3
spotify:track:2EI8uljBPaI23VUr2tv4eS,e5c2390073644e979f43e744c33e6c60,2025-03-19T21:10:12Z,1,,1cbceb29345b40ad950b853c87ed24d3
spotify:track:2UKkLqST2xWpK8n1b0Xr5Z,e5c2390073644e979f43e744c33e6c60,2025-03-19T21:10:12Z,0,Absolutely not ruined the flow of the playlist. Pure moods volume 1 commercial on repeat ,1cbceb29345b40ad950b853c87ed24d3
spotify:track:3XG801WWhqC753dekEBkMt,e5c2390073644e979f43e744c33e6c60,2025-03-19T21:10:12Z,4,It’s Mary nothing needs to be said,1cbceb29345b40ad950b853c87ed24d3
spotify:track:4Ruw17OcuhMkrkHAK91yub,e5c2390073644e979f43e744c33e6c60,2025-03-19T21:10:12Z,1,Poor Amanda and RIP Left Eye,1cbceb29345b40ad950b853c87ed24d3
spotify:track:4VSyH8AkIt3kaR5xIPFVVi,e5c2390073644e979f43e744c33e6c60,2025-03-19T21:10:12Z,1,,1cbceb29345b40ad950b853c87ed24d3
spotify:track:6CU0zWIWVTEnmWpSjVHM93,e5c2390073644e979f43e744c33e6c60,2025-03-19T21:10:12Z,1,,1cbceb29345b40ad950b853c87ed24d3
spotify:track:6PNvv1dmDbOWrAYwEcuKBX,e5c2390073644e979f43e744c33e6c60,2025-03-19T21:10:12Z,1,Just because this sparks memories of the music video,1cbceb29345b40ad950b853c87ed24d3
spotify:track:7aQjPecQdIuNd1sz3KCDhD,e5c2390073644e979f43e744c33e6c60,2025-03-19T21:10:12Z,0,Could never skip this song on the radio but that changes with Spotify!,1cbceb29345b40ad950b853c87ed24d3
spotify:track:7LF0YY1gON8rBECsyEs0Wb,e5c2390073644e979f43e744c33e6c60,2025-03-19T21:10:12Z,1,,1cbceb29345b40ad950b853c87ed24d3
spotify:track:02lTDOxHeXTHsdwXoz6lpC,d0b05ef03f5e4598a3e8532b812c3330,2025-03-19T21:27:18Z,1,,1cbceb29345b40ad950b853c87ed24d3
spotify:track:0jsANwwkkHyyeNyuTFq2XO,d0b05ef03f5e4598a3e8532b812c3330,2025-03-19T21:27:18Z,1,,1cbceb29345b40ad950b853c87ed24d3
spotify:track:2AnTuxahfcAS7dGxGZnihY,d0b05ef03f5e4598a3e8532b812c3330,2025-03-19T21:27:18Z,2,,1cbceb29345b40ad950b853c87ed24d3
spotify:track:3XG801WWhqC753dekEBkMt,d0b05ef03f5e4598a3e8532b812c3330,2025-03-19T21:27:18Z,2,,1cbceb29345b40ad950b853c87ed24d3
spotify:track:4LxIGAVfcQIw0zAQRyFhU8,d0b05ef03f5e4598a3e8532b812c3330,2025-03-19T21:27:18Z,2,,1cbceb29345b40ad950b853c87ed24d3
spotify:track:4Ruw17OcuhMkrkHAK91yub,d0b05ef03f5e4598a3e8532b812c3330,2025-03-19T21:27:18Z,1,,1cbceb29345b40ad950b853c87ed24d3
spotify:track:4VSyH8AkIt3kaR5xIPFVVi,d0b05ef03f5e4598a3e8532b812c3330,2025-03-19T21:27:18Z,1,,1cbceb29345b40ad950b853c87ed24d3
spotify:track:6PNvv1dmDbOWrAYwEcuKBX,d0b05ef03f5e4598a3e8532b812c3330,2025-03-19T21:27:18Z,3,I’ve been a bad bad girl. Such a fucking good song. Such a low key high brow pop song. Love Fiona. Prob the one song of released today would sound current and kick ass. The outro also slays. ,1cbceb29345b40ad950b853c87ed24d3
spotify:track:74jTexO94dFGyXGyeu8krd,d0b05ef03f5e4598a3e8532b812c3330,2025-03-19T21:27:18Z,1,Mendo def picked this ,1cbceb29345b40ad950b853c87ed24d3
spotify:track:7aQjPecQdIuNd1sz3KCDhD,d0b05ef03f5e4598a3e8532b812c3330,2025-03-19T21:27:18Z,1,,1cbceb29345b40ad950b853c87ed24d3
spotify:track:7LF0YY1gON8rBECsyEs0Wb,d0b05ef03f5e4598a3e8532b812c3330,2025-03-19T21:27:18Z,1,,1cbceb29345b40ad950b853c87ed24d3
spotify:track:02lTDOxHeXTHsdwXoz6lpC,4e117e3021d7466c8bf0b654f8357418,2025-03-19T23:26:24Z,1,"+1 for being a good song
+1 for the nostalgia 
-1 for not making me want to dance ",1cbceb29345b40ad950b853c87ed24d3
spotify:track:0jsANwwkkHyyeNyuTFq2XO,4e117e3021d7466c8bf0b654f8357418,2025-03-19T23:26:24Z,0,Swing and a miss,1cbceb29345b40ad950b853c87ed24d3
spotify:track:3XG801WWhqC753dekEBkMt,4e117e3021d7466c8bf0b654f8357418,2025-03-19T23:26:24Z,0,Nah,1cbceb29345b40ad950b853c87ed24d3
spotify:track:7LF0YY1gON8rBECsyEs0Wb,4e117e3021d7466c8bf0b654f8357418,2025-03-19T23:26:24Z,1,"+1 for being good
+1 for nostalgia 
-1 for being too white boy dancey ",1cbceb29345b40ad950b853c87ed24d3
spotify:track:7aQjPecQdIuNd1sz3KCDhD,4e117e3021d7466c8bf0b654f8357418,2025-03-19T23:26:24Z,2,"+1 for being great 
+1 for nostalgia
+1 for making me dance sexy
-1 for being so way over the radar ",1cbceb29345b40ad950b853c87ed24d3
spotify:track:74jTexO94dFGyXGyeu8krd,4e117e3021d7466c8bf0b654f8357418,2025-03-19T23:26:24Z,1,"+1 for being fun
+1 for nostalgia 
-1 for being over the radar. Do you not watch Night at the Roxbury regularly?",1cbceb29345b40ad950b853c87ed24d3
spotify:track:6PNvv1dmDbOWrAYwEcuKBX,4e117e3021d7466c8bf0b654f8357418,2025-03-19T23:26:24Z,1,"+1 for being great
+1 for nostalgia 
-1 for being over the radar",1cbceb29345b40ad950b853c87ed24d3
spotify:track:6CU0zWIWVTEnmWpSjVHM93,4e117e3021d7466c8bf0b654f8357418,2025-03-19T23:26:24Z,2,"+1 for being great
+1 nostalgia 
+1 for being on my shortlist 
-1 for being too much of a cool down slow jam",1cbceb29345b40ad950b853c87ed24d3
spotify:track:5mqEL5pgnDCcWtTWpAofIV,4e117e3021d7466c8bf0b654f8357418,2025-03-19T23:26:24Z,1,"+1 for nostalgia
+1 for being one of the more under the radar E6 singles
-1 for danceability",1cbceb29345b40ad950b853c87ed24d3
spotify:track:4VSyH8AkIt3kaR5xIPFVVi,4e117e3021d7466c8bf0b654f8357418,2025-03-19T23:26:24Z,1,"+1 for having a chorus I still sing regularly 
+ for nostalgia
-1 for the slow awkward bootie rolling",1cbceb29345b40ad950b853c87ed24d3
spotify:track:4Ruw17OcuhMkrkHAK91yub,4e117e3021d7466c8bf0b654f8357418,2025-03-19T23:26:24Z,1,"+1 for being outside the box
+1 for nostalgia 
-1 for barely being a song",1cbceb29345b40ad950b853c87ed24d3
spotify:track:4LxIGAVfcQIw0zAQRyFhU8,4e117e3021d7466c8bf0b654f8357418,2025-03-19T23:26:24Z,1,"+1 for being good
+1 for the nostalgia 
-1 for being the most over the radar B2M song you could pick ",1cbceb29345b40ad950b853c87ed24d3
spotify:track:2AnTuxahfcAS7dGxGZnihY,4e117e3021d7466c8bf0b654f8357418,2025-03-19T23:26:24Z,3,"+1 for being good
+1 for the nostalgia 
+ for being forgotten",1cbceb29345b40ad950b853c87ed24d3
spotify:track:2EI8uljBPaI23VUr2tv4eS,4e117e3021d7466c8bf0b654f8357418,2025-03-19T23:26:24Z,0,This might be the second time I’ve ever listened to this so didn’t make me nostalgic nor get me dancing ,1cbceb29345b40ad950b853c87ed24d3
spotify:track:2UKkLqST2xWpK8n1b0Xr5Z,4e117e3021d7466c8bf0b654f8357418,2025-03-19T23:26:24Z,1,"+1 for being incredible
+1 for nostalgia 
-1 for being the opposite of dance party material 

I DID aye-yi-yi like a motherfucker back in those glory days ",1cbceb29345b40ad950b853c87ed24d3
spotify:track:0AMKZWRgdFfGYYTxiWrwwH,a2909b31d1c04d728cfcf68ca0d73cca,2025-03-20T22:14:32Z,1,Classic nepo,f47247b958674c15a7f183e997fe295c
spotify:track:0CZ8lquoTX2Dkg7Ak2inwA,a2909b31d1c04d728cfcf68ca0d73cca,2025-03-20T22:14:32Z,2,I liked this way more than I thought I would at the beginning. ,f47247b958674c15a7f183e997fe295c
spotify:track:0WCeOw7W3QhDRwFcHuZ1kV,a2909b31d1c04d728cfcf68ca0d73cca,2025-03-20T22:14:32Z,1,Blew your load too soon. Still got the sexy round coming up. ,f47247b958674c15a7f183e997fe295c
spotify:track:24Gxm7Eh7tO83E26LG0CsY,a2909b31d1c04d728cfcf68ca0d73cca,2025-03-20T22:14:32Z,0,This has to be memo. ,f47247b958674c15a7f183e997fe295c
spotify:track:2Y2EqiFJIoQBhOQZHd7C97,a2909b31d1c04d728cfcf68ca0d73cca,2025-03-20T22:14:32Z,2,,f47247b958674c15a7f183e997fe295c
spotify:track:4VZDv8sASBS8UruUBGTFdk,a2909b31d1c04d728cfcf68ca0d73cca,2025-03-20T22:14:32Z,1,+1 for triple nepo only,f47247b958674c15a7f183e997fe295c
spotify:track:4W8IEREeLldaSQyGXcZQ2I,a2909b31d1c04d728cfcf68ca0d73cca,2025-03-20T22:14:32Z,1,,f47247b958674c15a7f183e997fe295c
spotify:track:5pE8wHrQ5exxT7TmIBoyNt,a2909b31d1c04d728cfcf68ca0d73cca,2025-03-20T22:14:32Z,3,Love Jaco. Love this song. Definitely checking out more. ,f47247b958674c15a7f183e997fe295c
spotify:track:5r0ssYtbNzWsUOO2kjlWq2,a2909b31d1c04d728cfcf68ca0d73cca,2025-03-20T22:14:32Z,1,,f47247b958674c15a7f183e997fe295c
spotify:track:72cVy0mUOBI8dRNSzg1b03,a2909b31d1c04d728cfcf68ca0d73cca,2025-03-20T22:14:32Z,1,,f47247b958674c15a7f183e997fe295c
spotify:track:7FSedBiKCI1SwQ0pT2tqXx,a2909b31d1c04d728cfcf68ca0d73cca,2025-03-20T22:14:32Z,1,,f47247b958674c15a7f183e997fe295c
spotify:track:7m3SIBZJMyY5aWCa533OAZ,a2909b31d1c04d728cfcf68ca0d73cca,2025-03-20T22:14:32Z,1,Saw them on Jam Cruise in 2020 and it was amazing. Covered She’s a Rainbow by the Stones.,f47247b958674c15a7f183e997fe295c
spotify:track:7vCAPGfk46iIyikreugUay,a2909b31d1c04d728cfcf68ca0d73cca,2025-03-20T22:14:32Z,1,Great song. ,f47247b958674c15a7f183e997fe295c
spotify:track:0AMKZWRgdFfGYYTxiWrwwH,0b4377c224ba402d97adce848425da90,2025-03-21T04:03:16Z,2,Just learned about the Ravi connection this round. A lovely deeper cut here from the great Geethali Norah Jones Shankar. ,f47247b958674c15a7f183e997fe295c
spotify:track:0CZ8lquoTX2Dkg7Ak2inwA,0b4377c224ba402d97adce848425da90,2025-03-21T04:03:16Z,2,I was not familiar with your game Ms. Mikaela Mullaney Straus!,f47247b958674c15a7f183e997fe295c
spotify:track:0WCeOw7W3QhDRwFcHuZ1kV,0b4377c224ba402d97adce848425da90,2025-03-21T04:03:16Z,0,Pretty funny choice but ultimately I wanted it to stop,f47247b958674c15a7f183e997fe295c
spotify:track:24Gxm7Eh7tO83E26LG0CsY,0b4377c224ba402d97adce848425da90,2025-03-21T04:03:16Z,3,Wow this hit really hard,f47247b958674c15a7f183e997fe295c
spotify:track:2Y2EqiFJIoQBhOQZHd7C97,0b4377c224ba402d97adce848425da90,2025-03-21T04:03:16Z,1,,f47247b958674c15a7f183e997fe295c
spotify:track:4W8IEREeLldaSQyGXcZQ2I,0b4377c224ba402d97adce848425da90,2025-03-21T04:03:16Z,1,,f47247b958674c15a7f183e997fe295c
spotify:track:5pE8wHrQ5exxT7TmIBoyNt,0b4377c224ba402d97adce848425da90,2025-03-21T04:03:16Z,1,"Somehow this band also includes Kofi Burbridge and Roy Wooten (Victor’s brother). Damn, there are enough nepos on here to feed… a family, one family, that’s what nepos do, they keep it in the family. ",f47247b958674c15a7f183e997fe295c
spotify:track:5r0ssYtbNzWsUOO2kjlWq2,0b4377c224ba402d97adce848425da90,2025-03-21T04:03:16Z,1,,f47247b958674c15a7f183e997fe295c
spotify:track:6lQyCgVnSxnOssgLIOZItN,0b4377c224ba402d97adce848425da90,2025-03-21T04:03:16Z,1,Our boy Zach Tenorio is all over this album.,f47247b958674c15a7f183e997fe295c
spotify:track:72cVy0mUOBI8dRNSzg1b03,0b4377c224ba402d97adce848425da90,2025-03-21T04:03:16Z,0,"This is a Frank Zappa song on a Frank Zappa album. It may technically qualify, but I can’t really tell when the little Dweezil is playing. ",f47247b958674c15a7f183e997fe295c
spotify:track:7FSedBiKCI1SwQ0pT2tqXx,0b4377c224ba402d97adce848425da90,2025-03-21T04:03:16Z,0,I have heard many great versions of this song. This was not one of them. ,f47247b958674c15a7f183e997fe295c
spotify:track:7m3SIBZJMyY5aWCa533OAZ,0b4377c224ba402d97adce848425da90,2025-03-21T04:03:16Z,1,,f47247b958674c15a7f183e997fe295c
spotify:track:7u7t0fkgrpwnmaP7oXJE60,0b4377c224ba402d97adce848425da90,2025-03-21T04:03:16Z,1,,f47247b958674c15a7f183e997fe295c
spotify:track:7vCAPGfk46iIyikreugUay,0b4377c224ba402d97adce848425da90,2025-03-21T04:03:16Z,2,On my short list,f47247b958674c15a7f183e997fe295c
spotify:track:0AMKZWRgdFfGYYTxiWrwwH,8453d173315c468e8134e2527a658ba5,2025-03-21T12:10:54Z,3,Obvious artist but not an obvious song choice. Dig it,f47247b958674c15a7f183e997fe295c
spotify:track:0WCeOw7W3QhDRwFcHuZ1kV,8453d173315c468e8134e2527a658ba5,2025-03-21T12:10:54Z,0,Never heard the lyrics to this song so clearly. Yowzers,f47247b958674c15a7f183e997fe295c
spotify:track:48yz63T4zxxDp2TekCd6w6,8453d173315c468e8134e2527a658ba5,2025-03-21T12:10:54Z,1,Cool,f47247b958674c15a7f183e997fe295c
spotify:track:4VZDv8sASBS8UruUBGTFdk,8453d173315c468e8134e2527a658ba5,2025-03-21T12:10:54Z,1,Classic,f47247b958674c15a7f183e997fe295c
spotify:track:4W8IEREeLldaSQyGXcZQ2I,8453d173315c468e8134e2527a658ba5,2025-03-21T12:10:54Z,3,Probs best song ever ,f47247b958674c15a7f183e997fe295c
spotify:track:5pE8wHrQ5exxT7TmIBoyNt,8453d173315c468e8134e2527a658ba5,2025-03-21T12:10:54Z,2,Jazzy AF,f47247b958674c15a7f183e997fe295c
spotify:track:5r0ssYtbNzWsUOO2kjlWq2,8453d173315c468e8134e2527a658ba5,2025-03-21T12:10:54Z,2,,f47247b958674c15a7f183e997fe295c
spotify:track:6lQyCgVnSxnOssgLIOZItN,8453d173315c468e8134e2527a658ba5,2025-03-21T12:10:54Z,1,,f47247b958674c15a7f183e997fe295c
spotify:track:7FSedBiKCI1SwQ0pT2tqXx,8453d173315c468e8134e2527a658ba5,2025-03-21T12:10:54Z,1,,f47247b958674c15a7f183e997fe295c
spotify:track:7m3SIBZJMyY5aWCa533OAZ,8453d173315c468e8134e2527a658ba5,2025-03-21T12:10:54Z,0,Claypool sucks,f47247b958674c15a7f183e997fe295c
spotify:track:7u7t0fkgrpwnmaP7oXJE60,8453d173315c468e8134e2527a658ba5,2025-03-21T12:10:54Z,2,,f47247b958674c15a7f183e997fe295c
spotify:track:0AMKZWRgdFfGYYTxiWrwwH,e5c2390073644e979f43e744c33e6c60,2025-03-21T13:06:34Z,2,,f47247b958674c15a7f183e997fe295c
spotify:track:0CZ8lquoTX2Dkg7Ak2inwA,e5c2390073644e979f43e744c33e6c60,2025-03-21T13:06:34Z,1,,f47247b958674c15a7f183e997fe295c
spotify:track:0WCeOw7W3QhDRwFcHuZ1kV,e5c2390073644e979f43e744c33e6c60,2025-03-21T13:06:34Z,1,I thought sexy song was next prompt! lol ,f47247b958674c15a7f183e997fe295c
spotify:track:24Gxm7Eh7tO83E26LG0CsY,e5c2390073644e979f43e744c33e6c60,2025-03-21T13:06:34Z,1,,f47247b958674c15a7f183e997fe295c
spotify:track:2Y2EqiFJIoQBhOQZHd7C97,e5c2390073644e979f43e744c33e6c60,2025-03-21T13:06:34Z,2,,f47247b958674c15a7f183e997fe295c
spotify:track:48yz63T4zxxDp2TekCd6w6,e5c2390073644e979f43e744c33e6c60,2025-03-21T13:06:34Z,1,,f47247b958674c15a7f183e997fe295c
spotify:track:4VZDv8sASBS8UruUBGTFdk,e5c2390073644e979f43e744c33e6c60,2025-03-21T13:06:34Z,1,,f47247b958674c15a7f183e997fe295c
spotify:track:4W8IEREeLldaSQyGXcZQ2I,e5c2390073644e979f43e744c33e6c60,2025-03-21T13:06:34Z,1,Ooh ooh ooh oh I wanna sex you up! ,f47247b958674c15a7f183e997fe295c
spotify:track:5pE8wHrQ5exxT7TmIBoyNt,e5c2390073644e979f43e744c33e6c60,2025-03-21T13:06:34Z,1,,f47247b958674c15a7f183e997fe295c
spotify:track:5r0ssYtbNzWsUOO2kjlWq2,e5c2390073644e979f43e744c33e6c60,2025-03-21T13:06:34Z,1,,f47247b958674c15a7f183e997fe295c
spotify:track:6lQyCgVnSxnOssgLIOZItN,e5c2390073644e979f43e744c33e6c60,2025-03-21T13:06:34Z,1,,f47247b958674c15a7f183e997fe295c
spotify:track:72cVy0mUOBI8dRNSzg1b03,e5c2390073644e979f43e744c33e6c60,2025-03-21T13:06:34Z,2,,f47247b958674c15a7f183e997fe295c
spotify:track:7u7t0fkgrpwnmaP7oXJE60,e5c2390073644e979f43e744c33e6c60,2025-03-21T13:06:34Z,1,Sam was on my shortlist! This is Jen’s pick! ,f47247b958674c15a7f183e997fe295c
spotify:track:0AMKZWRgdFfGYYTxiWrwwH,183c5f6ed1b147099842917a9576c8f4,2025-03-21T13:15:44Z,1,Little sister of the sistars,f47247b958674c15a7f183e997fe295c
spotify:track:0CZ8lquoTX2Dkg7Ak2inwA,183c5f6ed1b147099842917a9576c8f4,2025-03-21T13:15:44Z,2,Maybe more if parent was more famous ,f47247b958674c15a7f183e997fe295c
spotify:track:0WCeOw7W3QhDRwFcHuZ1kV,183c5f6ed1b147099842917a9576c8f4,2025-03-21T13:15:44Z,1,Incentivizing more of this...,f47247b958674c15a7f183e997fe295c
spotify:track:24Gxm7Eh7tO83E26LG0CsY,183c5f6ed1b147099842917a9576c8f4,2025-03-21T13:15:44Z,0,No,f47247b958674c15a7f183e997fe295c
spotify:track:2Y2EqiFJIoQBhOQZHd7C97,183c5f6ed1b147099842917a9576c8f4,2025-03-21T13:15:44Z,2,Doesn't get more nepo then just stepping into dad's band. Not Femi!,f47247b958674c15a7f183e997fe295c
spotify:track:48yz63T4zxxDp2TekCd6w6,183c5f6ed1b147099842917a9576c8f4,2025-03-21T13:15:44Z,0,Didn't know Fogerty's sons played music. Will now forget Fogerty's sons play music. ,f47247b958674c15a7f183e997fe295c
spotify:track:4VZDv8sASBS8UruUBGTFdk,183c5f6ed1b147099842917a9576c8f4,2025-03-21T13:15:44Z,0,Can't do it. Want to do it. Not going to do it. Hold on for one more 0,f47247b958674c15a7f183e997fe295c
spotify:track:4W8IEREeLldaSQyGXcZQ2I,183c5f6ed1b147099842917a9576c8f4,2025-03-21T13:15:44Z,1,A bit too on the nose for this group. But can't in good conscience give Shuggie a 0. ,f47247b958674c15a7f183e997fe295c
spotify:track:5pE8wHrQ5exxT7TmIBoyNt,183c5f6ed1b147099842917a9576c8f4,2025-03-21T13:15:44Z,1,Sure?,f47247b958674c15a7f183e997fe295c
spotify:track:5r0ssYtbNzWsUOO2kjlWq2,183c5f6ed1b147099842917a9576c8f4,2025-03-21T13:15:44Z,2,Fun yet morose journey through the cosmos,f47247b958674c15a7f183e997fe295c
spotify:track:6lQyCgVnSxnOssgLIOZItN,183c5f6ed1b147099842917a9576c8f4,2025-03-21T13:15:44Z,3,The breathiness is really unsettling. Song just doesn't make sense. I dug it. ,f47247b958674c15a7f183e997fe295c
spotify:track:72cVy0mUOBI8dRNSzg1b03,183c5f6ed1b147099842917a9576c8f4,2025-03-21T13:15:44Z,1,Featuring?  Just can't tell what's nepo and what's frank. Got a little bored by the end,f47247b958674c15a7f183e997fe295c
spotify:track:7FSedBiKCI1SwQ0pT2tqXx,183c5f6ed1b147099842917a9576c8f4,2025-03-21T13:15:44Z,0,Don't know Sr. Jr's voice did little for me. ,f47247b958674c15a7f183e997fe295c
spotify:track:7m3SIBZJMyY5aWCa533OAZ,183c5f6ed1b147099842917a9576c8f4,2025-03-21T13:15:44Z,1,Can I give Les's bass all the points?  No?  Shit. ,f47247b958674c15a7f183e997fe295c
spotify:track:7u7t0fkgrpwnmaP7oXJE60,183c5f6ed1b147099842917a9576c8f4,2025-03-21T13:15:44Z,1,,f47247b958674c15a7f183e997fe295c
spotify:track:0AMKZWRgdFfGYYTxiWrwwH,7fdceb56429c4e38939c3e5ee41bfdd0,2025-03-21T13:19:02Z,1,,f47247b958674c15a7f183e997fe295c
spotify:track:24Gxm7Eh7tO83E26LG0CsY,7fdceb56429c4e38939c3e5ee41bfdd0,2025-03-21T13:19:02Z,1,This was better than I remember it?,f47247b958674c15a7f183e997fe295c
spotify:track:48yz63T4zxxDp2TekCd6w6,7fdceb56429c4e38939c3e5ee41bfdd0,2025-03-21T13:19:02Z,3,Was one of my 3 songs to submit. Good choice!,f47247b958674c15a7f183e997fe295c
spotify:track:4VZDv8sASBS8UruUBGTFdk,7fdceb56429c4e38939c3e5ee41bfdd0,2025-03-21T13:19:02Z,1,,f47247b958674c15a7f183e997fe295c
spotify:track:4W8IEREeLldaSQyGXcZQ2I,7fdceb56429c4e38939c3e5ee41bfdd0,2025-03-21T13:19:02Z,3,"What a great cover of Jen’s ex, Neal Francis’ song!",f47247b958674c15a7f183e997fe295c
spotify:track:5pE8wHrQ5exxT7TmIBoyNt,7fdceb56429c4e38939c3e5ee41bfdd0,2025-03-21T13:19:02Z,1,,f47247b958674c15a7f183e997fe295c
spotify:track:72cVy0mUOBI8dRNSzg1b03,7fdceb56429c4e38939c3e5ee41bfdd0,2025-03-21T13:19:02Z,1,Docked a point bc OG Zappa leading the show here. Definitely going to be better then if nepo baby alone. ,f47247b958674c15a7f183e997fe295c
spotify:track:7FSedBiKCI1SwQ0pT2tqXx,7fdceb56429c4e38939c3e5ee41bfdd0,2025-03-21T13:19:02Z,2,,f47247b958674c15a7f183e997fe295c
spotify:track:7m3SIBZJMyY5aWCa533OAZ,7fdceb56429c4e38939c3e5ee41bfdd0,2025-03-21T13:19:02Z,1,,f47247b958674c15a7f183e997fe295c
spotify:track:7u7t0fkgrpwnmaP7oXJE60,7fdceb56429c4e38939c3e5ee41bfdd0,2025-03-21T13:19:02Z,1,,f47247b958674c15a7f183e997fe295c
spotify:track:7vCAPGfk46iIyikreugUay,7fdceb56429c4e38939c3e5ee41bfdd0,2025-03-21T13:19:02Z,1,,f47247b958674c15a7f183e997fe295c
spotify:track:0AMKZWRgdFfGYYTxiWrwwH,ce76a5e6ff274137bb5127db7065d9a8,2025-03-21T13:20:12Z,2,"Congrats on getting the Norah Jones pick in. Song pretty much didn’t matter. Auto points, I love her ",f47247b958674c15a7f183e997fe295c
spotify:track:0CZ8lquoTX2Dkg7Ak2inwA,ce76a5e6ff274137bb5127db7065d9a8,2025-03-21T13:20:12Z,3,Kenny’s pink Pilates princess vibe looks good on you. Most obscure deep cut famous relation. Points for that. Song was good too. ,f47247b958674c15a7f183e997fe295c
spotify:track:0WCeOw7W3QhDRwFcHuZ1kV,ce76a5e6ff274137bb5127db7065d9a8,2025-03-21T13:20:12Z,0,I don’t like anything about this. What is she trying to do with her voice? Thinking about rob schneider through that. Not sure if I was supposed to laugh or cry. No thanks,f47247b958674c15a7f183e997fe295c
spotify:track:24Gxm7Eh7tO83E26LG0CsY,ce76a5e6ff274137bb5127db7065d9a8,2025-03-21T13:20:12Z,0,I didn’t like this song when it came out and I still don’t ,f47247b958674c15a7f183e997fe295c
spotify:track:2Y2EqiFJIoQBhOQZHd7C97,ce76a5e6ff274137bb5127db7065d9a8,2025-03-21T13:20:12Z,1,Snarky snarky,f47247b958674c15a7f183e997fe295c
spotify:track:48yz63T4zxxDp2TekCd6w6,ce76a5e6ff274137bb5127db7065d9a8,2025-03-21T13:20:12Z,3,"Really liked this. Good find, good song. Would listen to the rest of this album",f47247b958674c15a7f183e997fe295c
spotify:track:4VZDv8sASBS8UruUBGTFdk,ce76a5e6ff274137bb5127db7065d9a8,2025-03-21T13:20:12Z,0,Super nepo group. Props for that. But all I could think was wow this is hitting all the 80s cliches it’s almost like someone is trying to prove memo wrong about the 90s being the worst. Then it turned out this song was released in 1990,f47247b958674c15a7f183e997fe295c
spotify:track:4W8IEREeLldaSQyGXcZQ2I,ce76a5e6ff274137bb5127db7065d9a8,2025-03-21T13:20:12Z,0,He’s gotta have some other song that I wouldn’t have expected ,f47247b958674c15a7f183e997fe295c
spotify:track:5pE8wHrQ5exxT7TmIBoyNt,ce76a5e6ff274137bb5127db7065d9a8,2025-03-21T13:20:12Z,0,I didn’t know Jaco had a bass playing son,f47247b958674c15a7f183e997fe295c
spotify:track:5r0ssYtbNzWsUOO2kjlWq2,ce76a5e6ff274137bb5127db7065d9a8,2025-03-21T13:20:12Z,0,I like my guitar song better,f47247b958674c15a7f183e997fe295c
spotify:track:6lQyCgVnSxnOssgLIOZItN,ce76a5e6ff274137bb5127db7065d9a8,2025-03-21T13:20:12Z,2,I liked this more than I wanted to,f47247b958674c15a7f183e997fe295c
spotify:track:7FSedBiKCI1SwQ0pT2tqXx,ce76a5e6ff274137bb5127db7065d9a8,2025-03-21T13:20:12Z,3,Timber junior,f47247b958674c15a7f183e997fe295c
spotify:track:7m3SIBZJMyY5aWCa533OAZ,ce76a5e6ff274137bb5127db7065d9a8,2025-03-21T13:20:12Z,0,I like these guys but not this pick. Should have gone with a song that highlights Sean more ,f47247b958674c15a7f183e997fe295c
spotify:track:7u7t0fkgrpwnmaP7oXJE60,ce76a5e6ff274137bb5127db7065d9a8,2025-03-21T13:20:12Z,1,Solid,f47247b958674c15a7f183e997fe295c
spotify:track:7vCAPGfk46iIyikreugUay,ce76a5e6ff274137bb5127db7065d9a8,2025-03-21T13:20:12Z,1,I’m glad you didn’t pick Alice’s restaurant ,f47247b958674c15a7f183e997fe295c
spotify:track:0AMKZWRgdFfGYYTxiWrwwH,1c89e947d02949ed86d05ec22a7350bf,2025-03-21T13:25:15Z,2,<3 shes just the best,f47247b958674c15a7f183e997fe295c
spotify:track:0CZ8lquoTX2Dkg7Ak2inwA,1c89e947d02949ed86d05ec22a7350bf,2025-03-21T13:25:15Z,3,"new to me, probably the definition of nepo connections giving her a leg up in the industry but a beautiful voice to stand on her own -cool song, will check out more",f47247b958674c15a7f183e997fe295c
spotify:track:0WCeOw7W3QhDRwFcHuZ1kV,1c89e947d02949ed86d05ec22a7350bf,2025-03-21T13:25:15Z,1,+1 for lols ,f47247b958674c15a7f183e997fe295c
spotify:track:24Gxm7Eh7tO83E26LG0CsY,1c89e947d02949ed86d05ec22a7350bf,2025-03-21T13:25:15Z,0,also lols but ran out of points,f47247b958674c15a7f183e997fe295c
spotify:track:2Y2EqiFJIoQBhOQZHd7C97,1c89e947d02949ed86d05ec22a7350bf,2025-03-21T13:25:15Z,1,something different,f47247b958674c15a7f183e997fe295c
spotify:track:4VZDv8sASBS8UruUBGTFdk,1c89e947d02949ed86d05ec22a7350bf,2025-03-21T13:25:15Z,1,"+1 for nostalgia factor, would have gotten a lot of my points on the last round",f47247b958674c15a7f183e997fe295c
spotify:track:4W8IEREeLldaSQyGXcZQ2I,1c89e947d02949ed86d05ec22a7350bf,2025-03-21T13:25:15Z,2,husband was this you? ,f47247b958674c15a7f183e997fe295c
spotify:track:5pE8wHrQ5exxT7TmIBoyNt,1c89e947d02949ed86d05ec22a7350bf,2025-03-21T13:25:15Z,0,this was cool but too much else to choose from ,f47247b958674c15a7f183e997fe295c
spotify:track:5r0ssYtbNzWsUOO2kjlWq2,1c89e947d02949ed86d05ec22a7350bf,2025-03-21T13:25:15Z,2,love any and all allmans projects,f47247b958674c15a7f183e997fe295c
spotify:track:7u7t0fkgrpwnmaP7oXJE60,1c89e947d02949ed86d05ec22a7350bf,2025-03-21T13:25:15Z,2,Loved this one,f47247b958674c15a7f183e997fe295c
spotify:track:7vCAPGfk46iIyikreugUay,1c89e947d02949ed86d05ec22a7350bf,2025-03-21T13:25:15Z,2,also loved this one,f47247b958674c15a7f183e997fe295c
spotify:track:0AMKZWRgdFfGYYTxiWrwwH,bf3a904d73564b6c97f9e47c5429b767,2025-03-21T14:09:53Z,2,I love this woman with all my heart,f47247b958674c15a7f183e997fe295c
spotify:track:0WCeOw7W3QhDRwFcHuZ1kV,bf3a904d73564b6c97f9e47c5429b767,2025-03-21T14:09:53Z,3,yo daddy let you date?,f47247b958674c15a7f183e997fe295c
spotify:track:48yz63T4zxxDp2TekCd6w6,bf3a904d73564b6c97f9e47c5429b767,2025-03-21T14:09:53Z,1,I liked this but elle king has my heart ,f47247b958674c15a7f183e997fe295c
spotify:track:4VZDv8sASBS8UruUBGTFdk,bf3a904d73564b6c97f9e47c5429b767,2025-03-21T14:09:53Z,0,"ok wikipedia, -3 points",f47247b958674c15a7f183e997fe295c
spotify:track:4W8IEREeLldaSQyGXcZQ2I,bf3a904d73564b6c97f9e47c5429b767,2025-03-21T14:09:53Z,1,sure have a point for whatever ,f47247b958674c15a7f183e997fe295c
spotify:track:5pE8wHrQ5exxT7TmIBoyNt,bf3a904d73564b6c97f9e47c5429b767,2025-03-21T14:09:53Z,3,annoyed to read all that but this is my shit ,f47247b958674c15a7f183e997fe295c
spotify:track:5r0ssYtbNzWsUOO2kjlWq2,bf3a904d73564b6c97f9e47c5429b767,2025-03-21T14:09:53Z,2,joja,f47247b958674c15a7f183e997fe295c
spotify:track:6lQyCgVnSxnOssgLIOZItN,bf3a904d73564b6c97f9e47c5429b767,2025-03-21T14:09:53Z,0,why did kamasi agree to this ,f47247b958674c15a7f183e997fe295c
spotify:track:72cVy0mUOBI8dRNSzg1b03,bf3a904d73564b6c97f9e47c5429b767,2025-03-21T14:09:53Z,2,,f47247b958674c15a7f183e997fe295c
spotify:track:7u7t0fkgrpwnmaP7oXJE60,bf3a904d73564b6c97f9e47c5429b767,2025-03-21T14:09:53Z,2,fine,f47247b958674c15a7f183e997fe295c
spotify:track:0AMKZWRgdFfGYYTxiWrwwH,9b7e03ea90dd46db9779dc21eb04ca5a,2025-03-21T14:15:59Z,1,"In highschool I got mono and had to stay home for a week. My parents worked and I had the house to myself. I have never smoked that much weed in my life. For that week, I only listened to Ravi Shankar and I am convinced he healed me. It was a very formative music rabit hole. I cannot believe the Hendrix of Sitar had a daughter musician, and she happened to be Norah Jones. ",f47247b958674c15a7f183e997fe295c
spotify:track:0WCeOw7W3QhDRwFcHuZ1kV,9b7e03ea90dd46db9779dc21eb04ca5a,2025-03-21T14:15:59Z,0,amazing voice,f47247b958674c15a7f183e997fe295c
spotify:track:2Y2EqiFJIoQBhOQZHd7C97,9b7e03ea90dd46db9779dc21eb04ca5a,2025-03-21T14:15:59Z,2,,f47247b958674c15a7f183e997fe295c
spotify:track:48yz63T4zxxDp2TekCd6w6,9b7e03ea90dd46db9779dc21eb04ca5a,2025-03-21T14:15:59Z,2,,f47247b958674c15a7f183e997fe295c
spotify:track:4W8IEREeLldaSQyGXcZQ2I,9b7e03ea90dd46db9779dc21eb04ca5a,2025-03-21T14:15:59Z,1,holy shit amazing dig ,f47247b958674c15a7f183e997fe295c
spotify:track:5r0ssYtbNzWsUOO2kjlWq2,9b7e03ea90dd46db9779dc21eb04ca5a,2025-03-21T14:15:59Z,3,"woah am I the only one who didn't know Devon Allman existed, AND this song rips ",f47247b958674c15a7f183e997fe295c
spotify:track:6lQyCgVnSxnOssgLIOZItN,9b7e03ea90dd46db9779dc21eb04ca5a,2025-03-21T14:15:59Z,2,"slow. clap. right up my alley, just votes spread thin with good songs ",f47247b958674c15a7f183e997fe295c
spotify:track:72cVy0mUOBI8dRNSzg1b03,9b7e03ea90dd46db9779dc21eb04ca5a,2025-03-21T14:15:59Z,1,Goddamn the zappas are still somehow so underrated at guitar,f47247b958674c15a7f183e997fe295c
spotify:track:7FSedBiKCI1SwQ0pT2tqXx,9b7e03ea90dd46db9779dc21eb04ca5a,2025-03-21T14:15:59Z,2,,f47247b958674c15a7f183e997fe295c
spotify:track:7m3SIBZJMyY5aWCa533OAZ,9b7e03ea90dd46db9779dc21eb04ca5a,2025-03-21T14:15:59Z,1,hell yeah,f47247b958674c15a7f183e997fe295c
spotify:track:7u7t0fkgrpwnmaP7oXJE60,9b7e03ea90dd46db9779dc21eb04ca5a,2025-03-21T14:15:59Z,1,,f47247b958674c15a7f183e997fe295c
spotify:track:0AMKZWRgdFfGYYTxiWrwwH,d0b05ef03f5e4598a3e8532b812c3330,2025-03-21T15:27:01Z,0,Prob GOAT Nepo baby. great tune just too many other amazing ones,f47247b958674c15a7f183e997fe295c
spotify:track:0CZ8lquoTX2Dkg7Ak2inwA,d0b05ef03f5e4598a3e8532b812c3330,2025-03-21T15:27:01Z,0,uh.... does a great grand kid from a titanic survivor count as nepotism. Nahhhhhh,f47247b958674c15a7f183e997fe295c
spotify:track:0WCeOw7W3QhDRwFcHuZ1kV,d0b05ef03f5e4598a3e8532b812c3330,2025-03-21T15:27:01Z,4,"So many points.... please see my comments in chat. I cant get over the funny nepotism angle here and i keep cracking up about rob schneider and elle's conversation around this... ""Dad! I just fucking slayed this cover. give it a listen!"" ""Sweetheart, Im so proud of you"" Too bad this convo prob hasnt happened ""She also mentioned that Schneider would often forget her birthday and that she did not agree with his recent comments about women, transgender people, and vax"". (Wiki)",f47247b958674c15a7f183e997fe295c
spotify:track:48yz63T4zxxDp2TekCd6w6,d0b05ef03f5e4598a3e8532b812c3330,2025-03-21T15:27:01Z,0,Really fucking good,f47247b958674c15a7f183e997fe295c
spotify:track:4VZDv8sASBS8UruUBGTFdk,d0b05ef03f5e4598a3e8532b812c3330,2025-03-21T15:27:01Z,1,1 point here... maybe would have gotten 3 points last round. love this song. ,f47247b958674c15a7f183e997fe295c
spotify:track:5pE8wHrQ5exxT7TmIBoyNt,d0b05ef03f5e4598a3e8532b812c3330,2025-03-21T15:27:01Z,1,very cool. ,f47247b958674c15a7f183e997fe295c
spotify:track:5r0ssYtbNzWsUOO2kjlWq2,d0b05ef03f5e4598a3e8532b812c3330,2025-03-21T15:27:01Z,2,Oh hell yeah,f47247b958674c15a7f183e997fe295c
spotify:track:6lQyCgVnSxnOssgLIOZItN,d0b05ef03f5e4598a3e8532b812c3330,2025-03-21T15:27:01Z,2,Fuck didnt know Kamasi was nepo! Nice! And Willow has an amazing voice. ,f47247b958674c15a7f183e997fe295c
spotify:track:7FSedBiKCI1SwQ0pT2tqXx,d0b05ef03f5e4598a3e8532b812c3330,2025-03-21T15:27:01Z,5,"This one made me cry. For those of you who don't know, my (ex) father in law, who I loved a lot, was a folk singer and his singing partner was Josh White Jr, son of blues legend josh white who wrote timber (Jerry). Josh white jr (Donnie) plays just like his dad, no one else plays quite like it. His voice is beautiful. And that voice and the lyrics speared my heart like a perfect folk song ought to. He recently died. RIP to a master and his dad. No one will play guitar quite like they did again.",f47247b958674c15a7f183e997fe295c
spotify:track:7m3SIBZJMyY5aWCa533OAZ,d0b05ef03f5e4598a3e8532b812c3330,2025-03-21T15:27:01Z,0,so good. just ran out of points. blame the licking vagina song. ,f47247b958674c15a7f183e997fe295c
spotify:track:7u7t0fkgrpwnmaP7oXJE60,d0b05ef03f5e4598a3e8532b812c3330,2025-03-21T15:27:01Z,0,loved this. see comment above.,f47247b958674c15a7f183e997fe295c
spotify:track:7vCAPGfk46iIyikreugUay,d0b05ef03f5e4598a3e8532b812c3330,2025-03-21T15:27:01Z,1,fuck this is good,f47247b958674c15a7f183e997fe295c
spotify:track:0WCeOw7W3QhDRwFcHuZ1kV,4e117e3021d7466c8bf0b654f8357418,2025-03-21T15:35:06Z,0,lol ,f47247b958674c15a7f183e997fe295c
spotify:track:2Y2EqiFJIoQBhOQZHd7C97,4e117e3021d7466c8bf0b654f8357418,2025-03-21T15:35:06Z,2,,f47247b958674c15a7f183e997fe295c
spotify:track:48yz63T4zxxDp2TekCd6w6,4e117e3021d7466c8bf0b654f8357418,2025-03-21T15:35:06Z,3,Cool song from a NB band I was previously unfamiliar with,f47247b958674c15a7f183e997fe295c
spotify:track:4VZDv8sASBS8UruUBGTFdk,4e117e3021d7466c8bf0b654f8357418,2025-03-21T15:35:06Z,2,Tempted to dock points for the ELI5,f47247b958674c15a7f183e997fe295c
spotify:track:4W8IEREeLldaSQyGXcZQ2I,4e117e3021d7466c8bf0b654f8357418,2025-03-21T15:35:06Z,1,,f47247b958674c15a7f183e997fe295c
spotify:track:5pE8wHrQ5exxT7TmIBoyNt,4e117e3021d7466c8bf0b654f8357418,2025-03-21T15:35:06Z,0,Maybe if it was Felix & the Mu’tet,f47247b958674c15a7f183e997fe295c
spotify:track:5r0ssYtbNzWsUOO2kjlWq2,4e117e3021d7466c8bf0b654f8357418,2025-03-21T15:35:06Z,2,,f47247b958674c15a7f183e997fe295c
spotify:track:6lQyCgVnSxnOssgLIOZItN,4e117e3021d7466c8bf0b654f8357418,2025-03-21T15:35:06Z,2,,f47247b958674c15a7f183e997fe295c
spotify:track:72cVy0mUOBI8dRNSzg1b03,4e117e3021d7466c8bf0b654f8357418,2025-03-21T15:35:06Z,0,"Plenty of good Dweezil songs and you pick a Frank song, smh",f47247b958674c15a7f183e997fe295c
spotify:track:7FSedBiKCI1SwQ0pT2tqXx,4e117e3021d7466c8bf0b654f8357418,2025-03-21T15:35:06Z,1,,f47247b958674c15a7f183e997fe295c
spotify:track:7m3SIBZJMyY5aWCa533OAZ,4e117e3021d7466c8bf0b654f8357418,2025-03-21T15:35:06Z,1,,f47247b958674c15a7f183e997fe295c
spotify:track:7u7t0fkgrpwnmaP7oXJE60,4e117e3021d7466c8bf0b654f8357418,2025-03-21T15:35:06Z,0,"I’m looking for nepo baby originals here, pal",f47247b958674c15a7f183e997fe295c
spotify:track:7vCAPGfk46iIyikreugUay,4e117e3021d7466c8bf0b654f8357418,2025-03-21T15:35:06Z,2,,f47247b958674c15a7f183e997fe295c
spotify:track:0CZ8lquoTX2Dkg7Ak2inwA,605866a938e54c5da212fc8595186729,2025-03-21T15:47:01Z,1,,f47247b958674c15a7f183e997fe295c
spotify:track:2Y2EqiFJIoQBhOQZHd7C97,605866a938e54c5da212fc8595186729,2025-03-21T15:47:01Z,3,,f47247b958674c15a7f183e997fe295c
spotify:track:48yz63T4zxxDp2TekCd6w6,605866a938e54c5da212fc8595186729,2025-03-21T15:47:01Z,1,,f47247b958674c15a7f183e997fe295c
spotify:track:4W8IEREeLldaSQyGXcZQ2I,605866a938e54c5da212fc8595186729,2025-03-21T15:47:01Z,1,,f47247b958674c15a7f183e997fe295c
spotify:track:5pE8wHrQ5exxT7TmIBoyNt,605866a938e54c5da212fc8595186729,2025-03-21T15:47:01Z,2,,f47247b958674c15a7f183e997fe295c
spotify:track:5r0ssYtbNzWsUOO2kjlWq2,605866a938e54c5da212fc8595186729,2025-03-21T15:47:01Z,1,,f47247b958674c15a7f183e997fe295c
spotify:track:6lQyCgVnSxnOssgLIOZItN,605866a938e54c5da212fc8595186729,2025-03-21T15:47:01Z,1,,f47247b958674c15a7f183e997fe295c
spotify:track:72cVy0mUOBI8dRNSzg1b03,605866a938e54c5da212fc8595186729,2025-03-21T15:47:01Z,0,Does it count if the parent is listed as the artist?,f47247b958674c15a7f183e997fe295c
spotify:track:7FSedBiKCI1SwQ0pT2tqXx,605866a938e54c5da212fc8595186729,2025-03-21T15:47:01Z,1,,f47247b958674c15a7f183e997fe295c
spotify:track:7u7t0fkgrpwnmaP7oXJE60,605866a938e54c5da212fc8595186729,2025-03-21T15:47:01Z,4,Embarrassed that I didn’t think of Sam! 🙈,f47247b958674c15a7f183e997fe295c
spotify:track:7vCAPGfk46iIyikreugUay,605866a938e54c5da212fc8595186729,2025-03-21T15:47:01Z,1,,f47247b958674c15a7f183e997fe295c
spotify:track:0AMKZWRgdFfGYYTxiWrwwH,49a5ff7c4466457eb8016aaf873224cb,2025-03-21T16:00:42Z,1,Was wondering which/how many Norah would make it through. Don't know a ton of her stuff outside of the real popular ones. Nice listen.,f47247b958674c15a7f183e997fe295c
spotify:track:0CZ8lquoTX2Dkg7Ak2inwA,49a5ff7c4466457eb8016aaf873224cb,2025-03-21T16:00:42Z,2,Really liked. ,f47247b958674c15a7f183e997fe295c
spotify:track:0WCeOw7W3QhDRwFcHuZ1kV,49a5ff7c4466457eb8016aaf873224cb,2025-03-21T16:00:42Z,0,No comment. ,f47247b958674c15a7f183e997fe295c
spotify:track:24Gxm7Eh7tO83E26LG0CsY,49a5ff7c4466457eb8016aaf873224cb,2025-03-21T16:00:42Z,1,,f47247b958674c15a7f183e997fe295c
spotify:track:2Y2EqiFJIoQBhOQZHd7C97,49a5ff7c4466457eb8016aaf873224cb,2025-03-21T16:00:42Z,1,,f47247b958674c15a7f183e997fe295c
spotify:track:48yz63T4zxxDp2TekCd6w6,49a5ff7c4466457eb8016aaf873224cb,2025-03-21T16:00:42Z,2,"Nice find. This group came up in my searching, but I couldn't find anything I loved. Didn't go too deep on it. This one works, though. ",f47247b958674c15a7f183e997fe295c
spotify:track:4VZDv8sASBS8UruUBGTFdk,49a5ff7c4466457eb8016aaf873224cb,2025-03-21T16:00:42Z,0,Another one that came up while looking for nepos... but also couldn't find anything that did it for me. This included. ,f47247b958674c15a7f183e997fe295c
spotify:track:4W8IEREeLldaSQyGXcZQ2I,49a5ff7c4466457eb8016aaf873224cb,2025-03-21T16:00:42Z,0,"Almost went with Hurricane by Shug. A little lukewarm on this choice. I know we didn't have to go deep or anything, but I guess Phish has just ruined this one for me. ",f47247b958674c15a7f183e997fe295c
spotify:track:5pE8wHrQ5exxT7TmIBoyNt,49a5ff7c4466457eb8016aaf873224cb,2025-03-21T16:00:42Z,2,"Nice one. This is the sort of thing I was on the hunt for, but just couldn't find. ",f47247b958674c15a7f183e997fe295c
spotify:track:5r0ssYtbNzWsUOO2kjlWq2,49a5ff7c4466457eb8016aaf873224cb,2025-03-21T16:00:42Z,2,Love.,f47247b958674c15a7f183e997fe295c
spotify:track:6lQyCgVnSxnOssgLIOZItN,49a5ff7c4466457eb8016aaf873224cb,2025-03-21T16:00:42Z,1,"Definitely expected to hate this based on preconceived notions about the Smith children. But it was pretty okay. Can't believe I removed a point from Norah to give this some love, but here we are. ",f47247b958674c15a7f183e997fe295c
spotify:track:72cVy0mUOBI8dRNSzg1b03,49a5ff7c4466457eb8016aaf873224cb,2025-03-21T16:00:42Z,1,Definitely hard with the points this round. Another one I really enjoyed. ,f47247b958674c15a7f183e997fe295c
spotify:track:7FSedBiKCI1SwQ0pT2tqXx,49a5ff7c4466457eb8016aaf873224cb,2025-03-21T16:00:42Z,0,"Meh. I like other versions of this song better... missing some of my favorite verses. Couldn't find anything I was super thrilled about, but this ticked a few boxes for me. ",f47247b958674c15a7f183e997fe295c
spotify:track:7m3SIBZJMyY5aWCa533OAZ,49a5ff7c4466457eb8016aaf873224cb,2025-03-21T16:00:42Z,1,,f47247b958674c15a7f183e997fe295c
spotify:track:7u7t0fkgrpwnmaP7oXJE60,49a5ff7c4466457eb8016aaf873224cb,2025-03-21T16:00:42Z,0,"Not sure how I didn't think to go on a Grisman dive for this one.  Tried to just now... but I guess he doesn't have jack shit on Spotify. Really like them live, but the stuff on Spotify isn't really doing it for me. Tried to give it a point, but had to spend elsewhere. ",f47247b958674c15a7f183e997fe295c
spotify:track:7vCAPGfk46iIyikreugUay,49a5ff7c4466457eb8016aaf873224cb,2025-03-21T16:00:42Z,2,Came close to choosing this one. Highly recommend with headphones. Some serious L/R stereo tracking on this. ,f47247b958674c15a7f183e997fe295c
spotify:track:0AMKZWRgdFfGYYTxiWrwwH,f1f0f2ed0eb64306992b613229fb7972,2025-03-21T19:25:08Z,3,Norah’s voice is probably my favorite voice on the planet 💗💦😮‍💨 It absolutely melts me… 🫠,f47247b958674c15a7f183e997fe295c
spotify:track:0CZ8lquoTX2Dkg7Ak2inwA,f1f0f2ed0eb64306992b613229fb7972,2025-03-21T19:25:08Z,1,But who is this & who are they related to???,f47247b958674c15a7f183e997fe295c
spotify:track:24Gxm7Eh7tO83E26LG0CsY,f1f0f2ed0eb64306992b613229fb7972,2025-03-21T19:25:08Z,2,😮‍💨🫠🔥,f47247b958674c15a7f183e997fe295c
spotify:track:2Y2EqiFJIoQBhOQZHd7C97,f1f0f2ed0eb64306992b613229fb7972,2025-03-21T19:25:08Z,1,,f47247b958674c15a7f183e997fe295c
spotify:track:48yz63T4zxxDp2TekCd6w6,f1f0f2ed0eb64306992b613229fb7972,2025-03-21T19:25:08Z,1,"Who is this & who are their parents, tho…? 🤔",f47247b958674c15a7f183e997fe295c
spotify:track:4VZDv8sASBS8UruUBGTFdk,f1f0f2ed0eb64306992b613229fb7972,2025-03-21T19:25:08Z,2,ABSOLUTE banger 🗣️🎤 I can’t hear this song w/o thinking of Kristen Wiig & Maya Rudolph belting this out to one another in Bridesmaids 🥹😭👰🏻‍♀️,f47247b958674c15a7f183e997fe295c
spotify:track:4W8IEREeLldaSQyGXcZQ2I,f1f0f2ed0eb64306992b613229fb7972,2025-03-21T19:25:08Z,1,Classic (tho I do prefer the Brothers Johnson version ¯\_(ツ)_/¯),f47247b958674c15a7f183e997fe295c
spotify:track:5pE8wHrQ5exxT7TmIBoyNt,f1f0f2ed0eb64306992b613229fb7972,2025-03-21T19:25:08Z,0,"Would’ve given this a point if I’d had more points to give, sorry! (Slightly too jazzy for me… 🫥🫣)",f47247b958674c15a7f183e997fe295c
spotify:track:5r0ssYtbNzWsUOO2kjlWq2,f1f0f2ed0eb64306992b613229fb7972,2025-03-21T19:25:08Z,1,Spacey! I dug this 🚀,f47247b958674c15a7f183e997fe295c
spotify:track:6lQyCgVnSxnOssgLIOZItN,f1f0f2ed0eb64306992b613229fb7972,2025-03-21T19:25:08Z,0,This song gave me anxiety listening to it. No thank you. ,f47247b958674c15a7f183e997fe295c
spotify:track:72cVy0mUOBI8dRNSzg1b03,f1f0f2ed0eb64306992b613229fb7972,2025-03-21T19:25:08Z,1,🔥🎸🔥,f47247b958674c15a7f183e997fe295c
spotify:track:7m3SIBZJMyY5aWCa533OAZ,f1f0f2ed0eb64306992b613229fb7972,2025-03-21T19:25:08Z,0,"I almost submitted them. Their cover of She’s A Rainbow from JamCruise is a pretty profound memory for me. However, I ran out of points & decided that Sean Kuti deserved my last one. Sorry!",f47247b958674c15a7f183e997fe295c
spotify:track:7u7t0fkgrpwnmaP7oXJE60,f1f0f2ed0eb64306992b613229fb7972,2025-03-21T19:25:08Z,1,,f47247b958674c15a7f183e997fe295c
spotify:track:7vCAPGfk46iIyikreugUay,f1f0f2ed0eb64306992b613229fb7972,2025-03-21T19:25:08Z,2,"Great call. My Ma loved this song. I would’ve gone Alice’s Restaurant but our friends probably don’t have the attention span to get through it 🙃 I would’ve, gladly!",f47247b958674c15a7f183e997fe295c
spotify:track:0AMKZWRgdFfGYYTxiWrwwH,7acfbf6ff4234d00875b58e7b2ec389d,2025-03-21T20:21:33Z,2,"Song-Good
Parents-Super Nasty Sitar
Creativity-Paper Crochet",f47247b958674c15a7f183e997fe295c
spotify:track:0CZ8lquoTX2Dkg7Ak2inwA,7acfbf6ff4234d00875b58e7b2ec389d,2025-03-21T20:21:33Z,1,"Song-Decent for Pop
Parents-Great Grandparents died on Titanic listening to Celine Dion
Creativity-More like Queen Princess ",f47247b958674c15a7f183e997fe295c
spotify:track:0WCeOw7W3QhDRwFcHuZ1kV,7acfbf6ff4234d00875b58e7b2ec389d,2025-03-21T20:21:33Z,0,"Song-The Title is literally my life, but certainly not from the lyrics of this song. 
Parents-Rob Schneider Rules
Creativity-See You Next Tuesday",f47247b958674c15a7f183e997fe295c
spotify:track:24Gxm7Eh7tO83E26LG0CsY,7acfbf6ff4234d00875b58e7b2ec389d,2025-03-21T20:21:33Z,0,"Song-Worse than My Neck, My Back
Parents-Julio Rodriguez>Julio Iglesias
Creativity-About as creative as Goose",f47247b958674c15a7f183e997fe295c
spotify:track:2Y2EqiFJIoQBhOQZHd7C97,7acfbf6ff4234d00875b58e7b2ec389d,2025-03-21T20:21:33Z,1,"Song-Solid.  Sometimes I feel like an I am an Egypt 80 years old.
Parents-Kunta Kinte?
Creativity-This has to be Rick

I did listen to his father's stuff because of this and am digging it.
",f47247b958674c15a7f183e997fe295c
spotify:track:4VZDv8sASBS8UruUBGTFdk,7acfbf6ff4234d00875b58e7b2ec389d,2025-03-21T20:21:33Z,1,"Song-I feel like this was a decent pick for the previous prompt??
Parents-Well done.  I thought Wilson Phillips played for the Brewers in 1998
Creativity-When I googled Wilson Phillips the top result was ""Wilson Phillips Bridesmaides""",f47247b958674c15a7f183e997fe295c
spotify:track:4W8IEREeLldaSQyGXcZQ2I,7acfbf6ff4234d00875b58e7b2ec389d,2025-03-21T20:21:33Z,1,"Song-Phish overplayed this like they always do, and now I never need to hear it again. 
Parents-How the fuck do you name your kid Shuggie?
Creativity-Actually learned a lot about his parents, would have loved if you have picked a different track. ",f47247b958674c15a7f183e997fe295c
spotify:track:5pE8wHrQ5exxT7TmIBoyNt,7acfbf6ff4234d00875b58e7b2ec389d,2025-03-21T20:21:33Z,1,"Song-Seeing Jeff Coffin with the Flecktones was so fucking great. 
Parents-Jaco Pastorious seems unfair
Creativity-Judging by the Encyclopedia Britannica, this is probably Jacob

",f47247b958674c15a7f183e997fe295c
spotify:track:5r0ssYtbNzWsUOO2kjlWq2,7acfbf6ff4234d00875b58e7b2ec389d,2025-03-21T20:21:33Z,0,"Song-What is that word? It looks like one of my tweets.
Parents-This is like Lebron vs Bronny
Creativity-I did not know Devon existed, not sure I'm happier today than yesterday. ",f47247b958674c15a7f183e997fe295c
spotify:track:6lQyCgVnSxnOssgLIOZItN,7acfbf6ff4234d00875b58e7b2ec389d,2025-03-21T20:21:33Z,1,"Song-I ""Wanted"" this to end, but then it grew on me like a bit? It's not the worst.  Smart 2:30 track time for her, which is more than I lasted watching her brother's version of The Karate Kid.
Parents-People often tell me I remind them of Will Smith
Creativity-Popular, but didn't think of her.  Solid
",f47247b958674c15a7f183e997fe295c
spotify:track:72cVy0mUOBI8dRNSzg1b03,7acfbf6ff4234d00875b58e7b2ec389d,2025-03-21T20:21:33Z,0,"Song-This is not my style to listen at home, maybe live I would like it.  So many notes.
Parents-I can't imagine Frank Zappa being my dad.
Creativity-You must have been up all night thinking of this one...",f47247b958674c15a7f183e997fe295c
spotify:track:7FSedBiKCI1SwQ0pT2tqXx,7acfbf6ff4234d00875b58e7b2ec389d,2025-03-21T20:21:33Z,4,"Song-Awesome. Love his voice.
Parents-Just wow
Creativity-I will admit I knew nothing about either Josh White, just learned a shitload and the song was awesome.  NAILED the prompt IMO

",f47247b958674c15a7f183e997fe295c
spotify:track:7m3SIBZJMyY5aWCa533OAZ,7acfbf6ff4234d00875b58e7b2ec389d,2025-03-21T20:21:33Z,1,"Song-I fee like every CLD song I've ever heard I love 70 percent of it and hate the other 30.
Parents-LONG LIVE YOKO
Creativity-Mr. Sketch Scented Markers",f47247b958674c15a7f183e997fe295c
spotify:track:7u7t0fkgrpwnmaP7oXJE60,7acfbf6ff4234d00875b58e7b2ec389d,2025-03-21T20:21:33Z,1,"Song-It's Friday of Lent.  Catfish is appropriate.
Parents-The Mandalorian
Creativity-FYI John is my middle name. ",f47247b958674c15a7f183e997fe295c
spotify:track:7vCAPGfk46iIyikreugUay,7acfbf6ff4234d00875b58e7b2ec389d,2025-03-21T20:21:33Z,2,"Song-Solid, I might play this when I go the Hollywood Bowl 
Parents-A bunch of Folkers
Creativity-This album cover is fire. ",f47247b958674c15a7f183e997fe295c
spotify:track:1dmJWX0nWAx5gjDzAohSbO,d0b05ef03f5e4598a3e8532b812c3330,2025-03-23T14:46:41Z,1,,a86d68eba8e04ada8eaf99d97e1809be
spotify:track:1srD2uc11TcQiOmHHrJp8M,d0b05ef03f5e4598a3e8532b812c3330,2025-03-23T14:46:41Z,1,,a86d68eba8e04ada8eaf99d97e1809be
spotify:track:2GinEvCvwEV4M5JHtnEzHC,d0b05ef03f5e4598a3e8532b812c3330,2025-03-23T14:46:41Z,1,,a86d68eba8e04ada8eaf99d97e1809be
spotify:track:3JHDtmFdX9kdx9wz0md98U,d0b05ef03f5e4598a3e8532b812c3330,2025-03-23T14:46:41Z,2,,a86d68eba8e04ada8eaf99d97e1809be
spotify:track:465JohWeaz2FKbdKVmXvrJ,d0b05ef03f5e4598a3e8532b812c3330,2025-03-23T14:46:41Z,2,,a86d68eba8e04ada8eaf99d97e1809be
spotify:track:4GudXlpRy1EMOLflXpE5cW,d0b05ef03f5e4598a3e8532b812c3330,2025-03-23T14:46:41Z,1,Sounds really cool but the time signature seems like a weird tempo for the flow if you know what i mean,a86d68eba8e04ada8eaf99d97e1809be
spotify:track:4oPNN7syJYSjzDhRerF966,d0b05ef03f5e4598a3e8532b812c3330,2025-03-23T14:46:41Z,2,,a86d68eba8e04ada8eaf99d97e1809be
spotify:track:0exKMPo2iind68yWTaHCrr,d0b05ef03f5e4598a3e8532b812c3330,2025-03-23T14:46:41Z,2,,a86d68eba8e04ada8eaf99d97e1809be
spotify:track:4SF1747p541umnykBp352Q,d0b05ef03f5e4598a3e8532b812c3330,2025-03-23T14:46:41Z,1,,a86d68eba8e04ada8eaf99d97e1809be
spotify:track:5AiNMNnKQUYcKsuJoB6ITc,d0b05ef03f5e4598a3e8532b812c3330,2025-03-23T14:46:41Z,1,,a86d68eba8e04ada8eaf99d97e1809be
spotify:track:6eL7t6s1AL4l982wfAU8pv,d0b05ef03f5e4598a3e8532b812c3330,2025-03-23T14:46:41Z,1,,a86d68eba8e04ada8eaf99d97e1809be
spotify:track:7qFhAfUbytgPIVz4TYb3hT,d0b05ef03f5e4598a3e8532b812c3330,2025-03-23T14:46:41Z,1,,a86d68eba8e04ada8eaf99d97e1809be
spotify:track:0exKMPo2iind68yWTaHCrr,9b7e03ea90dd46db9779dc21eb04ca5a,2025-03-23T15:42:16Z,2,,a86d68eba8e04ada8eaf99d97e1809be
spotify:track:1dmJWX0nWAx5gjDzAohSbO,9b7e03ea90dd46db9779dc21eb04ca5a,2025-03-23T15:42:16Z,2,,a86d68eba8e04ada8eaf99d97e1809be
spotify:track:1SsUx7lHTfuiSSB1KfRMdE,9b7e03ea90dd46db9779dc21eb04ca5a,2025-03-23T15:42:16Z,5,On the one hand I only want to reward songs I’ve never heard before. On the other hand this is one of my favorite songs ever made. Yebba. Pino. Questlove. Came out during COVID with the most applicable lyrics. ,a86d68eba8e04ada8eaf99d97e1809be
spotify:track:3JHDtmFdX9kdx9wz0md98U,9b7e03ea90dd46db9779dc21eb04ca5a,2025-03-23T15:42:16Z,1,,a86d68eba8e04ada8eaf99d97e1809be
spotify:track:465JohWeaz2FKbdKVmXvrJ,9b7e03ea90dd46db9779dc21eb04ca5a,2025-03-23T15:42:16Z,2,,a86d68eba8e04ada8eaf99d97e1809be
spotify:track:4oPNN7syJYSjzDhRerF966,9b7e03ea90dd46db9779dc21eb04ca5a,2025-03-23T15:42:16Z,1,,a86d68eba8e04ada8eaf99d97e1809be
spotify:track:5EYdTPdJD74r9EVZBztqGG,9b7e03ea90dd46db9779dc21eb04ca5a,2025-03-23T15:42:16Z,0,Is the declining population a joke to you? ,a86d68eba8e04ada8eaf99d97e1809be
spotify:track:6eL7t6s1AL4l982wfAU8pv,9b7e03ea90dd46db9779dc21eb04ca5a,2025-03-23T15:42:16Z,0,Daddyyy figure. ,a86d68eba8e04ada8eaf99d97e1809be
spotify:track:7qFhAfUbytgPIVz4TYb3hT,9b7e03ea90dd46db9779dc21eb04ca5a,2025-03-23T15:42:16Z,3,One of the ones already on my list. So good. ,a86d68eba8e04ada8eaf99d97e1809be
spotify:track:0exKMPo2iind68yWTaHCrr,e5c2390073644e979f43e744c33e6c60,2025-03-23T16:52:10Z,1,,a86d68eba8e04ada8eaf99d97e1809be
spotify:track:1srD2uc11TcQiOmHHrJp8M,e5c2390073644e979f43e744c33e6c60,2025-03-23T16:52:10Z,4,,a86d68eba8e04ada8eaf99d97e1809be
spotify:track:1SsUx7lHTfuiSSB1KfRMdE,e5c2390073644e979f43e744c33e6c60,2025-03-23T16:52:10Z,1,,a86d68eba8e04ada8eaf99d97e1809be
spotify:track:2GinEvCvwEV4M5JHtnEzHC,e5c2390073644e979f43e744c33e6c60,2025-03-23T16:52:10Z,4,,a86d68eba8e04ada8eaf99d97e1809be
spotify:track:3JHDtmFdX9kdx9wz0md98U,e5c2390073644e979f43e744c33e6c60,2025-03-23T16:52:10Z,2,,a86d68eba8e04ada8eaf99d97e1809be
spotify:track:465JohWeaz2FKbdKVmXvrJ,e5c2390073644e979f43e744c33e6c60,2025-03-23T16:52:10Z,1,,a86d68eba8e04ada8eaf99d97e1809be
spotify:track:4oPNN7syJYSjzDhRerF966,e5c2390073644e979f43e744c33e6c60,2025-03-23T16:52:10Z,2,,a86d68eba8e04ada8eaf99d97e1809be
spotify:track:7qFhAfUbytgPIVz4TYb3hT,e5c2390073644e979f43e744c33e6c60,2025-03-23T16:52:10Z,1,,a86d68eba8e04ada8eaf99d97e1809be
spotify:track:0exKMPo2iind68yWTaHCrr,49a5ff7c4466457eb8016aaf873224cb,2025-03-23T17:23:45Z,3,Never heard anyone cover this other than that one band in The Den at 4am. Way more sexy than the original. Let’s just say it (almost) worked out for me this morning.,a86d68eba8e04ada8eaf99d97e1809be
spotify:track:1dmJWX0nWAx5gjDzAohSbO,49a5ff7c4466457eb8016aaf873224cb,2025-03-23T17:23:45Z,1,Good follow to the first. Good job sex shuffle gods. ,a86d68eba8e04ada8eaf99d97e1809be
spotify:track:1srD2uc11TcQiOmHHrJp8M,49a5ff7c4466457eb8016aaf873224cb,2025-03-23T17:23:45Z,0,"Made me want to never have sex again… maybe related to the (almost) aforementioned PNC, but also because the voice is nails on a chalkboard for me. ",a86d68eba8e04ada8eaf99d97e1809be
spotify:track:1SsUx7lHTfuiSSB1KfRMdE,49a5ff7c4466457eb8016aaf873224cb,2025-03-23T17:23:45Z,1,"Almost got 2 points, but sexy legs album cover on the last track stole the point from the baby pictured here.",a86d68eba8e04ada8eaf99d97e1809be
spotify:track:2GinEvCvwEV4M5JHtnEzHC,49a5ff7c4466457eb8016aaf873224cb,2025-03-23T17:23:45Z,0,"Just be glad I didn't go with the 16min version, which is the default choice. Gonna need PEDs to make it through that one.",a86d68eba8e04ada8eaf99d97e1809be
spotify:track:3JHDtmFdX9kdx9wz0md98U,49a5ff7c4466457eb8016aaf873224cb,2025-03-23T17:23:45Z,3,Prince vibes. Both with the Purple Rain turnaround and general mood. Great song. ,a86d68eba8e04ada8eaf99d97e1809be
spotify:track:465JohWeaz2FKbdKVmXvrJ,49a5ff7c4466457eb8016aaf873224cb,2025-03-23T17:23:45Z,1,"Plenty sexy and cool. Big fat barry sax. Feel it in my plums. Light-blue hue to em, ready for the pickin, gettin ready to take em to market! https://www.youtube.com/watch?v=1JE4JJddZx4",a86d68eba8e04ada8eaf99d97e1809be
spotify:track:4a6cnamvLj6jaaI1MKd0Zu,49a5ff7c4466457eb8016aaf873224cb,2025-03-23T17:23:45Z,1,"Someone is probably going to think this is me after my recent Chef Aid hyping. Genuinely almost chose this for the lols, which makes me think this is Timmy the merry prankster. Or more likely Fluff who also expressed love for the album. Glad you went with this instead of chocolate salty balls. I’m sorry that I can only spare 1 point. ",a86d68eba8e04ada8eaf99d97e1809be
spotify:track:4GudXlpRy1EMOLflXpE5cW,49a5ff7c4466457eb8016aaf873224cb,2025-03-23T17:23:45Z,0,"While I think this is technically in 4/4, it is a confusing beat to fuck to with those swung 16th note snares. Sorry for being white, Brinks. 

(Unless it's Jacob with his impeccable drummer's rhythm. But I am pretty sure I am 0/8 for calling his tracks.)",a86d68eba8e04ada8eaf99d97e1809be
spotify:track:4oPNN7syJYSjzDhRerF966,49a5ff7c4466457eb8016aaf873224cb,2025-03-23T17:23:45Z,1,,a86d68eba8e04ada8eaf99d97e1809be
spotify:track:4SF1747p541umnykBp352Q,49a5ff7c4466457eb8016aaf873224cb,2025-03-23T17:23:45Z,1,,a86d68eba8e04ada8eaf99d97e1809be
spotify:track:5AiNMNnKQUYcKsuJoB6ITc,49a5ff7c4466457eb8016aaf873224cb,2025-03-23T17:23:45Z,1,Mostly really liked. That high-pitched triangle-ish sound sure got the dogs in the neighborhood fired up.  Probably would've gotten some more love without that noise. Really pierced my brain. ,a86d68eba8e04ada8eaf99d97e1809be
spotify:track:5EYdTPdJD74r9EVZBztqGG,49a5ff7c4466457eb8016aaf873224cb,2025-03-23T17:23:45Z,0,Okay now I’m more sure of Chef Aid being Fluff and this being Timmy. I only had 1 point available for circa 1999 comic relief and it goes to Isaac Hayes.,a86d68eba8e04ada8eaf99d97e1809be
spotify:track:6eL7t6s1AL4l982wfAU8pv,49a5ff7c4466457eb8016aaf873224cb,2025-03-23T17:23:45Z,0,"The father/tiny hand/love is a crime stuff is a little too much for me, even if it does invoke sexy memories of Nicole Kidman. 

But hey, whatever helps you slay strange with daddy issues that you pick up at LES bars, Dustin. ",a86d68eba8e04ada8eaf99d97e1809be
spotify:track:7qFhAfUbytgPIVz4TYb3hT,49a5ff7c4466457eb8016aaf873224cb,2025-03-23T17:23:45Z,1,,a86d68eba8e04ada8eaf99d97e1809be
spotify:track:7tZdkPtebOG29TzPPHlsem,49a5ff7c4466457eb8016aaf873224cb,2025-03-23T17:23:45Z,2,Extra point for sexy album cover and #footstuff in general.,a86d68eba8e04ada8eaf99d97e1809be
spotify:track:5EYdTPdJD74r9EVZBztqGG,4e117e3021d7466c8bf0b654f8357418,2025-03-23T22:05:33Z,1,Hell yeah,a86d68eba8e04ada8eaf99d97e1809be
spotify:track:0exKMPo2iind68yWTaHCrr,4e117e3021d7466c8bf0b654f8357418,2025-03-23T22:05:33Z,1,,a86d68eba8e04ada8eaf99d97e1809be
spotify:track:1SsUx7lHTfuiSSB1KfRMdE,4e117e3021d7466c8bf0b654f8357418,2025-03-23T22:05:33Z,2,🥺,a86d68eba8e04ada8eaf99d97e1809be
spotify:track:2GinEvCvwEV4M5JHtnEzHC,4e117e3021d7466c8bf0b654f8357418,2025-03-23T22:05:33Z,3,Was on the shortlist. ,a86d68eba8e04ada8eaf99d97e1809be
spotify:track:465JohWeaz2FKbdKVmXvrJ,4e117e3021d7466c8bf0b654f8357418,2025-03-23T22:05:33Z,2,,a86d68eba8e04ada8eaf99d97e1809be
spotify:track:4a6cnamvLj6jaaI1MKd0Zu,4e117e3021d7466c8bf0b654f8357418,2025-03-23T22:05:33Z,1,,a86d68eba8e04ada8eaf99d97e1809be
spotify:track:4oPNN7syJYSjzDhRerF966,4e117e3021d7466c8bf0b654f8357418,2025-03-23T22:05:33Z,3,Was on the shortlist. ,a86d68eba8e04ada8eaf99d97e1809be
spotify:track:5AiNMNnKQUYcKsuJoB6ITc,4e117e3021d7466c8bf0b654f8357418,2025-03-23T22:05:33Z,2,,a86d68eba8e04ada8eaf99d97e1809be
spotify:track:7tZdkPtebOG29TzPPHlsem,4e117e3021d7466c8bf0b654f8357418,2025-03-23T22:05:33Z,1,,a86d68eba8e04ada8eaf99d97e1809be
spotify:track:7tZdkPtebOG29TzPPHlsem,183c5f6ed1b147099842917a9576c8f4,2025-03-24T00:20:48Z,1,"With the right AV set up, this song can also act as a vibrator. Worth a point for that alone. And only that. ",a86d68eba8e04ada8eaf99d97e1809be
spotify:track:3JHDtmFdX9kdx9wz0md98U,183c5f6ed1b147099842917a9576c8f4,2025-03-24T00:20:48Z,1,Call me Swizz Beats. Please. ,a86d68eba8e04ada8eaf99d97e1809be
spotify:track:465JohWeaz2FKbdKVmXvrJ,183c5f6ed1b147099842917a9576c8f4,2025-03-24T00:20:48Z,3,The voodoo that you do so well it's a spell makes me wanna...,a86d68eba8e04ada8eaf99d97e1809be
spotify:track:4a6cnamvLj6jaaI1MKd0Zu,183c5f6ed1b147099842917a9576c8f4,2025-03-24T00:20:48Z,3,"Realize this is meant to be jokey, but dead ass I loved this and will be adding it to the repertoire   ",a86d68eba8e04ada8eaf99d97e1809be
spotify:track:4GudXlpRy1EMOLflXpE5cW,183c5f6ed1b147099842917a9576c8f4,2025-03-24T00:20:48Z,0,Turned into an adventure for 1 really fuckin quick ,a86d68eba8e04ada8eaf99d97e1809be
spotify:track:4oPNN7syJYSjzDhRerF966,183c5f6ed1b147099842917a9576c8f4,2025-03-24T00:20:48Z,0,Definitely asked this question 5x during my first time. Hope my musical selection was more subtle,a86d68eba8e04ada8eaf99d97e1809be
spotify:track:4SF1747p541umnykBp352Q,183c5f6ed1b147099842917a9576c8f4,2025-03-24T00:20:48Z,0,You sprung for the full 30 minutes in the champagne room!  Mazel tov,a86d68eba8e04ada8eaf99d97e1809be
spotify:track:5EYdTPdJD74r9EVZBztqGG,183c5f6ed1b147099842917a9576c8f4,2025-03-24T00:20:48Z,0,Psychopath ,a86d68eba8e04ada8eaf99d97e1809be
spotify:track:6eL7t6s1AL4l982wfAU8pv,183c5f6ed1b147099842917a9576c8f4,2025-03-24T00:20:48Z,4,"Did u know Father Figure is the 3rd most commonly searched term on pornhub?

Think we should consider a league fund for 2 years of therapy for this submitter. Only right thing to do. 

+2 for the depravity 
+2 for George Michael making me question my sensibilities. Damn it George",a86d68eba8e04ada8eaf99d97e1809be
spotify:track:7qFhAfUbytgPIVz4TYb3hT,183c5f6ed1b147099842917a9576c8f4,2025-03-24T00:20:48Z,0,"Sorry hun, you only paid for 15 minutes. ",a86d68eba8e04ada8eaf99d97e1809be
spotify:track:0exKMPo2iind68yWTaHCrr,183c5f6ed1b147099842917a9576c8f4,2025-03-24T00:20:48Z,0,"Third date, you go back to your new love interest's place for the first time. It's getting sexy. They drop the needle. You laugh, put your shirt back on and call an uber. ",a86d68eba8e04ada8eaf99d97e1809be
spotify:track:1dmJWX0nWAx5gjDzAohSbO,183c5f6ed1b147099842917a9576c8f4,2025-03-24T00:20:48Z,3,Hermanos always appropriate for the most intimate of times,a86d68eba8e04ada8eaf99d97e1809be
spotify:track:1srD2uc11TcQiOmHHrJp8M,183c5f6ed1b147099842917a9576c8f4,2025-03-24T00:20:48Z,0,Did I just walk in on my parents?  Eww!,a86d68eba8e04ada8eaf99d97e1809be
spotify:track:1SsUx7lHTfuiSSB1KfRMdE,183c5f6ed1b147099842917a9576c8f4,2025-03-24T00:20:48Z,0,Babe!!  Wake up!  Ugh we scheduled this a week ago!,a86d68eba8e04ada8eaf99d97e1809be
spotify:track:2GinEvCvwEV4M5JHtnEzHC,183c5f6ed1b147099842917a9576c8f4,2025-03-24T00:20:48Z,1,Donna obviously sexy. Feels a little too much like a movie montage sex scene for my taste,a86d68eba8e04ada8eaf99d97e1809be
spotify:track:1SsUx7lHTfuiSSB1KfRMdE,7fdceb56429c4e38939c3e5ee41bfdd0,2025-03-24T01:03:20Z,2,"+2 for song
-1 for cleaning precom(ment) off myself ",a86d68eba8e04ada8eaf99d97e1809be
spotify:track:3JHDtmFdX9kdx9wz0md98U,7fdceb56429c4e38939c3e5ee41bfdd0,2025-03-24T01:03:20Z,1,,a86d68eba8e04ada8eaf99d97e1809be
spotify:track:465JohWeaz2FKbdKVmXvrJ,7fdceb56429c4e38939c3e5ee41bfdd0,2025-03-24T01:03:20Z,1,,a86d68eba8e04ada8eaf99d97e1809be
spotify:track:4oPNN7syJYSjzDhRerF966,7fdceb56429c4e38939c3e5ee41bfdd0,2025-03-24T01:03:20Z,4,,a86d68eba8e04ada8eaf99d97e1809be
spotify:track:5EYdTPdJD74r9EVZBztqGG,7fdceb56429c4e38939c3e5ee41bfdd0,2025-03-24T01:03:20Z,0,"+2 for Hooray for boobies
-2 for song ",a86d68eba8e04ada8eaf99d97e1809be
spotify:track:6eL7t6s1AL4l982wfAU8pv,7fdceb56429c4e38939c3e5ee41bfdd0,2025-03-24T01:03:20Z,2,,a86d68eba8e04ada8eaf99d97e1809be
spotify:track:0exKMPo2iind68yWTaHCrr,7fdceb56429c4e38939c3e5ee41bfdd0,2025-03-24T01:03:20Z,2,Would’ve preferred the OG. Don’t tease me. ,a86d68eba8e04ada8eaf99d97e1809be
spotify:track:7qFhAfUbytgPIVz4TYb3hT,7fdceb56429c4e38939c3e5ee41bfdd0,2025-03-24T01:03:20Z,1,,a86d68eba8e04ada8eaf99d97e1809be
spotify:track:1dmJWX0nWAx5gjDzAohSbO,7fdceb56429c4e38939c3e5ee41bfdd0,2025-03-24T01:03:20Z,3,Hermanos will always get an upvote. Doesn’t matter the prompt. No hermano. ,a86d68eba8e04ada8eaf99d97e1809be
spotify:track:5AiNMNnKQUYcKsuJoB6ITc,8453d173315c468e8134e2527a658ba5,2025-03-24T10:28:23Z,1,,a86d68eba8e04ada8eaf99d97e1809be
spotify:track:0exKMPo2iind68yWTaHCrr,8453d173315c468e8134e2527a658ba5,2025-03-24T10:28:23Z,1,Did not know Leon had this in his bag,a86d68eba8e04ada8eaf99d97e1809be
spotify:track:1SsUx7lHTfuiSSB1KfRMdE,8453d173315c468e8134e2527a658ba5,2025-03-24T10:28:23Z,1,,a86d68eba8e04ada8eaf99d97e1809be
spotify:track:2GinEvCvwEV4M5JHtnEzHC,8453d173315c468e8134e2527a658ba5,2025-03-24T10:28:23Z,1,Classic,a86d68eba8e04ada8eaf99d97e1809be
spotify:track:3JHDtmFdX9kdx9wz0md98U,8453d173315c468e8134e2527a658ba5,2025-03-24T10:28:23Z,3,Love me some leesh,a86d68eba8e04ada8eaf99d97e1809be
spotify:track:465JohWeaz2FKbdKVmXvrJ,8453d173315c468e8134e2527a658ba5,2025-03-24T10:28:23Z,1,,a86d68eba8e04ada8eaf99d97e1809be
spotify:track:4oPNN7syJYSjzDhRerF966,8453d173315c468e8134e2527a658ba5,2025-03-24T10:28:23Z,3,Classic,a86d68eba8e04ada8eaf99d97e1809be
spotify:track:4SF1747p541umnykBp352Q,8453d173315c468e8134e2527a658ba5,2025-03-24T10:28:23Z,4,Fave of the week. Reminded me that the song I don’t see nothing wrong with a little bump and grind exists ,a86d68eba8e04ada8eaf99d97e1809be
spotify:track:5EYdTPdJD74r9EVZBztqGG,8453d173315c468e8134e2527a658ba5,2025-03-24T10:28:23Z,0,90s week is over ,a86d68eba8e04ada8eaf99d97e1809be
spotify:track:6eL7t6s1AL4l982wfAU8pv,8453d173315c468e8134e2527a658ba5,2025-03-24T10:28:23Z,0,Repeat artist. White guy. Nope,a86d68eba8e04ada8eaf99d97e1809be
spotify:track:7qFhAfUbytgPIVz4TYb3hT,8453d173315c468e8134e2527a658ba5,2025-03-24T10:28:23Z,1,,a86d68eba8e04ada8eaf99d97e1809be
spotify:track:0exKMPo2iind68yWTaHCrr,ce76a5e6ff274137bb5127db7065d9a8,2025-03-24T13:45:57Z,0,"This didn’t really do it for me, like trying too hard? Idk",a86d68eba8e04ada8eaf99d97e1809be
spotify:track:1dmJWX0nWAx5gjDzAohSbO,ce76a5e6ff274137bb5127db7065d9a8,2025-03-24T13:45:57Z,0,I get what you’re going for and I like the instrumental more than most vocals on this list but ran out of points ,a86d68eba8e04ada8eaf99d97e1809be
spotify:track:1srD2uc11TcQiOmHHrJp8M,ce76a5e6ff274137bb5127db7065d9a8,2025-03-24T13:45:57Z,0,Something not working for me here idk why sorry,a86d68eba8e04ada8eaf99d97e1809be
spotify:track:1SsUx7lHTfuiSSB1KfRMdE,ce76a5e6ff274137bb5127db7065d9a8,2025-03-24T13:45:57Z,5,Yeah she could have been singing about folding laundry. Winner,a86d68eba8e04ada8eaf99d97e1809be
spotify:track:2GinEvCvwEV4M5JHtnEzHC,ce76a5e6ff274137bb5127db7065d9a8,2025-03-24T13:45:57Z,4,On the nose but…can you imagine being the recording engineer on this one? They must have had an orgy in the studio while recording this. ,a86d68eba8e04ada8eaf99d97e1809be
spotify:track:3JHDtmFdX9kdx9wz0md98U,ce76a5e6ff274137bb5127db7065d9a8,2025-03-24T13:45:57Z,1,"Almost more sad than sexy? She’s got a good voice and she’s hot though. I think the female vocals are way sexier, is that sexist?",a86d68eba8e04ada8eaf99d97e1809be
spotify:track:465JohWeaz2FKbdKVmXvrJ,ce76a5e6ff274137bb5127db7065d9a8,2025-03-24T13:45:57Z,1,Yeah that’s pretty steamy,a86d68eba8e04ada8eaf99d97e1809be
spotify:track:4GudXlpRy1EMOLflXpE5cW,ce76a5e6ff274137bb5127db7065d9a8,2025-03-24T13:45:57Z,1,Funky music,a86d68eba8e04ada8eaf99d97e1809be
spotify:track:4oPNN7syJYSjzDhRerF966,ce76a5e6ff274137bb5127db7065d9a8,2025-03-24T13:45:57Z,1,Classic,a86d68eba8e04ada8eaf99d97e1809be
spotify:track:4SF1747p541umnykBp352Q,ce76a5e6ff274137bb5127db7065d9a8,2025-03-24T13:45:57Z,0,The voice is too un sexy ,a86d68eba8e04ada8eaf99d97e1809be
spotify:track:5AiNMNnKQUYcKsuJoB6ITc,ce76a5e6ff274137bb5127db7065d9a8,2025-03-24T13:45:57Z,1,Sure here’s a point,a86d68eba8e04ada8eaf99d97e1809be
spotify:track:5EYdTPdJD74r9EVZBztqGG,ce76a5e6ff274137bb5127db7065d9a8,2025-03-24T13:45:57Z,0,Almost submitted this one for 90s,a86d68eba8e04ada8eaf99d97e1809be
spotify:track:6eL7t6s1AL4l982wfAU8pv,ce76a5e6ff274137bb5127db7065d9a8,2025-03-24T13:45:57Z,0,"The title/theme is very not appealing to me, but I don’t think it’s a bad pick, just don’t have the points ",a86d68eba8e04ada8eaf99d97e1809be
spotify:track:7qFhAfUbytgPIVz4TYb3hT,ce76a5e6ff274137bb5127db7065d9a8,2025-03-24T13:45:57Z,0,I don’t really have a comment for why I didn’t give this a point. Didn’t hit me in the moment I guess,a86d68eba8e04ada8eaf99d97e1809be
spotify:track:7tZdkPtebOG29TzPPHlsem,ce76a5e6ff274137bb5127db7065d9a8,2025-03-24T13:45:57Z,2,This feels very sweaty. 2 points,a86d68eba8e04ada8eaf99d97e1809be
spotify:track:0exKMPo2iind68yWTaHCrr,1c89e947d02949ed86d05ec22a7350bf,2025-03-24T14:32:51Z,1,"Love leon bridges, and love a good pony.  not so sure I love them together. ",a86d68eba8e04ada8eaf99d97e1809be
spotify:track:1dmJWX0nWAx5gjDzAohSbO,1c89e947d02949ed86d05ec22a7350bf,2025-03-24T14:32:51Z,0,good for a nap and a cuddle sesh,a86d68eba8e04ada8eaf99d97e1809be
spotify:track:1srD2uc11TcQiOmHHrJp8M,1c89e947d02949ed86d05ec22a7350bf,2025-03-24T14:32:51Z,2,,a86d68eba8e04ada8eaf99d97e1809be
spotify:track:1SsUx7lHTfuiSSB1KfRMdE,1c89e947d02949ed86d05ec22a7350bf,2025-03-24T14:32:51Z,2,,a86d68eba8e04ada8eaf99d97e1809be
spotify:track:2GinEvCvwEV4M5JHtnEzHC,1c89e947d02949ed86d05ec22a7350bf,2025-03-24T14:32:51Z,3,Queen,a86d68eba8e04ada8eaf99d97e1809be
spotify:track:4a6cnamvLj6jaaI1MKd0Zu,1c89e947d02949ed86d05ec22a7350bf,2025-03-24T14:32:51Z,0,no,a86d68eba8e04ada8eaf99d97e1809be
spotify:track:4GudXlpRy1EMOLflXpE5cW,1c89e947d02949ed86d05ec22a7350bf,2025-03-24T14:32:51Z,2,,a86d68eba8e04ada8eaf99d97e1809be
spotify:track:4oPNN7syJYSjzDhRerF966,1c89e947d02949ed86d05ec22a7350bf,2025-03-24T14:32:51Z,1,,a86d68eba8e04ada8eaf99d97e1809be
spotify:track:4SF1747p541umnykBp352Q,1c89e947d02949ed86d05ec22a7350bf,2025-03-24T14:32:51Z,1,,a86d68eba8e04ada8eaf99d97e1809be
spotify:track:5AiNMNnKQUYcKsuJoB6ITc,1c89e947d02949ed86d05ec22a7350bf,2025-03-24T14:32:51Z,2,,a86d68eba8e04ada8eaf99d97e1809be
spotify:track:5EYdTPdJD74r9EVZBztqGG,1c89e947d02949ed86d05ec22a7350bf,2025-03-24T14:32:51Z,0,no,a86d68eba8e04ada8eaf99d97e1809be
spotify:track:6eL7t6s1AL4l982wfAU8pv,1c89e947d02949ed86d05ec22a7350bf,2025-03-24T14:32:51Z,0,no ,a86d68eba8e04ada8eaf99d97e1809be
spotify:track:7qFhAfUbytgPIVz4TYb3hT,1c89e947d02949ed86d05ec22a7350bf,2025-03-24T14:32:51Z,1,,a86d68eba8e04ada8eaf99d97e1809be
spotify:track:7tZdkPtebOG29TzPPHlsem,1c89e947d02949ed86d05ec22a7350bf,2025-03-24T14:32:51Z,1,,a86d68eba8e04ada8eaf99d97e1809be
spotify:track:0exKMPo2iind68yWTaHCrr,f1f0f2ed0eb64306992b613229fb7972,2025-03-24T18:00:20Z,1,I got excited when I saw the song title & then less excited when I saw the artist... Ginuwine’s original was a masterpiece! (Which would’ve stayed during the 90s round now that I think of it 😆) I don’t think Leon did anything here to improve this song. 1 point bc Pony *is* sexy but… I’m going to listen to the OG once this playlist is over 🤠 ,a86d68eba8e04ada8eaf99d97e1809be
spotify:track:1dmJWX0nWAx5gjDzAohSbO,f1f0f2ed0eb64306992b613229fb7972,2025-03-24T18:00:20Z,1,Pretty but… 1:47??? I’m gonna need a LOT more songs on this playlist with that track length… 👻,a86d68eba8e04ada8eaf99d97e1809be
spotify:track:1srD2uc11TcQiOmHHrJp8M,f1f0f2ed0eb64306992b613229fb7972,2025-03-24T18:00:20Z,1,Vocals kinda cheesy & the big band-ness of it is a little distracting but it’s got that undeniable sexy 70s vibe so… Here’s a point🕺🏻,a86d68eba8e04ada8eaf99d97e1809be
spotify:track:1SsUx7lHTfuiSSB1KfRMdE,f1f0f2ed0eb64306992b613229fb7972,2025-03-24T18:00:20Z,2,"Sexy vocals. The right tempo. I’m not really sure what she’s getting at when she references “late night cooking in my kitchen,” tho. Is that a sexy thing? Sounds tiresome. I also have some conflicting feelings about the album cover... Despite all of that, I dig the tune. Good work 👍",a86d68eba8e04ada8eaf99d97e1809be
spotify:track:2GinEvCvwEV4M5JHtnEzHC,f1f0f2ed0eb64306992b613229fb7972,2025-03-24T18:00:20Z,3,"INSPIRED choice 👌 Wowow, absolute Queen shit right here 👸🏽 Love Donna & this is just… 😮‍💨 Great call.",a86d68eba8e04ada8eaf99d97e1809be
spotify:track:3JHDtmFdX9kdx9wz0md98U,f1f0f2ed0eb64306992b613229fb7972,2025-03-24T18:00:20Z,1,LEESH 💗💦🥵 (Hi… Brandon?) I love her voice but this song didn’t necessarily hit that hard for me? Thinking I should do myself a favor & do a deep dive on her discography tho bc I’m sure there’s plenty of her stuff that I would love that I don’t know yet! Thanks for reminding me of her existence.,a86d68eba8e04ada8eaf99d97e1809be
spotify:track:465JohWeaz2FKbdKVmXvrJ,f1f0f2ed0eb64306992b613229fb7972,2025-03-24T18:00:20Z,1,Sexy NOLA vibes 😈,a86d68eba8e04ada8eaf99d97e1809be
spotify:track:4a6cnamvLj6jaaI1MKd0Zu,f1f0f2ed0eb64306992b613229fb7972,2025-03-24T18:00:20Z,0,Trying very hard to figure out who this might be… 🧐 Paug?,a86d68eba8e04ada8eaf99d97e1809be
spotify:track:4GudXlpRy1EMOLflXpE5cW,f1f0f2ed0eb64306992b613229fb7972,2025-03-24T18:00:20Z,0,The beat is giving me anxiety. Why is it sped up like that? I feel like if it was slower it would’ve been a lot sexier. The lyrics & vocals are sexy but I can’t get past this drum beat… This song raised my heart rate in a bad way 😵‍💫,a86d68eba8e04ada8eaf99d97e1809be
spotify:track:4oPNN7syJYSjzDhRerF966,f1f0f2ed0eb64306992b613229fb7972,2025-03-24T18:00:20Z,3,Yep. This’ll do… 🫠,a86d68eba8e04ada8eaf99d97e1809be
spotify:track:4SF1747p541umnykBp352Q,f1f0f2ed0eb64306992b613229fb7972,2025-03-24T18:00:20Z,1,This is what I imagined most songs on this playlist would sound like 😝,a86d68eba8e04ada8eaf99d97e1809be
spotify:track:5AiNMNnKQUYcKsuJoB6ITc,f1f0f2ed0eb64306992b613229fb7972,2025-03-24T18:00:20Z,0,"Eh, something about this song didn’t do it for me. Couldn’t put my finger on it but I zoned out while listening 😬",a86d68eba8e04ada8eaf99d97e1809be
spotify:track:5EYdTPdJD74r9EVZBztqGG,f1f0f2ed0eb64306992b613229fb7972,2025-03-24T18:00:20Z,1,+1 for nostalgia & lolz 🐒,a86d68eba8e04ada8eaf99d97e1809be
spotify:track:6eL7t6s1AL4l982wfAU8pv,f1f0f2ed0eb64306992b613229fb7972,2025-03-24T18:00:20Z,1,"Aside from the lyrics, this is a pretty sexy song. Maybe it’s all the White Lotus I’ve been watching lately but… I’m just not so sure how I feel about the “Father Figure” concept… 🥴 (Dustin?) ",a86d68eba8e04ada8eaf99d97e1809be
spotify:track:7tZdkPtebOG29TzPPHlsem,f1f0f2ed0eb64306992b613229fb7972,2025-03-24T18:00:20Z,0,It’s giving Skrillex meets country vibes? I’m confused. ,a86d68eba8e04ada8eaf99d97e1809be
spotify:track:0exKMPo2iind68yWTaHCrr,7acfbf6ff4234d00875b58e7b2ec389d,2025-03-24T20:33:35Z,2,"Leon is awesome, it's a great cover, but fuck this song just gives me nightmares of college dance clubs. I don't want to go back there. ",a86d68eba8e04ada8eaf99d97e1809be
spotify:track:1dmJWX0nWAx5gjDzAohSbO,7acfbf6ff4234d00875b58e7b2ec389d,2025-03-24T20:33:35Z,2,Beautiful song and I appreciate that I actually last long in the bedroom than the length of this song.  Also not sure Hermanos should be on a sexy playlist. ,a86d68eba8e04ada8eaf99d97e1809be
spotify:track:1srD2uc11TcQiOmHHrJp8M,7acfbf6ff4234d00875b58e7b2ec389d,2025-03-24T20:33:35Z,0,Was excited for some EWF but I hated the vocals in this.  Was nails on chalkboard for me.  ,a86d68eba8e04ada8eaf99d97e1809be
spotify:track:1SsUx7lHTfuiSSB1KfRMdE,7acfbf6ff4234d00875b58e7b2ec389d,2025-03-24T20:33:35Z,2,"I liked the song quite a bit.  Groovy, feels, but again you don't need a comment here.  Lost a point for it.  Good choice though. ",a86d68eba8e04ada8eaf99d97e1809be
spotify:track:2GinEvCvwEV4M5JHtnEzHC,7acfbf6ff4234d00875b58e7b2ec389d,2025-03-24T20:33:35Z,0,Donna Summer is cool.  I don't need moaning in any song however. I prefer my moaning stay in Office Sex Party Volume 3. ,a86d68eba8e04ada8eaf99d97e1809be
spotify:track:3JHDtmFdX9kdx9wz0md98U,7acfbf6ff4234d00875b58e7b2ec389d,2025-03-24T20:33:35Z,1,"Love Alicia Keys voice, but these lyrics are a bit too on the nose for me.  I like my bedroom mysterious. That's why I have 10 different kinds of snacks in here. ",a86d68eba8e04ada8eaf99d97e1809be
spotify:track:4a6cnamvLj6jaaI1MKd0Zu,7acfbf6ff4234d00875b58e7b2ec389d,2025-03-24T20:33:35Z,1,"I'm just not a music joke person.  Although, I did laugh at the lyrics and have never heard it before.  So it wasn't the worst. ",a86d68eba8e04ada8eaf99d97e1809be
spotify:track:4GudXlpRy1EMOLflXpE5cW,7acfbf6ff4234d00875b58e7b2ec389d,2025-03-24T20:33:35Z,2,Creative and my parents used to say I was a beatchild when I would shut my door. ,a86d68eba8e04ada8eaf99d97e1809be
spotify:track:4oPNN7syJYSjzDhRerF966,7acfbf6ff4234d00875b58e7b2ec389d,2025-03-24T20:33:35Z,0,This man with his shirt off does not turn me on.  Sorry. Also a long time ago you don't ask a woman how anything feels.  ,a86d68eba8e04ada8eaf99d97e1809be
spotify:track:4SF1747p541umnykBp352Q,7acfbf6ff4234d00875b58e7b2ec389d,2025-03-24T20:33:35Z,0,"What is she saying? Bow wow wanning someone? Not for me.  Nobody, no points. ",a86d68eba8e04ada8eaf99d97e1809be
spotify:track:5AiNMNnKQUYcKsuJoB6ITc,7acfbf6ff4234d00875b58e7b2ec389d,2025-03-24T20:33:35Z,4,"Loved this, groovy, chill.  Something I've never heard.  Great job. My fav of the week",a86d68eba8e04ada8eaf99d97e1809be
spotify:track:5EYdTPdJD74r9EVZBztqGG,7acfbf6ff4234d00875b58e7b2ec389d,2025-03-24T20:33:35Z,0,I wouldn't even have sex with myself if this came on. ,a86d68eba8e04ada8eaf99d97e1809be
spotify:track:6eL7t6s1AL4l982wfAU8pv,7acfbf6ff4234d00875b58e7b2ec389d,2025-03-24T20:33:35Z,0,Father Figure? What in the fuck.  ,a86d68eba8e04ada8eaf99d97e1809be
spotify:track:7qFhAfUbytgPIVz4TYb3hT,7acfbf6ff4234d00875b58e7b2ec389d,2025-03-24T20:33:35Z,0,You def did me wrong.  Check please. ,a86d68eba8e04ada8eaf99d97e1809be
spotify:track:7tZdkPtebOG29TzPPHlsem,7acfbf6ff4234d00875b58e7b2ec389d,2025-03-24T20:33:35Z,2,"This album has 4 songs.  Track one is Go Fuck Yourself, two tracks later we are supposed to have make up sex I guess. ",a86d68eba8e04ada8eaf99d97e1809be
spotify:track:1dmJWX0nWAx5gjDzAohSbO,605866a938e54c5da212fc8595186729,2025-03-24T22:32:53Z,1,,a86d68eba8e04ada8eaf99d97e1809be
spotify:track:1srD2uc11TcQiOmHHrJp8M,605866a938e54c5da212fc8595186729,2025-03-24T22:32:53Z,0,Too cheesy,a86d68eba8e04ada8eaf99d97e1809be
spotify:track:1SsUx7lHTfuiSSB1KfRMdE,605866a938e54c5da212fc8595186729,2025-03-24T22:32:53Z,0,Too easy listening ,a86d68eba8e04ada8eaf99d97e1809be
spotify:track:2GinEvCvwEV4M5JHtnEzHC,605866a938e54c5da212fc8595186729,2025-03-24T22:32:53Z,1,,a86d68eba8e04ada8eaf99d97e1809be
spotify:track:3JHDtmFdX9kdx9wz0md98U,605866a938e54c5da212fc8595186729,2025-03-24T22:32:53Z,2,,a86d68eba8e04ada8eaf99d97e1809be
spotify:track:465JohWeaz2FKbdKVmXvrJ,605866a938e54c5da212fc8595186729,2025-03-24T22:32:53Z,3,,a86d68eba8e04ada8eaf99d97e1809be
spotify:track:4a6cnamvLj6jaaI1MKd0Zu,605866a938e54c5da212fc8595186729,2025-03-24T22:32:53Z,0,lol,a86d68eba8e04ada8eaf99d97e1809be
spotify:track:4GudXlpRy1EMOLflXpE5cW,605866a938e54c5da212fc8595186729,2025-03-24T22:32:53Z,1,,a86d68eba8e04ada8eaf99d97e1809be
spotify:track:4oPNN7syJYSjzDhRerF966,605866a938e54c5da212fc8595186729,2025-03-24T22:32:53Z,3,,a86d68eba8e04ada8eaf99d97e1809be
spotify:track:4SF1747p541umnykBp352Q,605866a938e54c5da212fc8595186729,2025-03-24T22:32:53Z,2,,a86d68eba8e04ada8eaf99d97e1809be
spotify:track:5AiNMNnKQUYcKsuJoB6ITc,605866a938e54c5da212fc8595186729,2025-03-24T22:32:53Z,0,A little chaotic ,a86d68eba8e04ada8eaf99d97e1809be
spotify:track:5EYdTPdJD74r9EVZBztqGG,605866a938e54c5da212fc8595186729,2025-03-24T22:32:53Z,0,lol,a86d68eba8e04ada8eaf99d97e1809be
spotify:track:6eL7t6s1AL4l982wfAU8pv,605866a938e54c5da212fc8595186729,2025-03-24T22:32:53Z,0,Hard no title/lyrics ,a86d68eba8e04ada8eaf99d97e1809be
spotify:track:7qFhAfUbytgPIVz4TYb3hT,605866a938e54c5da212fc8595186729,2025-03-24T22:32:53Z,1,,a86d68eba8e04ada8eaf99d97e1809be
spotify:track:7tZdkPtebOG29TzPPHlsem,605866a938e54c5da212fc8595186729,2025-03-24T22:32:53Z,2,,a86d68eba8e04ada8eaf99d97e1809be
spotify:track:0exKMPo2iind68yWTaHCrr,0b4377c224ba402d97adce848425da90,2025-03-25T01:40:44Z,3,Smooth,a86d68eba8e04ada8eaf99d97e1809be
spotify:track:1srD2uc11TcQiOmHHrJp8M,0b4377c224ba402d97adce848425da90,2025-03-25T01:40:44Z,0,70’s,a86d68eba8e04ada8eaf99d97e1809be
spotify:track:1SsUx7lHTfuiSSB1KfRMdE,0b4377c224ba402d97adce848425da90,2025-03-25T01:40:44Z,1,Gentle ,a86d68eba8e04ada8eaf99d97e1809be
spotify:track:2GinEvCvwEV4M5JHtnEzHC,0b4377c224ba402d97adce848425da90,2025-03-25T01:40:44Z,1,Realistic ,a86d68eba8e04ada8eaf99d97e1809be
spotify:track:3JHDtmFdX9kdx9wz0md98U,0b4377c224ba402d97adce848425da90,2025-03-25T01:40:44Z,1,Breathy,a86d68eba8e04ada8eaf99d97e1809be
spotify:track:465JohWeaz2FKbdKVmXvrJ,0b4377c224ba402d97adce848425da90,2025-03-25T01:40:44Z,1,Spooky,a86d68eba8e04ada8eaf99d97e1809be
spotify:track:4a6cnamvLj6jaaI1MKd0Zu,0b4377c224ba402d97adce848425da90,2025-03-25T01:40:44Z,0,Childish ,a86d68eba8e04ada8eaf99d97e1809be
spotify:track:4GudXlpRy1EMOLflXpE5cW,0b4377c224ba402d97adce848425da90,2025-03-25T01:40:44Z,3,Bounce,a86d68eba8e04ada8eaf99d97e1809be
spotify:track:4oPNN7syJYSjzDhRerF966,0b4377c224ba402d97adce848425da90,2025-03-25T01:40:44Z,0,Stop asking  ,a86d68eba8e04ada8eaf99d97e1809be
spotify:track:4SF1747p541umnykBp352Q,0b4377c224ba402d97adce848425da90,2025-03-25T01:40:44Z,0,Nasally ,a86d68eba8e04ada8eaf99d97e1809be
spotify:track:5AiNMNnKQUYcKsuJoB6ITc,0b4377c224ba402d97adce848425da90,2025-03-25T01:40:44Z,3,Groovy,a86d68eba8e04ada8eaf99d97e1809be
spotify:track:5EYdTPdJD74r9EVZBztqGG,0b4377c224ba402d97adce848425da90,2025-03-25T01:40:44Z,0,Corny ,a86d68eba8e04ada8eaf99d97e1809be
spotify:track:6eL7t6s1AL4l982wfAU8pv,0b4377c224ba402d97adce848425da90,2025-03-25T01:40:44Z,0,Creepy,a86d68eba8e04ada8eaf99d97e1809be
spotify:track:7qFhAfUbytgPIVz4TYb3hT,0b4377c224ba402d97adce848425da90,2025-03-25T01:40:44Z,2,Sexy,a86d68eba8e04ada8eaf99d97e1809be
spotify:track:7tZdkPtebOG29TzPPHlsem,0b4377c224ba402d97adce848425da90,2025-03-25T01:40:44Z,1,Dramatic,a86d68eba8e04ada8eaf99d97e1809be
spotify:track:0exKMPo2iind68yWTaHCrr,bf3a904d73564b6c97f9e47c5429b767,2025-03-25T11:54:00Z,2,"this is great, haven’t heard this version",a86d68eba8e04ada8eaf99d97e1809be
spotify:track:1dmJWX0nWAx5gjDzAohSbO,bf3a904d73564b6c97f9e47c5429b767,2025-03-25T11:54:00Z,3,my fav show in 2024,a86d68eba8e04ada8eaf99d97e1809be
spotify:track:1srD2uc11TcQiOmHHrJp8M,bf3a904d73564b6c97f9e47c5429b767,2025-03-25T11:54:00Z,1,,a86d68eba8e04ada8eaf99d97e1809be
spotify:track:1SsUx7lHTfuiSSB1KfRMdE,bf3a904d73564b6c97f9e47c5429b767,2025-03-25T11:54:00Z,1,,a86d68eba8e04ada8eaf99d97e1809be
spotify:track:2GinEvCvwEV4M5JHtnEzHC,bf3a904d73564b6c97f9e47c5429b767,2025-03-25T11:54:00Z,1,super sample,a86d68eba8e04ada8eaf99d97e1809be
spotify:track:3JHDtmFdX9kdx9wz0md98U,bf3a904d73564b6c97f9e47c5429b767,2025-03-25T11:54:00Z,1,,a86d68eba8e04ada8eaf99d97e1809be
spotify:track:465JohWeaz2FKbdKVmXvrJ,bf3a904d73564b6c97f9e47c5429b767,2025-03-25T11:54:00Z,1,,a86d68eba8e04ada8eaf99d97e1809be
spotify:track:4a6cnamvLj6jaaI1MKd0Zu,bf3a904d73564b6c97f9e47c5429b767,2025-03-25T11:54:00Z,0,didn’t have enough points,a86d68eba8e04ada8eaf99d97e1809be
spotify:track:4GudXlpRy1EMOLflXpE5cW,bf3a904d73564b6c97f9e47c5429b767,2025-03-25T11:54:00Z,1,I like butts,a86d68eba8e04ada8eaf99d97e1809be
spotify:track:4SF1747p541umnykBp352Q,bf3a904d73564b6c97f9e47c5429b767,2025-03-25T11:54:00Z,2,this is correct ,a86d68eba8e04ada8eaf99d97e1809be
spotify:track:5AiNMNnKQUYcKsuJoB6ITc,bf3a904d73564b6c97f9e47c5429b767,2025-03-25T11:54:00Z,1,,a86d68eba8e04ada8eaf99d97e1809be
spotify:track:5EYdTPdJD74r9EVZBztqGG,bf3a904d73564b6c97f9e47c5429b767,2025-03-25T11:54:00Z,0,gtfo,a86d68eba8e04ada8eaf99d97e1809be
spotify:track:6eL7t6s1AL4l982wfAU8pv,bf3a904d73564b6c97f9e47c5429b767,2025-03-25T11:54:00Z,1,not enough points ,a86d68eba8e04ada8eaf99d97e1809be
spotify:track:7qFhAfUbytgPIVz4TYb3hT,bf3a904d73564b6c97f9e47c5429b767,2025-03-25T11:54:00Z,1,,a86d68eba8e04ada8eaf99d97e1809be
spotify:track:7tZdkPtebOG29TzPPHlsem,bf3a904d73564b6c97f9e47c5429b767,2025-03-25T11:54:00Z,0,hmmm,a86d68eba8e04ada8eaf99d97e1809be
spotify:track:0exKMPo2iind68yWTaHCrr,a2909b31d1c04d728cfcf68ca0d73cca,2025-03-25T12:15:27Z,1,Surprised this didn’t make the 90s cut. ,a86d68eba8e04ada8eaf99d97e1809be
spotify:track:1dmJWX0nWAx5gjDzAohSbO,a2909b31d1c04d728cfcf68ca0d73cca,2025-03-25T12:15:27Z,2,2 minutes is perfect length…,a86d68eba8e04ada8eaf99d97e1809be
spotify:track:1srD2uc11TcQiOmHHrJp8M,a2909b31d1c04d728cfcf68ca0d73cca,2025-03-25T12:15:27Z,1,All of our parents def boned to this one ,a86d68eba8e04ada8eaf99d97e1809be
spotify:track:1SsUx7lHTfuiSSB1KfRMdE,a2909b31d1c04d728cfcf68ca0d73cca,2025-03-25T12:15:27Z,1,,a86d68eba8e04ada8eaf99d97e1809be
spotify:track:2GinEvCvwEV4M5JHtnEzHC,a2909b31d1c04d728cfcf68ca0d73cca,2025-03-25T12:15:27Z,1,No wait this is the one our parents boned to. ,a86d68eba8e04ada8eaf99d97e1809be
spotify:track:3JHDtmFdX9kdx9wz0md98U,a2909b31d1c04d728cfcf68ca0d73cca,2025-03-25T12:15:27Z,2,This one made me feel things. ,a86d68eba8e04ada8eaf99d97e1809be
spotify:track:465JohWeaz2FKbdKVmXvrJ,a2909b31d1c04d728cfcf68ca0d73cca,2025-03-25T12:15:27Z,1,,a86d68eba8e04ada8eaf99d97e1809be
spotify:track:4a6cnamvLj6jaaI1MKd0Zu,a2909b31d1c04d728cfcf68ca0d73cca,2025-03-25T12:15:27Z,1,Chef is the epitome of sex appeal. ,a86d68eba8e04ada8eaf99d97e1809be
spotify:track:4GudXlpRy1EMOLflXpE5cW,a2909b31d1c04d728cfcf68ca0d73cca,2025-03-25T12:15:27Z,0,The irregular beat is throwing off my rhythm. ,a86d68eba8e04ada8eaf99d97e1809be
spotify:track:4oPNN7syJYSjzDhRerF966,a2909b31d1c04d728cfcf68ca0d73cca,2025-03-25T12:15:27Z,1,,a86d68eba8e04ada8eaf99d97e1809be
spotify:track:4SF1747p541umnykBp352Q,a2909b31d1c04d728cfcf68ca0d73cca,2025-03-25T12:15:27Z,1,,a86d68eba8e04ada8eaf99d97e1809be
spotify:track:5AiNMNnKQUYcKsuJoB6ITc,a2909b31d1c04d728cfcf68ca0d73cca,2025-03-25T12:15:27Z,1,,a86d68eba8e04ada8eaf99d97e1809be
spotify:track:5EYdTPdJD74r9EVZBztqGG,a2909b31d1c04d728cfcf68ca0d73cca,2025-03-25T12:15:27Z,0,The discovery channel taught me all I know. ,a86d68eba8e04ada8eaf99d97e1809be
spotify:track:6eL7t6s1AL4l982wfAU8pv,a2909b31d1c04d728cfcf68ca0d73cca,2025-03-25T12:15:27Z,1,,a86d68eba8e04ada8eaf99d97e1809be
spotify:track:7qFhAfUbytgPIVz4TYb3hT,a2909b31d1c04d728cfcf68ca0d73cca,2025-03-25T12:15:27Z,1,,a86d68eba8e04ada8eaf99d97e1809be
spotify:track:7tZdkPtebOG29TzPPHlsem,a2909b31d1c04d728cfcf68ca0d73cca,2025-03-25T12:15:27Z,1,,a86d68eba8e04ada8eaf99d97e1809be
spotify:track:4vKwWcBA4nXMPKPWcF4BvS,ce76a5e6ff274137bb5127db7065d9a8,2025-03-26T16:12:29Z,1,"This is nice chill vibe, not knocking my socks off, but maybe slowly peeling my socks off",fa8f26b75d8a456e86a5bba87f69c8cd
spotify:track:4RRWp9R4K38h1XCaZM9nOd,ce76a5e6ff274137bb5127db7065d9a8,2025-03-26T16:12:29Z,1,Solid funky,fa8f26b75d8a456e86a5bba87f69c8cd
spotify:track:4pNzBbGcqXofx8mLBPTeih,ce76a5e6ff274137bb5127db7065d9a8,2025-03-26T16:12:29Z,3,Yeah I like that. Right off the bat. Probably my fav besides my pick,fa8f26b75d8a456e86a5bba87f69c8cd
spotify:track:4FqimycrrBbrtBQfooXLNU,ce76a5e6ff274137bb5127db7065d9a8,2025-03-26T16:12:29Z,2,This guy’s song Colours from a couple years ago (maybe more than a couple now) is one of my favorite recent ish finds. This one is solid too,fa8f26b75d8a456e86a5bba87f69c8cd
spotify:track:41cpvQ2GyGb2BRdIRSsTqK,ce76a5e6ff274137bb5127db7065d9a8,2025-03-26T16:12:29Z,1,Wasn’t feeling the intro. Got better as it went. Loved the outro,fa8f26b75d8a456e86a5bba87f69c8cd
spotify:track:3eUZrUjpOBmgSV3wlb6Ew1,ce76a5e6ff274137bb5127db7065d9a8,2025-03-26T16:12:29Z,0,"I didn’t not like it. It’s kinda catchy musically, and horse meat disco is an interesting word salad, but I also had no real urge to listen to it again",fa8f26b75d8a456e86a5bba87f69c8cd
spotify:track:2CXjrph4GOOERwlmak9CyE,ce76a5e6ff274137bb5127db7065d9a8,2025-03-26T16:12:29Z,0,Your comment made me think it was going to be instrumental which I think I would have liked more. I really like the intro but not sure about the rest. It’s not bad,fa8f26b75d8a456e86a5bba87f69c8cd
spotify:track:2cAE4IFjDM4uFLHA4lG3Yw,ce76a5e6ff274137bb5127db7065d9a8,2025-03-26T16:12:29Z,1,"I’m with you on not normally listening to a single track multiple times over. Horn heavy is not really my preferred style especially for repeat listening as I can find it a bit repetitive as is, but I liked this one more second time around. ",fa8f26b75d8a456e86a5bba87f69c8cd
spotify:track:1sN36lAQq4ElbU1dgNefol,ce76a5e6ff274137bb5127db7065d9a8,2025-03-26T16:12:29Z,2,Liked this more the second time around cuz I wasn’t waiting for a B section or hook/chorus. The end sort of had that payoff. ,fa8f26b75d8a456e86a5bba87f69c8cd
spotify:track:1NsUICf9ugoSbpyue5qcDh,ce76a5e6ff274137bb5127db7065d9a8,2025-03-26T16:12:29Z,1,Oddly actually liked it more the first time through ,fa8f26b75d8a456e86a5bba87f69c8cd
spotify:track:6VjvSxZVefzlBKROzlTQaT,ce76a5e6ff274137bb5127db7065d9a8,2025-03-26T16:12:29Z,1,"Solid placement in the playlist - it has an ending vibe, which I did not put together with the title until now - it’s over “go to bed now”",fa8f26b75d8a456e86a5bba87f69c8cd
spotify:track:6uAt2PE7YB5gHeCAFeD7G6,ce76a5e6ff274137bb5127db7065d9a8,2025-03-26T16:12:29Z,0,Feeling pretty neutral on this one. I like the music more than the vocals ,fa8f26b75d8a456e86a5bba87f69c8cd
spotify:track:6HNDaFHiEH8Ul7vxIh2HPJ,ce76a5e6ff274137bb5127db7065d9a8,2025-03-26T16:12:29Z,1,Solid. Keep hearing about her but haven’t really listened,fa8f26b75d8a456e86a5bba87f69c8cd
spotify:track:65A6u9Mj3G0LgRs2x6zLuq,ce76a5e6ff274137bb5127db7065d9a8,2025-03-26T16:12:29Z,2,I like this more than the other horn songs. Fun groove,fa8f26b75d8a456e86a5bba87f69c8cd
spotify:track:5ptjyu9U6GLHiSBhav57fg,ce76a5e6ff274137bb5127db7065d9a8,2025-03-26T16:12:29Z,0,"I didn’t give this points the first time it was used in a round so I feel funny giving it points now. I do like it more than I initially did, so well done for that",fa8f26b75d8a456e86a5bba87f69c8cd
spotify:track:6VjvSxZVefzlBKROzlTQaT,f1f0f2ed0eb64306992b613229fb7972,2025-03-26T18:53:48Z,1,Loving the harmonica here. Best known for writing the score of HAIR?? Okay! Homie’s still got it. Feels like a Josh pick? ,fa8f26b75d8a456e86a5bba87f69c8cd
spotify:track:6uAt2PE7YB5gHeCAFeD7G6,f1f0f2ed0eb64306992b613229fb7972,2025-03-26T18:53:48Z,2,Daptone guy 👍 Rick?,fa8f26b75d8a456e86a5bba87f69c8cd
spotify:track:4FqimycrrBbrtBQfooXLNU,f1f0f2ed0eb64306992b613229fb7972,2025-03-26T18:53:48Z,0,"Fine, inoffensive but also didn’t really keep my attention ",fa8f26b75d8a456e86a5bba87f69c8cd
spotify:track:41cpvQ2GyGb2BRdIRSsTqK,f1f0f2ed0eb64306992b613229fb7972,2025-03-26T18:53:48Z,0,"Eh, just made me want to listen to the original or Frank Sinatra’s version 🤷🏻 Feels like it’s lacking something compared to these (Sam?)",fa8f26b75d8a456e86a5bba87f69c8cd
spotify:track:3eUZrUjpOBmgSV3wlb6Ew1,f1f0f2ed0eb64306992b613229fb7972,2025-03-26T18:53:48Z,1,"Wow. Guessing Brinks here? Loved the In The Mood intro 🎩 Disco & boogie from Brazil, what could be bad about that?? Saved 🕺🏻🇧🇷",fa8f26b75d8a456e86a5bba87f69c8cd
spotify:track:31I691UrDuyt54hM6MFMoA,f1f0f2ed0eb64306992b613229fb7972,2025-03-26T18:53:48Z,3,"*Serious* Prince vibes right off the bat. Sounds fantastic in headphones. Digging this bass + synth + vocal combo. Saving this & can’t wait to deep dive into her catalog soon! 👏 (Jacob, Justin or Rick?) Winner of the week for me 🎉",fa8f26b75d8a456e86a5bba87f69c8cd
spotify:track:2CXjrph4GOOERwlmak9CyE,f1f0f2ed0eb64306992b613229fb7972,2025-03-26T18:53:48Z,1,I dug this more before the singing started but it actually started to grow on me. Memo?,fa8f26b75d8a456e86a5bba87f69c8cd
spotify:track:2cAE4IFjDM4uFLHA4lG3Yw,f1f0f2ed0eb64306992b613229fb7972,2025-03-26T18:53:48Z,1,"Hi, Zach. Dig this beat + points for horns! ",fa8f26b75d8a456e86a5bba87f69c8cd
spotify:track:1sN36lAQq4ElbU1dgNefol,f1f0f2ed0eb64306992b613229fb7972,2025-03-26T18:53:48Z,2,Loved her voice. Groovy tune. Saving this. ,fa8f26b75d8a456e86a5bba87f69c8cd
spotify:track:1NsUICf9ugoSbpyue5qcDh,f1f0f2ed0eb64306992b613229fb7972,2025-03-26T18:53:48Z,1,"Could’ve done well last week, fwiw… ❤️‍🔥",fa8f26b75d8a456e86a5bba87f69c8cd
spotify:track:6HNDaFHiEH8Ul7vxIh2HPJ,f1f0f2ed0eb64306992b613229fb7972,2025-03-26T18:53:48Z,2,"Just saw her for the 1st time a few weeks ago & was absolutely BLOWN AWAY 🤯 She sat in on another band’s set & lit the place on fire. And then, during her own band’s set, they absolutely crushed it, too. Girl’s going places, for sure! Can’t wait to see where her career takes her. Can’t believe she’s only 18! So insanely talented with incredible stage presence, as well 👏 ",fa8f26b75d8a456e86a5bba87f69c8cd
spotify:track:65A6u9Mj3G0LgRs2x6zLuq,f1f0f2ed0eb64306992b613229fb7972,2025-03-26T18:53:48Z,1,Feels like a Brandon pick to me… Obviously love the horns. Diggin’ it. Groovy. ,fa8f26b75d8a456e86a5bba87f69c8cd
spotify:track:4vKwWcBA4nXMPKPWcF4BvS,f1f0f2ed0eb64306992b613229fb7972,2025-03-26T18:53:48Z,0,"I’m familiar with this dude (& his crazy life!) but this track just didn’t really do it for me. A little too slow or something? Idk. Sry, not enough points! 🫣",fa8f26b75d8a456e86a5bba87f69c8cd
spotify:track:4RRWp9R4K38h1XCaZM9nOd,f1f0f2ed0eb64306992b613229fb7972,2025-03-26T18:53:48Z,1,"Here’s a point, Kenny 😜",fa8f26b75d8a456e86a5bba87f69c8cd
spotify:track:4pNzBbGcqXofx8mLBPTeih,f1f0f2ed0eb64306992b613229fb7972,2025-03-26T18:53:48Z,0,"Sam or Jen? I haven’t listened to this new album yet but I’m kind of getting George Michael/Scissor Sisters meets Turkuaz vibes from this? Not sure how I feel about this, will have to come back for a 2nd listen.

2nd listen thoughts: It’s ok. Not my favorite Gaga, a little too repetitive for me. Honestly, the image of Dave from Turkuaz trying to sing this is probably keeping me from giving this a point 😹",fa8f26b75d8a456e86a5bba87f69c8cd
spotify:track:4vKwWcBA4nXMPKPWcF4BvS,d0b05ef03f5e4598a3e8532b812c3330,2025-03-26T19:12:10Z,1,Didn’t know Tommy. Now I know him and love him. Bet this was memo. ,fa8f26b75d8a456e86a5bba87f69c8cd
spotify:track:4RRWp9R4K38h1XCaZM9nOd,d0b05ef03f5e4598a3e8532b812c3330,2025-03-26T19:12:10Z,1,yessssss kenny. this is awesome...,fa8f26b75d8a456e86a5bba87f69c8cd
spotify:track:1sN36lAQq4ElbU1dgNefol,d0b05ef03f5e4598a3e8532b812c3330,2025-03-26T19:12:10Z,2,Just play me john coltrane. I dig her vibe. I bet this song came up in research for the last prompt...,fa8f26b75d8a456e86a5bba87f69c8cd
spotify:track:2cAE4IFjDM4uFLHA4lG3Yw,d0b05ef03f5e4598a3e8532b812c3330,2025-03-26T19:12:10Z,1,Someone LOVES Lettuce. Dug this tune Mendo. ,fa8f26b75d8a456e86a5bba87f69c8cd
spotify:track:2CXjrph4GOOERwlmak9CyE,d0b05ef03f5e4598a3e8532b812c3330,2025-03-26T19:12:10Z,1,oh hell yeah. a bit of a weird ending. Still liked 96% of it. ,fa8f26b75d8a456e86a5bba87f69c8cd
spotify:track:31I691UrDuyt54hM6MFMoA,d0b05ef03f5e4598a3e8532b812c3330,2025-03-26T19:12:10Z,2,Maya! My 2025 queen! My fav album of 2025 and its not fully released yet. ,fa8f26b75d8a456e86a5bba87f69c8cd
spotify:track:3eUZrUjpOBmgSV3wlb6Ew1,d0b05ef03f5e4598a3e8532b812c3330,2025-03-26T19:12:10Z,1,Horse meat disco??? Tell me more!,fa8f26b75d8a456e86a5bba87f69c8cd
spotify:track:41cpvQ2GyGb2BRdIRSsTqK,d0b05ef03f5e4598a3e8532b812c3330,2025-03-26T19:12:10Z,1,The vibe I was seeking ,fa8f26b75d8a456e86a5bba87f69c8cd
spotify:track:4pNzBbGcqXofx8mLBPTeih,d0b05ef03f5e4598a3e8532b812c3330,2025-03-26T19:12:10Z,1,Did Gaga listen to Maya's Squeeze and then over produce it?? Im a slaveeeeee for you...... but instead of slave its killah..... Gets a point for the last 90 seconds which are awesome...  ,fa8f26b75d8a456e86a5bba87f69c8cd
spotify:track:1NsUICf9ugoSbpyue5qcDh,d0b05ef03f5e4598a3e8532b812c3330,2025-03-26T19:12:10Z,1,,fa8f26b75d8a456e86a5bba87f69c8cd
spotify:track:6uAt2PE7YB5gHeCAFeD7G6,d0b05ef03f5e4598a3e8532b812c3330,2025-03-26T19:12:10Z,1,Yeah killer soul ,fa8f26b75d8a456e86a5bba87f69c8cd
spotify:track:6HNDaFHiEH8Ul7vxIh2HPJ,d0b05ef03f5e4598a3e8532b812c3330,2025-03-26T19:12:10Z,1,Would love to catch grace this summer with trucks ,fa8f26b75d8a456e86a5bba87f69c8cd
spotify:track:65A6u9Mj3G0LgRs2x6zLuq,d0b05ef03f5e4598a3e8532b812c3330,2025-03-26T19:12:10Z,1,,fa8f26b75d8a456e86a5bba87f69c8cd
spotify:track:5ptjyu9U6GLHiSBhav57fg,d0b05ef03f5e4598a3e8532b812c3330,2025-03-26T19:12:10Z,1,,fa8f26b75d8a456e86a5bba87f69c8cd
spotify:track:6VjvSxZVefzlBKROzlTQaT,bf3a904d73564b6c97f9e47c5429b767,2025-03-26T19:49:37Z,2,man I love this song so much and galt ,fa8f26b75d8a456e86a5bba87f69c8cd
spotify:track:6uAt2PE7YB5gHeCAFeD7G6,bf3a904d73564b6c97f9e47c5429b767,2025-03-26T19:49:37Z,1,was not expecting this from the album cover. baller song,fa8f26b75d8a456e86a5bba87f69c8cd
spotify:track:6HNDaFHiEH8Ul7vxIh2HPJ,bf3a904d73564b6c97f9e47c5429b767,2025-03-26T19:49:37Z,0,liked this too but you were on the short list ,fa8f26b75d8a456e86a5bba87f69c8cd
spotify:track:65A6u9Mj3G0LgRs2x6zLuq,bf3a904d73564b6c97f9e47c5429b767,2025-03-26T19:49:37Z,0,toe tapper - god where are all my points. i’m gonna listen to this whole album. ,fa8f26b75d8a456e86a5bba87f69c8cd
spotify:track:4pNzBbGcqXofx8mLBPTeih,bf3a904d73564b6c97f9e47c5429b767,2025-03-26T19:49:37Z,1,"lady gaga lost the falcons the super bowl, Im still mad. i’ll come back and maybe give a point because of the production. damn this outro is pretty heady.. ok 1 point ",fa8f26b75d8a456e86a5bba87f69c8cd
spotify:track:4FqimycrrBbrtBQfooXLNU,bf3a904d73564b6c97f9e47c5429b767,2025-03-26T19:49:37Z,2,man I really liked this. bout to explore. ,fa8f26b75d8a456e86a5bba87f69c8cd
spotify:track:41cpvQ2GyGb2BRdIRSsTqK,bf3a904d73564b6c97f9e47c5429b767,2025-03-26T19:49:37Z,1,"super rich kids is the jam, check it out. frank is that dude. straight art",fa8f26b75d8a456e86a5bba87f69c8cd
spotify:track:3eUZrUjpOBmgSV3wlb6Ew1,bf3a904d73564b6c97f9e47c5429b767,2025-03-26T19:49:37Z,0,i’m so hungry I could eat a horse between two mattresses rn,fa8f26b75d8a456e86a5bba87f69c8cd
spotify:track:5ptjyu9U6GLHiSBhav57fg,bf3a904d73564b6c97f9e47c5429b767,2025-03-26T19:49:37Z,1,"must be a band you discovered in austin, D. this nice tho",fa8f26b75d8a456e86a5bba87f69c8cd
spotify:track:4vKwWcBA4nXMPKPWcF4BvS,bf3a904d73564b6c97f9e47c5429b767,2025-03-26T19:49:37Z,1,this whole album is so ridiculously good. one of my go twos. wish I could give more points ,fa8f26b75d8a456e86a5bba87f69c8cd
spotify:track:4RRWp9R4K38h1XCaZM9nOd,bf3a904d73564b6c97f9e47c5429b767,2025-03-26T19:49:37Z,3,"good lord, this is my shit! gotta be brandon. love the little fart womps ",fa8f26b75d8a456e86a5bba87f69c8cd
spotify:track:1NsUICf9ugoSbpyue5qcDh,bf3a904d73564b6c97f9e47c5429b767,2025-03-26T19:49:37Z,1,"I like this. have it saved on my
likes. ",fa8f26b75d8a456e86a5bba87f69c8cd
spotify:track:2cAE4IFjDM4uFLHA4lG3Yw,bf3a904d73564b6c97f9e47c5429b767,2025-03-26T19:49:37Z,1,"-1 point for name dropping. so 0 points. ok nevermind, finished the song and 1 point ",fa8f26b75d8a456e86a5bba87f69c8cd
spotify:track:2CXjrph4GOOERwlmak9CyE,bf3a904d73564b6c97f9e47c5429b767,2025-03-26T19:49:37Z,1,this is intro is fire. kinda got bored towards end. ,fa8f26b75d8a456e86a5bba87f69c8cd
spotify:track:31I691UrDuyt54hM6MFMoA,bf3a904d73564b6c97f9e47c5429b767,2025-03-26T19:49:37Z,1,"that bass line is nasty, def has prince vibes",fa8f26b75d8a456e86a5bba87f69c8cd
spotify:track:31I691UrDuyt54hM6MFMoA,183c5f6ed1b147099842917a9576c8f4,2025-03-26T20:25:09Z,1,Funky!,fa8f26b75d8a456e86a5bba87f69c8cd
spotify:track:2cAE4IFjDM4uFLHA4lG3Yw,183c5f6ed1b147099842917a9576c8f4,2025-03-26T20:25:09Z,0,Horns didn't hit for me as hard as others on this list.  Sorry!,fa8f26b75d8a456e86a5bba87f69c8cd
spotify:track:1sN36lAQq4ElbU1dgNefol,183c5f6ed1b147099842917a9576c8f4,2025-03-26T20:25:09Z,3,"Came back to this more than anything on the list.  ""Be my lover, don't play no game just play me John Coltrane"". Love it all. ",fa8f26b75d8a456e86a5bba87f69c8cd
spotify:track:1NsUICf9ugoSbpyue5qcDh,183c5f6ed1b147099842917a9576c8f4,2025-03-26T20:25:09Z,0,May seemed like I'm biased against Norwegian soul singers. Assure you I'm not. ,fa8f26b75d8a456e86a5bba87f69c8cd
spotify:track:65A6u9Mj3G0LgRs2x6zLuq,183c5f6ed1b147099842917a9576c8f4,2025-03-26T20:25:09Z,1,"Great jam, just not super re-listenable for me. ",fa8f26b75d8a456e86a5bba87f69c8cd
spotify:track:5ptjyu9U6GLHiSBhav57fg,183c5f6ed1b147099842917a9576c8f4,2025-03-26T20:25:09Z,1,Another one from Austin's finest. Docking a point for being introduced to them earlier in the season and liking the other jam better. Sorry not my rules ,fa8f26b75d8a456e86a5bba87f69c8cd
spotify:track:4vKwWcBA4nXMPKPWcF4BvS,183c5f6ed1b147099842917a9576c8f4,2025-03-26T20:25:09Z,1,"Love Tommy, but not one of my top tracks, but hey, you're the one listening these days not me",fa8f26b75d8a456e86a5bba87f69c8cd
spotify:track:4RRWp9R4K38h1XCaZM9nOd,183c5f6ed1b147099842917a9576c8f4,2025-03-26T20:25:09Z,2,So so much going on here. Love the track. ,fa8f26b75d8a456e86a5bba87f69c8cd
spotify:track:2CXjrph4GOOERwlmak9CyE,183c5f6ed1b147099842917a9576c8f4,2025-03-26T20:25:09Z,0,Shoulda prolly kept it short listed ,fa8f26b75d8a456e86a5bba87f69c8cd
spotify:track:3eUZrUjpOBmgSV3wlb6Ew1,183c5f6ed1b147099842917a9576c8f4,2025-03-26T20:25:09Z,2,In the mood for more,fa8f26b75d8a456e86a5bba87f69c8cd
spotify:track:41cpvQ2GyGb2BRdIRSsTqK,183c5f6ed1b147099842917a9576c8f4,2025-03-26T20:25:09Z,1,Had to listen to it 3x before I got it. I get it. ,fa8f26b75d8a456e86a5bba87f69c8cd
spotify:track:4FqimycrrBbrtBQfooXLNU,183c5f6ed1b147099842917a9576c8f4,2025-03-26T20:25:09Z,0,Did Trey write this?,fa8f26b75d8a456e86a5bba87f69c8cd
spotify:track:4pNzBbGcqXofx8mLBPTeih,183c5f6ed1b147099842917a9576c8f4,2025-03-26T20:25:09Z,1,"Dusty, I assume, gives 0 fucks",fa8f26b75d8a456e86a5bba87f69c8cd
spotify:track:6HNDaFHiEH8Ul7vxIh2HPJ,183c5f6ed1b147099842917a9576c8f4,2025-03-26T20:25:09Z,2,What a block party in this vid!  ,fa8f26b75d8a456e86a5bba87f69c8cd
spotify:track:6uAt2PE7YB5gHeCAFeD7G6,183c5f6ed1b147099842917a9576c8f4,2025-03-26T20:25:09Z,1,,fa8f26b75d8a456e86a5bba87f69c8cd
spotify:track:6uAt2PE7YB5gHeCAFeD7G6,a2909b31d1c04d728cfcf68ca0d73cca,2025-03-26T21:45:20Z,1,,fa8f26b75d8a456e86a5bba87f69c8cd
spotify:track:6VjvSxZVefzlBKROzlTQaT,a2909b31d1c04d728cfcf68ca0d73cca,2025-03-26T21:45:20Z,1,,fa8f26b75d8a456e86a5bba87f69c8cd
spotify:track:1NsUICf9ugoSbpyue5qcDh,a2909b31d1c04d728cfcf68ca0d73cca,2025-03-26T21:45:20Z,0,Good song but the point was needed elsewhere. ,fa8f26b75d8a456e86a5bba87f69c8cd
spotify:track:1sN36lAQq4ElbU1dgNefol,a2909b31d1c04d728cfcf68ca0d73cca,2025-03-26T21:45:20Z,1,,fa8f26b75d8a456e86a5bba87f69c8cd
spotify:track:2cAE4IFjDM4uFLHA4lG3Yw,a2909b31d1c04d728cfcf68ca0d73cca,2025-03-26T21:45:20Z,1,,fa8f26b75d8a456e86a5bba87f69c8cd
spotify:track:2CXjrph4GOOERwlmak9CyE,a2909b31d1c04d728cfcf68ca0d73cca,2025-03-26T21:45:20Z,3,Favorite of the playlist but it was very close. ,fa8f26b75d8a456e86a5bba87f69c8cd
spotify:track:31I691UrDuyt54hM6MFMoA,a2909b31d1c04d728cfcf68ca0d73cca,2025-03-26T21:45:20Z,2,Aw yea that bass line got me. ,fa8f26b75d8a456e86a5bba87f69c8cd
spotify:track:3eUZrUjpOBmgSV3wlb6Ew1,a2909b31d1c04d728cfcf68ca0d73cca,2025-03-26T21:45:20Z,1,,fa8f26b75d8a456e86a5bba87f69c8cd
spotify:track:6HNDaFHiEH8Ul7vxIh2HPJ,a2909b31d1c04d728cfcf68ca0d73cca,2025-03-26T21:45:20Z,2,,fa8f26b75d8a456e86a5bba87f69c8cd
spotify:track:5ptjyu9U6GLHiSBhav57fg,a2909b31d1c04d728cfcf68ca0d73cca,2025-03-26T21:45:20Z,0,This one already made my best of music league playlist. ,fa8f26b75d8a456e86a5bba87f69c8cd
spotify:track:4vKwWcBA4nXMPKPWcF4BvS,a2909b31d1c04d728cfcf68ca0d73cca,2025-03-26T21:45:20Z,1,,fa8f26b75d8a456e86a5bba87f69c8cd
spotify:track:4RRWp9R4K38h1XCaZM9nOd,a2909b31d1c04d728cfcf68ca0d73cca,2025-03-26T21:45:20Z,1,,fa8f26b75d8a456e86a5bba87f69c8cd
spotify:track:41cpvQ2GyGb2BRdIRSsTqK,a2909b31d1c04d728cfcf68ca0d73cca,2025-03-26T21:45:20Z,0,Too slow for my liking but still enjoyed it. Not enough points this round!,fa8f26b75d8a456e86a5bba87f69c8cd
spotify:track:4FqimycrrBbrtBQfooXLNU,a2909b31d1c04d728cfcf68ca0d73cca,2025-03-26T21:45:20Z,1,,fa8f26b75d8a456e86a5bba87f69c8cd
spotify:track:4pNzBbGcqXofx8mLBPTeih,a2909b31d1c04d728cfcf68ca0d73cca,2025-03-26T21:45:20Z,1,,fa8f26b75d8a456e86a5bba87f69c8cd
spotify:track:65A6u9Mj3G0LgRs2x6zLuq,49a5ff7c4466457eb8016aaf873224cb,2025-03-26T23:15:26Z,1,"Love the main horn line. Weak guitar solo came out of nowhere. Didn't hear a guitar all track, and then suddenly I thought we were getting Kranso-bombed with a segue into Get Back. Luckily it was brief and horns came back in with that lil delicate diddy. ",fa8f26b75d8a456e86a5bba87f69c8cd
spotify:track:1NsUICf9ugoSbpyue5qcDh,49a5ff7c4466457eb8016aaf873224cb,2025-03-26T23:15:26Z,1,"Loved this on first listen. Great way to open up the list. Once I went through the list a few times, this one started to fall to the back of the pack. Still snuck a point in there. ",fa8f26b75d8a456e86a5bba87f69c8cd
spotify:track:1sN36lAQq4ElbU1dgNefol,49a5ff7c4466457eb8016aaf873224cb,2025-03-26T23:15:26Z,2,Wow. In love. Cant get enough of the way this song flows. Can't place who her voice reminds me of. Assorted 90s chicks. Loved this one every single listen. ,fa8f26b75d8a456e86a5bba87f69c8cd
spotify:track:2cAE4IFjDM4uFLHA4lG3Yw,49a5ff7c4466457eb8016aaf873224cb,2025-03-26T23:15:26Z,1,"Another one that started strong for me, but didn’t hold up against its contenders after a few runs through. Great, simple, horny song but didn’t stand out a ton in the end.  Walked away with one!",fa8f26b75d8a456e86a5bba87f69c8cd
spotify:track:2CXjrph4GOOERwlmak9CyE,49a5ff7c4466457eb8016aaf873224cb,2025-03-26T23:15:26Z,1,Feels good to listen to. Feel ya on the desert island / sun-gazing potential. ,fa8f26b75d8a456e86a5bba87f69c8cd
spotify:track:31I691UrDuyt54hM6MFMoA,49a5ff7c4466457eb8016aaf873224cb,2025-03-26T23:15:26Z,3,"God damn this is a city stomper. I was long stride struttin my ass to work when I first listened. Look the fuck out anyone in my way. My pace and groove could not be slowed. Would've plowed right through a hacktivist soliciting donations for puppy diabetes, a flock of school children, or a fuckin mail truck if they came at me wrong. 

Straight to the 2ns Funk Walk playlist for damn sure. ",fa8f26b75d8a456e86a5bba87f69c8cd
spotify:track:3eUZrUjpOBmgSV3wlb6Ew1,49a5ff7c4466457eb8016aaf873224cb,2025-03-26T23:15:26Z,1,Great follow the the city stomper before it on the list. Had to shorten the stride to keep the pace. But ooooh did I pace. Made it to work in record time with these two back to back. Wanted to give it 2... but couldn't give another one a zero. ,fa8f26b75d8a456e86a5bba87f69c8cd
spotify:track:41cpvQ2GyGb2BRdIRSsTqK,49a5ff7c4466457eb8016aaf873224cb,2025-03-26T23:15:26Z,0,"Extremely unfortunate playlist placement, I mean god damn that was worse than any jam Trey has ripcorded. I’ve tried to like Frank because Clark loves him. Has never done it for me. I listened to it a few times out of context in an effort to not let the placement negatively impact my opinion much… but it still didn’t hit for me. ",fa8f26b75d8a456e86a5bba87f69c8cd
spotify:track:4FqimycrrBbrtBQfooXLNU,49a5ff7c4466457eb8016aaf873224cb,2025-03-26T23:15:26Z,0,This is more the cooldown I was looking for on the list. Was still a bit much back to back with 'Rank Ocean. Again listened to it on its own without other context. In the end it fell behind for me and I couldn't find the points for it. Blame Gaga and all of the horny songs. ,fa8f26b75d8a456e86a5bba87f69c8cd
spotify:track:4pNzBbGcqXofx8mLBPTeih,49a5ff7c4466457eb8016aaf873224cb,2025-03-26T23:15:26Z,1,I’ve been listening to this album a lot and it hasn’t quite hit the same way for me as it has for Dustin and Julia. I don’t really know the names of the songs but I like other ones more than this. Plus 1 point for the Stabbing Westward vibes. ,fa8f26b75d8a456e86a5bba87f69c8cd
spotify:track:4RRWp9R4K38h1XCaZM9nOd,49a5ff7c4466457eb8016aaf873224cb,2025-03-26T23:15:26Z,0,"Probably my favorite track unearthed from my Redbone deep dive. I am sure many were well aware that this was my select. WIsh I could have been incognito, but oh well! You better not have fucked me over because of that. Or else. ",fa8f26b75d8a456e86a5bba87f69c8cd
spotify:track:4vKwWcBA4nXMPKPWcF4BvS,49a5ff7c4466457eb8016aaf873224cb,2025-03-26T23:15:26Z,1,"Another I would have loved to toss a point to. Blame Gaga for sounding so much like Stabbing Westward, taking me back to 1999 yet again.  EDIT: Ended up finding some room. Sorry, Pete Josef. ",fa8f26b75d8a456e86a5bba87f69c8cd
spotify:track:5ptjyu9U6GLHiSBhav57fg,49a5ff7c4466457eb8016aaf873224cb,2025-03-26T23:15:26Z,1,Let another lovely track on first pass that had a little trouble standing out amongst the crowd. In the end it did get a point outta me. Sort of a toss up on many of these instrumental tracks. ,fa8f26b75d8a456e86a5bba87f69c8cd
spotify:track:6HNDaFHiEH8Ul7vxIh2HPJ,49a5ff7c4466457eb8016aaf873224cb,2025-03-26T23:15:26Z,1,Dianna’s bae. Looking forward to Grace and her band developing their sound a bit more. She has the goods. The shredding looks effortless to her. Hope she turns it into more creative phrasing as she grows. Glad to have caught her live early in her career. ,fa8f26b75d8a456e86a5bba87f69c8cd
spotify:track:6uAt2PE7YB5gHeCAFeD7G6,49a5ff7c4466457eb8016aaf873224cb,2025-03-26T23:15:26Z,1,More great flow. ,fa8f26b75d8a456e86a5bba87f69c8cd
spotify:track:6VjvSxZVefzlBKROzlTQaT,49a5ff7c4466457eb8016aaf873224cb,2025-03-26T23:15:26Z,1,Awesome finish to the list. Will take a big fat bass blasting through the bypass all day. ,fa8f26b75d8a456e86a5bba87f69c8cd
spotify:track:65A6u9Mj3G0LgRs2x6zLuq,9b7e03ea90dd46db9779dc21eb04ca5a,2025-03-27T00:51:55Z,1,That swiiiiing.,fa8f26b75d8a456e86a5bba87f69c8cd
spotify:track:1NsUICf9ugoSbpyue5qcDh,9b7e03ea90dd46db9779dc21eb04ca5a,2025-03-27T00:51:55Z,2,Stuck in my head all day. ,fa8f26b75d8a456e86a5bba87f69c8cd
spotify:track:6VjvSxZVefzlBKROzlTQaT,9b7e03ea90dd46db9779dc21eb04ca5a,2025-03-27T00:51:55Z,1,,fa8f26b75d8a456e86a5bba87f69c8cd
spotify:track:6uAt2PE7YB5gHeCAFeD7G6,9b7e03ea90dd46db9779dc21eb04ca5a,2025-03-27T00:51:55Z,2,"Pierces like knives, in a good way. ",fa8f26b75d8a456e86a5bba87f69c8cd
spotify:track:6HNDaFHiEH8Ul7vxIh2HPJ,9b7e03ea90dd46db9779dc21eb04ca5a,2025-03-27T00:51:55Z,1,"Hell yeah this has been in constant rotation since it came out. Grace is a force. I am hoping she continues to focus on her craft and musical exploration, and less on her brand. I can see her career being like a musician’s musician, or instead her being like a Gary Clark Jr. Time will tell. ",fa8f26b75d8a456e86a5bba87f69c8cd
spotify:track:1sN36lAQq4ElbU1dgNefol,9b7e03ea90dd46db9779dc21eb04ca5a,2025-03-27T00:51:55Z,0,"I just wish she took it to another level vocally. I know it’s in there! But great groove, just didn’t have enough votes to go around. ",fa8f26b75d8a456e86a5bba87f69c8cd
spotify:track:2cAE4IFjDM4uFLHA4lG3Yw,9b7e03ea90dd46db9779dc21eb04ca5a,2025-03-27T00:51:55Z,1,,fa8f26b75d8a456e86a5bba87f69c8cd
spotify:track:31I691UrDuyt54hM6MFMoA,9b7e03ea90dd46db9779dc21eb04ca5a,2025-03-27T00:51:55Z,3,I went to post this and it was taken! ,fa8f26b75d8a456e86a5bba87f69c8cd
spotify:track:41cpvQ2GyGb2BRdIRSsTqK,9b7e03ea90dd46db9779dc21eb04ca5a,2025-03-27T00:51:55Z,1,Gorgeous and haunting. Lost a point for the sour taste I have in my mouth from how he handled live shows so poorly. ,fa8f26b75d8a456e86a5bba87f69c8cd
spotify:track:4FqimycrrBbrtBQfooXLNU,9b7e03ea90dd46db9779dc21eb04ca5a,2025-03-27T00:51:55Z,2,Was saving Pete for another prompt. So good. ,fa8f26b75d8a456e86a5bba87f69c8cd
spotify:track:4pNzBbGcqXofx8mLBPTeih,9b7e03ea90dd46db9779dc21eb04ca5a,2025-03-27T00:51:55Z,1,"Diana? 
Either way, this fucking slaps. ",fa8f26b75d8a456e86a5bba87f69c8cd
spotify:track:4RRWp9R4K38h1XCaZM9nOd,9b7e03ea90dd46db9779dc21eb04ca5a,2025-03-27T00:51:55Z,1,,fa8f26b75d8a456e86a5bba87f69c8cd
spotify:track:5ptjyu9U6GLHiSBhav57fg,9b7e03ea90dd46db9779dc21eb04ca5a,2025-03-27T00:51:55Z,0,"They say imitation is the highest form of flattery. I literally posted this in round 2. 
I thought that was an unwritten rule…",fa8f26b75d8a456e86a5bba87f69c8cd
spotify:track:4RRWp9R4K38h1XCaZM9nOd,e5c2390073644e979f43e744c33e6c60,2025-03-27T06:23:55Z,2,Love some redbone music and bbq in Somerville. Kenny is too obvious maybe Tim?,fa8f26b75d8a456e86a5bba87f69c8cd
spotify:track:6VjvSxZVefzlBKROzlTQaT,e5c2390073644e979f43e744c33e6c60,2025-03-27T06:23:55Z,2,,fa8f26b75d8a456e86a5bba87f69c8cd
spotify:track:6HNDaFHiEH8Ul7vxIh2HPJ,e5c2390073644e979f43e744c33e6c60,2025-03-27T06:23:55Z,3,Grace new queen of shred! Dianna’s pick,fa8f26b75d8a456e86a5bba87f69c8cd
spotify:track:4pNzBbGcqXofx8mLBPTeih,e5c2390073644e979f43e744c33e6c60,2025-03-27T06:23:55Z,1,,fa8f26b75d8a456e86a5bba87f69c8cd
spotify:track:2cAE4IFjDM4uFLHA4lG3Yw,e5c2390073644e979f43e744c33e6c60,2025-03-27T06:23:55Z,1,,fa8f26b75d8a456e86a5bba87f69c8cd
spotify:track:1sN36lAQq4ElbU1dgNefol,e5c2390073644e979f43e744c33e6c60,2025-03-27T06:23:55Z,0,Not enough points to go around,fa8f26b75d8a456e86a5bba87f69c8cd
spotify:track:1NsUICf9ugoSbpyue5qcDh,e5c2390073644e979f43e744c33e6c60,2025-03-27T06:23:55Z,1,,fa8f26b75d8a456e86a5bba87f69c8cd
spotify:track:2CXjrph4GOOERwlmak9CyE,e5c2390073644e979f43e744c33e6c60,2025-03-27T06:23:55Z,1,,fa8f26b75d8a456e86a5bba87f69c8cd
spotify:track:41cpvQ2GyGb2BRdIRSsTqK,e5c2390073644e979f43e744c33e6c60,2025-03-27T06:23:55Z,0,Just could not give this valuable points this round ,fa8f26b75d8a456e86a5bba87f69c8cd
spotify:track:3eUZrUjpOBmgSV3wlb6Ew1,e5c2390073644e979f43e744c33e6c60,2025-03-27T06:23:55Z,1,I love churrasco and now will be thinking of horse meat next time I go!,fa8f26b75d8a456e86a5bba87f69c8cd
spotify:track:31I691UrDuyt54hM6MFMoA,e5c2390073644e979f43e744c33e6c60,2025-03-27T06:23:55Z,1,,fa8f26b75d8a456e86a5bba87f69c8cd
spotify:track:65A6u9Mj3G0LgRs2x6zLuq,e5c2390073644e979f43e744c33e6c60,2025-03-27T06:23:55Z,2,Feeling like driving around Las Vegas in the 60’s,fa8f26b75d8a456e86a5bba87f69c8cd
spotify:track:4vKwWcBA4nXMPKPWcF4BvS,e5c2390073644e979f43e744c33e6c60,2025-03-27T06:23:55Z,1,,fa8f26b75d8a456e86a5bba87f69c8cd
spotify:track:1NsUICf9ugoSbpyue5qcDh,8453d173315c468e8134e2527a658ba5,2025-03-27T12:42:29Z,2,Fake ass monophonic. I like it,fa8f26b75d8a456e86a5bba87f69c8cd
spotify:track:2CXjrph4GOOERwlmak9CyE,8453d173315c468e8134e2527a658ba5,2025-03-27T12:42:29Z,4,Love this!,fa8f26b75d8a456e86a5bba87f69c8cd
spotify:track:31I691UrDuyt54hM6MFMoA,8453d173315c468e8134e2527a658ba5,2025-03-27T12:42:29Z,1,Fake ass Prince. Not as good as the fake ass monophonics,fa8f26b75d8a456e86a5bba87f69c8cd
spotify:track:41cpvQ2GyGb2BRdIRSsTqK,8453d173315c468e8134e2527a658ba5,2025-03-27T12:42:29Z,2,1 point for reminding me of the scene in Fletch,fa8f26b75d8a456e86a5bba87f69c8cd
spotify:track:4FqimycrrBbrtBQfooXLNU,8453d173315c468e8134e2527a658ba5,2025-03-27T12:42:29Z,2,Real nice,fa8f26b75d8a456e86a5bba87f69c8cd
spotify:track:4pNzBbGcqXofx8mLBPTeih,8453d173315c468e8134e2527a658ba5,2025-03-27T12:42:29Z,1,,fa8f26b75d8a456e86a5bba87f69c8cd
spotify:track:4RRWp9R4K38h1XCaZM9nOd,8453d173315c468e8134e2527a658ba5,2025-03-27T12:42:29Z,0,If Kenny didn’t pick it he’ll high kick it. ,fa8f26b75d8a456e86a5bba87f69c8cd
spotify:track:4vKwWcBA4nXMPKPWcF4BvS,8453d173315c468e8134e2527a658ba5,2025-03-27T12:42:29Z,1,,fa8f26b75d8a456e86a5bba87f69c8cd
spotify:track:5ptjyu9U6GLHiSBhav57fg,8453d173315c468e8134e2527a658ba5,2025-03-27T12:42:29Z,2,Been digging these guys lately. Great choice ,fa8f26b75d8a456e86a5bba87f69c8cd
spotify:track:65A6u9Mj3G0LgRs2x6zLuq,8453d173315c468e8134e2527a658ba5,2025-03-27T12:42:29Z,0,Too ratpacky,fa8f26b75d8a456e86a5bba87f69c8cd
spotify:track:6uAt2PE7YB5gHeCAFeD7G6,8453d173315c468e8134e2527a658ba5,2025-03-27T12:42:29Z,1,,fa8f26b75d8a456e86a5bba87f69c8cd
spotify:track:2cAE4IFjDM4uFLHA4lG3Yw,1c89e947d02949ed86d05ec22a7350bf,2025-03-27T13:31:18Z,1,,fa8f26b75d8a456e86a5bba87f69c8cd
spotify:track:1NsUICf9ugoSbpyue5qcDh,1c89e947d02949ed86d05ec22a7350bf,2025-03-27T13:31:18Z,1,dreamy,fa8f26b75d8a456e86a5bba87f69c8cd
spotify:track:1sN36lAQq4ElbU1dgNefol,1c89e947d02949ed86d05ec22a7350bf,2025-03-27T13:31:18Z,2,giving my max points to the babes this round ,fa8f26b75d8a456e86a5bba87f69c8cd
spotify:track:6VjvSxZVefzlBKROzlTQaT,1c89e947d02949ed86d05ec22a7350bf,2025-03-27T13:31:18Z,1,,fa8f26b75d8a456e86a5bba87f69c8cd
spotify:track:6uAt2PE7YB5gHeCAFeD7G6,1c89e947d02949ed86d05ec22a7350bf,2025-03-27T13:31:18Z,1,,fa8f26b75d8a456e86a5bba87f69c8cd
spotify:track:6HNDaFHiEH8Ul7vxIh2HPJ,1c89e947d02949ed86d05ec22a7350bf,2025-03-27T13:31:18Z,2,babe points ,fa8f26b75d8a456e86a5bba87f69c8cd
spotify:track:65A6u9Mj3G0LgRs2x6zLuq,1c89e947d02949ed86d05ec22a7350bf,2025-03-27T13:31:18Z,1,,fa8f26b75d8a456e86a5bba87f69c8cd
spotify:track:5ptjyu9U6GLHiSBhav57fg,1c89e947d02949ed86d05ec22a7350bf,2025-03-27T13:31:18Z,1,,fa8f26b75d8a456e86a5bba87f69c8cd
spotify:track:4RRWp9R4K38h1XCaZM9nOd,1c89e947d02949ed86d05ec22a7350bf,2025-03-27T13:31:18Z,1,,fa8f26b75d8a456e86a5bba87f69c8cd
spotify:track:4pNzBbGcqXofx8mLBPTeih,1c89e947d02949ed86d05ec22a7350bf,2025-03-27T13:31:18Z,2,babe points ,fa8f26b75d8a456e86a5bba87f69c8cd
spotify:track:41cpvQ2GyGb2BRdIRSsTqK,1c89e947d02949ed86d05ec22a7350bf,2025-03-27T13:31:18Z,1,,fa8f26b75d8a456e86a5bba87f69c8cd
spotify:track:3eUZrUjpOBmgSV3wlb6Ew1,1c89e947d02949ed86d05ec22a7350bf,2025-03-27T13:31:18Z,0,a little too much going on ,fa8f26b75d8a456e86a5bba87f69c8cd
spotify:track:31I691UrDuyt54hM6MFMoA,1c89e947d02949ed86d05ec22a7350bf,2025-03-27T13:31:18Z,2,babe points ,fa8f26b75d8a456e86a5bba87f69c8cd
spotify:track:65A6u9Mj3G0LgRs2x6zLuq,7fdceb56429c4e38939c3e5ee41bfdd0,2025-03-27T14:24:00Z,0,Too big band for me at times ,fa8f26b75d8a456e86a5bba87f69c8cd
spotify:track:1NsUICf9ugoSbpyue5qcDh,7fdceb56429c4e38939c3e5ee41bfdd0,2025-03-27T14:24:00Z,1,,fa8f26b75d8a456e86a5bba87f69c8cd
spotify:track:1sN36lAQq4ElbU1dgNefol,7fdceb56429c4e38939c3e5ee41bfdd0,2025-03-27T14:24:00Z,1,She wrote this after listening to the last prompt playlist,fa8f26b75d8a456e86a5bba87f69c8cd
spotify:track:2cAE4IFjDM4uFLHA4lG3Yw,7fdceb56429c4e38939c3e5ee41bfdd0,2025-03-27T14:24:00Z,1,,fa8f26b75d8a456e86a5bba87f69c8cd
spotify:track:2CXjrph4GOOERwlmak9CyE,7fdceb56429c4e38939c3e5ee41bfdd0,2025-03-27T14:24:00Z,2,,fa8f26b75d8a456e86a5bba87f69c8cd
spotify:track:31I691UrDuyt54hM6MFMoA,7fdceb56429c4e38939c3e5ee41bfdd0,2025-03-27T14:24:00Z,1,Boppy ,fa8f26b75d8a456e86a5bba87f69c8cd
spotify:track:41cpvQ2GyGb2BRdIRSsTqK,7fdceb56429c4e38939c3e5ee41bfdd0,2025-03-27T14:24:00Z,1,Best version ,fa8f26b75d8a456e86a5bba87f69c8cd
spotify:track:4FqimycrrBbrtBQfooXLNU,7fdceb56429c4e38939c3e5ee41bfdd0,2025-03-27T14:24:00Z,1,,fa8f26b75d8a456e86a5bba87f69c8cd
spotify:track:4pNzBbGcqXofx8mLBPTeih,7fdceb56429c4e38939c3e5ee41bfdd0,2025-03-27T14:24:00Z,2,One of my favs this round goes to a lady Gaga song. Did not see this coming and not sure exactly how I feel about it. ,fa8f26b75d8a456e86a5bba87f69c8cd
spotify:track:4RRWp9R4K38h1XCaZM9nOd,7fdceb56429c4e38939c3e5ee41bfdd0,2025-03-27T14:24:00Z,1,,fa8f26b75d8a456e86a5bba87f69c8cd
spotify:track:5ptjyu9U6GLHiSBhav57fg,7fdceb56429c4e38939c3e5ee41bfdd0,2025-03-27T14:24:00Z,1,,fa8f26b75d8a456e86a5bba87f69c8cd
spotify:track:6HNDaFHiEH8Ul7vxIh2HPJ,7fdceb56429c4e38939c3e5ee41bfdd0,2025-03-27T14:24:00Z,2,The power of bower ,fa8f26b75d8a456e86a5bba87f69c8cd
spotify:track:6uAt2PE7YB5gHeCAFeD7G6,7fdceb56429c4e38939c3e5ee41bfdd0,2025-03-27T14:24:00Z,1,,fa8f26b75d8a456e86a5bba87f69c8cd
spotify:track:6VjvSxZVefzlBKROzlTQaT,7fdceb56429c4e38939c3e5ee41bfdd0,2025-03-27T14:24:00Z,1,,fa8f26b75d8a456e86a5bba87f69c8cd
spotify:track:41cpvQ2GyGb2BRdIRSsTqK,0b4377c224ba402d97adce848425da90,2025-03-27T14:53:58Z,0,Shitty autotune intro ,fa8f26b75d8a456e86a5bba87f69c8cd
spotify:track:3eUZrUjpOBmgSV3wlb6Ew1,0b4377c224ba402d97adce848425da90,2025-03-27T14:53:58Z,0,Bitch ass Glen Miller intro,fa8f26b75d8a456e86a5bba87f69c8cd
spotify:track:31I691UrDuyt54hM6MFMoA,0b4377c224ba402d97adce848425da90,2025-03-27T14:53:58Z,1,Slick drum and bass intro ,fa8f26b75d8a456e86a5bba87f69c8cd
spotify:track:2CXjrph4GOOERwlmak9CyE,0b4377c224ba402d97adce848425da90,2025-03-27T14:53:58Z,3,My favorite of the week. This song is the complete package for me. ,fa8f26b75d8a456e86a5bba87f69c8cd
spotify:track:2cAE4IFjDM4uFLHA4lG3Yw,0b4377c224ba402d97adce848425da90,2025-03-27T14:53:58Z,1,,fa8f26b75d8a456e86a5bba87f69c8cd
spotify:track:1sN36lAQq4ElbU1dgNefol,0b4377c224ba402d97adce848425da90,2025-03-27T14:53:58Z,2,She sounds like she could talk a man (or woman) into just about anything. ,fa8f26b75d8a456e86a5bba87f69c8cd
spotify:track:6uAt2PE7YB5gHeCAFeD7G6,0b4377c224ba402d97adce848425da90,2025-03-27T14:53:58Z,2,Classic Daptone sounding intro. Great voice.  ,fa8f26b75d8a456e86a5bba87f69c8cd
spotify:track:6VjvSxZVefzlBKROzlTQaT,0b4377c224ba402d97adce848425da90,2025-03-27T14:53:58Z,1,Mind Left Body intro,fa8f26b75d8a456e86a5bba87f69c8cd
spotify:track:1NsUICf9ugoSbpyue5qcDh,0b4377c224ba402d97adce848425da90,2025-03-27T14:53:58Z,0,Boring ass “You Don’t Own Me”sounding intro ,fa8f26b75d8a456e86a5bba87f69c8cd
spotify:track:5ptjyu9U6GLHiSBhav57fg,0b4377c224ba402d97adce848425da90,2025-03-27T14:53:58Z,1,,fa8f26b75d8a456e86a5bba87f69c8cd
spotify:track:4vKwWcBA4nXMPKPWcF4BvS,0b4377c224ba402d97adce848425da90,2025-03-27T14:53:58Z,2,Another slick drum and bass intro ,fa8f26b75d8a456e86a5bba87f69c8cd
spotify:track:4RRWp9R4K38h1XCaZM9nOd,0b4377c224ba402d97adce848425da90,2025-03-27T14:53:58Z,1,Lovely classical intro ,fa8f26b75d8a456e86a5bba87f69c8cd
spotify:track:4pNzBbGcqXofx8mLBPTeih,0b4377c224ba402d97adce848425da90,2025-03-27T14:53:58Z,1,"Two amazing lyrics in this one:

“Gonna make the curtains cream”

“Imma be your full time bedroom demon”",fa8f26b75d8a456e86a5bba87f69c8cd
spotify:track:4FqimycrrBbrtBQfooXLNU,0b4377c224ba402d97adce848425da90,2025-03-27T14:53:58Z,1,This reminded me so much of another song. I whistled it into Google song recognition and it found it immediately: Miley Cyrus’ The Climb. Maybe that will make sense to someone. ,fa8f26b75d8a456e86a5bba87f69c8cd
spotify:track:6VjvSxZVefzlBKROzlTQaT,4e117e3021d7466c8bf0b654f8357418,2025-03-27T15:34:49Z,2,,fa8f26b75d8a456e86a5bba87f69c8cd
spotify:track:4vKwWcBA4nXMPKPWcF4BvS,4e117e3021d7466c8bf0b654f8357418,2025-03-27T15:34:49Z,1,,fa8f26b75d8a456e86a5bba87f69c8cd
spotify:track:4RRWp9R4K38h1XCaZM9nOd,4e117e3021d7466c8bf0b654f8357418,2025-03-27T15:34:49Z,2,,fa8f26b75d8a456e86a5bba87f69c8cd
spotify:track:3eUZrUjpOBmgSV3wlb6Ew1,4e117e3021d7466c8bf0b654f8357418,2025-03-27T15:34:49Z,3,,fa8f26b75d8a456e86a5bba87f69c8cd
spotify:track:31I691UrDuyt54hM6MFMoA,4e117e3021d7466c8bf0b654f8357418,2025-03-27T15:34:49Z,3,,fa8f26b75d8a456e86a5bba87f69c8cd
spotify:track:1sN36lAQq4ElbU1dgNefol,4e117e3021d7466c8bf0b654f8357418,2025-03-27T15:34:49Z,4,,fa8f26b75d8a456e86a5bba87f69c8cd
spotify:track:65A6u9Mj3G0LgRs2x6zLuq,4e117e3021d7466c8bf0b654f8357418,2025-03-27T15:34:49Z,1,,fa8f26b75d8a456e86a5bba87f69c8cd
spotify:track:2CXjrph4GOOERwlmak9CyE,7acfbf6ff4234d00875b58e7b2ec389d,2025-03-27T17:54:24Z,3,Incredible track.  Dancing in my chair like crazy.  That beat grooves so hard.  Instant Save.  Co-winner for me,fa8f26b75d8a456e86a5bba87f69c8cd
spotify:track:4pNzBbGcqXofx8mLBPTeih,7acfbf6ff4234d00875b58e7b2ec389d,2025-03-27T17:54:24Z,0,"I would never have heard this without music league, so I dig this.  Decent for mainstream, but def not a save for me lol.  ",fa8f26b75d8a456e86a5bba87f69c8cd
spotify:track:4FqimycrrBbrtBQfooXLNU,7acfbf6ff4234d00875b58e7b2ec389d,2025-03-27T17:54:24Z,0,"I liked this, but it needs a little more ass for me.  Little too light and fluffy with not much going on to score the big points. ",fa8f26b75d8a456e86a5bba87f69c8cd
spotify:track:41cpvQ2GyGb2BRdIRSsTqK,7acfbf6ff4234d00875b58e7b2ec389d,2025-03-27T17:54:24Z,0,"Frank Ocean is Clark's fav so I've been trying to like him more.  It's not happening.  Moon River was my grandparents song, and I remember my grandpa singing it to her for her anniversary.  It was insanely sweet and you have no ruined that moment.  ",fa8f26b75d8a456e86a5bba87f69c8cd
spotify:track:3eUZrUjpOBmgSV3wlb6Ew1,7acfbf6ff4234d00875b58e7b2ec389d,2025-03-27T17:54:24Z,2,This got me wayyyy more in the mood than half the sex tracks.  This is great.  Saved.,fa8f26b75d8a456e86a5bba87f69c8cd
spotify:track:31I691UrDuyt54hM6MFMoA,7acfbf6ff4234d00875b58e7b2ec389d,2025-03-27T17:54:24Z,2,"A bit outside of my normal zone, but this rocks.  Bassline reminds me of Radar Blip from Mike Gordon.  ",fa8f26b75d8a456e86a5bba87f69c8cd
spotify:track:4RRWp9R4K38h1XCaZM9nOd,7acfbf6ff4234d00875b58e7b2ec389d,2025-03-27T17:54:24Z,0,"Pretty sure this is Kenny. If not, whoever this is needs to talk to Wrecked.  ",fa8f26b75d8a456e86a5bba87f69c8cd
spotify:track:2cAE4IFjDM4uFLHA4lG3Yw,7acfbf6ff4234d00875b58e7b2ec389d,2025-03-27T17:54:24Z,3,I hate that you wrote anything here because this track if FUCKING FIRE.  This is what I want out of music league.  Instant save.  Co-winner for me,fa8f26b75d8a456e86a5bba87f69c8cd
spotify:track:1sN36lAQq4ElbU1dgNefol,7acfbf6ff4234d00875b58e7b2ec389d,2025-03-27T17:54:24Z,2,Anna Ash is a huge fav of mine! I've been waiting to drop this in the right spot.  Can't wait to see who this is! ,fa8f26b75d8a456e86a5bba87f69c8cd
spotify:track:6VjvSxZVefzlBKROzlTQaT,7acfbf6ff4234d00875b58e7b2ec389d,2025-03-27T17:54:24Z,0,Amazing this was the last track.  It did the trick.  I passed out. ,fa8f26b75d8a456e86a5bba87f69c8cd
spotify:track:6uAt2PE7YB5gHeCAFeD7G6,7acfbf6ff4234d00875b58e7b2ec389d,2025-03-27T17:54:24Z,1,Ngonda Ngonda work here any more.  ,fa8f26b75d8a456e86a5bba87f69c8cd
spotify:track:6HNDaFHiEH8Ul7vxIh2HPJ,7acfbf6ff4234d00875b58e7b2ec389d,2025-03-27T17:54:24Z,1,Yeah I liked this.  I'm very interested in Wine on Venus.  Feel like this would be way cooler live though. ,fa8f26b75d8a456e86a5bba87f69c8cd
spotify:track:65A6u9Mj3G0LgRs2x6zLuq,7acfbf6ff4234d00875b58e7b2ec389d,2025-03-27T17:54:24Z,0,Reminds me of high school band when I played the French Horn.  I used to get in trouble for talking too much. ,fa8f26b75d8a456e86a5bba87f69c8cd
spotify:track:5ptjyu9U6GLHiSBhav57fg,7acfbf6ff4234d00875b58e7b2ec389d,2025-03-27T17:54:24Z,0,This song is fire but it's already been submitted. ,fa8f26b75d8a456e86a5bba87f69c8cd
spotify:track:4vKwWcBA4nXMPKPWcF4BvS,7acfbf6ff4234d00875b58e7b2ec389d,2025-03-27T17:54:24Z,2,LOVE Tommy Guerrero.  Dude can fucking groove.  Great choice. ,fa8f26b75d8a456e86a5bba87f69c8cd
spotify:track:1NsUICf9ugoSbpyue5qcDh,605866a938e54c5da212fc8595186729,2025-03-28T10:08:25Z,1,,fa8f26b75d8a456e86a5bba87f69c8cd
spotify:track:1sN36lAQq4ElbU1dgNefol,605866a938e54c5da212fc8595186729,2025-03-28T10:08:25Z,2,,fa8f26b75d8a456e86a5bba87f69c8cd
spotify:track:2cAE4IFjDM4uFLHA4lG3Yw,605866a938e54c5da212fc8595186729,2025-03-28T10:08:25Z,1,,fa8f26b75d8a456e86a5bba87f69c8cd
spotify:track:2CXjrph4GOOERwlmak9CyE,605866a938e54c5da212fc8595186729,2025-03-28T10:08:25Z,1,,fa8f26b75d8a456e86a5bba87f69c8cd
spotify:track:31I691UrDuyt54hM6MFMoA,605866a938e54c5da212fc8595186729,2025-03-28T10:08:25Z,0,Not enough points!!,fa8f26b75d8a456e86a5bba87f69c8cd
spotify:track:3eUZrUjpOBmgSV3wlb6Ew1,605866a938e54c5da212fc8595186729,2025-03-28T10:08:25Z,1,🪩🕺🪩,fa8f26b75d8a456e86a5bba87f69c8cd
spotify:track:4FqimycrrBbrtBQfooXLNU,605866a938e54c5da212fc8595186729,2025-03-28T10:08:25Z,0,Like this voice but not feeling the song overall ,fa8f26b75d8a456e86a5bba87f69c8cd
spotify:track:4pNzBbGcqXofx8mLBPTeih,605866a938e54c5da212fc8595186729,2025-03-28T10:08:25Z,3,Have had this album on repeat for weeks and was going to submit Gaga; 5 pts but didn’t have enough! ,fa8f26b75d8a456e86a5bba87f69c8cd
spotify:track:4RRWp9R4K38h1XCaZM9nOd,605866a938e54c5da212fc8595186729,2025-03-28T10:08:25Z,0,Someone’s recently into Kenny’s Redbone playlist !,fa8f26b75d8a456e86a5bba87f69c8cd
spotify:track:6VjvSxZVefzlBKROzlTQaT,605866a938e54c5da212fc8595186729,2025-03-28T10:08:25Z,1,,fa8f26b75d8a456e86a5bba87f69c8cd
spotify:track:6uAt2PE7YB5gHeCAFeD7G6,605866a938e54c5da212fc8595186729,2025-03-28T10:08:25Z,1,,fa8f26b75d8a456e86a5bba87f69c8cd
spotify:track:6HNDaFHiEH8Ul7vxIh2HPJ,605866a938e54c5da212fc8595186729,2025-03-28T10:08:25Z,2,Can’t wait to see her live!,fa8f26b75d8a456e86a5bba87f69c8cd
spotify:track:65A6u9Mj3G0LgRs2x6zLuq,605866a938e54c5da212fc8595186729,2025-03-28T10:08:25Z,0,Enjoying this one but it’s not grabbing my attention the way the others are ,fa8f26b75d8a456e86a5bba87f69c8cd
spotify:track:5ptjyu9U6GLHiSBhav57fg,605866a938e54c5da212fc8595186729,2025-03-28T10:08:25Z,1,,fa8f26b75d8a456e86a5bba87f69c8cd
spotify:track:4vKwWcBA4nXMPKPWcF4BvS,605866a938e54c5da212fc8595186729,2025-03-28T10:08:25Z,2,,fa8f26b75d8a456e86a5bba87f69c8cd
spotify:track:1m5N9YCZL4BXuSXdYmhRaj,d0b05ef03f5e4598a3e8532b812c3330,2025-03-30T13:08:15Z,1,,4f0c585477e14d2eaff22cc227ec3a1e
spotify:track:1UP7PXne1lIYZB5G5aiRGL,d0b05ef03f5e4598a3e8532b812c3330,2025-03-30T13:08:15Z,3,Adored this song from the moment I heard it and it hasn’t lost its luster 100 listens in ,4f0c585477e14d2eaff22cc227ec3a1e
spotify:track:0AwEQyt4fcZNTIggXmkIRq,d0b05ef03f5e4598a3e8532b812c3330,2025-03-30T13:08:15Z,2,Yesssss coming out with some power in the one spot,4f0c585477e14d2eaff22cc227ec3a1e
spotify:track:2hfjGsWCj47bdpE6oJuUL7,d0b05ef03f5e4598a3e8532b812c3330,2025-03-30T13:08:15Z,1,Classic compilation album. It takes a lot to laugh with stills was on my short list. ,4f0c585477e14d2eaff22cc227ec3a1e
spotify:track:2ngkSsDjbKRxovWkMfjBUk,d0b05ef03f5e4598a3e8532b812c3330,2025-03-30T13:08:15Z,1,Yes mavis yes ,4f0c585477e14d2eaff22cc227ec3a1e
spotify:track:30oHGCA7ihNMLWn3wmZ35M,d0b05ef03f5e4598a3e8532b812c3330,2025-03-30T13:08:15Z,2,Very fun ,4f0c585477e14d2eaff22cc227ec3a1e
spotify:track:3RmKpob8xzv1pzHEQrMJah,d0b05ef03f5e4598a3e8532b812c3330,2025-03-30T13:08:15Z,1,Banger ,4f0c585477e14d2eaff22cc227ec3a1e
spotify:track:3WH7R6keO9vRszyPT1Q9mj,d0b05ef03f5e4598a3e8532b812c3330,2025-03-30T13:08:15Z,0,I wanted this to work for me. It just didn’t. ,4f0c585477e14d2eaff22cc227ec3a1e
spotify:track:4GhBcTl9IGffZjZ2e0moqK,d0b05ef03f5e4598a3e8532b812c3330,2025-03-30T13:08:15Z,0,Also wanted this to work and it didn’t. ,4f0c585477e14d2eaff22cc227ec3a1e
spotify:track:4YSQJk2gezunUzvPZDgHQX,d0b05ef03f5e4598a3e8532b812c3330,2025-03-30T13:08:15Z,1,Love Ari Joshua. Look out for him  in the all’s eye with gooses old drummer. ,4f0c585477e14d2eaff22cc227ec3a1e
spotify:track:5Fik3NpxT1qBKSXfXe8YBr,d0b05ef03f5e4598a3e8532b812c3330,2025-03-30T13:08:15Z,0,Ouch. Maybe I learned through this prompt I only like David Byrne in the talking heads. ,4f0c585477e14d2eaff22cc227ec3a1e
spotify:track:6UPMVHR7TyTeYPP67B3QMf,d0b05ef03f5e4598a3e8532b812c3330,2025-03-30T13:08:15Z,1,,4f0c585477e14d2eaff22cc227ec3a1e
spotify:track:7e2T6TKztcym8SMPHjCag5,d0b05ef03f5e4598a3e8532b812c3330,2025-03-30T13:08:15Z,2,Another memo banger. He must have nasty speakers and headphones. ,4f0c585477e14d2eaff22cc227ec3a1e
spotify:track:7xqUrcModMRC4M6wpvYLRh,d0b05ef03f5e4598a3e8532b812c3330,2025-03-30T13:08:15Z,1,Solid and fun. Just a little long in the tooth. ,4f0c585477e14d2eaff22cc227ec3a1e
spotify:track:0AwEQyt4fcZNTIggXmkIRq,183c5f6ed1b147099842917a9576c8f4,2025-03-30T16:24:34Z,2,Almost docked a pt for getting me excited for this list,4f0c585477e14d2eaff22cc227ec3a1e
spotify:track:0VVtv8sJ7Pl9j4h0iKisFa,183c5f6ed1b147099842917a9576c8f4,2025-03-30T16:24:34Z,0,Stopped listening a minute and a half in. What happened next?,4f0c585477e14d2eaff22cc227ec3a1e
spotify:track:1Gg5sm1IeeKK6GeV8WXbQl,183c5f6ed1b147099842917a9576c8f4,2025-03-30T16:24:34Z,0,😬,4f0c585477e14d2eaff22cc227ec3a1e
spotify:track:1m5N9YCZL4BXuSXdYmhRaj,183c5f6ed1b147099842917a9576c8f4,2025-03-30T16:24:34Z,2,Really enjoyed this album,4f0c585477e14d2eaff22cc227ec3a1e
spotify:track:1UP7PXne1lIYZB5G5aiRGL,183c5f6ed1b147099842917a9576c8f4,2025-03-30T16:24:34Z,0,A blemish on an otherwise great album,4f0c585477e14d2eaff22cc227ec3a1e
spotify:track:2hfjGsWCj47bdpE6oJuUL7,183c5f6ed1b147099842917a9576c8f4,2025-03-30T16:24:34Z,3,"On my shortlist. Dripping, oozing, exploding with soul",4f0c585477e14d2eaff22cc227ec3a1e
spotify:track:2ngkSsDjbKRxovWkMfjBUk,183c5f6ed1b147099842917a9576c8f4,2025-03-30T16:24:34Z,1,,4f0c585477e14d2eaff22cc227ec3a1e
spotify:track:30oHGCA7ihNMLWn3wmZ35M,183c5f6ed1b147099842917a9576c8f4,2025-03-30T16:24:34Z,1,Loved this at the jump. Forgot it was still playing 3 minutes later ?,4f0c585477e14d2eaff22cc227ec3a1e
spotify:track:3RmKpob8xzv1pzHEQrMJah,183c5f6ed1b147099842917a9576c8f4,2025-03-30T16:24:34Z,0,C'mon,4f0c585477e14d2eaff22cc227ec3a1e
spotify:track:4GhBcTl9IGffZjZ2e0moqK,183c5f6ed1b147099842917a9576c8f4,2025-03-30T16:24:34Z,1,,4f0c585477e14d2eaff22cc227ec3a1e
spotify:track:4YSQJk2gezunUzvPZDgHQX,183c5f6ed1b147099842917a9576c8f4,2025-03-30T16:24:34Z,1,Josh Josh Josh Josh ,4f0c585477e14d2eaff22cc227ec3a1e
spotify:track:5Fik3NpxT1qBKSXfXe8YBr,183c5f6ed1b147099842917a9576c8f4,2025-03-30T16:24:34Z,3,Second best Byrne collab on the list,4f0c585477e14d2eaff22cc227ec3a1e
spotify:track:6UPMVHR7TyTeYPP67B3QMf,183c5f6ed1b147099842917a9576c8f4,2025-03-30T16:24:34Z,1,,4f0c585477e14d2eaff22cc227ec3a1e
spotify:track:7e2T6TKztcym8SMPHjCag5,183c5f6ed1b147099842917a9576c8f4,2025-03-30T16:24:34Z,1,,4f0c585477e14d2eaff22cc227ec3a1e
spotify:track:7xqUrcModMRC4M6wpvYLRh,183c5f6ed1b147099842917a9576c8f4,2025-03-30T16:24:34Z,0,A toot for this playlist,4f0c585477e14d2eaff22cc227ec3a1e
spotify:track:0VVtv8sJ7Pl9j4h0iKisFa,7fdceb56429c4e38939c3e5ee41bfdd0,2025-03-30T18:24:34Z,1,,4f0c585477e14d2eaff22cc227ec3a1e
spotify:track:1Gg5sm1IeeKK6GeV8WXbQl,7fdceb56429c4e38939c3e5ee41bfdd0,2025-03-30T18:24:34Z,0,Individually better than together ,4f0c585477e14d2eaff22cc227ec3a1e
spotify:track:1m5N9YCZL4BXuSXdYmhRaj,7fdceb56429c4e38939c3e5ee41bfdd0,2025-03-30T18:24:34Z,2,,4f0c585477e14d2eaff22cc227ec3a1e
spotify:track:1UP7PXne1lIYZB5G5aiRGL,7fdceb56429c4e38939c3e5ee41bfdd0,2025-03-30T18:24:34Z,1,,4f0c585477e14d2eaff22cc227ec3a1e
spotify:track:2hfjGsWCj47bdpE6oJuUL7,7fdceb56429c4e38939c3e5ee41bfdd0,2025-03-30T18:24:34Z,2,These guys can play,4f0c585477e14d2eaff22cc227ec3a1e
spotify:track:2ngkSsDjbKRxovWkMfjBUk,7fdceb56429c4e38939c3e5ee41bfdd0,2025-03-30T18:24:34Z,2,,4f0c585477e14d2eaff22cc227ec3a1e
spotify:track:3WH7R6keO9vRszyPT1Q9mj,7fdceb56429c4e38939c3e5ee41bfdd0,2025-03-30T18:24:34Z,2,The better of the two ,4f0c585477e14d2eaff22cc227ec3a1e
spotify:track:4GhBcTl9IGffZjZ2e0moqK,7fdceb56429c4e38939c3e5ee41bfdd0,2025-03-30T18:24:34Z,2,,4f0c585477e14d2eaff22cc227ec3a1e
spotify:track:4YSQJk2gezunUzvPZDgHQX,7fdceb56429c4e38939c3e5ee41bfdd0,2025-03-30T18:24:34Z,2,Enjoyed this one ,4f0c585477e14d2eaff22cc227ec3a1e
spotify:track:5Fik3NpxT1qBKSXfXe8YBr,7fdceb56429c4e38939c3e5ee41bfdd0,2025-03-30T18:24:34Z,0,Byrned by the other submission ,4f0c585477e14d2eaff22cc227ec3a1e
spotify:track:6UPMVHR7TyTeYPP67B3QMf,7fdceb56429c4e38939c3e5ee41bfdd0,2025-03-30T18:24:34Z,1,,4f0c585477e14d2eaff22cc227ec3a1e
spotify:track:7e2T6TKztcym8SMPHjCag5,7fdceb56429c4e38939c3e5ee41bfdd0,2025-03-30T18:24:34Z,1,,4f0c585477e14d2eaff22cc227ec3a1e
spotify:track:7xqUrcModMRC4M6wpvYLRh,7fdceb56429c4e38939c3e5ee41bfdd0,2025-03-30T18:24:34Z,0,Toots don’t make me horny,4f0c585477e14d2eaff22cc227ec3a1e
spotify:track:0AwEQyt4fcZNTIggXmkIRq,4e117e3021d7466c8bf0b654f8357418,2025-03-30T19:44:54Z,2,,4f0c585477e14d2eaff22cc227ec3a1e
spotify:track:1Gg5sm1IeeKK6GeV8WXbQl,4e117e3021d7466c8bf0b654f8357418,2025-03-30T19:44:54Z,1,,4f0c585477e14d2eaff22cc227ec3a1e
spotify:track:1m5N9YCZL4BXuSXdYmhRaj,4e117e3021d7466c8bf0b654f8357418,2025-03-30T19:44:54Z,3,,4f0c585477e14d2eaff22cc227ec3a1e
spotify:track:1UP7PXne1lIYZB5G5aiRGL,4e117e3021d7466c8bf0b654f8357418,2025-03-30T19:44:54Z,1,,4f0c585477e14d2eaff22cc227ec3a1e
spotify:track:2hfjGsWCj47bdpE6oJuUL7,4e117e3021d7466c8bf0b654f8357418,2025-03-30T19:44:54Z,1,,4f0c585477e14d2eaff22cc227ec3a1e
spotify:track:30oHGCA7ihNMLWn3wmZ35M,4e117e3021d7466c8bf0b654f8357418,2025-03-30T19:44:54Z,3,,4f0c585477e14d2eaff22cc227ec3a1e
spotify:track:3WH7R6keO9vRszyPT1Q9mj,4e117e3021d7466c8bf0b654f8357418,2025-03-30T19:44:54Z,1,✊,4f0c585477e14d2eaff22cc227ec3a1e
spotify:track:4GhBcTl9IGffZjZ2e0moqK,4e117e3021d7466c8bf0b654f8357418,2025-03-30T19:44:54Z,1,,4f0c585477e14d2eaff22cc227ec3a1e
spotify:track:4YSQJk2gezunUzvPZDgHQX,4e117e3021d7466c8bf0b654f8357418,2025-03-30T19:44:54Z,1,,4f0c585477e14d2eaff22cc227ec3a1e
spotify:track:7xqUrcModMRC4M6wpvYLRh,4e117e3021d7466c8bf0b654f8357418,2025-03-30T19:44:54Z,2,,4f0c585477e14d2eaff22cc227ec3a1e
spotify:track:0AwEQyt4fcZNTIggXmkIRq,605866a938e54c5da212fc8595186729,2025-03-30T21:19:10Z,2,,4f0c585477e14d2eaff22cc227ec3a1e
spotify:track:0VVtv8sJ7Pl9j4h0iKisFa,605866a938e54c5da212fc8595186729,2025-03-30T21:19:10Z,1,,4f0c585477e14d2eaff22cc227ec3a1e
spotify:track:1UP7PXne1lIYZB5G5aiRGL,605866a938e54c5da212fc8595186729,2025-03-30T21:19:10Z,2,"Love the album, but not my fave (collab) from it",4f0c585477e14d2eaff22cc227ec3a1e
spotify:track:2hfjGsWCj47bdpE6oJuUL7,605866a938e54c5da212fc8595186729,2025-03-30T21:19:10Z,3,,4f0c585477e14d2eaff22cc227ec3a1e
spotify:track:2ngkSsDjbKRxovWkMfjBUk,605866a938e54c5da212fc8595186729,2025-03-30T21:19:10Z,1,,4f0c585477e14d2eaff22cc227ec3a1e
spotify:track:30oHGCA7ihNMLWn3wmZ35M,605866a938e54c5da212fc8595186729,2025-03-30T21:19:10Z,1,,4f0c585477e14d2eaff22cc227ec3a1e
spotify:track:4GhBcTl9IGffZjZ2e0moqK,605866a938e54c5da212fc8595186729,2025-03-30T21:19:10Z,1,,4f0c585477e14d2eaff22cc227ec3a1e
spotify:track:6UPMVHR7TyTeYPP67B3QMf,605866a938e54c5da212fc8595186729,2025-03-30T21:19:10Z,2,,4f0c585477e14d2eaff22cc227ec3a1e
spotify:track:7e2T6TKztcym8SMPHjCag5,605866a938e54c5da212fc8595186729,2025-03-30T21:19:10Z,2,,4f0c585477e14d2eaff22cc227ec3a1e
spotify:track:7xqUrcModMRC4M6wpvYLRh,605866a938e54c5da212fc8595186729,2025-03-30T21:19:10Z,1,,4f0c585477e14d2eaff22cc227ec3a1e
spotify:track:0AwEQyt4fcZNTIggXmkIRq,bf3a904d73564b6c97f9e47c5429b767,2025-03-30T22:21:32Z,1,,4f0c585477e14d2eaff22cc227ec3a1e
spotify:track:0VVtv8sJ7Pl9j4h0iKisFa,bf3a904d73564b6c97f9e47c5429b767,2025-03-30T22:21:32Z,1,fa shizzle,4f0c585477e14d2eaff22cc227ec3a1e
spotify:track:1Gg5sm1IeeKK6GeV8WXbQl,bf3a904d73564b6c97f9e47c5429b767,2025-03-30T22:21:32Z,0,I mean,4f0c585477e14d2eaff22cc227ec3a1e
spotify:track:1m5N9YCZL4BXuSXdYmhRaj,bf3a904d73564b6c97f9e47c5429b767,2025-03-30T22:21:32Z,1,they should have a baby for science ,4f0c585477e14d2eaff22cc227ec3a1e
spotify:track:1UP7PXne1lIYZB5G5aiRGL,bf3a904d73564b6c97f9e47c5429b767,2025-03-30T22:21:32Z,1,,4f0c585477e14d2eaff22cc227ec3a1e
spotify:track:2ngkSsDjbKRxovWkMfjBUk,bf3a904d73564b6c97f9e47c5429b767,2025-03-30T22:21:32Z,2,dis was nice,4f0c585477e14d2eaff22cc227ec3a1e
spotify:track:30oHGCA7ihNMLWn3wmZ35M,bf3a904d73564b6c97f9e47c5429b767,2025-03-30T22:21:32Z,2,,4f0c585477e14d2eaff22cc227ec3a1e
spotify:track:3RmKpob8xzv1pzHEQrMJah,bf3a904d73564b6c97f9e47c5429b767,2025-03-30T22:21:32Z,1,,4f0c585477e14d2eaff22cc227ec3a1e
spotify:track:3WH7R6keO9vRszyPT1Q9mj,bf3a904d73564b6c97f9e47c5429b767,2025-03-30T22:21:32Z,1,,4f0c585477e14d2eaff22cc227ec3a1e
spotify:track:4GhBcTl9IGffZjZ2e0moqK,bf3a904d73564b6c97f9e47c5429b767,2025-03-30T22:21:32Z,1,saw this on my birthday like 10 years ago at tips,4f0c585477e14d2eaff22cc227ec3a1e
spotify:track:4YSQJk2gezunUzvPZDgHQX,bf3a904d73564b6c97f9e47c5429b767,2025-03-30T22:21:32Z,1,,4f0c585477e14d2eaff22cc227ec3a1e
spotify:track:5Fik3NpxT1qBKSXfXe8YBr,bf3a904d73564b6c97f9e47c5429b767,2025-03-30T22:21:32Z,1,,4f0c585477e14d2eaff22cc227ec3a1e
spotify:track:6UPMVHR7TyTeYPP67B3QMf,bf3a904d73564b6c97f9e47c5429b767,2025-03-30T22:21:32Z,1,,4f0c585477e14d2eaff22cc227ec3a1e
spotify:track:7e2T6TKztcym8SMPHjCag5,bf3a904d73564b6c97f9e47c5429b767,2025-03-30T22:21:32Z,1,,4f0c585477e14d2eaff22cc227ec3a1e
spotify:track:7xqUrcModMRC4M6wpvYLRh,bf3a904d73564b6c97f9e47c5429b767,2025-03-30T22:21:32Z,1,,4f0c585477e14d2eaff22cc227ec3a1e
spotify:track:0AwEQyt4fcZNTIggXmkIRq,9b7e03ea90dd46db9779dc21eb04ca5a,2025-03-31T13:33:19Z,1,,4f0c585477e14d2eaff22cc227ec3a1e
spotify:track:0VVtv8sJ7Pl9j4h0iKisFa,9b7e03ea90dd46db9779dc21eb04ca5a,2025-03-31T13:33:19Z,1,just not a big rap fan. The roots kill.,4f0c585477e14d2eaff22cc227ec3a1e
spotify:track:1Gg5sm1IeeKK6GeV8WXbQl,9b7e03ea90dd46db9779dc21eb04ca5a,2025-03-31T13:33:19Z,0,meh. Cool names on the song but doesn't really hit like it could. ,4f0c585477e14d2eaff22cc227ec3a1e
spotify:track:1m5N9YCZL4BXuSXdYmhRaj,9b7e03ea90dd46db9779dc21eb04ca5a,2025-03-31T13:33:19Z,1,,4f0c585477e14d2eaff22cc227ec3a1e
spotify:track:1UP7PXne1lIYZB5G5aiRGL,9b7e03ea90dd46db9779dc21eb04ca5a,2025-03-31T13:33:19Z,0,"If you walk away from hearing this song and just say ""yuck, Miley Cyrus sucks"" and totally miss out on how great of a song it is, you are beyond saving. ",4f0c585477e14d2eaff22cc227ec3a1e
spotify:track:2hfjGsWCj47bdpE6oJuUL7,9b7e03ea90dd46db9779dc21eb04ca5a,2025-03-31T13:33:19Z,1,,4f0c585477e14d2eaff22cc227ec3a1e
spotify:track:2ngkSsDjbKRxovWkMfjBUk,9b7e03ea90dd46db9779dc21eb04ca5a,2025-03-31T13:33:19Z,1,,4f0c585477e14d2eaff22cc227ec3a1e
spotify:track:30oHGCA7ihNMLWn3wmZ35M,9b7e03ea90dd46db9779dc21eb04ca5a,2025-03-31T13:33:19Z,2,what a pick. ,4f0c585477e14d2eaff22cc227ec3a1e
spotify:track:3RmKpob8xzv1pzHEQrMJah,9b7e03ea90dd46db9779dc21eb04ca5a,2025-03-31T13:33:19Z,0,still waiting for my mind to be blown...,4f0c585477e14d2eaff22cc227ec3a1e
spotify:track:3WH7R6keO9vRszyPT1Q9mj,9b7e03ea90dd46db9779dc21eb04ca5a,2025-03-31T13:33:19Z,0,just because you could doesn't mean you should. I'm glad I am not lactose intolerant. ,4f0c585477e14d2eaff22cc227ec3a1e
spotify:track:4GhBcTl9IGffZjZ2e0moqK,9b7e03ea90dd46db9779dc21eb04ca5a,2025-03-31T13:33:19Z,0,"I really can't stand pointless ""oh, hey, oh, woah""s in general. ",4f0c585477e14d2eaff22cc227ec3a1e
spotify:track:4YSQJk2gezunUzvPZDgHQX,9b7e03ea90dd46db9779dc21eb04ca5a,2025-03-31T13:33:19Z,4,THANK YOU,4f0c585477e14d2eaff22cc227ec3a1e
spotify:track:5Fik3NpxT1qBKSXfXe8YBr,9b7e03ea90dd46db9779dc21eb04ca5a,2025-03-31T13:33:19Z,0,meh. Love Bryne. Like St. Vincent. This song did not do much for me at all. ,4f0c585477e14d2eaff22cc227ec3a1e
spotify:track:6UPMVHR7TyTeYPP67B3QMf,9b7e03ea90dd46db9779dc21eb04ca5a,2025-03-31T13:33:19Z,2,,4f0c585477e14d2eaff22cc227ec3a1e
spotify:track:7e2T6TKztcym8SMPHjCag5,9b7e03ea90dd46db9779dc21eb04ca5a,2025-03-31T13:33:19Z,1,,4f0c585477e14d2eaff22cc227ec3a1e
spotify:track:7xqUrcModMRC4M6wpvYLRh,9b7e03ea90dd46db9779dc21eb04ca5a,2025-03-31T13:33:19Z,2,,4f0c585477e14d2eaff22cc227ec3a1e
spotify:track:0VVtv8sJ7Pl9j4h0iKisFa,0b4377c224ba402d97adce848425da90,2025-03-31T14:07:10Z,2,"Love The Roots, but is it that different than the album version? Jaguar Wright sounds great though. I thought we might see a Jay Z with Lincoln Park submission this round. ",4f0c585477e14d2eaff22cc227ec3a1e
spotify:track:1Gg5sm1IeeKK6GeV8WXbQl,0b4377c224ba402d97adce848425da90,2025-03-31T14:07:10Z,1,American Idol’s Randy Jackson on bass,4f0c585477e14d2eaff22cc227ec3a1e
spotify:track:1m5N9YCZL4BXuSXdYmhRaj,0b4377c224ba402d97adce848425da90,2025-03-31T14:07:10Z,1,Produced by the great T Bone Burnett,4f0c585477e14d2eaff22cc227ec3a1e
spotify:track:1UP7PXne1lIYZB5G5aiRGL,0b4377c224ba402d97adce848425da90,2025-03-31T14:07:10Z,0,I much prefer the 2Pac and Snoop version. ,4f0c585477e14d2eaff22cc227ec3a1e
spotify:track:2hfjGsWCj47bdpE6oJuUL7,0b4377c224ba402d97adce848425da90,2025-03-31T14:07:10Z,4,Bloomfield is such a beast. I love all the super sessions. ,4f0c585477e14d2eaff22cc227ec3a1e
spotify:track:2ngkSsDjbKRxovWkMfjBUk,0b4377c224ba402d97adce848425da90,2025-03-31T14:07:10Z,1,Mavis is amazing as always. Sco doesn’t do much for me here. ,4f0c585477e14d2eaff22cc227ec3a1e
spotify:track:3RmKpob8xzv1pzHEQrMJah,0b4377c224ba402d97adce848425da90,2025-03-31T14:07:10Z,2,Classic cross genre collab,4f0c585477e14d2eaff22cc227ec3a1e
spotify:track:3WH7R6keO9vRszyPT1Q9mj,0b4377c224ba402d97adce848425da90,2025-03-31T14:07:10Z,2,"Tempo shifts make it feel a bit disjointed, but these are two of my favorite artists ",4f0c585477e14d2eaff22cc227ec3a1e
spotify:track:4GhBcTl9IGffZjZ2e0moqK,0b4377c224ba402d97adce848425da90,2025-03-31T14:07:10Z,1,,4f0c585477e14d2eaff22cc227ec3a1e
spotify:track:4YSQJk2gezunUzvPZDgHQX,0b4377c224ba402d97adce848425da90,2025-03-31T14:07:10Z,0,Straightforward jazz collab,4f0c585477e14d2eaff22cc227ec3a1e
spotify:track:5Fik3NpxT1qBKSXfXe8YBr,0b4377c224ba402d97adce848425da90,2025-03-31T14:07:10Z,1,,4f0c585477e14d2eaff22cc227ec3a1e
spotify:track:6UPMVHR7TyTeYPP67B3QMf,0b4377c224ba402d97adce848425da90,2025-03-31T14:07:10Z,1,,4f0c585477e14d2eaff22cc227ec3a1e
spotify:track:1Gg5sm1IeeKK6GeV8WXbQl,a2909b31d1c04d728cfcf68ca0d73cca,2025-03-31T14:28:09Z,1,+1 for Aretha only ,4f0c585477e14d2eaff22cc227ec3a1e
spotify:track:0AwEQyt4fcZNTIggXmkIRq,a2909b31d1c04d728cfcf68ca0d73cca,2025-03-31T14:28:09Z,1,Good song but I don’t know who Lucius is. Could have been doper,4f0c585477e14d2eaff22cc227ec3a1e
spotify:track:0VVtv8sJ7Pl9j4h0iKisFa,a2909b31d1c04d728cfcf68ca0d73cca,2025-03-31T14:28:09Z,0,This needed an explanation for who the collab is. ,4f0c585477e14d2eaff22cc227ec3a1e
spotify:track:1m5N9YCZL4BXuSXdYmhRaj,a2909b31d1c04d728cfcf68ca0d73cca,2025-03-31T14:28:09Z,1,,4f0c585477e14d2eaff22cc227ec3a1e
spotify:track:1UP7PXne1lIYZB5G5aiRGL,a2909b31d1c04d728cfcf68ca0d73cca,2025-03-31T14:28:09Z,0,Interesting collab. Songs not for me,4f0c585477e14d2eaff22cc227ec3a1e
spotify:track:2hfjGsWCj47bdpE6oJuUL7,a2909b31d1c04d728cfcf68ca0d73cca,2025-03-31T14:28:09Z,2,Don’t know either of these people but it’s a great track. ,4f0c585477e14d2eaff22cc227ec3a1e
spotify:track:30oHGCA7ihNMLWn3wmZ35M,a2909b31d1c04d728cfcf68ca0d73cca,2025-03-31T14:28:09Z,1,,4f0c585477e14d2eaff22cc227ec3a1e
spotify:track:3RmKpob8xzv1pzHEQrMJah,a2909b31d1c04d728cfcf68ca0d73cca,2025-03-31T14:28:09Z,0,I mean sure it’s a collab but is it dope?,4f0c585477e14d2eaff22cc227ec3a1e
spotify:track:3WH7R6keO9vRszyPT1Q9mj,a2909b31d1c04d728cfcf68ca0d73cca,2025-03-31T14:28:09Z,1,,4f0c585477e14d2eaff22cc227ec3a1e
spotify:track:4GhBcTl9IGffZjZ2e0moqK,a2909b31d1c04d728cfcf68ca0d73cca,2025-03-31T14:28:09Z,1,,4f0c585477e14d2eaff22cc227ec3a1e
spotify:track:4YSQJk2gezunUzvPZDgHQX,a2909b31d1c04d728cfcf68ca0d73cca,2025-03-31T14:28:09Z,3,,4f0c585477e14d2eaff22cc227ec3a1e
spotify:track:5Fik3NpxT1qBKSXfXe8YBr,a2909b31d1c04d728cfcf68ca0d73cca,2025-03-31T14:28:09Z,1,,4f0c585477e14d2eaff22cc227ec3a1e
spotify:track:6UPMVHR7TyTeYPP67B3QMf,a2909b31d1c04d728cfcf68ca0d73cca,2025-03-31T14:28:09Z,1,,4f0c585477e14d2eaff22cc227ec3a1e
spotify:track:7e2T6TKztcym8SMPHjCag5,a2909b31d1c04d728cfcf68ca0d73cca,2025-03-31T14:28:09Z,2,,4f0c585477e14d2eaff22cc227ec3a1e
spotify:track:7xqUrcModMRC4M6wpvYLRh,a2909b31d1c04d728cfcf68ca0d73cca,2025-03-31T14:28:09Z,1,,4f0c585477e14d2eaff22cc227ec3a1e
spotify:track:0VVtv8sJ7Pl9j4h0iKisFa,1c89e947d02949ed86d05ec22a7350bf,2025-03-31T14:32:40Z,1,,4f0c585477e14d2eaff22cc227ec3a1e
spotify:track:1Gg5sm1IeeKK6GeV8WXbQl,1c89e947d02949ed86d05ec22a7350bf,2025-03-31T14:32:40Z,0,stop trying to make george michael happen.  aretha cant even save you here.,4f0c585477e14d2eaff22cc227ec3a1e
spotify:track:1m5N9YCZL4BXuSXdYmhRaj,1c89e947d02949ed86d05ec22a7350bf,2025-03-31T14:32:40Z,3,I saw this tour forever ago and used to love this album.  fav of the week for bringing back some good memories,4f0c585477e14d2eaff22cc227ec3a1e
spotify:track:1UP7PXne1lIYZB5G5aiRGL,1c89e947d02949ed86d05ec22a7350bf,2025-03-31T14:32:40Z,2,queens,4f0c585477e14d2eaff22cc227ec3a1e
spotify:track:2hfjGsWCj47bdpE6oJuUL7,1c89e947d02949ed86d05ec22a7350bf,2025-03-31T14:32:40Z,2,,4f0c585477e14d2eaff22cc227ec3a1e
spotify:track:2ngkSsDjbKRxovWkMfjBUk,1c89e947d02949ed86d05ec22a7350bf,2025-03-31T14:32:40Z,2,,4f0c585477e14d2eaff22cc227ec3a1e
spotify:track:30oHGCA7ihNMLWn3wmZ35M,1c89e947d02949ed86d05ec22a7350bf,2025-03-31T14:32:40Z,0,no sorry,4f0c585477e14d2eaff22cc227ec3a1e
spotify:track:3RmKpob8xzv1pzHEQrMJah,1c89e947d02949ed86d05ec22a7350bf,2025-03-31T14:32:40Z,2,classic. ,4f0c585477e14d2eaff22cc227ec3a1e
spotify:track:0AwEQyt4fcZNTIggXmkIRq,1c89e947d02949ed86d05ec22a7350bf,2025-03-31T14:32:40Z,2,always loved her,4f0c585477e14d2eaff22cc227ec3a1e
spotify:track:3WH7R6keO9vRszyPT1Q9mj,1c89e947d02949ed86d05ec22a7350bf,2025-03-31T14:32:40Z,0,sorry lost the bryne week,4f0c585477e14d2eaff22cc227ec3a1e
spotify:track:4YSQJk2gezunUzvPZDgHQX,1c89e947d02949ed86d05ec22a7350bf,2025-03-31T14:32:40Z,1,funky funky,4f0c585477e14d2eaff22cc227ec3a1e
spotify:track:5Fik3NpxT1qBKSXfXe8YBr,1c89e947d02949ed86d05ec22a7350bf,2025-03-31T14:32:40Z,1,,4f0c585477e14d2eaff22cc227ec3a1e
spotify:track:7xqUrcModMRC4M6wpvYLRh,ce76a5e6ff274137bb5127db7065d9a8,2025-03-31T15:56:12Z,2,"I read that as Fred Weasley. You’re a wizard, Harry",4f0c585477e14d2eaff22cc227ec3a1e
spotify:track:1Gg5sm1IeeKK6GeV8WXbQl,ce76a5e6ff274137bb5127db7065d9a8,2025-03-31T15:56:12Z,0,Too cheesy,4f0c585477e14d2eaff22cc227ec3a1e
spotify:track:1UP7PXne1lIYZB5G5aiRGL,ce76a5e6ff274137bb5127db7065d9a8,2025-03-31T15:56:12Z,1,"Emma was listening to this album on repeat when it came out. This one isn’t my favorite from the album, but I like it more than a lot of other songs on our playlist. Miley’s voice reminds me of the lady who ran the cash register in my middle school cafeteria - her name was Froggy",4f0c585477e14d2eaff22cc227ec3a1e
spotify:track:2hfjGsWCj47bdpE6oJuUL7,ce76a5e6ff274137bb5127db7065d9a8,2025-03-31T15:56:12Z,1,I’d go back and listen to the rest of this album. More interested in the Stills side of the record TBH,4f0c585477e14d2eaff22cc227ec3a1e
spotify:track:2ngkSsDjbKRxovWkMfjBUk,ce76a5e6ff274137bb5127db7065d9a8,2025-03-31T15:56:12Z,0,This one went by and I don’t really remember it,4f0c585477e14d2eaff22cc227ec3a1e
spotify:track:30oHGCA7ihNMLWn3wmZ35M,ce76a5e6ff274137bb5127db7065d9a8,2025-03-31T15:56:12Z,2,Interesting. I almost went with Yo-Yo Ma for this category too ,4f0c585477e14d2eaff22cc227ec3a1e
spotify:track:3RmKpob8xzv1pzHEQrMJah,ce76a5e6ff274137bb5127db7065d9a8,2025-03-31T15:56:12Z,0,That music will probably worm its way into my ear for the rest of the week,4f0c585477e14d2eaff22cc227ec3a1e
spotify:track:3WH7R6keO9vRszyPT1Q9mj,ce76a5e6ff274137bb5127db7065d9a8,2025-03-31T15:56:12Z,1,That is definitely an interesting collab,4f0c585477e14d2eaff22cc227ec3a1e
spotify:track:4GhBcTl9IGffZjZ2e0moqK,ce76a5e6ff274137bb5127db7065d9a8,2025-03-31T15:56:12Z,1,Here’s a point for reminding me of the cab driver flying down the street backwards to back that ass up ,4f0c585477e14d2eaff22cc227ec3a1e
spotify:track:4YSQJk2gezunUzvPZDgHQX,ce76a5e6ff274137bb5127db7065d9a8,2025-03-31T15:56:12Z,1,"This isn’t the type of music I normally go back to to listen to, more like it’s fun in person. But this was good",4f0c585477e14d2eaff22cc227ec3a1e
spotify:track:5Fik3NpxT1qBKSXfXe8YBr,ce76a5e6ff274137bb5127db7065d9a8,2025-03-31T15:56:12Z,2,Great duo. They should tour again,4f0c585477e14d2eaff22cc227ec3a1e
spotify:track:6UPMVHR7TyTeYPP67B3QMf,ce76a5e6ff274137bb5127db7065d9a8,2025-03-31T15:56:12Z,1,I liked it enough for a point,4f0c585477e14d2eaff22cc227ec3a1e
spotify:track:7e2T6TKztcym8SMPHjCag5,ce76a5e6ff274137bb5127db7065d9a8,2025-03-31T15:56:12Z,2,The collab aspect of this one is way over my head but I like the song ,4f0c585477e14d2eaff22cc227ec3a1e
spotify:track:0AwEQyt4fcZNTIggXmkIRq,ce76a5e6ff274137bb5127db7065d9a8,2025-03-31T15:56:12Z,2,Still think Lucius deserved more points in the new music round,4f0c585477e14d2eaff22cc227ec3a1e
spotify:track:0VVtv8sJ7Pl9j4h0iKisFa,ce76a5e6ff274137bb5127db7065d9a8,2025-03-31T15:56:12Z,0,I like the idea of this more than the execution ,4f0c585477e14d2eaff22cc227ec3a1e
spotify:track:0VVtv8sJ7Pl9j4h0iKisFa,8453d173315c468e8134e2527a658ba5,2025-03-31T16:07:00Z,1,,4f0c585477e14d2eaff22cc227ec3a1e
spotify:track:1Gg5sm1IeeKK6GeV8WXbQl,8453d173315c468e8134e2527a658ba5,2025-03-31T16:07:00Z,0,Stop with the George already,4f0c585477e14d2eaff22cc227ec3a1e
spotify:track:1m5N9YCZL4BXuSXdYmhRaj,8453d173315c468e8134e2527a658ba5,2025-03-31T16:07:00Z,1,,4f0c585477e14d2eaff22cc227ec3a1e
spotify:track:1UP7PXne1lIYZB5G5aiRGL,8453d173315c468e8134e2527a658ba5,2025-03-31T16:07:00Z,1,,4f0c585477e14d2eaff22cc227ec3a1e
spotify:track:2hfjGsWCj47bdpE6oJuUL7,8453d173315c468e8134e2527a658ba5,2025-03-31T16:07:00Z,2,,4f0c585477e14d2eaff22cc227ec3a1e
spotify:track:2ngkSsDjbKRxovWkMfjBUk,8453d173315c468e8134e2527a658ba5,2025-03-31T16:07:00Z,3," Best choice of the week ",4f0c585477e14d2eaff22cc227ec3a1e
spotify:track:30oHGCA7ihNMLWn3wmZ35M,8453d173315c468e8134e2527a658ba5,2025-03-31T16:07:00Z,0,You serious Clark?,4f0c585477e14d2eaff22cc227ec3a1e
spotify:track:4GhBcTl9IGffZjZ2e0moqK,8453d173315c468e8134e2527a658ba5,2025-03-31T16:07:00Z,1,,4f0c585477e14d2eaff22cc227ec3a1e
spotify:track:4YSQJk2gezunUzvPZDgHQX,8453d173315c468e8134e2527a658ba5,2025-03-31T16:07:00Z,2,,4f0c585477e14d2eaff22cc227ec3a1e
spotify:track:6UPMVHR7TyTeYPP67B3QMf,8453d173315c468e8134e2527a658ba5,2025-03-31T16:07:00Z,2,,4f0c585477e14d2eaff22cc227ec3a1e
spotify:track:7e2T6TKztcym8SMPHjCag5,8453d173315c468e8134e2527a658ba5,2025-03-31T16:07:00Z,1,,4f0c585477e14d2eaff22cc227ec3a1e
spotify:track:0AwEQyt4fcZNTIggXmkIRq,8453d173315c468e8134e2527a658ba5,2025-03-31T16:07:00Z,2,,4f0c585477e14d2eaff22cc227ec3a1e
spotify:track:3WH7R6keO9vRszyPT1Q9mj,e5c2390073644e979f43e744c33e6c60,2025-03-31T16:59:53Z,0,Love both these artist hate this song. Didn not go together sounded like 2 different songs just mashed together,4f0c585477e14d2eaff22cc227ec3a1e
spotify:track:0AwEQyt4fcZNTIggXmkIRq,e5c2390073644e979f43e744c33e6c60,2025-03-31T16:59:53Z,1,,4f0c585477e14d2eaff22cc227ec3a1e
spotify:track:0VVtv8sJ7Pl9j4h0iKisFa,e5c2390073644e979f43e744c33e6c60,2025-03-31T16:59:53Z,2,,4f0c585477e14d2eaff22cc227ec3a1e
spotify:track:1m5N9YCZL4BXuSXdYmhRaj,e5c2390073644e979f43e744c33e6c60,2025-03-31T16:59:53Z,1,Saw them and NOLA Jazz Fest and was good but way too slow for a midday performance ,4f0c585477e14d2eaff22cc227ec3a1e
spotify:track:1UP7PXne1lIYZB5G5aiRGL,e5c2390073644e979f43e744c33e6c60,2025-03-31T16:59:53Z,1,,4f0c585477e14d2eaff22cc227ec3a1e
spotify:track:2hfjGsWCj47bdpE6oJuUL7,e5c2390073644e979f43e744c33e6c60,2025-03-31T16:59:53Z,1,,4f0c585477e14d2eaff22cc227ec3a1e
spotify:track:2ngkSsDjbKRxovWkMfjBUk,e5c2390073644e979f43e744c33e6c60,2025-03-31T16:59:53Z,1,,4f0c585477e14d2eaff22cc227ec3a1e
spotify:track:30oHGCA7ihNMLWn3wmZ35M,e5c2390073644e979f43e744c33e6c60,2025-03-31T16:59:53Z,0,Had me singing “come and knock on my door we’ll be waiting for you!”,4f0c585477e14d2eaff22cc227ec3a1e
spotify:track:3RmKpob8xzv1pzHEQrMJah,e5c2390073644e979f43e744c33e6c60,2025-03-31T16:59:53Z,2,Brings back some great memories at house parties senior year of high school,4f0c585477e14d2eaff22cc227ec3a1e
spotify:track:4GhBcTl9IGffZjZ2e0moqK,e5c2390073644e979f43e744c33e6c60,2025-03-31T16:59:53Z,2,,4f0c585477e14d2eaff22cc227ec3a1e
spotify:track:4YSQJk2gezunUzvPZDgHQX,e5c2390073644e979f43e744c33e6c60,2025-03-31T16:59:53Z,1,,4f0c585477e14d2eaff22cc227ec3a1e
spotify:track:6UPMVHR7TyTeYPP67B3QMf,e5c2390073644e979f43e744c33e6c60,2025-03-31T16:59:53Z,2,,4f0c585477e14d2eaff22cc227ec3a1e
spotify:track:7e2T6TKztcym8SMPHjCag5,e5c2390073644e979f43e744c33e6c60,2025-03-31T16:59:53Z,0,Same songs different week….,4f0c585477e14d2eaff22cc227ec3a1e
spotify:track:7xqUrcModMRC4M6wpvYLRh,e5c2390073644e979f43e744c33e6c60,2025-03-31T16:59:53Z,2,(SPOILERS)……..Thought Fred dies in the battle for hogwarts?!? ,4f0c585477e14d2eaff22cc227ec3a1e
spotify:track:0AwEQyt4fcZNTIggXmkIRq,7acfbf6ff4234d00875b58e7b2ec389d,2025-03-31T19:22:26Z,4,I thought this was cool as hell.  My fav of the week.,4f0c585477e14d2eaff22cc227ec3a1e
spotify:track:0VVtv8sJ7Pl9j4h0iKisFa,7acfbf6ff4234d00875b58e7b2ec389d,2025-03-31T19:22:26Z,1,"The intro to this was so bad, but I was kind of diggging it towards the end! ",4f0c585477e14d2eaff22cc227ec3a1e
spotify:track:1Gg5sm1IeeKK6GeV8WXbQl,7acfbf6ff4234d00875b58e7b2ec389d,2025-03-31T19:22:26Z,0,Holy fuck I haven't heard this song in soooooooooo long.  It's ok I guess but it doesn't do George Michael or Aretha Franklin any favors. It's crappy versions of both of them. Just feels like a serious money grab to me. ,4f0c585477e14d2eaff22cc227ec3a1e
spotify:track:1m5N9YCZL4BXuSXdYmhRaj,7acfbf6ff4234d00875b58e7b2ec389d,2025-03-31T19:22:26Z,0,I was most excited for this track when I saw the collab.  I thought this was a full blown garabage truck.  This would score huge points to the songs to slit your wrist to prompt. ,4f0c585477e14d2eaff22cc227ec3a1e
spotify:track:1UP7PXne1lIYZB5G5aiRGL,7acfbf6ff4234d00875b58e7b2ec389d,2025-03-31T19:22:26Z,1,"Cheesey but better than others on this playlist.  More Beyonce, less Miley please. ",4f0c585477e14d2eaff22cc227ec3a1e
spotify:track:2hfjGsWCj47bdpE6oJuUL7,7acfbf6ff4234d00875b58e7b2ec389d,2025-03-31T19:22:26Z,1,Nap time. ,4f0c585477e14d2eaff22cc227ec3a1e
spotify:track:2ngkSsDjbKRxovWkMfjBUk,7acfbf6ff4234d00875b58e7b2ec389d,2025-03-31T19:22:26Z,1,Every blues song ever. ,4f0c585477e14d2eaff22cc227ec3a1e
spotify:track:30oHGCA7ihNMLWn3wmZ35M,7acfbf6ff4234d00875b58e7b2ec389d,2025-03-31T19:22:26Z,3,I loved this and also just found myself wishing it had more actual vocals from Bobby.  Still pretty cool and appreciated this big time. ,4f0c585477e14d2eaff22cc227ec3a1e
spotify:track:3RmKpob8xzv1pzHEQrMJah,7acfbf6ff4234d00875b58e7b2ec389d,2025-03-31T19:22:26Z,0,I'm sorry but I will never like Gwen Stefani.  I fucking loved No Doubt and she was the coolest person ever back then.  Just not into what she has become.  Probably the whitest opinion ever but I just think of her as a massive sellout.  This song has a decent beat though. ,4f0c585477e14d2eaff22cc227ec3a1e
spotify:track:3WH7R6keO9vRszyPT1Q9mj,7acfbf6ff4234d00875b58e7b2ec389d,2025-03-31T19:22:26Z,0,"I like De La Soul, I like David Bryne.  This bored me and startled me when it went poppy to full street rap.  Thought I hit next track by accident. Holy shit I just thought there was accident at my house.  ",4f0c585477e14d2eaff22cc227ec3a1e
spotify:track:4GhBcTl9IGffZjZ2e0moqK,7acfbf6ff4234d00875b58e7b2ec389d,2025-03-31T19:22:26Z,0,"If you put horns with shitty hip hop, it's just worst hip hop.  ",4f0c585477e14d2eaff22cc227ec3a1e
spotify:track:4YSQJk2gezunUzvPZDgHQX,7acfbf6ff4234d00875b58e7b2ec389d,2025-03-31T19:22:26Z,1,Incredible placement for this.  It was soothing but nothing that truly moved me.  ,4f0c585477e14d2eaff22cc227ec3a1e
spotify:track:5Fik3NpxT1qBKSXfXe8YBr,7acfbf6ff4234d00875b58e7b2ec389d,2025-03-31T19:22:26Z,1,"Decent, but above average compared to competition. ",4f0c585477e14d2eaff22cc227ec3a1e
spotify:track:6UPMVHR7TyTeYPP67B3QMf,7acfbf6ff4234d00875b58e7b2ec389d,2025-03-31T19:22:26Z,2,Points for something completely different from the rest of this playlist. ,4f0c585477e14d2eaff22cc227ec3a1e
spotify:track:7xqUrcModMRC4M6wpvYLRh,7acfbf6ff4234d00875b58e7b2ec389d,2025-03-31T19:22:26Z,1,"Groovy, but I prefer his brother George. ",4f0c585477e14d2eaff22cc227ec3a1e
spotify:track:0AwEQyt4fcZNTIggXmkIRq,f1f0f2ed0eb64306992b613229fb7972,2025-04-01T01:53:03Z,1,,4f0c585477e14d2eaff22cc227ec3a1e
spotify:track:1Gg5sm1IeeKK6GeV8WXbQl,f1f0f2ed0eb64306992b613229fb7972,2025-04-01T01:53:03Z,2,,4f0c585477e14d2eaff22cc227ec3a1e
spotify:track:1m5N9YCZL4BXuSXdYmhRaj,f1f0f2ed0eb64306992b613229fb7972,2025-04-01T01:53:03Z,2,,4f0c585477e14d2eaff22cc227ec3a1e
spotify:track:1UP7PXne1lIYZB5G5aiRGL,f1f0f2ed0eb64306992b613229fb7972,2025-04-01T01:53:03Z,1,,4f0c585477e14d2eaff22cc227ec3a1e
spotify:track:2hfjGsWCj47bdpE6oJuUL7,f1f0f2ed0eb64306992b613229fb7972,2025-04-01T01:53:03Z,2,,4f0c585477e14d2eaff22cc227ec3a1e
spotify:track:2ngkSsDjbKRxovWkMfjBUk,f1f0f2ed0eb64306992b613229fb7972,2025-04-01T01:53:03Z,1,,4f0c585477e14d2eaff22cc227ec3a1e
spotify:track:3RmKpob8xzv1pzHEQrMJah,f1f0f2ed0eb64306992b613229fb7972,2025-04-01T01:53:03Z,1,,4f0c585477e14d2eaff22cc227ec3a1e
spotify:track:4YSQJk2gezunUzvPZDgHQX,f1f0f2ed0eb64306992b613229fb7972,2025-04-01T01:53:03Z,2,,4f0c585477e14d2eaff22cc227ec3a1e
spotify:track:5Fik3NpxT1qBKSXfXe8YBr,f1f0f2ed0eb64306992b613229fb7972,2025-04-01T01:53:03Z,1,,4f0c585477e14d2eaff22cc227ec3a1e
spotify:track:6UPMVHR7TyTeYPP67B3QMf,f1f0f2ed0eb64306992b613229fb7972,2025-04-01T01:53:03Z,1,,4f0c585477e14d2eaff22cc227ec3a1e
spotify:track:7e2T6TKztcym8SMPHjCag5,f1f0f2ed0eb64306992b613229fb7972,2025-04-01T01:53:03Z,1,,4f0c585477e14d2eaff22cc227ec3a1e
spotify:track:7xqUrcModMRC4M6wpvYLRh,f1f0f2ed0eb64306992b613229fb7972,2025-04-01T01:53:03Z,1,,4f0c585477e14d2eaff22cc227ec3a1e
spotify:track:0AwEQyt4fcZNTIggXmkIRq,49a5ff7c4466457eb8016aaf873224cb,2025-04-01T02:35:05Z,2,Probably my favorite “song” on the list. Dig the little turnaround riff that kept things movin. Enjoyed all around. ,4f0c585477e14d2eaff22cc227ec3a1e
spotify:track:0VVtv8sJ7Pl9j4h0iKisFa,49a5ff7c4466457eb8016aaf873224cb,2025-04-01T02:35:05Z,1,+1 for the overall composition of the roots laying the backing music. Love the format. Also love that it is much faster/driving than the original while still feeling laid back. ,4f0c585477e14d2eaff22cc227ec3a1e
spotify:track:1Gg5sm1IeeKK6GeV8WXbQl,49a5ff7c4466457eb8016aaf873224cb,2025-04-01T02:35:05Z,0,Someone really decided a 3rd times a charm for George Michael? Not even Aretha could earn a pity point from me. ,4f0c585477e14d2eaff22cc227ec3a1e
spotify:track:1m5N9YCZL4BXuSXdYmhRaj,49a5ff7c4466457eb8016aaf873224cb,2025-04-01T02:35:05Z,0,This collab just never did it for me. Not for lack of trying. Listened to it a bunch when considering going to see them live back whenever this was. Gave this track another several listens during this round. Still nothin. ,4f0c585477e14d2eaff22cc227ec3a1e
spotify:track:1UP7PXne1lIYZB5G5aiRGL,49a5ff7c4466457eb8016aaf873224cb,2025-04-01T02:35:05Z,1,"Def one of the tracks that got more play time when the album dropped. Their voices work super well together, sometimes. ",4f0c585477e14d2eaff22cc227ec3a1e
spotify:track:2hfjGsWCj47bdpE6oJuUL7,49a5ff7c4466457eb8016aaf873224cb,2025-04-01T02:35:05Z,0,"Felt like a pretty generic 7 minutes of 12 bar blues (not sure if that’s what it really is, close enough) with some solo trading. Nothing wrong with it but nothing standing out for me. Guitar with plenty of cool lines, but this style could go on for an eternity and not produce much all that unique or attention grabbing. Props to the bass for a pretty damn interesting walking line outside of the expected. ",4f0c585477e14d2eaff22cc227ec3a1e
spotify:track:2ngkSsDjbKRxovWkMfjBUk,49a5ff7c4466457eb8016aaf873224cb,2025-04-01T02:35:05Z,2,"So much better than the other track of… similar… makeup on the list. Mavis sounds incredible. Wish we got a little more out of Scofield, but still a great track. ",4f0c585477e14d2eaff22cc227ec3a1e
spotify:track:30oHGCA7ihNMLWn3wmZ35M,49a5ff7c4466457eb8016aaf873224cb,2025-04-01T02:35:05Z,2,Most interesting track of the list for me. Really enjoyed. ,4f0c585477e14d2eaff22cc227ec3a1e
spotify:track:3WH7R6keO9vRszyPT1Q9mj,49a5ff7c4466457eb8016aaf873224cb,2025-04-01T02:35:05Z,1,"Album came out when I first started to build my vinyl collection and was one of the first picked up. Always felt like two things recorded in a vacuum and stitched together. Couldn’t find any connection lyrically/thematically between the two parts at all. Music and vibe is dope is fuck, though. A couple others on this album would’ve scored higher for me. ",4f0c585477e14d2eaff22cc227ec3a1e
spotify:track:4GhBcTl9IGffZjZ2e0moqK,49a5ff7c4466457eb8016aaf873224cb,2025-04-01T02:35:05Z,2,Dug this a lot. Also have a soft spot for the JUVENILE and NOLA combo due to that one acid night. ,4f0c585477e14d2eaff22cc227ec3a1e
spotify:track:4YSQJk2gezunUzvPZDgHQX,49a5ff7c4466457eb8016aaf873224cb,2025-04-01T02:35:05Z,1,"Great group, but another pretty straight forward track of solo trading that didn’t stand out much for me. Had some interesting changes and sync ups that put it ahead of the blues. ",4f0c585477e14d2eaff22cc227ec3a1e
spotify:track:5Fik3NpxT1qBKSXfXe8YBr,49a5ff7c4466457eb8016aaf873224cb,2025-04-01T02:35:05Z,1,"Much more of a collab than the De La track. But not quite as dope. Still has some pretty dope parts, though. Overall instrumentation of it is sweet. ",4f0c585477e14d2eaff22cc227ec3a1e
spotify:track:6UPMVHR7TyTeYPP67B3QMf,49a5ff7c4466457eb8016aaf873224cb,2025-04-01T02:35:05Z,1,Interesting enough to steel a point from Albert. ,4f0c585477e14d2eaff22cc227ec3a1e
spotify:track:7e2T6TKztcym8SMPHjCag5,49a5ff7c4466457eb8016aaf873224cb,2025-04-01T02:35:05Z,1,Conflicted on this one. Felt sort of over produced or something on first listen. After digging into it I see it is just two dudes playing a bunch of instruments. So it sort of makes sense for the vibe I got. Drums are really good. ,4f0c585477e14d2eaff22cc227ec3a1e
spotify:track:7xqUrcModMRC4M6wpvYLRh,49a5ff7c4466457eb8016aaf873224cb,2025-04-01T02:35:05Z,1,Love the overall chunkiness. Big ol fat wet groove with some great layered horns. Kept me interested throughout. ,4f0c585477e14d2eaff22cc227ec3a1e
spotify:track:0a3kDhZaZDNJJO25zNryki,a2909b31d1c04d728cfcf68ca0d73cca,2025-04-02T12:20:28Z,1,Fishman sings. No jam. ,ec30df9aa1c9402db557f9baef42246b
spotify:track:0lBVaPaaHYF5nU2doa3Bmt,a2909b31d1c04d728cfcf68ca0d73cca,2025-04-02T12:20:28Z,1,Fishman uses an oxygen tank at Dicks after this one.,ec30df9aa1c9402db557f9baef42246b
spotify:track:1bElCb3PUzvfpxEPCA6fmY,a2909b31d1c04d728cfcf68ca0d73cca,2025-04-02T12:20:28Z,1,Trey sings. Poor Sue. ,ec30df9aa1c9402db557f9baef42246b
spotify:track:1IuUe3A7EfJmvZH3EljtwR,a2909b31d1c04d728cfcf68ca0d73cca,2025-04-02T12:20:28Z,1,Mike yodels obviously. Short power jam. Trey tries to whistle (fails).,ec30df9aa1c9402db557f9baef42246b
spotify:track:2LuaCTFQkHilH4a7jGj00J,a2909b31d1c04d728cfcf68ca0d73cca,2025-04-02T12:20:28Z,1,Mike sings. Long spacey jam. ,ec30df9aa1c9402db557f9baef42246b
spotify:track:38VMtB7XKuFYDaNsyEuMKR,a2909b31d1c04d728cfcf68ca0d73cca,2025-04-02T12:20:28Z,1,Page sings. Definitely jams. ,ec30df9aa1c9402db557f9baef42246b
spotify:track:3mCeeoBvTTpg8Xy2Wuvirw,a2909b31d1c04d728cfcf68ca0d73cca,2025-04-02T12:20:28Z,1,Fishman sings. Trey shreds. Definitely jammed. ,ec30df9aa1c9402db557f9baef42246b
spotify:track:3oN6GakwMKG2BjIMTUdXCN,a2909b31d1c04d728cfcf68ca0d73cca,2025-04-02T12:20:28Z,1,Either Mike or Fishman sing. Jam goes type 2. ,ec30df9aa1c9402db557f9baef42246b
spotify:track:3QZ7uX97s82HFYSmQUAN1D,a2909b31d1c04d728cfcf68ca0d73cca,2025-04-02T12:20:28Z,0,Page sings. Short jam. ,ec30df9aa1c9402db557f9baef42246b
spotify:track:466C6kwoJHLUJ8VHG98hCY,a2909b31d1c04d728cfcf68ca0d73cca,2025-04-02T12:20:28Z,1,Been there done that sort of. Trey sings. Mike kills the bass line. ,ec30df9aa1c9402db557f9baef42246b
spotify:track:4zLMM82wGnGS0VIy3pq2yU,a2909b31d1c04d728cfcf68ca0d73cca,2025-04-02T12:20:28Z,1,Page sings (Iron Man obviously). Jam gets out there. ,ec30df9aa1c9402db557f9baef42246b
spotify:track:5mZ64Frr4QjMOkg3XtLlS8,a2909b31d1c04d728cfcf68ca0d73cca,2025-04-02T12:20:28Z,1,Trey sings. Jams. ,ec30df9aa1c9402db557f9baef42246b
spotify:track:64dHj8ZxaI2Wj0brEehVMN,a2909b31d1c04d728cfcf68ca0d73cca,2025-04-02T12:20:28Z,1,Trey sings. Somehow gets a DEG tease in the riff. The correct Zevon song is Nighttime in the Switching Yard though. ,ec30df9aa1c9402db557f9baef42246b
spotify:track:6sGjJmzgxvfNqLyp8yd0TH,a2909b31d1c04d728cfcf68ca0d73cca,2025-04-02T12:20:28Z,2,This is the correct Elton song (+1 extra cause I tried to pick it). Everyone sings! Jams at the end for sure. ,ec30df9aa1c9402db557f9baef42246b
spotify:track:7F02x6EKYIQV3VcTaTm7oN,a2909b31d1c04d728cfcf68ca0d73cca,2025-04-02T12:20:28Z,1,Fishman sings. Trey on drums. Vacuum solo instead of the guitar solo. ,ec30df9aa1c9402db557f9baef42246b
spotify:track:7Me0vOSlJfaPY7Pc4GeItd,a2909b31d1c04d728cfcf68ca0d73cca,2025-04-02T12:20:28Z,1,Definitely Mike sings. Trey messes up the guitar part at least half the time. ,ec30df9aa1c9402db557f9baef42246b
spotify:track:0a3kDhZaZDNJJO25zNryki,ce76a5e6ff274137bb5127db7065d9a8,2025-04-02T13:52:32Z,0,I just recently learned that Jimmy Page plays guitar on Cocker’s version of With a Little Help from my Friends. Is that a well known fact?,ec30df9aa1c9402db557f9baef42246b
spotify:track:0lBVaPaaHYF5nU2doa3Bmt,ce76a5e6ff274137bb5127db7065d9a8,2025-04-02T13:52:32Z,2,Rewire Trey’s brain a bit and force him to learn some guitar driven music. Appreciate you going for something outside the classic rock box here,ec30df9aa1c9402db557f9baef42246b
spotify:track:1bElCb3PUzvfpxEPCA6fmY,ce76a5e6ff274137bb5127db7065d9a8,2025-04-02T13:52:32Z,0,"Didn’t really move the needle for me. Here’s a cool tidbit though: I knew that the Dead’s Passenger was a kind of riff on Fleetwood Mac, but just learned that it’s pretty much a direct response to Station Man (makes sense given the title alone, was not familiar with that song though). Pretty spot on if you give it a listen.",ec30df9aa1c9402db557f9baef42246b
spotify:track:1IuUe3A7EfJmvZH3EljtwR,ce76a5e6ff274137bb5127db7065d9a8,2025-04-02T13:52:32Z,2,"Good choice. Could have sworn Phish has teased/jammed this, but also could just be that The Dogs sounds like it",ec30df9aa1c9402db557f9baef42246b
spotify:track:2LuaCTFQkHilH4a7jGj00J,ce76a5e6ff274137bb5127db7065d9a8,2025-04-02T13:52:32Z,2,Really liked this record when it came out and I was trying to find something to fill my Phish breakup void. This would be fun. I like when they cover current artists. Nice choice ,ec30df9aa1c9402db557f9baef42246b
spotify:track:3mCeeoBvTTpg8Xy2Wuvirw,ce76a5e6ff274137bb5127db7065d9a8,2025-04-02T13:52:32Z,1,Yeah this would be fun and funny,ec30df9aa1c9402db557f9baef42246b
spotify:track:3oN6GakwMKG2BjIMTUdXCN,ce76a5e6ff274137bb5127db7065d9a8,2025-04-02T13:52:32Z,3,Let Page Alien,ec30df9aa1c9402db557f9baef42246b
spotify:track:3QZ7uX97s82HFYSmQUAN1D,ce76a5e6ff274137bb5127db7065d9a8,2025-04-02T13:52:32Z,0,Is Mike or Fish singing this one? This song makes me think of Paul Rudd and Jason Segal slapping the bass,ec30df9aa1c9402db557f9baef42246b
spotify:track:466C6kwoJHLUJ8VHG98hCY,ce76a5e6ff274137bb5127db7065d9a8,2025-04-02T13:52:32Z,0,They’ve definitely treased it. I’ve always been surprised they’ve never covered Yes. Maybe too on the nose for them?,ec30df9aa1c9402db557f9baef42246b
spotify:track:4zLMM82wGnGS0VIy3pq2yU,ce76a5e6ff274137bb5127db7065d9a8,2025-04-02T13:52:32Z,0,"I like the idea of more sabbath. I don’t think I’d have gone for a love song. I guess I could tolerate Fish singing this, anyone else though no thanks",ec30df9aa1c9402db557f9baef42246b
spotify:track:5mZ64Frr4QjMOkg3XtLlS8,ce76a5e6ff274137bb5127db7065d9a8,2025-04-02T13:52:32Z,0,Did you know the harmonica player’s name is Magic Dick?,ec30df9aa1c9402db557f9baef42246b
spotify:track:64dHj8ZxaI2Wj0brEehVMN,ce76a5e6ff274137bb5127db7065d9a8,2025-04-02T13:52:32Z,3,"I had originally submitted this one, then switched, and by the time I went back the artist was taken. Love it, would be fun as hell, don’t care if it’s maybe an obvious choice for some (I think switching yard is the more obvious one anyway?)",ec30df9aa1c9402db557f9baef42246b
spotify:track:6sGjJmzgxvfNqLyp8yd0TH,ce76a5e6ff274137bb5127db7065d9a8,2025-04-02T13:52:32Z,3,Tried to do this one too. Every Halloween when this album is floated I have the best time envisioning this song. Do some people not give this points cuz they’ve played a couple one off Elton covers? Absurd ,ec30df9aa1c9402db557f9baef42246b
spotify:track:7F02x6EKYIQV3VcTaTm7oN,ce76a5e6ff274137bb5127db7065d9a8,2025-04-02T13:52:32Z,0,Love PF. I’ve never really loved The Wall as much as their other classics,ec30df9aa1c9402db557f9baef42246b
spotify:track:7Me0vOSlJfaPY7Pc4GeItd,ce76a5e6ff274137bb5127db7065d9a8,2025-04-02T13:52:32Z,0,This always comes up as a song/album they should cover. Idk never done too much for me,ec30df9aa1c9402db557f9baef42246b
spotify:track:0lBVaPaaHYF5nU2doa3Bmt,bf3a904d73564b6c97f9e47c5429b767,2025-04-02T14:12:57Z,2,this would be sick,ec30df9aa1c9402db557f9baef42246b
spotify:track:1bElCb3PUzvfpxEPCA6fmY,bf3a904d73564b6c97f9e47c5429b767,2025-04-02T14:12:57Z,1,,ec30df9aa1c9402db557f9baef42246b
spotify:track:1IuUe3A7EfJmvZH3EljtwR,bf3a904d73564b6c97f9e47c5429b767,2025-04-02T14:12:57Z,2,Damn i finally found this sample. ,ec30df9aa1c9402db557f9baef42246b
spotify:track:2LuaCTFQkHilH4a7jGj00J,bf3a904d73564b6c97f9e47c5429b767,2025-04-02T14:12:57Z,1,,ec30df9aa1c9402db557f9baef42246b
spotify:track:38VMtB7XKuFYDaNsyEuMKR,bf3a904d73564b6c97f9e47c5429b767,2025-04-02T14:12:57Z,1,,ec30df9aa1c9402db557f9baef42246b
spotify:track:3mCeeoBvTTpg8Xy2Wuvirw,bf3a904d73564b6c97f9e47c5429b767,2025-04-02T14:12:57Z,1,,ec30df9aa1c9402db557f9baef42246b
spotify:track:3oN6GakwMKG2BjIMTUdXCN,bf3a904d73564b6c97f9e47c5429b767,2025-04-02T14:12:57Z,2,this would be cool,ec30df9aa1c9402db557f9baef42246b
spotify:track:3QZ7uX97s82HFYSmQUAN1D,bf3a904d73564b6c97f9e47c5429b767,2025-04-02T14:12:57Z,1,,ec30df9aa1c9402db557f9baef42246b
spotify:track:4zLMM82wGnGS0VIy3pq2yU,bf3a904d73564b6c97f9e47c5429b767,2025-04-02T14:12:57Z,1,i can hear them do this,ec30df9aa1c9402db557f9baef42246b
spotify:track:5mZ64Frr4QjMOkg3XtLlS8,bf3a904d73564b6c97f9e47c5429b767,2025-04-02T14:12:57Z,0,thought this was nothing but a horse party,ec30df9aa1c9402db557f9baef42246b
spotify:track:64dHj8ZxaI2Wj0brEehVMN,bf3a904d73564b6c97f9e47c5429b767,2025-04-02T14:12:57Z,1,,ec30df9aa1c9402db557f9baef42246b
spotify:track:6sGjJmzgxvfNqLyp8yd0TH,bf3a904d73564b6c97f9e47c5429b767,2025-04-02T14:12:57Z,1,Yes!,ec30df9aa1c9402db557f9baef42246b
spotify:track:7F02x6EKYIQV3VcTaTm7oN,bf3a904d73564b6c97f9e47c5429b767,2025-04-02T14:12:57Z,1,,ec30df9aa1c9402db557f9baef42246b
spotify:track:7Me0vOSlJfaPY7Pc4GeItd,bf3a904d73564b6c97f9e47c5429b767,2025-04-02T14:12:57Z,1,,ec30df9aa1c9402db557f9baef42246b
spotify:track:0a3kDhZaZDNJJO25zNryki,d0b05ef03f5e4598a3e8532b812c3330,2025-04-02T16:23:39Z,1,Love this song but for me so much are the vocals... whether joe cocker or that amazing susan/trucks one on herbie hancocks album. Still would be an awesome moment and such a sing along. Thinking a Shine a light type of cover. Also no way people would nail the woo....ahhh... would they??,ec30df9aa1c9402db557f9baef42246b
spotify:track:0lBVaPaaHYF5nU2doa3Bmt,d0b05ef03f5e4598a3e8532b812c3330,2025-04-02T16:23:39Z,1,If you thought peaches was hard.... holy shit. Ok this would have to be covered by phish in the early 90s.... and the shelved until fans begged for it during 3.0.... only for the band to not practice and flub the shit out of it. ,ec30df9aa1c9402db557f9baef42246b
spotify:track:1bElCb3PUzvfpxEPCA6fmY,d0b05ef03f5e4598a3e8532b812c3330,2025-04-02T16:23:39Z,0,Early Mac eh?? First set trey showcase? He would nail the vocals. Still a little boring... ,ec30df9aa1c9402db557f9baef42246b
spotify:track:1IuUe3A7EfJmvZH3EljtwR,d0b05ef03f5e4598a3e8532b812c3330,2025-04-02T16:23:39Z,2,"This would be FUN! Love the yodeling! Love the drum solo! Oh wait... a flute solo?? yikes, how do they do that?? oh wait an accordian and whitsling solo?? Despite those challenges, this is so phishy that they would love doing it and would become an instant classic. ",ec30df9aa1c9402db557f9baef42246b
spotify:track:2LuaCTFQkHilH4a7jGj00J,d0b05ef03f5e4598a3e8532b812c3330,2025-04-02T16:23:39Z,1,A lot of MMJ fans out there would love this and flip their shit. Never got into them though. Ive been on both sides of that equation. Was there for Aeroplane over the sky. 10 people balled their eyes out. I had no idea WTF was going on. When they encored with Is This What You Wanted? I was fucking floored and couldnt believe how perfect. A lot more crossover MMJ fans obv. Im just not one of them. Would be a nasty outro jam though which is what Im most looking for.  ,ec30df9aa1c9402db557f9baef42246b
spotify:track:38VMtB7XKuFYDaNsyEuMKR,d0b05ef03f5e4598a3e8532b812c3330,2025-04-02T16:23:39Z,2,Love Steely Dan. Interesting choice! Wouldnt be what I would have thought as a choice for them but this would totally slay!,ec30df9aa1c9402db557f9baef42246b
spotify:track:3mCeeoBvTTpg8Xy2Wuvirw,d0b05ef03f5e4598a3e8532b812c3330,2025-04-02T16:23:39Z,2,"Wow, never considered this seriously for a halloween cover album. Would be nasty. ",ec30df9aa1c9402db557f9baef42246b
spotify:track:3oN6GakwMKG2BjIMTUdXCN,d0b05ef03f5e4598a3e8532b812c3330,2025-04-02T16:23:39Z,1,Not the most palatable song but this jam scape would be fucking sickkkkk,ec30df9aa1c9402db557f9baef42246b
spotify:track:3QZ7uX97s82HFYSmQUAN1D,d0b05ef03f5e4598a3e8532b812c3330,2025-04-02T16:23:39Z,1,,ec30df9aa1c9402db557f9baef42246b
spotify:track:466C6kwoJHLUJ8VHG98hCY,d0b05ef03f5e4598a3e8532b812c3330,2025-04-02T16:23:39Z,1,Tom Sawyer and Roundabout back to back was... well... a bit unfortunate...,ec30df9aa1c9402db557f9baef42246b
spotify:track:4zLMM82wGnGS0VIy3pq2yU,d0b05ef03f5e4598a3e8532b812c3330,2025-04-02T16:23:39Z,1,Fun and so many jamming launch off point opportunities. Bravo on this choice! ,ec30df9aa1c9402db557f9baef42246b
spotify:track:5mZ64Frr4QjMOkg3XtLlS8,d0b05ef03f5e4598a3e8532b812c3330,2025-04-02T16:23:39Z,1,Reminds me of a taking care of business bust out. Would be so much fun!,ec30df9aa1c9402db557f9baef42246b
spotify:track:64dHj8ZxaI2Wj0brEehVMN,d0b05ef03f5e4598a3e8532b812c3330,2025-04-02T16:23:39Z,1,Yesss everyone would freak the fuck out!,ec30df9aa1c9402db557f9baef42246b
spotify:track:6sGjJmzgxvfNqLyp8yd0TH,d0b05ef03f5e4598a3e8532b812c3330,2025-04-02T16:23:39Z,0,How nasty would this outro jam be??,ec30df9aa1c9402db557f9baef42246b
spotify:track:7F02x6EKYIQV3VcTaTm7oN,d0b05ef03f5e4598a3e8532b812c3330,2025-04-02T16:23:39Z,0,Love pink floyd... and the wall... just wouldnt clammer for this one. ,ec30df9aa1c9402db557f9baef42246b
spotify:track:7Me0vOSlJfaPY7Pc4GeItd,d0b05ef03f5e4598a3e8532b812c3330,2025-04-02T16:23:39Z,1,A classic that would be a great choice!,ec30df9aa1c9402db557f9baef42246b
spotify:track:0a3kDhZaZDNJJO25zNryki,1c89e947d02949ed86d05ec22a7350bf,2025-04-02T17:04:46Z,2,this would be really fun,ec30df9aa1c9402db557f9baef42246b
spotify:track:0lBVaPaaHYF5nU2doa3Bmt,1c89e947d02949ed86d05ec22a7350bf,2025-04-02T17:04:46Z,1,"obscure points, trey would love it",ec30df9aa1c9402db557f9baef42246b
spotify:track:1bElCb3PUzvfpxEPCA6fmY,1c89e947d02949ed86d05ec22a7350bf,2025-04-02T17:04:46Z,1,good fleetwood mac pick,ec30df9aa1c9402db557f9baef42246b
spotify:track:1IuUe3A7EfJmvZH3EljtwR,1c89e947d02949ed86d05ec22a7350bf,2025-04-02T17:04:46Z,1,Phish would crush this but I’m not sure I want to hear it. but maybe i do,ec30df9aa1c9402db557f9baef42246b
spotify:track:38VMtB7XKuFYDaNsyEuMKR,1c89e947d02949ed86d05ec22a7350bf,2025-04-02T17:04:46Z,1,,ec30df9aa1c9402db557f9baef42246b
spotify:track:3mCeeoBvTTpg8Xy2Wuvirw,1c89e947d02949ed86d05ec22a7350bf,2025-04-02T17:04:46Z,1,"this would be really fun, no doubt about it",ec30df9aa1c9402db557f9baef42246b
spotify:track:3oN6GakwMKG2BjIMTUdXCN,1c89e947d02949ed86d05ec22a7350bf,2025-04-02T17:04:46Z,0,meh,ec30df9aa1c9402db557f9baef42246b
spotify:track:3QZ7uX97s82HFYSmQUAN1D,1c89e947d02949ed86d05ec22a7350bf,2025-04-02T17:04:46Z,0,I hate this song. sorry its not you its me. ,ec30df9aa1c9402db557f9baef42246b
spotify:track:466C6kwoJHLUJ8VHG98hCY,1c89e947d02949ed86d05ec22a7350bf,2025-04-02T17:04:46Z,0,its a no on yes for me,ec30df9aa1c9402db557f9baef42246b
spotify:track:4zLMM82wGnGS0VIy3pq2yU,1c89e947d02949ed86d05ec22a7350bf,2025-04-02T17:04:46Z,0,not my jam,ec30df9aa1c9402db557f9baef42246b
spotify:track:5mZ64Frr4QjMOkg3XtLlS8,1c89e947d02949ed86d05ec22a7350bf,2025-04-02T17:04:46Z,2,This would be really fun for them ,ec30df9aa1c9402db557f9baef42246b
spotify:track:64dHj8ZxaI2Wj0brEehVMN,1c89e947d02949ed86d05ec22a7350bf,2025-04-02T17:04:46Z,2,Also the actual right answer. But only if I have Spence rockin the inflatable guitar within view (definitely tried to submit this and it was taken.  timmy did too),ec30df9aa1c9402db557f9baef42246b
spotify:track:6sGjJmzgxvfNqLyp8yd0TH,1c89e947d02949ed86d05ec22a7350bf,2025-04-02T17:04:46Z,2,This is the actual right answer. ,ec30df9aa1c9402db557f9baef42246b
spotify:track:7F02x6EKYIQV3VcTaTm7oN,1c89e947d02949ed86d05ec22a7350bf,2025-04-02T17:04:46Z,0,not again ,ec30df9aa1c9402db557f9baef42246b
spotify:track:7Me0vOSlJfaPY7Pc4GeItd,1c89e947d02949ed86d05ec22a7350bf,2025-04-02T17:04:46Z,3,This is drippping with phishiness. Excellent pick. ,ec30df9aa1c9402db557f9baef42246b
spotify:track:0a3kDhZaZDNJJO25zNryki,4e117e3021d7466c8bf0b654f8357418,2025-04-02T18:53:32Z,0,"Good song, but who the hell would get the nod on vocals? ",ec30df9aa1c9402db557f9baef42246b
spotify:track:0lBVaPaaHYF5nU2doa3Bmt,4e117e3021d7466c8bf0b654f8357418,2025-04-02T18:53:32Z,0,"Would be a Fish tour de force, but also a Trey flub spectacular.",ec30df9aa1c9402db557f9baef42246b
spotify:track:1bElCb3PUzvfpxEPCA6fmY,4e117e3021d7466c8bf0b654f8357418,2025-04-02T18:53:32Z,0,Of all the Fleetwood Mac bangeroos to choose from…,ec30df9aa1c9402db557f9baef42246b
spotify:track:1IuUe3A7EfJmvZH3EljtwR,4e117e3021d7466c8bf0b654f8357418,2025-04-02T18:53:32Z,0,"Good song, but i don’t see it. ",ec30df9aa1c9402db557f9baef42246b
spotify:track:2LuaCTFQkHilH4a7jGj00J,4e117e3021d7466c8bf0b654f8357418,2025-04-02T18:53:32Z,0,"Thought about MMJ, but there’s at least ten of their songs I feel would be better suited for phish. ",ec30df9aa1c9402db557f9baef42246b
spotify:track:38VMtB7XKuFYDaNsyEuMKR,4e117e3021d7466c8bf0b654f8357418,2025-04-02T18:53:32Z,2,"Knew I’d see a Dan select,  but this was nice and not obvious. ",ec30df9aa1c9402db557f9baef42246b
spotify:track:3mCeeoBvTTpg8Xy2Wuvirw,4e117e3021d7466c8bf0b654f8357418,2025-04-02T18:53:32Z,2,Long and wordy but Meat Loaf would be a fun Halloween costume. Trey would have a ball. ,ec30df9aa1c9402db557f9baef42246b
spotify:track:3oN6GakwMKG2BjIMTUdXCN,4e117e3021d7466c8bf0b654f8357418,2025-04-02T18:53:32Z,3,"Thought long and hard about picking Roxy Music, but never thought about this tune. Now it’s what I want to hear phish cover the most. GFP (great fucking pick).",ec30df9aa1c9402db557f9baef42246b
spotify:track:3QZ7uX97s82HFYSmQUAN1D,4e117e3021d7466c8bf0b654f8357418,2025-04-02T18:53:32Z,1,Sure,ec30df9aa1c9402db557f9baef42246b
spotify:track:466C6kwoJHLUJ8VHG98hCY,4e117e3021d7466c8bf0b654f8357418,2025-04-02T18:53:32Z,2,Not only did I expect to see Yes on here but this is the song I figured would get the nod without attempting to pick it. Not complaining. They’d crush it. ,ec30df9aa1c9402db557f9baef42246b
spotify:track:4zLMM82wGnGS0VIy3pq2yU,4e117e3021d7466c8bf0b654f8357418,2025-04-02T18:53:32Z,1,Phish has BARELY covered Sabbath. And this would be a bad ass Page number. ,ec30df9aa1c9402db557f9baef42246b
spotify:track:64dHj8ZxaI2Wj0brEehVMN,4e117e3021d7466c8bf0b654f8357418,2025-04-02T18:53:32Z,1,I appreciate the restraint not going with Nighttime at the Switching Yard. ,ec30df9aa1c9402db557f9baef42246b
spotify:track:6sGjJmzgxvfNqLyp8yd0TH,4e117e3021d7466c8bf0b654f8357418,2025-04-02T18:53:32Z,2,Phish has BARELY cover Elton. And this would be a fun Pagey number. ,ec30df9aa1c9402db557f9baef42246b
spotify:track:7F02x6EKYIQV3VcTaTm7oN,4e117e3021d7466c8bf0b654f8357418,2025-04-02T18:53:32Z,2,"I mean, fuck it, rules were made to be broken. I’d poop my pants for a PF cover that doesn’t feature Fish on vox. ",ec30df9aa1c9402db557f9baef42246b
spotify:track:7Me0vOSlJfaPY7Pc4GeItd,4e117e3021d7466c8bf0b654f8357418,2025-04-02T18:53:32Z,0,"Slightly out of their wheelhouse, but could be interesting.",ec30df9aa1c9402db557f9baef42246b
spotify:track:3QZ7uX97s82HFYSmQUAN1D,7acfbf6ff4234d00875b58e7b2ec389d,2025-04-02T19:11:36Z,1,"I had like 3 different Rush tracks I thought about.  Tom Sawyer has been played to death, but still If they covered Rush I would lose my mind.  ",ec30df9aa1c9402db557f9baef42246b
spotify:track:0a3kDhZaZDNJJO25zNryki,7acfbf6ff4234d00875b58e7b2ec389d,2025-04-02T19:11:36Z,0,"Joe Cocker is more about Joe and less about the band.  Don't think that would work at all for Phish.  Feel like this is not for Trey.  Great song, but they would need to hire someone to sing it. ",ec30df9aa1c9402db557f9baef42246b
spotify:track:0lBVaPaaHYF5nU2doa3Bmt,7acfbf6ff4234d00875b58e7b2ec389d,2025-04-02T19:11:36Z,0,I would 100 percent think this was just some new Phish jam and no idea it was a cover.  I have no idea who this.  Is his nickname Alphonse the Schwanz?,ec30df9aa1c9402db557f9baef42246b
spotify:track:1IuUe3A7EfJmvZH3EljtwR,7acfbf6ff4234d00875b58e7b2ec389d,2025-04-02T19:11:36Z,2,"I could def see Phish playing this, would be cool.  A bit out of the box and everything.  Good choice. ",ec30df9aa1c9402db557f9baef42246b
spotify:track:2LuaCTFQkHilH4a7jGj00J,7acfbf6ff4234d00875b58e7b2ec389d,2025-04-02T19:11:36Z,3,"I don't know much about MMJ, so I thank you for this one.  Super cool tune, and the jam at the end was awesome.  Down for this. In a close race, I'm picking this as my fav. ",ec30df9aa1c9402db557f9baef42246b
spotify:track:38VMtB7XKuFYDaNsyEuMKR,7acfbf6ff4234d00875b58e7b2ec389d,2025-04-02T19:11:36Z,1,"Pretty much any Steely Dan would be cool, but we would need Jen and Nat. Nat seems busy touring the world in romance. ",ec30df9aa1c9402db557f9baef42246b
spotify:track:3mCeeoBvTTpg8Xy2Wuvirw,7acfbf6ff4234d00875b58e7b2ec389d,2025-04-02T19:11:36Z,0,I think I would hate this worse than Ride Captain Ride.  Immediate RUN to the bathroom and find some ice cream.  If this is the same person that submitted ABBA I'm not sure we can be friends anymore.  Then again are we even friends? ,ec30df9aa1c9402db557f9baef42246b
spotify:track:3oN6GakwMKG2BjIMTUdXCN,7acfbf6ff4234d00875b58e7b2ec389d,2025-04-02T19:11:36Z,0,Another I would have no idea if this was even a cover.  I don't think I liked it that much either. ,ec30df9aa1c9402db557f9baef42246b
spotify:track:466C6kwoJHLUJ8VHG98hCY,7acfbf6ff4234d00875b58e7b2ec389d,2025-04-02T19:11:36Z,2,"Was thinking about Yes for sure.  Was sad you didn't choose something more under the radar, but the more I listened and thought about it, this would slay.  (Zeez?)",ec30df9aa1c9402db557f9baef42246b
spotify:track:4zLMM82wGnGS0VIy3pq2yU,7acfbf6ff4234d00875b58e7b2ec389d,2025-04-02T19:11:36Z,2,"Black Sabbath has KINDA been covered? This was cool though, would be sick. ",ec30df9aa1c9402db557f9baef42246b
spotify:track:5mZ64Frr4QjMOkg3XtLlS8,7acfbf6ff4234d00875b58e7b2ec389d,2025-04-02T19:11:36Z,2,This works.  Would be a fun singalong and people would be dancing for sure. ,ec30df9aa1c9402db557f9baef42246b
spotify:track:64dHj8ZxaI2Wj0brEehVMN,7acfbf6ff4234d00875b58e7b2ec389d,2025-04-02T19:11:36Z,0,"Thought I was going to love this pick.  But the more I imagined it at a show, the more I wanted to sit down. ",ec30df9aa1c9402db557f9baef42246b
spotify:track:6sGjJmzgxvfNqLyp8yd0TH,7acfbf6ff4234d00875b58e7b2ec389d,2025-04-02T19:11:36Z,2,Would love to hear Page rip some keys on this.  Good pick (diskin?),ec30df9aa1c9402db557f9baef42246b
spotify:track:7F02x6EKYIQV3VcTaTm7oN,7acfbf6ff4234d00875b58e7b2ec389d,2025-04-02T19:11:36Z,0,I need something a bit more under the radar if we are doing Floyd.  So many fucking bands cover Floyd.  Yawn. ,ec30df9aa1c9402db557f9baef42246b
spotify:track:7Me0vOSlJfaPY7Pc4GeItd,7acfbf6ff4234d00875b58e7b2ec389d,2025-04-02T19:11:36Z,1,"This is cool, people would sorta know it, which I love in a cover.  Down. ",ec30df9aa1c9402db557f9baef42246b
spotify:track:0lBVaPaaHYF5nU2doa3Bmt,183c5f6ed1b147099842917a9576c8f4,2025-04-02T19:11:50Z,1,"Fishman absolutely eats this one up, locking into a relentless, jazz-funk groove that shakes the rafters loose. Trey channels his inner Scofield, firing off wah-drenched, angular runs that dance around Page’s clavinet stabs with razor-sharp precision. Mike keeps it nasty, snarling and popping, pushing the jam into an explosion of polyrhythmic madness. Just when it they might lose control, Fish reels it back in with a thunderous fill, slamming the door on one of filthiest funk throwdowns of tour.",ec30df9aa1c9402db557f9baef42246b
spotify:track:1bElCb3PUzvfpxEPCA6fmY,183c5f6ed1b147099842917a9576c8f4,2025-04-02T19:11:50Z,3,"Trey leans into Peter Green’s ghostly phrasing, his tone dripping with reverb and just enough bite to make each note sting. Mike and Fish hold it down with a sparse, almost hesitant groove, letting the space between notes breathe and ache. Page adds eerie, sustained organ thats creep in like distant fog, deepening the song’s haunted feel. When Trey finally lets loose, it’s not with fireworks but with slow, anguished bends that seem to bleed right into the ether—pure, unfiltered heartbreak.",ec30df9aa1c9402db557f9baef42246b
spotify:track:1IuUe3A7EfJmvZH3EljtwR,183c5f6ed1b147099842917a9576c8f4,2025-04-02T19:11:50Z,2,"Fish is the obvious MVP here, somehow yodeling, drumming, and possibly levitating all at once. Trey and Page trade rapid fire licks, nailing the song’s dizzying riffs before Trey erupts into a fuzzed-out, whammy-bar-laced shredfest. Mike's locked in but throws in just enough slippery, Jaco-esque runs to keep things from feeling too rigid. During the yodel-fueled sprint, the crowd is in full chaos mode —equal parts laughter and sheer disbelief. ",ec30df9aa1c9402db557f9baef42246b
spotify:track:2LuaCTFQkHilH4a7jGj00J,183c5f6ed1b147099842917a9576c8f4,2025-04-02T19:11:50Z,0,"As soon as those breezy, reggae-lite chords hit, I know this is my chance—I’ve been holding it in for three songs too many. I weave through the crowd, make it to the bathroom, and of course, there’s a massive line because half the venue had the same idea. The muffled sounds of Trey noodling in the background confirm I made the right choice, the jam sounding like it’s stuck on the road between Omaha and Kansas City while I do the impatient, shifting-foot dance. ",ec30df9aa1c9402db557f9baef42246b
spotify:track:38VMtB7XKuFYDaNsyEuMKR,183c5f6ed1b147099842917a9576c8f4,2025-04-02T19:11:50Z,1,"Fish locks into a crisp, driving shuffle, channeling just enough of Purdy’s pocket. Trey leans into the sharp, stabbing rhythm work before cutting loose with a solo that starts clean and nimble but gradually warps into a snarling, wah-drenched attack. Page is all over this one, his Rhodes shimmering through the mix while his organ swells push the jam into full-steam-ahead mode. By the final it feels like Phish just crash-landed in Countdown to Ecstasy.",ec30df9aa1c9402db557f9baef42246b
spotify:track:3mCeeoBvTTpg8Xy2Wuvirw,183c5f6ed1b147099842917a9576c8f4,2025-04-02T19:11:50Z,3,"Fish’s double-time gallop fuels this rock-opera behemoth while Trey slashes power chords and soars into an arena-rock solo. Page goes full Steinman with dramatic piano flourishes, and Mike locks in like a runaway train. As the final ascent peaks, Trey wails, the crowd screams, and for a moment, this one might never land. It lands. As soon as it closes the show, I head on lot where I down my ritual post-show meal. I may be slamming a veggie burrito but my mind is on meatloaf. ",ec30df9aa1c9402db557f9baef42246b
spotify:track:3oN6GakwMKG2BjIMTUdXCN,183c5f6ed1b147099842917a9576c8f4,2025-04-02T19:11:50Z,0,"Mike’s brooding bass and Fish’s ominous cymbals set the pulse as Trey weaves eerie, feedback-laced swells. Page drapes the jam in synth haze, pushing tension without release. Trey’s solo claws skyward in slow bursts, never quite resolving, leaving the crowd suspended in its haunting afterglow. I ask my show buddy wtf is this? He says I think it's a new TAB song. ",ec30df9aa1c9402db557f9baef42246b
spotify:track:3QZ7uX97s82HFYSmQUAN1D,183c5f6ed1b147099842917a9576c8f4,2025-04-02T19:11:50Z,0,"Fish somehow nails Peart’s fills while keeping it loose, Mike’s bass growls, and Page’s synth waves flood the mix. Trey doesn’t mimic Lifeson but stretches the solo with whammy bends and delay. The final riff slams down, the crowd roars, and Phish tips their hat to the masters of meticulous madness and, in turn, I tip my hat to the one Rush fan in my section, who's excitement of this Phish debut both at once grating and endearing. ",ec30df9aa1c9402db557f9baef42246b
spotify:track:466C6kwoJHLUJ8VHG98hCY,183c5f6ed1b147099842917a9576c8f4,2025-04-02T19:11:50Z,0,"Page takes charge from the jump, nailing the swirling organ intro before Trey and Mike lock into that iconic, hyperactive riff. Fish lets the song breathe, riding the line between Bruford’s tight precision and his own playful swing. The jam opens into a delay-drenched spiral, with Trey stretching notes skyward while Page doubles down on the proggy theatrics. By the final chorus, half the crowd is awed and amused they pulled off Roundabout with a straight face the other half calling it Progtichor",ec30df9aa1c9402db557f9baef42246b
spotify:track:4zLMM82wGnGS0VIy3pq2yU,183c5f6ed1b147099842917a9576c8f4,2025-04-02T19:11:50Z,0,"Mike's fuzzed-out bass snarls as Trey slashes the riff with bluesy abandon. The jam veers into a slinky, clav-heavy funk vamp before Trey rips a wah-drenched solo. Just when it's getting really hot, Trey inexplicably ripcords into the Wedge. ",ec30df9aa1c9402db557f9baef42246b
spotify:track:5mZ64Frr4QjMOkg3XtLlS8,183c5f6ed1b147099842917a9576c8f4,2025-04-02T19:11:50Z,4,"The Farmhouse->Party Time opener beguiled us. But soon we were in on the joke for it was ain't nothin but a house party!!  Fish’s pounding backbeat and Trey’s chunky chords set the room ablaze while Page hammers out rowdy piano fills. Mike keeps things bouncing just enough to stay loose. The call-and-response chorus explodes, the crowd is fully in party mode, and the whole place might actually cave in.",ec30df9aa1c9402db557f9baef42246b
spotify:track:6sGjJmzgxvfNqLyp8yd0TH,183c5f6ed1b147099842917a9576c8f4,2025-04-02T19:11:50Z,0,"Page on vocals, his delivery both reverent and playful, while his piano work absolutely soars. Fish and Mike lock into a tight, bouncing groove, giving Trey room to weave in chiming arpeggios before unleashing a mid-song solo that leans into watery, Leslie-soaked tones. The jam stretches into an almost Reba-like passage, with Page’s synths swirling around Trey’s looping, melodic flourishes before they snap back into the triumphant outro. I turn to see Diskin's shit-eating grin and mark it a 0. ",ec30df9aa1c9402db557f9baef42246b
spotify:track:7F02x6EKYIQV3VcTaTm7oN,183c5f6ed1b147099842917a9576c8f4,2025-04-02T19:11:50Z,1,"Trey takes a delicate approach, his tone soaked in reverb as he gently eases into the iconic opening riff, each note hanging in the air like a ghost. Mike’s bass carries the weight of the song, thick and melodic, locking in with Fishman’s restrained, heartbeat groove. Page’s synth textures swirl beneath the surface, adding an eerie depth that builds as Trey’s solo unfolds—slow, mournful, dripping. When the band crashes into the final chorus, the crowd is locked in, lost in its desperate beauty. ",ec30df9aa1c9402db557f9baef42246b
spotify:track:7Me0vOSlJfaPY7Pc4GeItd,183c5f6ed1b147099842917a9576c8f4,2025-04-02T19:11:50Z,0,"Mike and Fish lock into a tight but slightly looser groove than the original, giving the song a bit more swing while still driving it forward with urgency. Trey leans into the hypnotic guitar lines, blending precision with just enough grit to make it feel alive, his tone sharp and wiry but drenched in just a hint of delay. During this shocking cover, I take a moment to look at my friends and realize that  these people I've met along the way provide all the cover I need. ",ec30df9aa1c9402db557f9baef42246b
spotify:track:0a3kDhZaZDNJJO25zNryki,183c5f6ed1b147099842917a9576c8f4,2025-04-02T19:11:50Z,1,"Page's rather unconvincing husky vocals try to set the tone, but it's Trey’s choppy rhythms and Leslie-drenched solo that stretches the jam skyward. Fish and Mike lock into a relaxed but propulsive pocket, giving the jam an almost Weight-like lope before it lifts off into a swirling, delay-heavy climax. In the much anticipated final stanzas, an obnoxious segment of the crowd “WOOOOs"" along much to the chagrin of longtime fans sadly returning me from space, captain. ",ec30df9aa1c9402db557f9baef42246b
spotify:track:2LuaCTFQkHilH4a7jGj00J,9b7e03ea90dd46db9779dc21eb04ca5a,2025-04-02T19:35:50Z,1,"On first listen, I thought “man, they could have leaved this one off the record…..”

But then I realized it would make a good cover with that spacey outgrow turning into a type II jam. ",ec30df9aa1c9402db557f9baef42246b
spotify:track:7F02x6EKYIQV3VcTaTm7oN,9b7e03ea90dd46db9779dc21eb04ca5a,2025-04-02T19:35:50Z,0,Sorrynotsorry Roger Waters.,ec30df9aa1c9402db557f9baef42246b
spotify:track:6sGjJmzgxvfNqLyp8yd0TH,9b7e03ea90dd46db9779dc21eb04ca5a,2025-04-02T19:35:50Z,2,,ec30df9aa1c9402db557f9baef42246b
spotify:track:64dHj8ZxaI2Wj0brEehVMN,9b7e03ea90dd46db9779dc21eb04ca5a,2025-04-02T19:35:50Z,1,,ec30df9aa1c9402db557f9baef42246b
spotify:track:5mZ64Frr4QjMOkg3XtLlS8,9b7e03ea90dd46db9779dc21eb04ca5a,2025-04-02T19:35:50Z,3,"excellent choice, great job",ec30df9aa1c9402db557f9baef42246b
spotify:track:1bElCb3PUzvfpxEPCA6fmY,9b7e03ea90dd46db9779dc21eb04ca5a,2025-04-02T19:35:50Z,1,It’s like Undermind but way more boring. ,ec30df9aa1c9402db557f9baef42246b
spotify:track:0a3kDhZaZDNJJO25zNryki,9b7e03ea90dd46db9779dc21eb04ca5a,2025-04-02T19:35:50Z,0,If only I was confident someone could do Joe the honor he deserves.....,ec30df9aa1c9402db557f9baef42246b
spotify:track:4zLMM82wGnGS0VIy3pq2yU,9b7e03ea90dd46db9779dc21eb04ca5a,2025-04-02T19:35:50Z,2,,ec30df9aa1c9402db557f9baef42246b
spotify:track:466C6kwoJHLUJ8VHG98hCY,9b7e03ea90dd46db9779dc21eb04ca5a,2025-04-02T19:35:50Z,0,"This is one I'd say ""oh cool"" but not really enjoy it",ec30df9aa1c9402db557f9baef42246b
spotify:track:3QZ7uX97s82HFYSmQUAN1D,9b7e03ea90dd46db9779dc21eb04ca5a,2025-04-02T19:35:50Z,0,y'all really overrate their singing. ,ec30df9aa1c9402db557f9baef42246b
spotify:track:3mCeeoBvTTpg8Xy2Wuvirw,9b7e03ea90dd46db9779dc21eb04ca5a,2025-04-02T19:35:50Z,0,Too much singing. ,ec30df9aa1c9402db557f9baef42246b
spotify:track:38VMtB7XKuFYDaNsyEuMKR,9b7e03ea90dd46db9779dc21eb04ca5a,2025-04-02T19:35:50Z,2,Think Skin it Back. ,ec30df9aa1c9402db557f9baef42246b
spotify:track:7Me0vOSlJfaPY7Pc4GeItd,9b7e03ea90dd46db9779dc21eb04ca5a,2025-04-02T19:35:50Z,2,,ec30df9aa1c9402db557f9baef42246b
spotify:track:1IuUe3A7EfJmvZH3EljtwR,9b7e03ea90dd46db9779dc21eb04ca5a,2025-04-02T19:35:50Z,2,,ec30df9aa1c9402db557f9baef42246b
spotify:track:1bElCb3PUzvfpxEPCA6fmY,8453d173315c468e8134e2527a658ba5,2025-04-02T20:09:17Z,1,,ec30df9aa1c9402db557f9baef42246b
spotify:track:2LuaCTFQkHilH4a7jGj00J,8453d173315c468e8134e2527a658ba5,2025-04-02T20:09:17Z,4,Great choice!,ec30df9aa1c9402db557f9baef42246b
spotify:track:38VMtB7XKuFYDaNsyEuMKR,8453d173315c468e8134e2527a658ba5,2025-04-02T20:09:17Z,1,,ec30df9aa1c9402db557f9baef42246b
spotify:track:3mCeeoBvTTpg8Xy2Wuvirw,8453d173315c468e8134e2527a658ba5,2025-04-02T20:09:17Z,0,Ilana and I listened to a 10 minute meat loaf track on her ride home from daycare. I hope you’re happy,ec30df9aa1c9402db557f9baef42246b
spotify:track:3QZ7uX97s82HFYSmQUAN1D,8453d173315c468e8134e2527a658ba5,2025-04-02T20:09:17Z,1,Too obvious and not my favorite choice in this vein. Still phish covering rush would be nerdception so one point ,ec30df9aa1c9402db557f9baef42246b
spotify:track:466C6kwoJHLUJ8VHG98hCY,8453d173315c468e8134e2527a658ba5,2025-04-02T20:09:17Z,3,This would crush ,ec30df9aa1c9402db557f9baef42246b
spotify:track:4zLMM82wGnGS0VIy3pq2yU,8453d173315c468e8134e2527a658ba5,2025-04-02T20:09:17Z,1,,ec30df9aa1c9402db557f9baef42246b
spotify:track:5mZ64Frr4QjMOkg3XtLlS8,8453d173315c468e8134e2527a658ba5,2025-04-02T20:09:17Z,0,Considered J Geils myself. Thinking this was Tim,ec30df9aa1c9402db557f9baef42246b
spotify:track:64dHj8ZxaI2Wj0brEehVMN,8453d173315c468e8134e2527a658ba5,2025-04-02T20:09:17Z,1,Too obvious,ec30df9aa1c9402db557f9baef42246b
spotify:track:6sGjJmzgxvfNqLyp8yd0TH,8453d173315c468e8134e2527a658ba5,2025-04-02T20:09:17Z,3,Great choice,ec30df9aa1c9402db557f9baef42246b
spotify:track:7Me0vOSlJfaPY7Pc4GeItd,8453d173315c468e8134e2527a658ba5,2025-04-02T20:09:17Z,1,,ec30df9aa1c9402db557f9baef42246b
spotify:track:0a3kDhZaZDNJJO25zNryki,7fdceb56429c4e38939c3e5ee41bfdd0,2025-04-02T22:09:37Z,0,Crowd: “Wooo! Ahhh!”,ec30df9aa1c9402db557f9baef42246b
spotify:track:0lBVaPaaHYF5nU2doa3Bmt,7fdceb56429c4e38939c3e5ee41bfdd0,2025-04-02T22:09:37Z,2,,ec30df9aa1c9402db557f9baef42246b
spotify:track:1bElCb3PUzvfpxEPCA6fmY,7fdceb56429c4e38939c3e5ee41bfdd0,2025-04-02T22:09:37Z,2,,ec30df9aa1c9402db557f9baef42246b
spotify:track:1IuUe3A7EfJmvZH3EljtwR,7fdceb56429c4e38939c3e5ee41bfdd0,2025-04-02T22:09:37Z,1,Fish on flute,ec30df9aa1c9402db557f9baef42246b
spotify:track:2LuaCTFQkHilH4a7jGj00J,7fdceb56429c4e38939c3e5ee41bfdd0,2025-04-02T22:09:37Z,2,Great track,ec30df9aa1c9402db557f9baef42246b
spotify:track:38VMtB7XKuFYDaNsyEuMKR,7fdceb56429c4e38939c3e5ee41bfdd0,2025-04-02T22:09:37Z,1,,ec30df9aa1c9402db557f9baef42246b
spotify:track:3mCeeoBvTTpg8Xy2Wuvirw,7fdceb56429c4e38939c3e5ee41bfdd0,2025-04-02T22:09:37Z,0,Broadway Trey?,ec30df9aa1c9402db557f9baef42246b
spotify:track:3oN6GakwMKG2BjIMTUdXCN,7fdceb56429c4e38939c3e5ee41bfdd0,2025-04-02T22:09:37Z,1,Like the idea of Mike getting after it. ,ec30df9aa1c9402db557f9baef42246b
spotify:track:3QZ7uX97s82HFYSmQUAN1D,7fdceb56429c4e38939c3e5ee41bfdd0,2025-04-02T22:09:37Z,1,,ec30df9aa1c9402db557f9baef42246b
spotify:track:466C6kwoJHLUJ8VHG98hCY,7fdceb56429c4e38939c3e5ee41bfdd0,2025-04-02T22:09:37Z,1,,ec30df9aa1c9402db557f9baef42246b
spotify:track:4zLMM82wGnGS0VIy3pq2yU,7fdceb56429c4e38939c3e5ee41bfdd0,2025-04-02T22:09:37Z,1,Great song. Docked a point bc the singing would be horrific. ,ec30df9aa1c9402db557f9baef42246b
spotify:track:5mZ64Frr4QjMOkg3XtLlS8,7fdceb56429c4e38939c3e5ee41bfdd0,2025-04-02T22:09:37Z,1,,ec30df9aa1c9402db557f9baef42246b
spotify:track:64dHj8ZxaI2Wj0brEehVMN,7fdceb56429c4e38939c3e5ee41bfdd0,2025-04-02T22:09:37Z,1,,ec30df9aa1c9402db557f9baef42246b
spotify:track:6sGjJmzgxvfNqLyp8yd0TH,7fdceb56429c4e38939c3e5ee41bfdd0,2025-04-02T22:09:37Z,2,,ec30df9aa1c9402db557f9baef42246b
spotify:track:38VMtB7XKuFYDaNsyEuMKR,e5c2390073644e979f43e744c33e6c60,2025-04-02T23:23:18Z,1,,ec30df9aa1c9402db557f9baef42246b
spotify:track:0a3kDhZaZDNJJO25zNryki,e5c2390073644e979f43e744c33e6c60,2025-04-02T23:23:18Z,2,Would have given more but the woo’s make me nervous,ec30df9aa1c9402db557f9baef42246b
spotify:track:0lBVaPaaHYF5nU2doa3Bmt,e5c2390073644e979f43e744c33e6c60,2025-04-02T23:23:18Z,0,“Oh my god I can’t believe phish covered Nitroglycerin” said no one ever,ec30df9aa1c9402db557f9baef42246b
spotify:track:1bElCb3PUzvfpxEPCA6fmY,e5c2390073644e979f43e744c33e6c60,2025-04-02T23:23:18Z,1,,ec30df9aa1c9402db557f9baef42246b
spotify:track:1IuUe3A7EfJmvZH3EljtwR,e5c2390073644e979f43e744c33e6c60,2025-04-02T23:23:18Z,1,"Fun song but the yodel, flute and accordion ",ec30df9aa1c9402db557f9baef42246b
spotify:track:2LuaCTFQkHilH4a7jGj00J,e5c2390073644e979f43e744c33e6c60,2025-04-02T23:23:18Z,2,,ec30df9aa1c9402db557f9baef42246b
spotify:track:3oN6GakwMKG2BjIMTUdXCN,e5c2390073644e979f43e744c33e6c60,2025-04-02T23:23:18Z,2,,ec30df9aa1c9402db557f9baef42246b
spotify:track:3QZ7uX97s82HFYSmQUAN1D,e5c2390073644e979f43e744c33e6c60,2025-04-02T23:23:18Z,1,,ec30df9aa1c9402db557f9baef42246b
spotify:track:4zLMM82wGnGS0VIy3pq2yU,e5c2390073644e979f43e744c33e6c60,2025-04-02T23:23:18Z,1,,ec30df9aa1c9402db557f9baef42246b
spotify:track:5mZ64Frr4QjMOkg3XtLlS8,e5c2390073644e979f43e744c33e6c60,2025-04-02T23:23:18Z,2,,ec30df9aa1c9402db557f9baef42246b
spotify:track:64dHj8ZxaI2Wj0brEehVMN,e5c2390073644e979f43e744c33e6c60,2025-04-02T23:23:18Z,2,,ec30df9aa1c9402db557f9baef42246b
spotify:track:6sGjJmzgxvfNqLyp8yd0TH,e5c2390073644e979f43e744c33e6c60,2025-04-02T23:23:18Z,1,,ec30df9aa1c9402db557f9baef42246b
spotify:track:7Me0vOSlJfaPY7Pc4GeItd,e5c2390073644e979f43e744c33e6c60,2025-04-02T23:23:18Z,0,This reminded me of the video of what phish sounds like to non phish fans,ec30df9aa1c9402db557f9baef42246b
spotify:track:0a3kDhZaZDNJJO25zNryki,0b4377c224ba402d97adce848425da90,2025-04-02T23:28:55Z,0,The woo’s and aah’s would be unbearable for me. ,ec30df9aa1c9402db557f9baef42246b
spotify:track:0lBVaPaaHYF5nU2doa3Bmt,0b4377c224ba402d97adce848425da90,2025-04-02T23:28:55Z,0,"This was a cool listen, but I’m not sure there is enough structure here to even call it a song. ",ec30df9aa1c9402db557f9baef42246b
spotify:track:1bElCb3PUzvfpxEPCA6fmY,0b4377c224ba402d97adce848425da90,2025-04-02T23:28:55Z,2,Peter Green also wrote Black Magic Woman based on this song!? 🤯,ec30df9aa1c9402db557f9baef42246b
spotify:track:1IuUe3A7EfJmvZH3EljtwR,0b4377c224ba402d97adce848425da90,2025-04-02T23:28:55Z,2,Phish’s rondo would be nuts,ec30df9aa1c9402db557f9baef42246b
spotify:track:2LuaCTFQkHilH4a7jGj00J,0b4377c224ba402d97adce848425da90,2025-04-02T23:28:55Z,0,"The intro sounds like Hawaii Five-O. Then it gets pretty catchy for a while. But then some weird recorded babbling. Sorry to the Coat Cult, or whatever their fans are called, but I don’t want to hear Phish play this one.  ",ec30df9aa1c9402db557f9baef42246b
spotify:track:38VMtB7XKuFYDaNsyEuMKR,0b4377c224ba402d97adce848425da90,2025-04-02T23:28:55Z,2,"Really smart to pick a deeper cut from The Dan. This is funky, has a great riff, and is more playable than some other SD songs for Trey. ",ec30df9aa1c9402db557f9baef42246b
spotify:track:3mCeeoBvTTpg8Xy2Wuvirw,0b4377c224ba402d97adce848425da90,2025-04-02T23:28:55Z,0,This was a journey. ,ec30df9aa1c9402db557f9baef42246b
spotify:track:3QZ7uX97s82HFYSmQUAN1D,0b4377c224ba402d97adce848425da90,2025-04-02T23:28:55Z,1,First note pulls you in. Fishman would have a field day here. A little too obvious of a choice to get more points. ,ec30df9aa1c9402db557f9baef42246b
spotify:track:466C6kwoJHLUJ8VHG98hCY,0b4377c224ba402d97adce848425da90,2025-04-02T23:28:55Z,3,Brilliant choice. I was immediately jealous when I saw it on the list. ,ec30df9aa1c9402db557f9baef42246b
spotify:track:4zLMM82wGnGS0VIy3pq2yU,0b4377c224ba402d97adce848425da90,2025-04-02T23:28:55Z,1,,ec30df9aa1c9402db557f9baef42246b
spotify:track:5mZ64Frr4QjMOkg3XtLlS8,0b4377c224ba402d97adce848425da90,2025-04-02T23:28:55Z,0,Would be fun but forgettable ,ec30df9aa1c9402db557f9baef42246b
spotify:track:64dHj8ZxaI2Wj0brEehVMN,0b4377c224ba402d97adce848425da90,2025-04-02T23:28:55Z,1,I considered a few songs from this classic album. Would be curious to see what Phish does with Zevon. ,ec30df9aa1c9402db557f9baef42246b
spotify:track:7F02x6EKYIQV3VcTaTm7oN,0b4377c224ba402d97adce848425da90,2025-04-02T23:28:55Z,1,,ec30df9aa1c9402db557f9baef42246b
spotify:track:7Me0vOSlJfaPY7Pc4GeItd,0b4377c224ba402d97adce848425da90,2025-04-02T23:28:55Z,3,"This one was pretty new to me. There is a direct line from this guitar solo to Wilco and Nels, and I am fucking here for it. ",ec30df9aa1c9402db557f9baef42246b
spotify:track:4zLMM82wGnGS0VIy3pq2yU,f1f0f2ed0eb64306992b613229fb7972,2025-04-03T14:25:56Z,0,Eh,ec30df9aa1c9402db557f9baef42246b
spotify:track:0a3kDhZaZDNJJO25zNryki,f1f0f2ed0eb64306992b613229fb7972,2025-04-03T14:25:56Z,2,LOVE this pick. Trying to figure out who would sing. Maybe they’d trade off verses? Or just all out Fish & his best Cocker impression 😹 I can see Trey giggling to a point where he is unable to play guitar & tears are rolling down his cheeks as Fish REALLY leans into it. ,ec30df9aa1c9402db557f9baef42246b
spotify:track:0lBVaPaaHYF5nU2doa3Bmt,f1f0f2ed0eb64306992b613229fb7972,2025-04-03T14:25:56Z,0,Not sure Phish *could* cover this?  ,ec30df9aa1c9402db557f9baef42246b
spotify:track:1bElCb3PUzvfpxEPCA6fmY,f1f0f2ed0eb64306992b613229fb7972,2025-04-03T14:25:56Z,1,Great call. Kinda sounds like a song TAB could/would/should cover. ,ec30df9aa1c9402db557f9baef42246b
spotify:track:1IuUe3A7EfJmvZH3EljtwR,f1f0f2ed0eb64306992b613229fb7972,2025-04-03T14:25:56Z,2,I could see Fish getting amped about this & then cracking everyone the fuck up with the performance of it ,ec30df9aa1c9402db557f9baef42246b
spotify:track:2LuaCTFQkHilH4a7jGj00J,f1f0f2ed0eb64306992b613229fb7972,2025-04-03T14:25:56Z,1,"Just imagining how much the Jacket Wearers would be *losing* it if this actually happened 😹 Haven’t heard this song before but I’m digging it (& think Trey might, too.) Tho I’m imagining Mike singing it? Either way, good pick! ",ec30df9aa1c9402db557f9baef42246b
spotify:track:38VMtB7XKuFYDaNsyEuMKR,f1f0f2ed0eb64306992b613229fb7972,2025-04-03T14:25:56Z,1,Page singing this with his *whole* heart & Trey loving every god damn second of it. I’m into it.,ec30df9aa1c9402db557f9baef42246b
spotify:track:3mCeeoBvTTpg8Xy2Wuvirw,f1f0f2ed0eb64306992b613229fb7972,2025-04-03T14:25:56Z,1,This would be hilarious for the first couple of minutes but then drag on for way too long… 😂 Fish obviously singing this one.,ec30df9aa1c9402db557f9baef42246b
spotify:track:3oN6GakwMKG2BjIMTUdXCN,f1f0f2ed0eb64306992b613229fb7972,2025-04-03T14:25:56Z,0,"Eh, no thank you 😬",ec30df9aa1c9402db557f9baef42246b
spotify:track:3QZ7uX97s82HFYSmQUAN1D,f1f0f2ed0eb64306992b613229fb7972,2025-04-03T14:25:56Z,1,"Love this song. Rush always makes me think of Freaks & Geeks so I probably would’ve gone with Spirit of the Radio,  but this would probably be alright, too. ",ec30df9aa1c9402db557f9baef42246b
spotify:track:466C6kwoJHLUJ8VHG98hCY,f1f0f2ed0eb64306992b613229fb7972,2025-04-03T14:25:56Z,1,"Phish would crush this, Trey singing? Page would slay that keys breakdown mid tune. A little long for me but ¯\_(ツ)_/¯ ",ec30df9aa1c9402db557f9baef42246b
spotify:track:5mZ64Frr4QjMOkg3XtLlS8,f1f0f2ed0eb64306992b613229fb7972,2025-04-03T14:25:56Z,1,Lucky placement after Ozzy 😜,ec30df9aa1c9402db557f9baef42246b
spotify:track:64dHj8ZxaI2Wj0brEehVMN,f1f0f2ed0eb64306992b613229fb7972,2025-04-03T14:25:56Z,3,This would be so so good & everyone would LOVE it. Can’t decide if Trey or Fish sings — probably Fish? (This has got to be either a Paug or Spund pick),ec30df9aa1c9402db557f9baef42246b
spotify:track:6sGjJmzgxvfNqLyp8yd0TH,f1f0f2ed0eb64306992b613229fb7972,2025-04-03T14:25:56Z,1,Josh? Page would be so proud of himself. Wouldn’t have been my Elton pick but I’m sure others would be amped about it. ,ec30df9aa1c9402db557f9baef42246b
spotify:track:7F02x6EKYIQV3VcTaTm7oN,f1f0f2ed0eb64306992b613229fb7972,2025-04-03T14:25:56Z,1,Feels kind of basic but 1/2 to 3/4 of the venue would be losing their minds if this happened so here’s a point ,ec30df9aa1c9402db557f9baef42246b
spotify:track:7Me0vOSlJfaPY7Pc4GeItd,605866a938e54c5da212fc8595186729,2025-04-03T14:59:40Z,2,,ec30df9aa1c9402db557f9baef42246b
spotify:track:0lBVaPaaHYF5nU2doa3Bmt,605866a938e54c5da212fc8595186729,2025-04-03T14:59:40Z,3,,ec30df9aa1c9402db557f9baef42246b
spotify:track:3mCeeoBvTTpg8Xy2Wuvirw,605866a938e54c5da212fc8595186729,2025-04-03T14:59:40Z,2,,ec30df9aa1c9402db557f9baef42246b
spotify:track:3oN6GakwMKG2BjIMTUdXCN,605866a938e54c5da212fc8595186729,2025-04-03T14:59:40Z,2,,ec30df9aa1c9402db557f9baef42246b
spotify:track:3QZ7uX97s82HFYSmQUAN1D,605866a938e54c5da212fc8595186729,2025-04-03T14:59:40Z,1,,ec30df9aa1c9402db557f9baef42246b
spotify:track:5mZ64Frr4QjMOkg3XtLlS8,605866a938e54c5da212fc8595186729,2025-04-03T14:59:40Z,2,,ec30df9aa1c9402db557f9baef42246b
spotify:track:64dHj8ZxaI2Wj0brEehVMN,605866a938e54c5da212fc8595186729,2025-04-03T14:59:40Z,3,,ec30df9aa1c9402db557f9baef42246b
spotify:track:6sGjJmzgxvfNqLyp8yd0TH,605866a938e54c5da212fc8595186729,2025-04-03T14:59:40Z,1,,ec30df9aa1c9402db557f9baef42246b
spotify:track:1bElCb3PUzvfpxEPCA6fmY,49a5ff7c4466457eb8016aaf873224cb,2025-04-03T20:33:11Z,1,Black magic womany. Could feel it musically and obviously Trey would love to pretend to be sexy singing it. ,ec30df9aa1c9402db557f9baef42246b
spotify:track:7Me0vOSlJfaPY7Pc4GeItd,49a5ff7c4466457eb8016aaf873224cb,2025-04-03T20:33:11Z,1,Whole album feels like it could have been a great pick for a Halloween once upon a time. Has all the right vibes. ,ec30df9aa1c9402db557f9baef42246b
spotify:track:7F02x6EKYIQV3VcTaTm7oN,49a5ff7c4466457eb8016aaf873224cb,2025-04-03T20:33:11Z,1,"Hmmm the main big Wall riff section would slay. Feel like maybe they’ve dropped that one at some point. Would obvious love if they did it, but not feeling it as a song they should cover. ",ec30df9aa1c9402db557f9baef42246b
spotify:track:6sGjJmzgxvfNqLyp8yd0TH,49a5ff7c4466457eb8016aaf873224cb,2025-04-03T20:33:11Z,1,Can def hear it. Page on keys for sure. But really yeah the whole makeup feels right. ,ec30df9aa1c9402db557f9baef42246b
spotify:track:64dHj8ZxaI2Wj0brEehVMN,49a5ff7c4466457eb8016aaf873224cb,2025-04-03T20:33:11Z,1,"Surely at least an artist Paug wanted to pick that Sam probably stole. I go back and forth on Phish doing Zevon, but yeah it would be cool. Switching Yard would be a better fit, I think. Perhaps someone went for that one and shied away with the artist warning. ",ec30df9aa1c9402db557f9baef42246b
spotify:track:5mZ64Frr4QjMOkg3XtLlS8,49a5ff7c4466457eb8016aaf873224cb,2025-04-03T20:33:11Z,3,By far the most phishy on the list. Can feel right out of the gates that it just works. Maybe works *too* well. But it’s getting my points. Would be a party for sure. ,ec30df9aa1c9402db557f9baef42246b
spotify:track:3QZ7uX97s82HFYSmQUAN1D,49a5ff7c4466457eb8016aaf873224cb,2025-04-03T20:33:11Z,0,I don’t really want this. But would be pretty cool I guess. Maybe not the full song but in the middle of a sammich or something. Had to remove the point to bump meatloaf up to a 2 bagger. Sorry!,ec30df9aa1c9402db557f9baef42246b
spotify:track:466C6kwoJHLUJ8VHG98hCY,49a5ff7c4466457eb8016aaf873224cb,2025-04-03T20:33:11Z,1,Want this more than Tom Sawyer. One of these is Memo. Could only manage a point to one of the prog songs and this one snuck through. ,ec30df9aa1c9402db557f9baef42246b
spotify:track:3oN6GakwMKG2BjIMTUdXCN,49a5ff7c4466457eb8016aaf873224cb,2025-04-03T20:33:11Z,1,Musically very much in the wheelhouse. Duskin?,ec30df9aa1c9402db557f9baef42246b
spotify:track:3mCeeoBvTTpg8Xy2Wuvirw,49a5ff7c4466457eb8016aaf873224cb,2025-04-03T20:33:11Z,2,"So good. Would be a serious arena party. Was a battle for 3 points with the house party song. That one barely nudged ahead because they could actually pull it off better. I could see some vocal trading in this song, but all of them would be hard pressed to nail the biggest belted lines. ",ec30df9aa1c9402db557f9baef42246b
spotify:track:38VMtB7XKuFYDaNsyEuMKR,49a5ff7c4466457eb8016aaf873224cb,2025-04-03T20:33:11Z,2,"I very often sing the opening lines to Fee to opening lines of this song. “In the kewllll shade of tha banana tree, on tha rugged trailll toward the balconyy”. Phish could crush many SD tunes. Hoping Trey’s recent induction ceremony performance brings it top of mind. Dan cover in 2025. Happenin. ",ec30df9aa1c9402db557f9baef42246b
spotify:track:2LuaCTFQkHilH4a7jGj00J,49a5ff7c4466457eb8016aaf873224cb,2025-04-03T20:33:11Z,0,Love this song and really like the jam section for Phish. Having trouble picturing the actual song working for them. ,ec30df9aa1c9402db557f9baef42246b
spotify:track:1IuUe3A7EfJmvZH3EljtwR,49a5ff7c4466457eb8016aaf873224cb,2025-04-03T20:33:11Z,1,Could see it. The silly the breakdowns either definitely work or definitely don’t. ,ec30df9aa1c9402db557f9baef42246b
spotify:track:0lBVaPaaHYF5nU2doa3Bmt,49a5ff7c4466457eb8016aaf873224cb,2025-04-03T20:33:11Z,0,"Sick song but not sure I’m feeling it for Phish. Prog city! Would pick Rush or Yes before this, but the led me to spin album which is great. Ty. Felt like some others fit better for me (like Golden Rainbows just before it)",ec30df9aa1c9402db557f9baef42246b
spotify:track:0a3kDhZaZDNJJO25zNryki,49a5ff7c4466457eb8016aaf873224cb,2025-04-03T20:33:11Z,1,"TAB could crush. Feel like you really need lots of backup vocals to really make this one pop. Great choice, though. ",ec30df9aa1c9402db557f9baef42246b
spotify:track:04nOwWktrlIrqalCY3QH0L,d0b05ef03f5e4598a3e8532b812c3330,2025-04-06T17:05:27Z,2,This was insane memo. Very cool. ,19ca3c4fe13640d398f6daaf18483f92
spotify:track:0aVwclUm2FsksllwpJRlaX,d0b05ef03f5e4598a3e8532b812c3330,2025-04-06T17:05:27Z,1,,19ca3c4fe13640d398f6daaf18483f92
spotify:track:0SzAKZYTUvDLqlPgllEb3N,d0b05ef03f5e4598a3e8532b812c3330,2025-04-06T17:05:27Z,1,,19ca3c4fe13640d398f6daaf18483f92
spotify:track:1DoWUjcc5sqpRioFPioogU,d0b05ef03f5e4598a3e8532b812c3330,2025-04-06T17:05:27Z,2,Lonnie 4 Life ,19ca3c4fe13640d398f6daaf18483f92
spotify:track:2oZsXSssUFo09ZdDH217ld,d0b05ef03f5e4598a3e8532b812c3330,2025-04-06T17:05:27Z,4,Points for all the amazing sounding instruments but more points for finally showing me a Zappa song that I loved. More of this please. Am I finally into Zappa? Is this real life? Reminded me of Gizz paper mache ballons ,19ca3c4fe13640d398f6daaf18483f92
spotify:track:2XvGUsoEFpDsmfxlNsL5lL,d0b05ef03f5e4598a3e8532b812c3330,2025-04-06T17:05:27Z,1,Either this is Kenny or this is stolen valor Kenny ,19ca3c4fe13640d398f6daaf18483f92
spotify:track:2zyXyei2jNC0BeaekYUbJx,d0b05ef03f5e4598a3e8532b812c3330,2025-04-06T17:05:27Z,1,,19ca3c4fe13640d398f6daaf18483f92
spotify:track:38pBZE7a3VpCGSjR94tiod,d0b05ef03f5e4598a3e8532b812c3330,2025-04-06T17:05:27Z,1,,19ca3c4fe13640d398f6daaf18483f92
spotify:track:3ZSf1TJZyRb0rnWYuUtdX4,d0b05ef03f5e4598a3e8532b812c3330,2025-04-06T17:05:27Z,0,Love you Paug ,19ca3c4fe13640d398f6daaf18483f92
spotify:track:4Wgj6jzoI2gYlumXdYAB8U,d0b05ef03f5e4598a3e8532b812c3330,2025-04-06T17:05:27Z,1,,19ca3c4fe13640d398f6daaf18483f92
spotify:track:55RrwVnAxHidgkx21kAcH1,d0b05ef03f5e4598a3e8532b812c3330,2025-04-06T17:05:27Z,1,Love Mahler 2. ,19ca3c4fe13640d398f6daaf18483f92
spotify:track:59WN2psjkt1tyaxjspN8fp,d0b05ef03f5e4598a3e8532b812c3330,2025-04-06T17:05:27Z,1,,19ca3c4fe13640d398f6daaf18483f92
spotify:track:5WJU527RQNyMLuKecjsL8V,d0b05ef03f5e4598a3e8532b812c3330,2025-04-06T17:05:27Z,0,It’s great I’ve just heard this too much ,19ca3c4fe13640d398f6daaf18483f92
spotify:track:6tEaLXZlN8b71vWV1SSsRf,d0b05ef03f5e4598a3e8532b812c3330,2025-04-06T17:05:27Z,0,Solid choice just not your fault I’ve already used this for a previous music league. If this is Mendo very funny. ,19ca3c4fe13640d398f6daaf18483f92
spotify:track:04nOwWktrlIrqalCY3QH0L,9b7e03ea90dd46db9779dc21eb04ca5a,2025-04-06T21:36:26Z,0,Too much for me,19ca3c4fe13640d398f6daaf18483f92
spotify:track:0aVwclUm2FsksllwpJRlaX,9b7e03ea90dd46db9779dc21eb04ca5a,2025-04-06T21:36:26Z,4,Whoah I didn’t know about these guys. Phil Collins is an absolute monster. ,19ca3c4fe13640d398f6daaf18483f92
spotify:track:0SzAKZYTUvDLqlPgllEb3N,9b7e03ea90dd46db9779dc21eb04ca5a,2025-04-06T21:36:26Z,1,"Knew Quincy would be on here. 
This is a bit is too treble forward for me though. ",19ca3c4fe13640d398f6daaf18483f92
spotify:track:1DoWUjcc5sqpRioFPioogU,9b7e03ea90dd46db9779dc21eb04ca5a,2025-04-06T21:36:26Z,1,,19ca3c4fe13640d398f6daaf18483f92
spotify:track:2XvGUsoEFpDsmfxlNsL5lL,9b7e03ea90dd46db9779dc21eb04ca5a,2025-04-06T21:36:26Z,0,I feel like the separation of frequencies is impressive but leaves a little of a sterile effect ,19ca3c4fe13640d398f6daaf18483f92
spotify:track:2zyXyei2jNC0BeaekYUbJx,9b7e03ea90dd46db9779dc21eb04ca5a,2025-04-06T21:36:26Z,0,Beautiful just a bit boring for me ,19ca3c4fe13640d398f6daaf18483f92
spotify:track:38pBZE7a3VpCGSjR94tiod,9b7e03ea90dd46db9779dc21eb04ca5a,2025-04-06T21:36:26Z,1,,19ca3c4fe13640d398f6daaf18483f92
spotify:track:4Wgj6jzoI2gYlumXdYAB8U,9b7e03ea90dd46db9779dc21eb04ca5a,2025-04-06T21:36:26Z,2,,19ca3c4fe13640d398f6daaf18483f92
spotify:track:4zoQ3EqopTIGmK2c2rPV5t,9b7e03ea90dd46db9779dc21eb04ca5a,2025-04-06T21:36:26Z,1,,19ca3c4fe13640d398f6daaf18483f92
spotify:track:55RrwVnAxHidgkx21kAcH1,9b7e03ea90dd46db9779dc21eb04ca5a,2025-04-06T21:36:26Z,2,,19ca3c4fe13640d398f6daaf18483f92
spotify:track:6tEaLXZlN8b71vWV1SSsRf,9b7e03ea90dd46db9779dc21eb04ca5a,2025-04-06T21:36:26Z,1,,19ca3c4fe13640d398f6daaf18483f92
spotify:track:7cNueAsoIwFAvxDip4HetE,9b7e03ea90dd46db9779dc21eb04ca5a,2025-04-06T21:36:26Z,3,,19ca3c4fe13640d398f6daaf18483f92
spotify:track:0aVwclUm2FsksllwpJRlaX,8453d173315c468e8134e2527a658ba5,2025-04-07T09:13:29Z,1,,19ca3c4fe13640d398f6daaf18483f92
spotify:track:0SzAKZYTUvDLqlPgllEb3N,8453d173315c468e8134e2527a658ba5,2025-04-07T09:13:29Z,2,,19ca3c4fe13640d398f6daaf18483f92
spotify:track:2oZsXSssUFo09ZdDH217ld,8453d173315c468e8134e2527a658ba5,2025-04-07T09:13:29Z,2,,19ca3c4fe13640d398f6daaf18483f92
spotify:track:38pBZE7a3VpCGSjR94tiod,8453d173315c468e8134e2527a658ba5,2025-04-07T09:13:29Z,3,,19ca3c4fe13640d398f6daaf18483f92
spotify:track:3ZSf1TJZyRb0rnWYuUtdX4,8453d173315c468e8134e2527a658ba5,2025-04-07T09:13:29Z,0,Nerd,19ca3c4fe13640d398f6daaf18483f92
spotify:track:4zoQ3EqopTIGmK2c2rPV5t,8453d173315c468e8134e2527a658ba5,2025-04-07T09:13:29Z,1,,19ca3c4fe13640d398f6daaf18483f92
spotify:track:5WJU527RQNyMLuKecjsL8V,8453d173315c468e8134e2527a658ba5,2025-04-07T09:13:29Z,2,,19ca3c4fe13640d398f6daaf18483f92
spotify:track:6tEaLXZlN8b71vWV1SSsRf,8453d173315c468e8134e2527a658ba5,2025-04-07T09:13:29Z,4,,19ca3c4fe13640d398f6daaf18483f92
spotify:track:7cNueAsoIwFAvxDip4HetE,8453d173315c468e8134e2527a658ba5,2025-04-07T09:13:29Z,1,,19ca3c4fe13640d398f6daaf18483f92
spotify:track:04nOwWktrlIrqalCY3QH0L,183c5f6ed1b147099842917a9576c8f4,2025-04-07T14:14:43Z,1,At first wanted a fuller sound for this challenge. But kept going back to it and enjoying it more. Lots of fun bonus noises swirling throughout. ,19ca3c4fe13640d398f6daaf18483f92
spotify:track:0aVwclUm2FsksllwpJRlaX,183c5f6ed1b147099842917a9576c8f4,2025-04-07T14:14:43Z,1,Really heats up nicely. And perfect pocket. Like a knish. ,19ca3c4fe13640d398f6daaf18483f92
spotify:track:0SzAKZYTUvDLqlPgllEb3N,183c5f6ed1b147099842917a9576c8f4,2025-04-07T14:14:43Z,0,Great song by Q. Just thought others hit the mark more on the challenge. ,19ca3c4fe13640d398f6daaf18483f92
spotify:track:1DoWUjcc5sqpRioFPioogU,183c5f6ed1b147099842917a9576c8f4,2025-04-07T14:14:43Z,2,Really enjoyed the L/R interplay and the driving baseline.  I need about two more days and I'll be done with Lonnie's Spotify bio. Fascinating!,19ca3c4fe13640d398f6daaf18483f92
spotify:track:2oZsXSssUFo09ZdDH217ld,183c5f6ed1b147099842917a9576c8f4,2025-04-07T14:14:43Z,0,Interesting piece that I didn't know. Just thought others hit the prompt more head one. ,19ca3c4fe13640d398f6daaf18483f92
spotify:track:2XvGUsoEFpDsmfxlNsL5lL,183c5f6ed1b147099842917a9576c8f4,2025-04-07T14:14:43Z,2,Fuck that's sexy,19ca3c4fe13640d398f6daaf18483f92
spotify:track:38pBZE7a3VpCGSjR94tiod,183c5f6ed1b147099842917a9576c8f4,2025-04-07T14:14:43Z,1,,19ca3c4fe13640d398f6daaf18483f92
spotify:track:3ZSf1TJZyRb0rnWYuUtdX4,183c5f6ed1b147099842917a9576c8f4,2025-04-07T14:14:43Z,0,Love the idea here. But Gustav took your orchestral points. ,19ca3c4fe13640d398f6daaf18483f92
spotify:track:4Wgj6jzoI2gYlumXdYAB8U,183c5f6ed1b147099842917a9576c8f4,2025-04-07T14:14:43Z,2,At once massaging my brain and giving it extreme anxiety. Here for it. ,19ca3c4fe13640d398f6daaf18483f92
spotify:track:4zoQ3EqopTIGmK2c2rPV5t,183c5f6ed1b147099842917a9576c8f4,2025-04-07T14:14:43Z,2,Great move to look to Beck on this challenge,19ca3c4fe13640d398f6daaf18483f92
spotify:track:55RrwVnAxHidgkx21kAcH1,183c5f6ed1b147099842917a9576c8f4,2025-04-07T14:14:43Z,1,Perfect classical selection.,19ca3c4fe13640d398f6daaf18483f92
spotify:track:5WJU527RQNyMLuKecjsL8V,183c5f6ed1b147099842917a9576c8f4,2025-04-07T14:14:43Z,2,Soundcheck:  Jam,19ca3c4fe13640d398f6daaf18483f92
spotify:track:6tEaLXZlN8b71vWV1SSsRf,183c5f6ed1b147099842917a9576c8f4,2025-04-07T14:14:43Z,2,Natural dopamine,19ca3c4fe13640d398f6daaf18483f92
spotify:track:7cNueAsoIwFAvxDip4HetE,183c5f6ed1b147099842917a9576c8f4,2025-04-07T14:14:43Z,0,Sorry lil footsie competition just too tight. ,19ca3c4fe13640d398f6daaf18483f92
spotify:track:0aVwclUm2FsksllwpJRlaX,1c89e947d02949ed86d05ec22a7350bf,2025-04-07T14:50:49Z,0,this was a little much,19ca3c4fe13640d398f6daaf18483f92
spotify:track:0SzAKZYTUvDLqlPgllEb3N,1c89e947d02949ed86d05ec22a7350bf,2025-04-07T14:50:49Z,3,"fun one, couldnt get it out of my head",19ca3c4fe13640d398f6daaf18483f92
spotify:track:1DoWUjcc5sqpRioFPioogU,1c89e947d02949ed86d05ec22a7350bf,2025-04-07T14:50:49Z,3,fun one,19ca3c4fe13640d398f6daaf18483f92
spotify:track:2oZsXSssUFo09ZdDH217ld,1c89e947d02949ed86d05ec22a7350bf,2025-04-07T14:50:49Z,2,,19ca3c4fe13640d398f6daaf18483f92
spotify:track:2XvGUsoEFpDsmfxlNsL5lL,1c89e947d02949ed86d05ec22a7350bf,2025-04-07T14:50:49Z,1,,19ca3c4fe13640d398f6daaf18483f92
spotify:track:2zyXyei2jNC0BeaekYUbJx,1c89e947d02949ed86d05ec22a7350bf,2025-04-07T14:50:49Z,0,i find these guys too sleepy and sad,19ca3c4fe13640d398f6daaf18483f92
spotify:track:3ZSf1TJZyRb0rnWYuUtdX4,1c89e947d02949ed86d05ec22a7350bf,2025-04-07T14:50:49Z,0,"not my jam, the movies or the score",19ca3c4fe13640d398f6daaf18483f92
spotify:track:4Wgj6jzoI2gYlumXdYAB8U,1c89e947d02949ed86d05ec22a7350bf,2025-04-07T14:50:49Z,0,"hot take, have never liked radiohead ",19ca3c4fe13640d398f6daaf18483f92
spotify:track:4zoQ3EqopTIGmK2c2rPV5t,1c89e947d02949ed86d05ec22a7350bf,2025-04-07T14:50:49Z,1,,19ca3c4fe13640d398f6daaf18483f92
spotify:track:55RrwVnAxHidgkx21kAcH1,1c89e947d02949ed86d05ec22a7350bf,2025-04-07T14:50:49Z,0,"respect the hell out of a symphony, but not what i want to listen if not seeing it live",19ca3c4fe13640d398f6daaf18483f92
spotify:track:59WN2psjkt1tyaxjspN8fp,1c89e947d02949ed86d05ec22a7350bf,2025-04-07T14:50:49Z,0,i dont like to be yelled out via my music,19ca3c4fe13640d398f6daaf18483f92
spotify:track:5WJU527RQNyMLuKecjsL8V,1c89e947d02949ed86d05ec22a7350bf,2025-04-07T14:50:49Z,2,classic,19ca3c4fe13640d398f6daaf18483f92
spotify:track:6tEaLXZlN8b71vWV1SSsRf,1c89e947d02949ed86d05ec22a7350bf,2025-04-07T14:50:49Z,3,really fun one,19ca3c4fe13640d398f6daaf18483f92
spotify:track:7cNueAsoIwFAvxDip4HetE,1c89e947d02949ed86d05ec22a7350bf,2025-04-07T14:50:49Z,1,,19ca3c4fe13640d398f6daaf18483f92
spotify:track:04nOwWktrlIrqalCY3QH0L,ce76a5e6ff274137bb5127db7065d9a8,2025-04-07T15:18:01Z,1,,19ca3c4fe13640d398f6daaf18483f92
spotify:track:0aVwclUm2FsksllwpJRlaX,ce76a5e6ff274137bb5127db7065d9a8,2025-04-07T15:18:01Z,0,"I wanted to give everyone points but there were a couple songs that deserved more than others, which meant some miss out on points, and this one just didn’t catch me enough",19ca3c4fe13640d398f6daaf18483f92
spotify:track:0SzAKZYTUvDLqlPgllEb3N,ce76a5e6ff274137bb5127db7065d9a8,2025-04-07T15:18:01Z,0,"I wanted to give everyone points but there were a couple songs that deserved more than others, which meant some miss out on points, and this one sounded more compressed for some reason? Idk",19ca3c4fe13640d398f6daaf18483f92
spotify:track:1DoWUjcc5sqpRioFPioogU,ce76a5e6ff274137bb5127db7065d9a8,2025-04-07T15:18:01Z,0,Ran out of points ,19ca3c4fe13640d398f6daaf18483f92
spotify:track:2oZsXSssUFo09ZdDH217ld,ce76a5e6ff274137bb5127db7065d9a8,2025-04-07T15:18:01Z,3,"Really like the sound quality on this. Big, clear, balanced, and good tune. Think this maybe had the best overall sound to my ears",19ca3c4fe13640d398f6daaf18483f92
spotify:track:2zyXyei2jNC0BeaekYUbJx,ce76a5e6ff274137bb5127db7065d9a8,2025-04-07T15:18:01Z,1,,19ca3c4fe13640d398f6daaf18483f92
spotify:track:38pBZE7a3VpCGSjR94tiod,ce76a5e6ff274137bb5127db7065d9a8,2025-04-07T15:18:01Z,0,Impressed that this sounded this good as a live recording but not enough points ,19ca3c4fe13640d398f6daaf18483f92
spotify:track:3ZSf1TJZyRb0rnWYuUtdX4,ce76a5e6ff274137bb5127db7065d9a8,2025-04-07T15:18:01Z,1,I don’t like the song. But I like the idea,19ca3c4fe13640d398f6daaf18483f92
spotify:track:4Wgj6jzoI2gYlumXdYAB8U,ce76a5e6ff274137bb5127db7065d9a8,2025-04-07T15:18:01Z,1,,19ca3c4fe13640d398f6daaf18483f92
spotify:track:4zoQ3EqopTIGmK2c2rPV5t,ce76a5e6ff274137bb5127db7065d9a8,2025-04-07T15:18:01Z,2,Great sound and doing funny things with my ears,19ca3c4fe13640d398f6daaf18483f92
spotify:track:55RrwVnAxHidgkx21kAcH1,ce76a5e6ff274137bb5127db7065d9a8,2025-04-07T15:18:01Z,2,"I almost went classical too but I was hesitant to give 10+ minutes of Beethoven (9th symphony, second movement, total badass). This is good",19ca3c4fe13640d398f6daaf18483f92
spotify:track:59WN2psjkt1tyaxjspN8fp,ce76a5e6ff274137bb5127db7065d9a8,2025-04-07T15:18:01Z,1,"Considered this, then went with Nirvana, which I thought sounded even better, then went totally different direction. I think cranking up the speakers with a rocker like this is a good move",19ca3c4fe13640d398f6daaf18483f92
spotify:track:5WJU527RQNyMLuKecjsL8V,ce76a5e6ff274137bb5127db7065d9a8,2025-04-07T15:18:01Z,2,Sometimes the more obvious answers are the right answers. This is one of those times ,19ca3c4fe13640d398f6daaf18483f92
spotify:track:6tEaLXZlN8b71vWV1SSsRf,ce76a5e6ff274137bb5127db7065d9a8,2025-04-07T15:18:01Z,1,,19ca3c4fe13640d398f6daaf18483f92
spotify:track:7cNueAsoIwFAvxDip4HetE,ce76a5e6ff274137bb5127db7065d9a8,2025-04-07T15:18:01Z,1,,19ca3c4fe13640d398f6daaf18483f92
spotify:track:04nOwWktrlIrqalCY3QH0L,4e117e3021d7466c8bf0b654f8357418,2025-04-07T17:59:34Z,2,,19ca3c4fe13640d398f6daaf18483f92
spotify:track:0aVwclUm2FsksllwpJRlaX,4e117e3021d7466c8bf0b654f8357418,2025-04-07T17:59:34Z,1,,19ca3c4fe13640d398f6daaf18483f92
spotify:track:0SzAKZYTUvDLqlPgllEb3N,4e117e3021d7466c8bf0b654f8357418,2025-04-07T17:59:34Z,2,,19ca3c4fe13640d398f6daaf18483f92
spotify:track:1DoWUjcc5sqpRioFPioogU,4e117e3021d7466c8bf0b654f8357418,2025-04-07T17:59:34Z,1,,19ca3c4fe13640d398f6daaf18483f92
spotify:track:2XvGUsoEFpDsmfxlNsL5lL,4e117e3021d7466c8bf0b654f8357418,2025-04-07T17:59:34Z,1,,19ca3c4fe13640d398f6daaf18483f92
spotify:track:2zyXyei2jNC0BeaekYUbJx,4e117e3021d7466c8bf0b654f8357418,2025-04-07T17:59:34Z,1,,19ca3c4fe13640d398f6daaf18483f92
spotify:track:3ZSf1TJZyRb0rnWYuUtdX4,4e117e3021d7466c8bf0b654f8357418,2025-04-07T17:59:34Z,1,,19ca3c4fe13640d398f6daaf18483f92
spotify:track:4Wgj6jzoI2gYlumXdYAB8U,4e117e3021d7466c8bf0b654f8357418,2025-04-07T17:59:34Z,3,,19ca3c4fe13640d398f6daaf18483f92
spotify:track:4zoQ3EqopTIGmK2c2rPV5t,4e117e3021d7466c8bf0b654f8357418,2025-04-07T17:59:34Z,1,,19ca3c4fe13640d398f6daaf18483f92
spotify:track:55RrwVnAxHidgkx21kAcH1,4e117e3021d7466c8bf0b654f8357418,2025-04-07T17:59:34Z,1,,19ca3c4fe13640d398f6daaf18483f92
spotify:track:5WJU527RQNyMLuKecjsL8V,4e117e3021d7466c8bf0b654f8357418,2025-04-07T17:59:34Z,1,,19ca3c4fe13640d398f6daaf18483f92
spotify:track:7cNueAsoIwFAvxDip4HetE,4e117e3021d7466c8bf0b654f8357418,2025-04-07T17:59:34Z,1,,19ca3c4fe13640d398f6daaf18483f92
spotify:track:04nOwWktrlIrqalCY3QH0L,e5c2390073644e979f43e744c33e6c60,2025-04-07T18:40:25Z,1,,19ca3c4fe13640d398f6daaf18483f92
spotify:track:0aVwclUm2FsksllwpJRlaX,e5c2390073644e979f43e744c33e6c60,2025-04-07T18:40:25Z,0,Oh nice another jazz/funk song,19ca3c4fe13640d398f6daaf18483f92
spotify:track:1DoWUjcc5sqpRioFPioogU,e5c2390073644e979f43e744c33e6c60,2025-04-07T18:40:25Z,1,,19ca3c4fe13640d398f6daaf18483f92
spotify:track:2oZsXSssUFo09ZdDH217ld,e5c2390073644e979f43e744c33e6c60,2025-04-07T18:40:25Z,1,,19ca3c4fe13640d398f6daaf18483f92
spotify:track:2XvGUsoEFpDsmfxlNsL5lL,e5c2390073644e979f43e744c33e6c60,2025-04-07T18:40:25Z,2,,19ca3c4fe13640d398f6daaf18483f92
spotify:track:2zyXyei2jNC0BeaekYUbJx,e5c2390073644e979f43e744c33e6c60,2025-04-07T18:40:25Z,2,A little whiny emo but that build at the end really makes this,19ca3c4fe13640d398f6daaf18483f92
spotify:track:4Wgj6jzoI2gYlumXdYAB8U,e5c2390073644e979f43e744c33e6c60,2025-04-07T18:40:25Z,2,,19ca3c4fe13640d398f6daaf18483f92
spotify:track:4zoQ3EqopTIGmK2c2rPV5t,e5c2390073644e979f43e744c33e6c60,2025-04-07T18:40:25Z,2,,19ca3c4fe13640d398f6daaf18483f92
spotify:track:55RrwVnAxHidgkx21kAcH1,e5c2390073644e979f43e744c33e6c60,2025-04-07T18:40:25Z,2,,19ca3c4fe13640d398f6daaf18483f92
spotify:track:59WN2psjkt1tyaxjspN8fp,e5c2390073644e979f43e744c33e6c60,2025-04-07T18:40:25Z,1,Gotta change my workout song pick now! ,19ca3c4fe13640d398f6daaf18483f92
spotify:track:5WJU527RQNyMLuKecjsL8V,e5c2390073644e979f43e744c33e6c60,2025-04-07T18:40:25Z,1,,19ca3c4fe13640d398f6daaf18483f92
spotify:track:7cNueAsoIwFAvxDip4HetE,e5c2390073644e979f43e744c33e6c60,2025-04-07T18:40:25Z,1,,19ca3c4fe13640d398f6daaf18483f92
spotify:track:1DoWUjcc5sqpRioFPioogU,0b4377c224ba402d97adce848425da90,2025-04-07T19:08:28Z,3,,19ca3c4fe13640d398f6daaf18483f92
spotify:track:2oZsXSssUFo09ZdDH217ld,0b4377c224ba402d97adce848425da90,2025-04-07T19:08:28Z,3,,19ca3c4fe13640d398f6daaf18483f92
spotify:track:2XvGUsoEFpDsmfxlNsL5lL,0b4377c224ba402d97adce848425da90,2025-04-07T19:08:28Z,1,,19ca3c4fe13640d398f6daaf18483f92
spotify:track:2zyXyei2jNC0BeaekYUbJx,0b4377c224ba402d97adce848425da90,2025-04-07T19:08:28Z,3,,19ca3c4fe13640d398f6daaf18483f92
spotify:track:38pBZE7a3VpCGSjR94tiod,0b4377c224ba402d97adce848425da90,2025-04-07T19:08:28Z,1,,19ca3c4fe13640d398f6daaf18483f92
spotify:track:4zoQ3EqopTIGmK2c2rPV5t,0b4377c224ba402d97adce848425da90,2025-04-07T19:08:28Z,1,,19ca3c4fe13640d398f6daaf18483f92
spotify:track:5WJU527RQNyMLuKecjsL8V,0b4377c224ba402d97adce848425da90,2025-04-07T19:08:28Z,3,,19ca3c4fe13640d398f6daaf18483f92
spotify:track:6tEaLXZlN8b71vWV1SSsRf,0b4377c224ba402d97adce848425da90,2025-04-07T19:08:28Z,1,,19ca3c4fe13640d398f6daaf18483f92
spotify:track:04nOwWktrlIrqalCY3QH0L,605866a938e54c5da212fc8595186729,2025-04-07T19:08:53Z,2,,19ca3c4fe13640d398f6daaf18483f92
spotify:track:0aVwclUm2FsksllwpJRlaX,605866a938e54c5da212fc8595186729,2025-04-07T19:08:53Z,1,,19ca3c4fe13640d398f6daaf18483f92
spotify:track:1DoWUjcc5sqpRioFPioogU,605866a938e54c5da212fc8595186729,2025-04-07T19:08:53Z,2,,19ca3c4fe13640d398f6daaf18483f92
spotify:track:2oZsXSssUFo09ZdDH217ld,605866a938e54c5da212fc8595186729,2025-04-07T19:08:53Z,1,,19ca3c4fe13640d398f6daaf18483f92
spotify:track:2zyXyei2jNC0BeaekYUbJx,605866a938e54c5da212fc8595186729,2025-04-07T19:08:53Z,1,,19ca3c4fe13640d398f6daaf18483f92
spotify:track:38pBZE7a3VpCGSjR94tiod,605866a938e54c5da212fc8595186729,2025-04-07T19:08:53Z,1,,19ca3c4fe13640d398f6daaf18483f92
spotify:track:4Wgj6jzoI2gYlumXdYAB8U,605866a938e54c5da212fc8595186729,2025-04-07T19:08:53Z,1,,19ca3c4fe13640d398f6daaf18483f92
spotify:track:4zoQ3EqopTIGmK2c2rPV5t,605866a938e54c5da212fc8595186729,2025-04-07T19:08:53Z,2,,19ca3c4fe13640d398f6daaf18483f92
spotify:track:55RrwVnAxHidgkx21kAcH1,605866a938e54c5da212fc8595186729,2025-04-07T19:08:53Z,1,,19ca3c4fe13640d398f6daaf18483f92
spotify:track:59WN2psjkt1tyaxjspN8fp,605866a938e54c5da212fc8595186729,2025-04-07T19:08:53Z,1,,19ca3c4fe13640d398f6daaf18483f92
spotify:track:6tEaLXZlN8b71vWV1SSsRf,605866a938e54c5da212fc8595186729,2025-04-07T19:08:53Z,2,,19ca3c4fe13640d398f6daaf18483f92
spotify:track:7cNueAsoIwFAvxDip4HetE,605866a938e54c5da212fc8595186729,2025-04-07T19:08:53Z,1,,19ca3c4fe13640d398f6daaf18483f92
spotify:track:0aVwclUm2FsksllwpJRlaX,7acfbf6ff4234d00875b58e7b2ec389d,2025-04-07T19:10:05Z,2,"This was a cool pic and had no idea about who they were.  Great sound here, but wouldn't be what I would first think to test a sound system on.  I like this pick a lot.  ",19ca3c4fe13640d398f6daaf18483f92
spotify:track:0SzAKZYTUvDLqlPgllEb3N,7acfbf6ff4234d00875b58e7b2ec389d,2025-04-07T19:10:05Z,2,"This def hit me well while I was on Pluto, I was singing along in Portuguese for sure.  Good sound, something not on my radar.  I just think this song is weird as fuck, but I also like that sometimes.  ",19ca3c4fe13640d398f6daaf18483f92
spotify:track:1DoWUjcc5sqpRioFPioogU,7acfbf6ff4234d00875b58e7b2ec389d,2025-04-07T19:10:05Z,2,"Pretty cool.  Some cool two channel stuff going on, with that like beeping in the left channel and the groove in ther right.  Dug it. ",19ca3c4fe13640d398f6daaf18483f92
spotify:track:2oZsXSssUFo09ZdDH217ld,7acfbf6ff4234d00875b58e7b2ec389d,2025-04-07T19:10:05Z,1,"I don't know a lot of Zappa so happy to be exposed to this.  I liked the tune quite a bit, but so I thank you for that, but it didn't blow my sound system away too much.  I like it though!",19ca3c4fe13640d398f6daaf18483f92
spotify:track:2XvGUsoEFpDsmfxlNsL5lL,7acfbf6ff4234d00875b58e7b2ec389d,2025-04-07T19:10:05Z,3,"Gotta be Kenny.  The only other person I hear talk about Dire Straits.  This fucking crushed in the middle of this playlist.  Dire Straits were such a big part of my childhood, (80s). Will forever remember crusing around on my parents friend's boat ripping Money for Nothing when it came out.  This song slaps, also cool Left and Right channel shit.  Great call.  Tough call what was my fav, lot of cool sounds but this was my fav tune of the group so gets the fav of the week. ",19ca3c4fe13640d398f6daaf18483f92
spotify:track:2zyXyei2jNC0BeaekYUbJx,7acfbf6ff4234d00875b58e7b2ec389d,2025-04-07T19:10:05Z,0,I love Sigur Rios and immediately thought this was going to be perfect.  I wanted to take a nap and so did my sound system. ,19ca3c4fe13640d398f6daaf18483f92
spotify:track:38pBZE7a3VpCGSjR94tiod,7acfbf6ff4234d00875b58e7b2ec389d,2025-04-07T19:10:05Z,1,"I think this is more just a power group, with power vocals, than a sound system experience.  It sounds awesome just because Snarky fucking crushes.  But if you just want to hear your system super loud this def works",19ca3c4fe13640d398f6daaf18483f92
spotify:track:3ZSf1TJZyRb0rnWYuUtdX4,7acfbf6ff4234d00875b58e7b2ec389d,2025-04-07T19:10:05Z,0,"BUZZZZZZKILLLLLLL.  It's still a playlist.... Other than Connor, few people like Star Wars more than I do.  I did not need this here.  Although by the end I was kinda of loving it lol.  If you want to test a surround sound system, play people the speeder bike scene from Return of the Jedi.  It's fucking NUTS.  I'll go back to nerd land now. ",19ca3c4fe13640d398f6daaf18483f92
spotify:track:4Wgj6jzoI2gYlumXdYAB8U,7acfbf6ff4234d00875b58e7b2ec389d,2025-04-07T19:10:05Z,1,"When Kid A came out this was one of the few songs I liked immediately.  It still crushes, but I think Radiohead has a lot better pics for this prompt.  Still, it def rips.  I saw Aqueous cover this at my first show, and I was hooked forever. Till they split up.  ",19ca3c4fe13640d398f6daaf18483f92
spotify:track:4zoQ3EqopTIGmK2c2rPV5t,7acfbf6ff4234d00875b58e7b2ec389d,2025-04-07T19:10:05Z,0,"Some cool sound system effects, especially the keys.  I needed something more though.  Am I allowed to appreciate Jeff Beck's incredible talent but not love his music? ",19ca3c4fe13640d398f6daaf18483f92
spotify:track:55RrwVnAxHidgkx21kAcH1,7acfbf6ff4234d00875b58e7b2ec389d,2025-04-07T19:10:05Z,0,The title of this looks like one of my tweets. ,19ca3c4fe13640d398f6daaf18483f92
spotify:track:59WN2psjkt1tyaxjspN8fp,7acfbf6ff4234d00875b58e7b2ec389d,2025-04-07T19:10:05Z,0,I think this is just awesome and loud right? Nothing special about the recording? ,19ca3c4fe13640d398f6daaf18483f92
spotify:track:5WJU527RQNyMLuKecjsL8V,7acfbf6ff4234d00875b58e7b2ec389d,2025-04-07T19:10:05Z,2,"This is def a great pic if you say take LSD and spin it on a sick sound system.  I appreciated this, does a lot of different things on the speaker. ",19ca3c4fe13640d398f6daaf18483f92
spotify:track:6tEaLXZlN8b71vWV1SSsRf,7acfbf6ff4234d00875b58e7b2ec389d,2025-04-07T19:10:05Z,1,This is a classic pic when it comes to soundsystems and you can hear the Zero 7 influence in the first few seconds.  I appreciated this track high as hell.  ,19ca3c4fe13640d398f6daaf18483f92
spotify:track:7cNueAsoIwFAvxDip4HetE,7acfbf6ff4234d00875b58e7b2ec389d,2025-04-07T19:10:05Z,1,Much like a few others some cool Left Right channel grooves. Nothing too crazy but decent. ,19ca3c4fe13640d398f6daaf18483f92
spotify:track:04nOwWktrlIrqalCY3QH0L,f1f0f2ed0eb64306992b613229fb7972,2025-04-07T19:34:23Z,2,WHOA. This sounds *awesome* in headphones 🤯👍 ,19ca3c4fe13640d398f6daaf18483f92
spotify:track:0aVwclUm2FsksllwpJRlaX,f1f0f2ed0eb64306992b613229fb7972,2025-04-07T19:34:23Z,0,No thank you. This is stressing me out 😵‍💫,19ca3c4fe13640d398f6daaf18483f92
spotify:track:0SzAKZYTUvDLqlPgllEb3N,f1f0f2ed0eb64306992b613229fb7972,2025-04-07T19:34:23Z,1,This was groovy AF,19ca3c4fe13640d398f6daaf18483f92
spotify:track:1DoWUjcc5sqpRioFPioogU,f1f0f2ed0eb64306992b613229fb7972,2025-04-07T19:34:23Z,1,Yazz flute! ,19ca3c4fe13640d398f6daaf18483f92
spotify:track:2oZsXSssUFo09ZdDH217ld,f1f0f2ed0eb64306992b613229fb7972,2025-04-07T19:34:23Z,2,"This is rather lovely, actually ",19ca3c4fe13640d398f6daaf18483f92
spotify:track:2XvGUsoEFpDsmfxlNsL5lL,f1f0f2ed0eb64306992b613229fb7972,2025-04-07T19:34:23Z,1,Hi Kenny 😆,19ca3c4fe13640d398f6daaf18483f92
spotify:track:2zyXyei2jNC0BeaekYUbJx,f1f0f2ed0eb64306992b613229fb7972,2025-04-07T19:34:23Z,2,Very good call with this band for this prompt. Rick?,19ca3c4fe13640d398f6daaf18483f92
spotify:track:3ZSf1TJZyRb0rnWYuUtdX4,f1f0f2ed0eb64306992b613229fb7972,2025-04-07T19:34:23Z,1,I mean… Pretty epic pick 🤷🏻,19ca3c4fe13640d398f6daaf18483f92
spotify:track:4zoQ3EqopTIGmK2c2rPV5t,f1f0f2ed0eb64306992b613229fb7972,2025-04-07T19:34:23Z,1,Jeff Beck 💦,19ca3c4fe13640d398f6daaf18483f92
spotify:track:55RrwVnAxHidgkx21kAcH1,f1f0f2ed0eb64306992b613229fb7972,2025-04-07T19:34:23Z,1,Epic ,19ca3c4fe13640d398f6daaf18483f92
spotify:track:59WN2psjkt1tyaxjspN8fp,f1f0f2ed0eb64306992b613229fb7972,2025-04-07T19:34:23Z,1,🤘😡🤘,19ca3c4fe13640d398f6daaf18483f92
spotify:track:5WJU527RQNyMLuKecjsL8V,f1f0f2ed0eb64306992b613229fb7972,2025-04-07T19:34:23Z,1,,19ca3c4fe13640d398f6daaf18483f92
spotify:track:6tEaLXZlN8b71vWV1SSsRf,f1f0f2ed0eb64306992b613229fb7972,2025-04-07T19:34:23Z,2,,19ca3c4fe13640d398f6daaf18483f92
spotify:track:04nOwWktrlIrqalCY3QH0L,a2909b31d1c04d728cfcf68ca0d73cca,2025-04-07T19:43:44Z,0,Love the flaming lips but not sure this puts the best soundsystem to the test. ,19ca3c4fe13640d398f6daaf18483f92
spotify:track:0aVwclUm2FsksllwpJRlaX,a2909b31d1c04d728cfcf68ca0d73cca,2025-04-07T19:43:44Z,1,,19ca3c4fe13640d398f6daaf18483f92
spotify:track:0SzAKZYTUvDLqlPgllEb3N,a2909b31d1c04d728cfcf68ca0d73cca,2025-04-07T19:43:44Z,1,The bass definitely gonna hit on this one. ,19ca3c4fe13640d398f6daaf18483f92
spotify:track:1DoWUjcc5sqpRioFPioogU,a2909b31d1c04d728cfcf68ca0d73cca,2025-04-07T19:43:44Z,1,,19ca3c4fe13640d398f6daaf18483f92
spotify:track:2oZsXSssUFo09ZdDH217ld,a2909b31d1c04d728cfcf68ca0d73cca,2025-04-07T19:43:44Z,1,,19ca3c4fe13640d398f6daaf18483f92
spotify:track:2XvGUsoEFpDsmfxlNsL5lL,a2909b31d1c04d728cfcf68ca0d73cca,2025-04-07T19:43:44Z,0,Good song but not feeling like this will test the soundsystem. ,19ca3c4fe13640d398f6daaf18483f92
spotify:track:2zyXyei2jNC0BeaekYUbJx,a2909b31d1c04d728cfcf68ca0d73cca,2025-04-07T19:43:44Z,1,Not my favorite band but definitely think it fits well this round. ,19ca3c4fe13640d398f6daaf18483f92
spotify:track:38pBZE7a3VpCGSjR94tiod,a2909b31d1c04d728cfcf68ca0d73cca,2025-04-07T19:43:44Z,1,,19ca3c4fe13640d398f6daaf18483f92
spotify:track:3ZSf1TJZyRb0rnWYuUtdX4,a2909b31d1c04d728cfcf68ca0d73cca,2025-04-07T19:43:44Z,3,A+ choice. Never even considered John Williams!,19ca3c4fe13640d398f6daaf18483f92
spotify:track:4Wgj6jzoI2gYlumXdYAB8U,a2909b31d1c04d728cfcf68ca0d73cca,2025-04-07T19:43:44Z,1,,19ca3c4fe13640d398f6daaf18483f92
spotify:track:55RrwVnAxHidgkx21kAcH1,a2909b31d1c04d728cfcf68ca0d73cca,2025-04-07T19:43:44Z,1,Classical just feels right for this round. Great choice. ,19ca3c4fe13640d398f6daaf18483f92
spotify:track:59WN2psjkt1tyaxjspN8fp,a2909b31d1c04d728cfcf68ca0d73cca,2025-04-07T19:43:44Z,1,,19ca3c4fe13640d398f6daaf18483f92
spotify:track:5WJU527RQNyMLuKecjsL8V,a2909b31d1c04d728cfcf68ca0d73cca,2025-04-07T19:43:44Z,2,This was my second choice. ,19ca3c4fe13640d398f6daaf18483f92
spotify:track:6tEaLXZlN8b71vWV1SSsRf,a2909b31d1c04d728cfcf68ca0d73cca,2025-04-07T19:43:44Z,1,,19ca3c4fe13640d398f6daaf18483f92
spotify:track:7cNueAsoIwFAvxDip4HetE,a2909b31d1c04d728cfcf68ca0d73cca,2025-04-07T19:43:44Z,1,,19ca3c4fe13640d398f6daaf18483f92
spotify:track:04nOwWktrlIrqalCY3QH0L,7fdceb56429c4e38939c3e5ee41bfdd0,2025-04-07T20:03:38Z,1,,19ca3c4fe13640d398f6daaf18483f92
spotify:track:1DoWUjcc5sqpRioFPioogU,7fdceb56429c4e38939c3e5ee41bfdd0,2025-04-07T20:03:38Z,1,,19ca3c4fe13640d398f6daaf18483f92
spotify:track:2oZsXSssUFo09ZdDH217ld,7fdceb56429c4e38939c3e5ee41bfdd0,2025-04-07T20:03:38Z,1,,19ca3c4fe13640d398f6daaf18483f92
spotify:track:2XvGUsoEFpDsmfxlNsL5lL,7fdceb56429c4e38939c3e5ee41bfdd0,2025-04-07T20:03:38Z,1,,19ca3c4fe13640d398f6daaf18483f92
spotify:track:2zyXyei2jNC0BeaekYUbJx,7fdceb56429c4e38939c3e5ee41bfdd0,2025-04-07T20:03:38Z,2,,19ca3c4fe13640d398f6daaf18483f92
spotify:track:38pBZE7a3VpCGSjR94tiod,7fdceb56429c4e38939c3e5ee41bfdd0,2025-04-07T20:03:38Z,2,,19ca3c4fe13640d398f6daaf18483f92
spotify:track:4Wgj6jzoI2gYlumXdYAB8U,7fdceb56429c4e38939c3e5ee41bfdd0,2025-04-07T20:03:38Z,2,,19ca3c4fe13640d398f6daaf18483f92
spotify:track:4zoQ3EqopTIGmK2c2rPV5t,7fdceb56429c4e38939c3e5ee41bfdd0,2025-04-07T20:03:38Z,1,Had this as a possibility for phish cover prompt. Probably should have submitted it over my Floyd ,19ca3c4fe13640d398f6daaf18483f92
spotify:track:55RrwVnAxHidgkx21kAcH1,7fdceb56429c4e38939c3e5ee41bfdd0,2025-04-07T20:03:38Z,1,,19ca3c4fe13640d398f6daaf18483f92
spotify:track:5WJU527RQNyMLuKecjsL8V,7fdceb56429c4e38939c3e5ee41bfdd0,2025-04-07T20:03:38Z,2,,19ca3c4fe13640d398f6daaf18483f92
spotify:track:6tEaLXZlN8b71vWV1SSsRf,7fdceb56429c4e38939c3e5ee41bfdd0,2025-04-07T20:03:38Z,2,Def almost picked this ,19ca3c4fe13640d398f6daaf18483f92
spotify:track:04nOwWktrlIrqalCY3QH0L,bf3a904d73564b6c97f9e47c5429b767,2025-04-07T20:30:41Z,1,memo,19ca3c4fe13640d398f6daaf18483f92
spotify:track:0aVwclUm2FsksllwpJRlaX,bf3a904d73564b6c97f9e47c5429b767,2025-04-07T20:30:41Z,1,,19ca3c4fe13640d398f6daaf18483f92
spotify:track:1DoWUjcc5sqpRioFPioogU,bf3a904d73564b6c97f9e47c5429b767,2025-04-07T20:30:41Z,2,love this album,19ca3c4fe13640d398f6daaf18483f92
spotify:track:2oZsXSssUFo09ZdDH217ld,bf3a904d73564b6c97f9e47c5429b767,2025-04-07T20:30:41Z,2,what a heater,19ca3c4fe13640d398f6daaf18483f92
spotify:track:2XvGUsoEFpDsmfxlNsL5lL,bf3a904d73564b6c97f9e47c5429b767,2025-04-07T20:30:41Z,1,,19ca3c4fe13640d398f6daaf18483f92
spotify:track:2zyXyei2jNC0BeaekYUbJx,bf3a904d73564b6c97f9e47c5429b767,2025-04-07T20:30:41Z,1,heady,19ca3c4fe13640d398f6daaf18483f92
spotify:track:38pBZE7a3VpCGSjR94tiod,bf3a904d73564b6c97f9e47c5429b767,2025-04-07T20:30:41Z,1,,19ca3c4fe13640d398f6daaf18483f92
spotify:track:3ZSf1TJZyRb0rnWYuUtdX4,bf3a904d73564b6c97f9e47c5429b767,2025-04-07T20:30:41Z,2,hahahaha yes! i’ve rewatched the first three this wkd,19ca3c4fe13640d398f6daaf18483f92
spotify:track:4Wgj6jzoI2gYlumXdYAB8U,bf3a904d73564b6c97f9e47c5429b767,2025-04-07T20:30:41Z,2,,19ca3c4fe13640d398f6daaf18483f92
spotify:track:4zoQ3EqopTIGmK2c2rPV5t,bf3a904d73564b6c97f9e47c5429b767,2025-04-07T20:30:41Z,1,,19ca3c4fe13640d398f6daaf18483f92
spotify:track:5WJU527RQNyMLuKecjsL8V,bf3a904d73564b6c97f9e47c5429b767,2025-04-07T20:30:41Z,1,,19ca3c4fe13640d398f6daaf18483f92
spotify:track:6tEaLXZlN8b71vWV1SSsRf,bf3a904d73564b6c97f9e47c5429b767,2025-04-07T20:30:41Z,1,,19ca3c4fe13640d398f6daaf18483f92
spotify:track:04nOwWktrlIrqalCY3QH0L,49a5ff7c4466457eb8016aaf873224cb,2025-04-07T20:46:26Z,0,"Not a track I knew. Definitely cool. Packed full of interesting layers. Had it with one point easy at first. But as the list went on, I had to rethink. It’s cool but just not doing it for me as a song. Can appreciate all the wild noises and how they pop, but it doesn’t make it a great choice to my ears. There is a chance this is Memo as I figured a more obscure FL or RH pick outta him. ",19ca3c4fe13640d398f6daaf18483f92
spotify:track:0SzAKZYTUvDLqlPgllEb3N,49a5ff7c4466457eb8016aaf873224cb,2025-04-07T20:46:26Z,2,"Killer. Probably my favorite “song” on the list (other than in the gallery, doesn’t count). The hook is just so damn good. And then we hit the bridge/breakdown… whew. Whole different world opened up. Add in the Japanese influence/history to the track and you have my top pick of the week… but not sure I have the wiggle room to mark it 3, we’ll see. Could be Dianna with the disco cover ties. ",19ca3c4fe13640d398f6daaf18483f92
spotify:track:1DoWUjcc5sqpRioFPioogU,49a5ff7c4466457eb8016aaf873224cb,2025-04-07T20:46:26Z,0,"Similar to a track from another round where the very pronounced triangle distracts me and takes me out of it. Just the wrong frequency for me or something and it never stops its same pattern and volume for the whole 6 minutes. Awesome song with many redeeming qualities outside of my hatred for the triangle section… but I gotta make choices somewhere. 
",19ca3c4fe13640d398f6daaf18483f92
spotify:track:2oZsXSssUFo09ZdDH217ld,49a5ff7c4466457eb8016aaf873224cb,2025-04-07T20:46:26Z,1,Not familiar with a ton of Zappa and this was some of the more enjoyable. Definitely more approachable / less weird. Soundscape got more and more complex as we went with little cool things popping out left and right. ,19ca3c4fe13640d398f6daaf18483f92
spotify:track:2XvGUsoEFpDsmfxlNsL5lL,49a5ff7c4466457eb8016aaf873224cb,2025-04-07T20:46:26Z,2,"Hooo you dog you. Who dun it? I feel like Zeez is the only person that also knew this song before I wouldn’t shut the fuck up about it. Great pick. The recording is so good. Really accentuates Mendo’s errr Knopf’s style of playing. Every instrument perfectly timed and dialed in. Pops! Will always be partial to the Rockpalast live version for various reasons, but the studio take absolutely works here. Heart strings stole an extra point that otherwise may have bumped Quincy up 3. ",19ca3c4fe13640d398f6daaf18483f92
spotify:track:2zyXyei2jNC0BeaekYUbJx,49a5ff7c4466457eb8016aaf873224cb,2025-04-07T20:46:26Z,0,Listened to the whole thing top to bottom 3 times. Really didn’t want to let length of a track dictate how the points fell. At the end of the day the Sigurian vocals still kinda turn me off a bit and take me out of it. I tried. Rick/Mendo/Storm pushing their Sigur world takeover agenda. ,19ca3c4fe13640d398f6daaf18483f92
spotify:track:38pBZE7a3VpCGSjR94tiod,49a5ff7c4466457eb8016aaf873224cb,2025-04-07T20:46:26Z,0,"Vocals sound incredible but it loses some overall crispness when all of the horns and other instruments come in. The bass levels in particular are muddy to me. Admittedly I’m on AirPods in a hotel room, but feel I have a good enough grasp to compare this to other tracks on the list. 

Will get a point if I find a spare in the end, but might have to be sacrificed. Could easily be one of the Diskin boys. Leaning Jakey. ",19ca3c4fe13640d398f6daaf18483f92
spotify:track:3ZSf1TJZyRb0rnWYuUtdX4,49a5ff7c4466457eb8016aaf873224cb,2025-04-07T20:46:26Z,1,Almost did the Jurassic Park theme. So much great shit out there if we bring movie scores or symphonic material in general into the mix. Could be worth its own prompt at some point (not the same as the movie one already up later). Especially working for me after seeing Hans Zimmer recently /  seeing some huge movie scores brought to life in a live setting. Feeling Paug like he feels himself during Wingsuit. ,19ca3c4fe13640d398f6daaf18483f92
spotify:track:4Wgj6jzoI2gYlumXdYAB8U,49a5ff7c4466457eb8016aaf873224cb,2025-04-07T20:46:26Z,2,"Was wondering if someone would pick it. I didn’t in fear of being docked points for too obvious, but it is a clear correct choice for a reason so what are ya gonna do? So many layers of awesome fuckin sounds. Gonna try to toss ya 2, will see after a full voting pass on the rest. 

Sorry, as much as I didn’t want to dock for picks like this, I needed some points to spread around. It’s obviously a top tier choice. 

In the end I was able to give it 2… was tight between this and giving Sigur Ros ",19ca3c4fe13640d398f6daaf18483f92
spotify:track:4zoQ3EqopTIGmK2c2rPV5t,49a5ff7c4466457eb8016aaf873224cb,2025-04-07T20:46:26Z,2,"This was the first track had fully decided on as my pick. This whole album is so good. This is also what led me to eventually pick Brand X. The way some of these songs moved reminded me of BX and forced my hand to choose something I had loved for a long time. Hope it wasn’t too proggy for the people, especially after that last round. Zeez would’ve been a contender here, but feelin him for gallery. Very close to top pick of the week for me. ",19ca3c4fe13640d398f6daaf18483f92
spotify:track:55RrwVnAxHidgkx21kAcH1,49a5ff7c4466457eb8016aaf873224cb,2025-04-07T20:46:26Z,1,"Gonna be hard for full blown symphonic piece without nostalgia ties (e.g. movie theme) to squeeze a bunch of points out of this round, I am sure, but it is a great pick. Awesome journey in such a short amount of time. Appreciate the shot. No idea who took it. ",19ca3c4fe13640d398f6daaf18483f92
spotify:track:59WN2psjkt1tyaxjspN8fp,49a5ff7c4466457eb8016aaf873224cb,2025-04-07T20:46:26Z,0,"Definitely not one I would have thought of, but damn it sounds really good. Especially the sick morello noises. Almost there for me. Will try to squeeze it a point if possible on final roundup. ",19ca3c4fe13640d398f6daaf18483f92
spotify:track:5WJU527RQNyMLuKecjsL8V,49a5ff7c4466457eb8016aaf873224cb,2025-04-07T20:46:26Z,2,Another that was obviously under consideration. Whew what a fuckin track. It stole a point from Radiohead. Starting with 2 points but might shake it up since this is another semi “obvious” pick. ,19ca3c4fe13640d398f6daaf18483f92
spotify:track:6tEaLXZlN8b71vWV1SSsRf,49a5ff7c4466457eb8016aaf873224cb,2025-04-07T20:46:26Z,2,Was not really familiar with this album before they did their live tour. This was one they really stuck with me. A favorite of the album and oozing with very simple / easy to process layers. Much easier to appreciate some of it when comparing to say the Radiohead or Flaming Lips tracks which can be overwhelming. Jen?? Or maybe Diskin since he loves that one scene from the OC. ,19ca3c4fe13640d398f6daaf18483f92
spotify:track:7cNueAsoIwFAvxDip4HetE,49a5ff7c4466457eb8016aaf873224cb,2025-04-07T20:46:26Z,1,Big fat n chunky in all the right places. Not familiar with this track at all. Love how growly it is while still having super crisp drums (especially the cymbals).   ,19ca3c4fe13640d398f6daaf18483f92
spotify:track:01MBhRpvFkbeRwAp7gcF2W,0b4377c224ba402d97adce848425da90,2025-04-09T19:20:49Z,0,"Na na, na na na na not getting my ass off the couch ",aedef461c6cb462e87d505d14650f690
spotify:track:0Y2i84QWPFiFHQfEQDgHya,0b4377c224ba402d97adce848425da90,2025-04-09T19:20:49Z,0,This song = Shit,aedef461c6cb462e87d505d14650f690
spotify:track:2gPl93XdGnfKUykwxVHUYt,0b4377c224ba402d97adce848425da90,2025-04-09T19:20:49Z,1,,aedef461c6cb462e87d505d14650f690
spotify:track:3pgainA2dH9c7e8JVYGRCN,0b4377c224ba402d97adce848425da90,2025-04-09T19:20:49Z,1,,aedef461c6cb462e87d505d14650f690
spotify:track:3YZa4IzxK2UtEKTvdTgsi8,0b4377c224ba402d97adce848425da90,2025-04-09T19:20:49Z,0,"This category was about physical exercise, right? Confusing choice. ",aedef461c6cb462e87d505d14650f690
spotify:track:47oS7xB31QQUyPCgHpM3VZ,0b4377c224ba402d97adce848425da90,2025-04-09T19:20:49Z,4,I’m as shocked as anyone that Mr. Quai earned 4 points,aedef461c6cb462e87d505d14650f690
spotify:track:4hYK4R7LGKOz7TyyR8ryty,0b4377c224ba402d97adce848425da90,2025-04-09T19:20:49Z,0,Never have I ever exercised to Phish,aedef461c6cb462e87d505d14650f690
spotify:track:4u1Wq5XWqkU7qa0T76h0B7,0b4377c224ba402d97adce848425da90,2025-04-09T19:20:49Z,2,Great energy ,aedef461c6cb462e87d505d14650f690
spotify:track:5UqCQaDshqbIk3pkhy4Pjg,0b4377c224ba402d97adce848425da90,2025-04-09T19:20:49Z,0,Got out Basic’d by Sandstorm,aedef461c6cb462e87d505d14650f690
spotify:track:5XmyjJIWjhVaZ4IiN6a35F,0b4377c224ba402d97adce848425da90,2025-04-09T19:20:49Z,0,Please leave Charles Bradley’s music alone. ,aedef461c6cb462e87d505d14650f690
spotify:track:6Sy9BUbgFse0n0LPA5lwy5,0b4377c224ba402d97adce848425da90,2025-04-09T19:20:49Z,1,"Sure, why not. ",aedef461c6cb462e87d505d14650f690
spotify:track:76Je5Wklky23mVoxiRszcN,0b4377c224ba402d97adce848425da90,2025-04-09T19:20:49Z,0,I could see taking a walk to this one. Maybe. ,aedef461c6cb462e87d505d14650f690
spotify:track:7m47Go71qTMBs4kTH7U8F8,0b4377c224ba402d97adce848425da90,2025-04-09T19:20:49Z,2,This has a good beat. The bar is low at this point,aedef461c6cb462e87d505d14650f690
spotify:track:7M8dZRhsjdyA01DS3V4Zt8,0b4377c224ba402d97adce848425da90,2025-04-09T19:20:49Z,5,Loved everything about this. Afrobeat was a smart choice. And she is a little known Thai drummer to boot? Well done. ,aedef461c6cb462e87d505d14650f690
spotify:track:01MBhRpvFkbeRwAp7gcF2W,183c5f6ed1b147099842917a9576c8f4,2025-04-09T20:20:19Z,0,8th grade gym class presidential fitness test warmups,aedef461c6cb462e87d505d14650f690
spotify:track:0Y2i84QWPFiFHQfEQDgHya,183c5f6ed1b147099842917a9576c8f4,2025-04-09T20:20:19Z,0,CrossFit 'Roid Night,aedef461c6cb462e87d505d14650f690
spotify:track:2gPl93XdGnfKUykwxVHUYt,183c5f6ed1b147099842917a9576c8f4,2025-04-09T20:20:19Z,1,Hawks pre-game warmup,aedef461c6cb462e87d505d14650f690
spotify:track:2Xhd1kYKj2aee7JR3nIlRe,183c5f6ed1b147099842917a9576c8f4,2025-04-09T20:20:19Z,2,Cocaine speed walking in the LES,aedef461c6cb462e87d505d14650f690
spotify:track:3pgainA2dH9c7e8JVYGRCN,183c5f6ed1b147099842917a9576c8f4,2025-04-09T20:20:19Z,2,"Spandex, high scrunchy sock and my mom in front of the tv doing toe touches",aedef461c6cb462e87d505d14650f690
spotify:track:3YZa4IzxK2UtEKTvdTgsi8,183c5f6ed1b147099842917a9576c8f4,2025-04-09T20:20:19Z,2,The cool Peloton instructor ,aedef461c6cb462e87d505d14650f690
spotify:track:47oS7xB31QQUyPCgHpM3VZ,183c5f6ed1b147099842917a9576c8f4,2025-04-09T20:20:19Z,0,50+ Zumba class in the park,aedef461c6cb462e87d505d14650f690
spotify:track:4hYK4R7LGKOz7TyyR8ryty,183c5f6ed1b147099842917a9576c8f4,2025-04-09T20:20:19Z,0,A version with noodling at the end tho...?,aedef461c6cb462e87d505d14650f690
spotify:track:4u1Wq5XWqkU7qa0T76h0B7,183c5f6ed1b147099842917a9576c8f4,2025-04-09T20:20:19Z,2,Sure I'd run to this,aedef461c6cb462e87d505d14650f690
spotify:track:5UqCQaDshqbIk3pkhy4Pjg,183c5f6ed1b147099842917a9576c8f4,2025-04-09T20:20:19Z,2,"Clearly on Mendo's running list. Hate to give Diskin the points, but the list demands. ",aedef461c6cb462e87d505d14650f690
spotify:track:5XmyjJIWjhVaZ4IiN6a35F,183c5f6ed1b147099842917a9576c8f4,2025-04-09T20:20:19Z,0,Jazzercise with Ms G,aedef461c6cb462e87d505d14650f690
spotify:track:6Sy9BUbgFse0n0LPA5lwy5,183c5f6ed1b147099842917a9576c8f4,2025-04-09T20:20:19Z,0,Knicks timeout fan cam workout,aedef461c6cb462e87d505d14650f690
spotify:track:76Je5Wklky23mVoxiRszcN,183c5f6ed1b147099842917a9576c8f4,2025-04-09T20:20:19Z,1,Pumping in Brad's earphones on the Y treadmill,aedef461c6cb462e87d505d14650f690
spotify:track:7m47Go71qTMBs4kTH7U8F8,183c5f6ed1b147099842917a9576c8f4,2025-04-09T20:20:19Z,4,Push and pull doing it for me. Starting to sweat now. ,aedef461c6cb462e87d505d14650f690
spotify:track:7M8dZRhsjdyA01DS3V4Zt8,183c5f6ed1b147099842917a9576c8f4,2025-04-09T20:20:19Z,0,Brandon breaking a sweat to add his 1750th song to funk and soul cave ,aedef461c6cb462e87d505d14650f690
spotify:track:01MBhRpvFkbeRwAp7gcF2W,f1f0f2ed0eb64306992b613229fb7972,2025-04-09T20:25:31Z,0,I dig the song but a bit too slow for my workout tastes ,aedef461c6cb462e87d505d14650f690
spotify:track:0Y2i84QWPFiFHQfEQDgHya,f1f0f2ed0eb64306992b613229fb7972,2025-04-09T20:25:31Z,0,This is one of the worst songs I’ve ever heard in my entire 🙃 Kenny? Or Fluff? ,aedef461c6cb462e87d505d14650f690
spotify:track:2gPl93XdGnfKUykwxVHUYt,f1f0f2ed0eb64306992b613229fb7972,2025-04-09T20:25:31Z,1,Brandon? ,aedef461c6cb462e87d505d14650f690
spotify:track:2Xhd1kYKj2aee7JR3nIlRe,f1f0f2ed0eb64306992b613229fb7972,2025-04-09T20:25:31Z,3,I almost submitted Chemical Brothers! Was introduced to them at Orange Theory & they are A+ workout music. Great pick. Mendo?,aedef461c6cb462e87d505d14650f690
spotify:track:3pgainA2dH9c7e8JVYGRCN,f1f0f2ed0eb64306992b613229fb7972,2025-04-09T20:25:31Z,1,"Jen? Reminds me of “good 90s music,” just not really hitting for me. Eh, I had a bunch of extra points to get rid of so here’s 1 😆",aedef461c6cb462e87d505d14650f690
spotify:track:3YZa4IzxK2UtEKTvdTgsi8,f1f0f2ed0eb64306992b613229fb7972,2025-04-09T20:25:31Z,0,Eh. Great song obviously but not one that necessarily gets my blood pumping/I would work out to 🤷🏻 ,aedef461c6cb462e87d505d14650f690
spotify:track:47oS7xB31QQUyPCgHpM3VZ,f1f0f2ed0eb64306992b613229fb7972,2025-04-09T20:25:31Z,1,Great song but not necessarily a workout song for me 🤷🏻‍♀️ I had extra points so here’s 1,aedef461c6cb462e87d505d14650f690
spotify:track:4hYK4R7LGKOz7TyyR8ryty,f1f0f2ed0eb64306992b613229fb7972,2025-04-09T20:25:31Z,2,This kind of feels like cheating but you’re not wrong here…,aedef461c6cb462e87d505d14650f690
spotify:track:4u1Wq5XWqkU7qa0T76h0B7,f1f0f2ed0eb64306992b613229fb7972,2025-04-09T20:25:31Z,0,Not for me 😐,aedef461c6cb462e87d505d14650f690
spotify:track:5UqCQaDshqbIk3pkhy4Pjg,f1f0f2ed0eb64306992b613229fb7972,2025-04-09T20:25:31Z,4,Now we’re talking! 😅🎉💪🏃🏻‍♀️,aedef461c6cb462e87d505d14650f690
spotify:track:5XmyjJIWjhVaZ4IiN6a35F,f1f0f2ed0eb64306992b613229fb7972,2025-04-09T20:25:31Z,1,Ha. This is actually kinda cool. ,aedef461c6cb462e87d505d14650f690
spotify:track:6NtkWVLdArIlZAwxpWH2tF,f1f0f2ed0eb64306992b613229fb7972,2025-04-09T20:25:31Z,1,"Not sure I’d workout to this, but I’m glad I know it exists now? ",aedef461c6cb462e87d505d14650f690
spotify:track:76Je5Wklky23mVoxiRszcN,f1f0f2ed0eb64306992b613229fb7972,2025-04-09T20:25:31Z,0,ROUGH playlist spot coming out of Sandstorm 🤣 ,aedef461c6cb462e87d505d14650f690
spotify:track:7m47Go71qTMBs4kTH7U8F8,f1f0f2ed0eb64306992b613229fb7972,2025-04-09T20:25:31Z,2,,aedef461c6cb462e87d505d14650f690
spotify:track:7M8dZRhsjdyA01DS3V4Zt8,f1f0f2ed0eb64306992b613229fb7972,2025-04-09T20:25:31Z,0,"Groovy, but not one I’d workout to ",aedef461c6cb462e87d505d14650f690
spotify:track:01MBhRpvFkbeRwAp7gcF2W,49a5ff7c4466457eb8016aaf873224cb,2025-04-09T20:48:44Z,2,Works for me. Good tempo. Chuggin along. ,aedef461c6cb462e87d505d14650f690
spotify:track:0Y2i84QWPFiFHQfEQDgHya,49a5ff7c4466457eb8016aaf873224cb,2025-04-09T20:48:44Z,0,I used to dig a lot of Slipknot. Lots of others would’ve worked for me. They have some really cool songs. Sort of wanna go back and do a dive on them and Korn again. ,aedef461c6cb462e87d505d14650f690
spotify:track:2gPl93XdGnfKUykwxVHUYt,49a5ff7c4466457eb8016aaf873224cb,2025-04-09T20:48:44Z,0,"Does nothing for me. I’ve given all true rap in this league a proper go. Falling flat. Gimme hip hop all day, though. ",aedef461c6cb462e87d505d14650f690
spotify:track:2Xhd1kYKj2aee7JR3nIlRe,49a5ff7c4466457eb8016aaf873224cb,2025-04-09T20:48:44Z,2,"Almost picked a few from them. Lots of good paced stuff that is background enough work for me, even if I don’t fuck with the band too much. This one def works. 
",aedef461c6cb462e87d505d14650f690
spotify:track:3pgainA2dH9c7e8JVYGRCN,49a5ff7c4466457eb8016aaf873224cb,2025-04-09T20:48:44Z,2,Word. ,aedef461c6cb462e87d505d14650f690
spotify:track:47oS7xB31QQUyPCgHpM3VZ,49a5ff7c4466457eb8016aaf873224cb,2025-04-09T20:48:44Z,2,Easy points. ,aedef461c6cb462e87d505d14650f690
spotify:track:4hYK4R7LGKOz7TyyR8ryty,49a5ff7c4466457eb8016aaf873224cb,2025-04-09T20:48:44Z,1,Good enough. Probably wouldn’t have picked a 2.0 version but idk what is avail on Spotify. Prob have to find one with minimal crowd noise after for optimal list flow. I will not being doing this reeesrch. ,aedef461c6cb462e87d505d14650f690
spotify:track:4u1Wq5XWqkU7qa0T76h0B7,49a5ff7c4466457eb8016aaf873224cb,2025-04-09T20:48:44Z,0,"Little busy for me. Idk what workout id be doing exactly, but I’d probably pull something. ",aedef461c6cb462e87d505d14650f690
spotify:track:5UqCQaDshqbIk3pkhy4Pjg,49a5ff7c4466457eb8016aaf873224cb,2025-04-09T20:48:44Z,2,Good one to get lost in. Bring it on. ,aedef461c6cb462e87d505d14650f690
spotify:track:5XmyjJIWjhVaZ4IiN6a35F,49a5ff7c4466457eb8016aaf873224cb,2025-04-09T20:48:44Z,2,Right pace. ,aedef461c6cb462e87d505d14650f690
spotify:track:6NtkWVLdArIlZAwxpWH2tF,49a5ff7c4466457eb8016aaf873224cb,2025-04-09T20:48:44Z,1,Works. ,aedef461c6cb462e87d505d14650f690
spotify:track:6Sy9BUbgFse0n0LPA5lwy5,49a5ff7c4466457eb8016aaf873224cb,2025-04-09T20:48:44Z,0,No thanks. Can’t stand this song. ,aedef461c6cb462e87d505d14650f690
spotify:track:76Je5Wklky23mVoxiRszcN,49a5ff7c4466457eb8016aaf873224cb,2025-04-09T20:48:44Z,2,Good end of workout victory lap feels for me. Like the initial cooldown into the arena rock mountaintop fist pump. ,aedef461c6cb462e87d505d14650f690
spotify:track:7m47Go71qTMBs4kTH7U8F8,49a5ff7c4466457eb8016aaf873224cb,2025-04-09T20:48:44Z,0,Parts work. Parts don’t. Hate a lot of the sounds. Overall flow is nice but too many noises for me. ,aedef461c6cb462e87d505d14650f690
spotify:track:7M8dZRhsjdyA01DS3V4Zt8,49a5ff7c4466457eb8016aaf873224cb,2025-04-09T20:48:44Z,0,Another busy bee that idk if I I’d flow with. ,aedef461c6cb462e87d505d14650f690
spotify:track:01MBhRpvFkbeRwAp7gcF2W,d0b05ef03f5e4598a3e8532b812c3330,2025-04-09T21:06:19Z,1,,aedef461c6cb462e87d505d14650f690
spotify:track:0Y2i84QWPFiFHQfEQDgHya,d0b05ef03f5e4598a3e8532b812c3330,2025-04-09T21:06:19Z,1,Thanks to Infest the rats nest I can listen to this now. Also the drummer played with Gizz. ,aedef461c6cb462e87d505d14650f690
spotify:track:2gPl93XdGnfKUykwxVHUYt,d0b05ef03f5e4598a3e8532b812c3330,2025-04-09T21:06:19Z,0,Sorry Brinks. Call me a white boy. ,aedef461c6cb462e87d505d14650f690
spotify:track:2Xhd1kYKj2aee7JR3nIlRe,d0b05ef03f5e4598a3e8532b812c3330,2025-04-09T21:06:19Z,3,Liked this a lot. Got me through my last mile ,aedef461c6cb462e87d505d14650f690
spotify:track:3pgainA2dH9c7e8JVYGRCN,d0b05ef03f5e4598a3e8532b812c3330,2025-04-09T21:06:19Z,1,,aedef461c6cb462e87d505d14650f690
spotify:track:3YZa4IzxK2UtEKTvdTgsi8,d0b05ef03f5e4598a3e8532b812c3330,2025-04-09T21:06:19Z,0,Love Bowie. Just heard this too many times and not what gets me pumping. ,aedef461c6cb462e87d505d14650f690
spotify:track:47oS7xB31QQUyPCgHpM3VZ,d0b05ef03f5e4598a3e8532b812c3330,2025-04-09T21:06:19Z,1,Again another I’ve just heard too much. But I wouldn’t skip. ,aedef461c6cb462e87d505d14650f690
spotify:track:4hYK4R7LGKOz7TyyR8ryty,d0b05ef03f5e4598a3e8532b812c3330,2025-04-09T21:06:19Z,0,No phish in the phish music league. Thats the rules. ,aedef461c6cb462e87d505d14650f690
spotify:track:4u1Wq5XWqkU7qa0T76h0B7,d0b05ef03f5e4598a3e8532b812c3330,2025-04-09T21:06:19Z,2,,aedef461c6cb462e87d505d14650f690
spotify:track:5UqCQaDshqbIk3pkhy4Pjg,d0b05ef03f5e4598a3e8532b812c3330,2025-04-09T21:06:19Z,0,Ughhhh just not for me. Don’t tell my girlfriend. ,aedef461c6cb462e87d505d14650f690
spotify:track:6NtkWVLdArIlZAwxpWH2tF,d0b05ef03f5e4598a3e8532b812c3330,2025-04-09T21:06:19Z,3,Yesss pleasant surprise ,aedef461c6cb462e87d505d14650f690
spotify:track:6Sy9BUbgFse0n0LPA5lwy5,d0b05ef03f5e4598a3e8532b812c3330,2025-04-09T21:06:19Z,1,Classic and it hits ,aedef461c6cb462e87d505d14650f690
spotify:track:76Je5Wklky23mVoxiRszcN,d0b05ef03f5e4598a3e8532b812c3330,2025-04-09T21:06:19Z,0,I prefer dave grohl on hot ones. Is this song about a paraplegic ? ,aedef461c6cb462e87d505d14650f690
spotify:track:7m47Go71qTMBs4kTH7U8F8,d0b05ef03f5e4598a3e8532b812c3330,2025-04-09T21:06:19Z,0,Classic but heard too many times ,aedef461c6cb462e87d505d14650f690
spotify:track:7M8dZRhsjdyA01DS3V4Zt8,d0b05ef03f5e4598a3e8532b812c3330,2025-04-09T21:06:19Z,3,,aedef461c6cb462e87d505d14650f690
spotify:track:01MBhRpvFkbeRwAp7gcF2W,7fdceb56429c4e38939c3e5ee41bfdd0,2025-04-09T21:09:00Z,1,,aedef461c6cb462e87d505d14650f690
spotify:track:0Y2i84QWPFiFHQfEQDgHya,7fdceb56429c4e38939c3e5ee41bfdd0,2025-04-09T21:09:00Z,0,So angry ,aedef461c6cb462e87d505d14650f690
spotify:track:2gPl93XdGnfKUykwxVHUYt,7fdceb56429c4e38939c3e5ee41bfdd0,2025-04-09T21:09:00Z,1,,aedef461c6cb462e87d505d14650f690
spotify:track:3YZa4IzxK2UtEKTvdTgsi8,7fdceb56429c4e38939c3e5ee41bfdd0,2025-04-09T21:09:00Z,2,,aedef461c6cb462e87d505d14650f690
spotify:track:47oS7xB31QQUyPCgHpM3VZ,7fdceb56429c4e38939c3e5ee41bfdd0,2025-04-09T21:09:00Z,2,Vote For Pedro!,aedef461c6cb462e87d505d14650f690
spotify:track:4u1Wq5XWqkU7qa0T76h0B7,7fdceb56429c4e38939c3e5ee41bfdd0,2025-04-09T21:09:00Z,1,,aedef461c6cb462e87d505d14650f690
spotify:track:5XmyjJIWjhVaZ4IiN6a35F,7fdceb56429c4e38939c3e5ee41bfdd0,2025-04-09T21:09:00Z,2,,aedef461c6cb462e87d505d14650f690
spotify:track:6NtkWVLdArIlZAwxpWH2tF,7fdceb56429c4e38939c3e5ee41bfdd0,2025-04-09T21:09:00Z,4,Best of the week. Nice slow build and driving beat,aedef461c6cb462e87d505d14650f690
spotify:track:6Sy9BUbgFse0n0LPA5lwy5,7fdceb56429c4e38939c3e5ee41bfdd0,2025-04-09T21:09:00Z,0,This was played on repeat by the amateur DJ I shared a wall with in the frat house in 2000. ,aedef461c6cb462e87d505d14650f690
spotify:track:7m47Go71qTMBs4kTH7U8F8,7fdceb56429c4e38939c3e5ee41bfdd0,2025-04-09T21:09:00Z,1,Jersey shore fist pump,aedef461c6cb462e87d505d14650f690
spotify:track:7M8dZRhsjdyA01DS3V4Zt8,7fdceb56429c4e38939c3e5ee41bfdd0,2025-04-09T21:09:00Z,2,Nice beats,aedef461c6cb462e87d505d14650f690
spotify:track:2Xhd1kYKj2aee7JR3nIlRe,4e117e3021d7466c8bf0b654f8357418,2025-04-09T23:03:21Z,2,,aedef461c6cb462e87d505d14650f690
spotify:track:3pgainA2dH9c7e8JVYGRCN,4e117e3021d7466c8bf0b654f8357418,2025-04-09T23:03:21Z,3,,aedef461c6cb462e87d505d14650f690
spotify:track:3YZa4IzxK2UtEKTvdTgsi8,4e117e3021d7466c8bf0b654f8357418,2025-04-09T23:03:21Z,1,,aedef461c6cb462e87d505d14650f690
spotify:track:47oS7xB31QQUyPCgHpM3VZ,4e117e3021d7466c8bf0b654f8357418,2025-04-09T23:03:21Z,2,,aedef461c6cb462e87d505d14650f690
spotify:track:4hYK4R7LGKOz7TyyR8ryty,4e117e3021d7466c8bf0b654f8357418,2025-04-09T23:03:21Z,0,There’s gotta be a better Tweeprise available on Spotify…,aedef461c6cb462e87d505d14650f690
spotify:track:4u1Wq5XWqkU7qa0T76h0B7,4e117e3021d7466c8bf0b654f8357418,2025-04-09T23:03:21Z,1,,aedef461c6cb462e87d505d14650f690
spotify:track:5XmyjJIWjhVaZ4IiN6a35F,4e117e3021d7466c8bf0b654f8357418,2025-04-09T23:03:21Z,1,,aedef461c6cb462e87d505d14650f690
spotify:track:6NtkWVLdArIlZAwxpWH2tF,4e117e3021d7466c8bf0b654f8357418,2025-04-09T23:03:21Z,1,,aedef461c6cb462e87d505d14650f690
spotify:track:6Sy9BUbgFse0n0LPA5lwy5,4e117e3021d7466c8bf0b654f8357418,2025-04-09T23:03:21Z,2,,aedef461c6cb462e87d505d14650f690
spotify:track:76Je5Wklky23mVoxiRszcN,4e117e3021d7466c8bf0b654f8357418,2025-04-09T23:03:21Z,1,,aedef461c6cb462e87d505d14650f690
spotify:track:7m47Go71qTMBs4kTH7U8F8,4e117e3021d7466c8bf0b654f8357418,2025-04-09T23:03:21Z,1,,aedef461c6cb462e87d505d14650f690
spotify:track:7M8dZRhsjdyA01DS3V4Zt8,4e117e3021d7466c8bf0b654f8357418,2025-04-09T23:03:21Z,1,,aedef461c6cb462e87d505d14650f690
spotify:track:01MBhRpvFkbeRwAp7gcF2W,ce76a5e6ff274137bb5127db7065d9a8,2025-04-10T00:28:40Z,1,I did 20 pushups cuz this was the start of the playlist ,aedef461c6cb462e87d505d14650f690
spotify:track:0Y2i84QWPFiFHQfEQDgHya,ce76a5e6ff274137bb5127db7065d9a8,2025-04-10T00:28:40Z,0,I do like hard rock or metal sometimes for working out. Generally not my go to. But never this type of yell singing metal. Just not for me,aedef461c6cb462e87d505d14650f690
spotify:track:2gPl93XdGnfKUykwxVHUYt,ce76a5e6ff274137bb5127db7065d9a8,2025-04-10T00:28:40Z,3,Generally want hip hop or electronic for workouts. This works,aedef461c6cb462e87d505d14650f690
spotify:track:2Xhd1kYKj2aee7JR3nIlRe,ce76a5e6ff274137bb5127db7065d9a8,2025-04-10T00:28:40Z,1,Liked it,aedef461c6cb462e87d505d14650f690
spotify:track:3pgainA2dH9c7e8JVYGRCN,ce76a5e6ff274137bb5127db7065d9a8,2025-04-10T00:28:40Z,1,"I wouldn’t pick this, but could see it working for me on a ride or run maybe",aedef461c6cb462e87d505d14650f690
spotify:track:3YZa4IzxK2UtEKTvdTgsi8,ce76a5e6ff274137bb5127db7065d9a8,2025-04-10T00:28:40Z,0,I kinda don’t like working out to music I like? ,aedef461c6cb462e87d505d14650f690
spotify:track:47oS7xB31QQUyPCgHpM3VZ,ce76a5e6ff274137bb5127db7065d9a8,2025-04-10T00:28:40Z,1,Another I wouldn’t go for but could work maybe for a run or ride ,aedef461c6cb462e87d505d14650f690
spotify:track:4hYK4R7LGKOz7TyyR8ryty,ce76a5e6ff274137bb5127db7065d9a8,2025-04-10T00:28:40Z,0,I’m not giving phish points,aedef461c6cb462e87d505d14650f690
spotify:track:4u1Wq5XWqkU7qa0T76h0B7,ce76a5e6ff274137bb5127db7065d9a8,2025-04-10T00:28:40Z,0,It’s good but I can’t ever see myself working out to this. Blame the category,aedef461c6cb462e87d505d14650f690
spotify:track:5XmyjJIWjhVaZ4IiN6a35F,ce76a5e6ff274137bb5127db7065d9a8,2025-04-10T00:28:40Z,1,"Interesting. Would never go for something soul like this, but the mix with the driving beat actually works ",aedef461c6cb462e87d505d14650f690
spotify:track:6NtkWVLdArIlZAwxpWH2tF,ce76a5e6ff274137bb5127db7065d9a8,2025-04-10T00:28:40Z,1,Initially thought too chill but I could see myself running to this ,aedef461c6cb462e87d505d14650f690
spotify:track:6Sy9BUbgFse0n0LPA5lwy5,ce76a5e6ff274137bb5127db7065d9a8,2025-04-10T00:28:40Z,1,Giving a point cuz I do generally like electronic/EDM for working out. This song reminds me of being a jackass in high school though,aedef461c6cb462e87d505d14650f690
spotify:track:76Je5Wklky23mVoxiRszcN,ce76a5e6ff274137bb5127db7065d9a8,2025-04-10T00:28:40Z,2,Was feeling guilty about not actually working out today so just did 20 more pushups ,aedef461c6cb462e87d505d14650f690
spotify:track:7m47Go71qTMBs4kTH7U8F8,ce76a5e6ff274137bb5127db7065d9a8,2025-04-10T00:28:40Z,3,Nice combo of two genres I prefer for working out. Favorite of the list. 50 pushups ,aedef461c6cb462e87d505d14650f690
spotify:track:7M8dZRhsjdyA01DS3V4Zt8,ce76a5e6ff274137bb5127db7065d9a8,2025-04-10T00:28:40Z,1,"I like this but not for working out. I could see myself running to it but now that I’m at the end of the list, I don’t know if that says much cuz I can and do run to pretty much anything. Gonna have to readjust ratings to take more consideration into a full workout including strength which is a much different vibe. Brb

Ok upon further review I’m not going to relisten to anything and idk how I’m gonna reallocate points, and since I still haven’t gotten rid of all of them, here’s one",aedef461c6cb462e87d505d14650f690
spotify:track:01MBhRpvFkbeRwAp7gcF2W,e5c2390073644e979f43e744c33e6c60,2025-04-10T07:48:23Z,1,,aedef461c6cb462e87d505d14650f690
spotify:track:2gPl93XdGnfKUykwxVHUYt,e5c2390073644e979f43e744c33e6c60,2025-04-10T07:48:23Z,2,,aedef461c6cb462e87d505d14650f690
spotify:track:2Xhd1kYKj2aee7JR3nIlRe,e5c2390073644e979f43e744c33e6c60,2025-04-10T07:48:23Z,1,,aedef461c6cb462e87d505d14650f690
spotify:track:47oS7xB31QQUyPCgHpM3VZ,e5c2390073644e979f43e744c33e6c60,2025-04-10T07:48:23Z,3,,aedef461c6cb462e87d505d14650f690
spotify:track:5UqCQaDshqbIk3pkhy4Pjg,e5c2390073644e979f43e744c33e6c60,2025-04-10T07:48:23Z,3,Just watched the Netflix documentary on avicii so sad! ,aedef461c6cb462e87d505d14650f690
spotify:track:5XmyjJIWjhVaZ4IiN6a35F,e5c2390073644e979f43e744c33e6c60,2025-04-10T07:48:23Z,1,,aedef461c6cb462e87d505d14650f690
spotify:track:6Sy9BUbgFse0n0LPA5lwy5,e5c2390073644e979f43e744c33e6c60,2025-04-10T07:48:23Z,3,,aedef461c6cb462e87d505d14650f690
spotify:track:7m47Go71qTMBs4kTH7U8F8,e5c2390073644e979f43e744c33e6c60,2025-04-10T07:48:23Z,2,,aedef461c6cb462e87d505d14650f690
spotify:track:01MBhRpvFkbeRwAp7gcF2W,a2909b31d1c04d728cfcf68ca0d73cca,2025-04-10T11:59:24Z,2,Might not work out to this one but I just love this song. ,aedef461c6cb462e87d505d14650f690
spotify:track:0Y2i84QWPFiFHQfEQDgHya,a2909b31d1c04d728cfcf68ca0d73cca,2025-04-10T11:59:24Z,0,I started moshing on the train when this came on. That counts as working out right?,aedef461c6cb462e87d505d14650f690
spotify:track:2gPl93XdGnfKUykwxVHUYt,a2909b31d1c04d728cfcf68ca0d73cca,2025-04-10T11:59:24Z,1,+1 for brinks ,aedef461c6cb462e87d505d14650f690
spotify:track:2Xhd1kYKj2aee7JR3nIlRe,a2909b31d1c04d728cfcf68ca0d73cca,2025-04-10T11:59:24Z,1,The pace of this seems like it would be good for a work out. Also very encouraging lyrics. ,aedef461c6cb462e87d505d14650f690
spotify:track:3pgainA2dH9c7e8JVYGRCN,a2909b31d1c04d728cfcf68ca0d73cca,2025-04-10T11:59:24Z,1,,aedef461c6cb462e87d505d14650f690
spotify:track:3YZa4IzxK2UtEKTvdTgsi8,a2909b31d1c04d728cfcf68ca0d73cca,2025-04-10T11:59:24Z,0,Good song but not sure it would make it into my (nonexistent) work out playlist. ,aedef461c6cb462e87d505d14650f690
spotify:track:47oS7xB31QQUyPCgHpM3VZ,a2909b31d1c04d728cfcf68ca0d73cca,2025-04-10T11:59:24Z,2,Obviously doing the Napoleon moves. ,aedef461c6cb462e87d505d14650f690
spotify:track:4u1Wq5XWqkU7qa0T76h0B7,a2909b31d1c04d728cfcf68ca0d73cca,2025-04-10T11:59:24Z,1,Not sure I could make it through the whole song without hyperventilating. ,aedef461c6cb462e87d505d14650f690
spotify:track:5UqCQaDshqbIk3pkhy4Pjg,a2909b31d1c04d728cfcf68ca0d73cca,2025-04-10T11:59:24Z,2,Techno feels right for the work out vibe. ,aedef461c6cb462e87d505d14650f690
spotify:track:5XmyjJIWjhVaZ4IiN6a35F,a2909b31d1c04d728cfcf68ca0d73cca,2025-04-10T11:59:24Z,2,,aedef461c6cb462e87d505d14650f690
spotify:track:6NtkWVLdArIlZAwxpWH2tF,a2909b31d1c04d728cfcf68ca0d73cca,2025-04-10T11:59:24Z,1,,aedef461c6cb462e87d505d14650f690
spotify:track:6Sy9BUbgFse0n0LPA5lwy5,a2909b31d1c04d728cfcf68ca0d73cca,2025-04-10T11:59:24Z,1,Definitely Dianna. ,aedef461c6cb462e87d505d14650f690
spotify:track:76Je5Wklky23mVoxiRszcN,a2909b31d1c04d728cfcf68ca0d73cca,2025-04-10T11:59:24Z,0,Walking is about all the exercise I get. ,aedef461c6cb462e87d505d14650f690
spotify:track:7m47Go71qTMBs4kTH7U8F8,a2909b31d1c04d728cfcf68ca0d73cca,2025-04-10T11:59:24Z,1,This is a wild collab. The beats got me moving tho. ,aedef461c6cb462e87d505d14650f690
spotify:track:7M8dZRhsjdyA01DS3V4Zt8,a2909b31d1c04d728cfcf68ca0d73cca,2025-04-10T11:59:24Z,1,,aedef461c6cb462e87d505d14650f690
spotify:track:01MBhRpvFkbeRwAp7gcF2W,bf3a904d73564b6c97f9e47c5429b767,2025-04-10T13:38:33Z,1,,aedef461c6cb462e87d505d14650f690
spotify:track:0Y2i84QWPFiFHQfEQDgHya,bf3a904d73564b6c97f9e47c5429b767,2025-04-10T13:38:33Z,0,"no, wtf",aedef461c6cb462e87d505d14650f690
spotify:track:2Xhd1kYKj2aee7JR3nIlRe,bf3a904d73564b6c97f9e47c5429b767,2025-04-10T13:38:33Z,1,bc I have to give points ,aedef461c6cb462e87d505d14650f690
spotify:track:3pgainA2dH9c7e8JVYGRCN,bf3a904d73564b6c97f9e47c5429b767,2025-04-10T13:38:33Z,1,bc I have to give points,aedef461c6cb462e87d505d14650f690
spotify:track:3YZa4IzxK2UtEKTvdTgsi8,bf3a904d73564b6c97f9e47c5429b767,2025-04-10T13:38:33Z,2,sure,aedef461c6cb462e87d505d14650f690
spotify:track:47oS7xB31QQUyPCgHpM3VZ,bf3a904d73564b6c97f9e47c5429b767,2025-04-10T13:38:33Z,2,,aedef461c6cb462e87d505d14650f690
spotify:track:4hYK4R7LGKOz7TyyR8ryty,bf3a904d73564b6c97f9e47c5429b767,2025-04-10T13:38:33Z,1,,aedef461c6cb462e87d505d14650f690
spotify:track:4u1Wq5XWqkU7qa0T76h0B7,bf3a904d73564b6c97f9e47c5429b767,2025-04-10T13:38:33Z,2,,aedef461c6cb462e87d505d14650f690
spotify:track:5UqCQaDshqbIk3pkhy4Pjg,bf3a904d73564b6c97f9e47c5429b767,2025-04-10T13:38:33Z,1,,aedef461c6cb462e87d505d14650f690
spotify:track:5XmyjJIWjhVaZ4IiN6a35F,bf3a904d73564b6c97f9e47c5429b767,2025-04-10T13:38:33Z,2,I can get down to this ,aedef461c6cb462e87d505d14650f690
spotify:track:6Sy9BUbgFse0n0LPA5lwy5,bf3a904d73564b6c97f9e47c5429b767,2025-04-10T13:38:33Z,0,working out not playing grand tourismo,aedef461c6cb462e87d505d14650f690
spotify:track:76Je5Wklky23mVoxiRszcN,bf3a904d73564b6c97f9e47c5429b767,2025-04-10T13:38:33Z,1,,aedef461c6cb462e87d505d14650f690
spotify:track:7m47Go71qTMBs4kTH7U8F8,bf3a904d73564b6c97f9e47c5429b767,2025-04-10T13:38:33Z,1,,aedef461c6cb462e87d505d14650f690
spotify:track:7M8dZRhsjdyA01DS3V4Zt8,bf3a904d73564b6c97f9e47c5429b767,2025-04-10T13:38:33Z,1,,aedef461c6cb462e87d505d14650f690
spotify:track:01MBhRpvFkbeRwAp7gcF2W,8453d173315c468e8134e2527a658ba5,2025-04-10T15:32:26Z,1,,aedef461c6cb462e87d505d14650f690
spotify:track:0Y2i84QWPFiFHQfEQDgHya,8453d173315c468e8134e2527a658ba5,2025-04-10T15:32:26Z,0,I’m sorry you feel this way,aedef461c6cb462e87d505d14650f690
spotify:track:2gPl93XdGnfKUykwxVHUYt,8453d173315c468e8134e2527a658ba5,2025-04-10T15:32:26Z,2,,aedef461c6cb462e87d505d14650f690
spotify:track:2Xhd1kYKj2aee7JR3nIlRe,8453d173315c468e8134e2527a658ba5,2025-04-10T15:32:26Z,2,,aedef461c6cb462e87d505d14650f690
spotify:track:3pgainA2dH9c7e8JVYGRCN,8453d173315c468e8134e2527a658ba5,2025-04-10T15:32:26Z,3,,aedef461c6cb462e87d505d14650f690
spotify:track:4u1Wq5XWqkU7qa0T76h0B7,8453d173315c468e8134e2527a658ba5,2025-04-10T15:32:26Z,1,,aedef461c6cb462e87d505d14650f690
spotify:track:5UqCQaDshqbIk3pkhy4Pjg,8453d173315c468e8134e2527a658ba5,2025-04-10T15:32:26Z,1,,aedef461c6cb462e87d505d14650f690
spotify:track:6Sy9BUbgFse0n0LPA5lwy5,8453d173315c468e8134e2527a658ba5,2025-04-10T15:32:26Z,1,,aedef461c6cb462e87d505d14650f690
spotify:track:7M8dZRhsjdyA01DS3V4Zt8,8453d173315c468e8134e2527a658ba5,2025-04-10T15:32:26Z,5,,aedef461c6cb462e87d505d14650f690
spotify:track:2Xhd1kYKj2aee7JR3nIlRe,605866a938e54c5da212fc8595186729,2025-04-10T19:44:02Z,1,,aedef461c6cb462e87d505d14650f690
spotify:track:3pgainA2dH9c7e8JVYGRCN,605866a938e54c5da212fc8595186729,2025-04-10T19:44:02Z,2,,aedef461c6cb462e87d505d14650f690
spotify:track:47oS7xB31QQUyPCgHpM3VZ,605866a938e54c5da212fc8595186729,2025-04-10T19:44:02Z,1,,aedef461c6cb462e87d505d14650f690
spotify:track:4hYK4R7LGKOz7TyyR8ryty,605866a938e54c5da212fc8595186729,2025-04-10T19:44:02Z,1,,aedef461c6cb462e87d505d14650f690
spotify:track:4u1Wq5XWqkU7qa0T76h0B7,605866a938e54c5da212fc8595186729,2025-04-10T19:44:02Z,2,,aedef461c6cb462e87d505d14650f690
spotify:track:5UqCQaDshqbIk3pkhy4Pjg,605866a938e54c5da212fc8595186729,2025-04-10T19:44:02Z,3,,aedef461c6cb462e87d505d14650f690
spotify:track:6Sy9BUbgFse0n0LPA5lwy5,605866a938e54c5da212fc8595186729,2025-04-10T19:44:02Z,3,,aedef461c6cb462e87d505d14650f690
spotify:track:76Je5Wklky23mVoxiRszcN,605866a938e54c5da212fc8595186729,2025-04-10T19:44:02Z,2,,aedef461c6cb462e87d505d14650f690
spotify:track:7M8dZRhsjdyA01DS3V4Zt8,605866a938e54c5da212fc8595186729,2025-04-10T19:44:02Z,1,,aedef461c6cb462e87d505d14650f690
spotify:track:0Y2i84QWPFiFHQfEQDgHya,1c89e947d02949ed86d05ec22a7350bf,2025-04-10T20:29:45Z,0,Seriously?,aedef461c6cb462e87d505d14650f690
spotify:track:2Xhd1kYKj2aee7JR3nIlRe,1c89e947d02949ed86d05ec22a7350bf,2025-04-10T20:29:45Z,1,,aedef461c6cb462e87d505d14650f690
spotify:track:3YZa4IzxK2UtEKTvdTgsi8,1c89e947d02949ed86d05ec22a7350bf,2025-04-10T20:29:45Z,1,,aedef461c6cb462e87d505d14650f690
spotify:track:47oS7xB31QQUyPCgHpM3VZ,1c89e947d02949ed86d05ec22a7350bf,2025-04-10T20:29:45Z,2,,aedef461c6cb462e87d505d14650f690
spotify:track:4hYK4R7LGKOz7TyyR8ryty,1c89e947d02949ed86d05ec22a7350bf,2025-04-10T20:29:45Z,1,Been waiting for someone to throw some phish into one of these prompts ,aedef461c6cb462e87d505d14650f690
spotify:track:4u1Wq5XWqkU7qa0T76h0B7,1c89e947d02949ed86d05ec22a7350bf,2025-04-10T20:29:45Z,2,,aedef461c6cb462e87d505d14650f690
spotify:track:5UqCQaDshqbIk3pkhy4Pjg,1c89e947d02949ed86d05ec22a7350bf,2025-04-10T20:29:45Z,1,Rip should have saved for next prompt ,aedef461c6cb462e87d505d14650f690
spotify:track:5XmyjJIWjhVaZ4IiN6a35F,1c89e947d02949ed86d05ec22a7350bf,2025-04-10T20:29:45Z,1,,aedef461c6cb462e87d505d14650f690
spotify:track:6NtkWVLdArIlZAwxpWH2tF,1c89e947d02949ed86d05ec22a7350bf,2025-04-10T20:29:45Z,1,,aedef461c6cb462e87d505d14650f690
spotify:track:7m47Go71qTMBs4kTH7U8F8,1c89e947d02949ed86d05ec22a7350bf,2025-04-10T20:29:45Z,3,Serious college nostalgia college vibes on this one ,aedef461c6cb462e87d505d14650f690
spotify:track:7M8dZRhsjdyA01DS3V4Zt8,1c89e947d02949ed86d05ec22a7350bf,2025-04-10T20:29:45Z,3,Not so sure about the workout vibe but fav find of the week. Was not expecting a young Thai woman will def listen to more,aedef461c6cb462e87d505d14650f690
spotify:track:01MBhRpvFkbeRwAp7gcF2W,7acfbf6ff4234d00875b58e7b2ec389d,2025-04-10T21:22:40Z,3,,aedef461c6cb462e87d505d14650f690
spotify:track:2Xhd1kYKj2aee7JR3nIlRe,7acfbf6ff4234d00875b58e7b2ec389d,2025-04-10T21:22:40Z,3,,aedef461c6cb462e87d505d14650f690
spotify:track:3pgainA2dH9c7e8JVYGRCN,7acfbf6ff4234d00875b58e7b2ec389d,2025-04-10T21:22:40Z,1,,aedef461c6cb462e87d505d14650f690
spotify:track:3YZa4IzxK2UtEKTvdTgsi8,7acfbf6ff4234d00875b58e7b2ec389d,2025-04-10T21:22:40Z,1,,aedef461c6cb462e87d505d14650f690
spotify:track:47oS7xB31QQUyPCgHpM3VZ,7acfbf6ff4234d00875b58e7b2ec389d,2025-04-10T21:22:40Z,1,,aedef461c6cb462e87d505d14650f690
spotify:track:4u1Wq5XWqkU7qa0T76h0B7,7acfbf6ff4234d00875b58e7b2ec389d,2025-04-10T21:22:40Z,1,,aedef461c6cb462e87d505d14650f690
spotify:track:5XmyjJIWjhVaZ4IiN6a35F,7acfbf6ff4234d00875b58e7b2ec389d,2025-04-10T21:22:40Z,3,,aedef461c6cb462e87d505d14650f690
spotify:track:6NtkWVLdArIlZAwxpWH2tF,7acfbf6ff4234d00875b58e7b2ec389d,2025-04-10T21:22:40Z,3,,aedef461c6cb462e87d505d14650f690
spotify:track:01MBhRpvFkbeRwAp7gcF2W,9b7e03ea90dd46db9779dc21eb04ca5a,2025-04-10T21:33:45Z,0,Too overplayed ,aedef461c6cb462e87d505d14650f690
spotify:track:0Y2i84QWPFiFHQfEQDgHya,9b7e03ea90dd46db9779dc21eb04ca5a,2025-04-10T21:33:45Z,0,Too hardcore ,aedef461c6cb462e87d505d14650f690
spotify:track:2gPl93XdGnfKUykwxVHUYt,9b7e03ea90dd46db9779dc21eb04ca5a,2025-04-10T21:33:45Z,0,Too rappy ,aedef461c6cb462e87d505d14650f690
spotify:track:2Xhd1kYKj2aee7JR3nIlRe,9b7e03ea90dd46db9779dc21eb04ca5a,2025-04-10T21:33:45Z,1,,aedef461c6cb462e87d505d14650f690
spotify:track:3pgainA2dH9c7e8JVYGRCN,9b7e03ea90dd46db9779dc21eb04ca5a,2025-04-10T21:33:45Z,1,,aedef461c6cb462e87d505d14650f690
spotify:track:3YZa4IzxK2UtEKTvdTgsi8,9b7e03ea90dd46db9779dc21eb04ca5a,2025-04-10T21:33:45Z,1,,aedef461c6cb462e87d505d14650f690
spotify:track:47oS7xB31QQUyPCgHpM3VZ,9b7e03ea90dd46db9779dc21eb04ca5a,2025-04-10T21:33:45Z,2,,aedef461c6cb462e87d505d14650f690
spotify:track:4hYK4R7LGKOz7TyyR8ryty,9b7e03ea90dd46db9779dc21eb04ca5a,2025-04-10T21:33:45Z,4,Finally ,aedef461c6cb462e87d505d14650f690
spotify:track:5UqCQaDshqbIk3pkhy4Pjg,9b7e03ea90dd46db9779dc21eb04ca5a,2025-04-10T21:33:45Z,1,,aedef461c6cb462e87d505d14650f690
spotify:track:5XmyjJIWjhVaZ4IiN6a35F,9b7e03ea90dd46db9779dc21eb04ca5a,2025-04-10T21:33:45Z,1,,aedef461c6cb462e87d505d14650f690
spotify:track:6NtkWVLdArIlZAwxpWH2tF,9b7e03ea90dd46db9779dc21eb04ca5a,2025-04-10T21:33:45Z,0,need some more dynamic drum beats for working out ,aedef461c6cb462e87d505d14650f690
spotify:track:7M8dZRhsjdyA01DS3V4Zt8,9b7e03ea90dd46db9779dc21eb04ca5a,2025-04-10T21:33:45Z,5,Yes I love her. ,aedef461c6cb462e87d505d14650f690
spotify:track:6GAybu4JcmO10U2K1tYyYX,49a5ff7c4466457eb8016aaf873224cb,2025-04-12T19:51:38Z,1,"Loved this track. Random ass rare disease (plus lupus... it's sometimes lupus). Awful end of life for him and his family, damn. ",146e6cd80c02443fa16d09dabbb62073
spotify:track:5ZEib6AwbB3VDEEhgrTlTY,49a5ff7c4466457eb8016aaf873224cb,2025-04-12T19:51:38Z,1,Fuck cancer. Last performance and she pretty much knew it. https://www.youtube.com/watch?v=j1lISmNrH3c,146e6cd80c02443fa16d09dabbb62073
spotify:track:4RNsw8jHuGpev7bD1iNiXi,49a5ff7c4466457eb8016aaf873224cb,2025-04-12T19:51:38Z,2,"""Just before Bolin's final concert, Jon Marlowe of The Miami News, after an interview with the guitarist, told him, 'Take care of yourself,' to which Bolin replied, 'I've been taking care of myself my whole life. Don't worry about me. I'm going to be around for a long time.'"" Hours later, Bolin died from an overdose of heroin and other substances, including alcohol, cocaine, and barbiturates.

Whoops. 

Loved the track, first time hearing. I think my pick of the week. ",146e6cd80c02443fa16d09dabbb62073
spotify:track:4IDdUssauEYJ9kTit6tOU6,49a5ff7c4466457eb8016aaf873224cb,2025-04-12T19:51:38Z,1,Interesting track where Jaco is actually playing WITH a group and not just commanding the lead. Nice to hear him lay back a bit and actually hold it down while still contributing his very notable style/tone. ,146e6cd80c02443fa16d09dabbb62073
spotify:track:4gDBc1RxPAvinJrZzZ9nYX,49a5ff7c4466457eb8016aaf873224cb,2025-04-12T19:51:38Z,1,"Didn't care for the song too much on first pass, but after a few goes it is pretty sweet. Was between giving Whitney or Amy 1 in the end. ",146e6cd80c02443fa16d09dabbb62073
spotify:track:4cRfSR0QxDlXRHTKyEOu93,49a5ff7c4466457eb8016aaf873224cb,2025-04-12T19:51:38Z,1,Weellllllllllllllllllllllllll / Weellllllllllllllllllllllllll / Weellllllllllllllllllllllllll  / Weellllllllllllllllllllllllll  / Weellllllllllllllllllllllllllllll - the recording studio scene is burnt into my mind for this track.  Friggin 17 years old. ,146e6cd80c02443fa16d09dabbb62073
spotify:track:41ck7dyzOFlUOEFJ0W827G,49a5ff7c4466457eb8016aaf873224cb,2025-04-12T19:51:38Z,0,"feat. Emmylou Harris. There is a ""main"" version that tags her name to it as well, which may have swayed people into giving more points... but the guitar solos/extra jammin and overall raw feel in this alternate version were too good to pass up. ",146e6cd80c02443fa16d09dabbb62073
spotify:track:7cqUV8juVGXvKUgL2hwkE1,49a5ff7c4466457eb8016aaf873224cb,2025-04-12T19:51:38Z,1,Don't know it. Dig it. Feels like a Memo pick.,146e6cd80c02443fa16d09dabbb62073
spotify:track:750HQucwaNqPnTWMIiqZ5X,49a5ff7c4466457eb8016aaf873224cb,2025-04-12T19:51:38Z,1,"She was so cool. Def some dark stuff potentially being groomed by and married to R. Kelly at the age of 15... 

Died in a plane crash 2 weeks before 9/11, lucky. ",146e6cd80c02443fa16d09dabbb62073
spotify:track:0Fnyh3NVMQ4vunRjKBBUGy,49a5ff7c4466457eb8016aaf873224cb,2025-04-12T19:51:38Z,1,"Love the Grove Washington Jr. sample, such a good beat and groove. Don't love the song that was made out of it. Some of Amy's songs hit for me, but I generally I don't love her voice. This one did grow on me after a few listens, though. ",146e6cd80c02443fa16d09dabbb62073
spotify:track:6Xv160PuntxAtb67Ed4t4I,49a5ff7c4466457eb8016aaf873224cb,2025-04-12T19:51:38Z,0,Didn't have enough to stand out from the pack for me. ,146e6cd80c02443fa16d09dabbb62073
spotify:track:36AlMHDBFwSsD3FQOy1R81,49a5ff7c4466457eb8016aaf873224cb,2025-04-12T19:51:38Z,2,Love this pick. Great venture off of the beaten path of the most popular Otis songs while still finding a really good selection. Absolutely crazy the man behind this voice was in his 20s. ,146e6cd80c02443fa16d09dabbb62073
spotify:track:2r3XNMon9K7bl2KTtHsaQO,49a5ff7c4466457eb8016aaf873224cb,2025-04-12T19:51:38Z,0,"Was thinking Brinks may choose Croce, but not this track. Feel like we could have gone a little deeper into the catalog. Had it at a 1 point, but needed to clear some room.",146e6cd80c02443fa16d09dabbb62073
spotify:track:1xIxMz1sNQ4b6svH1GuTtF,49a5ff7c4466457eb8016aaf873224cb,2025-04-12T19:51:38Z,1,Biggie does both the voices on this one. Pretty sick.,146e6cd80c02443fa16d09dabbb62073
spotify:track:0RNRRdxkgkMdUYWwOcRoIs,49a5ff7c4466457eb8016aaf873224cb,2025-04-12T19:51:38Z,2,Will always give SharJo my points. Love the selection as well. ,146e6cd80c02443fa16d09dabbb62073
spotify:track:6k5IO1XwivnRu9d3ZF7Bgq,49a5ff7c4466457eb8016aaf873224cb,2025-04-12T19:51:38Z,1,"Appreciate picking a less-obvious track, but 9 minutes of blues without a ton of Duane featured felt like a miss. The solo he does rip is great, but yeah idk. Hot 'Lanta probably would have been my pick from this release. I also would've given the 23min version of Whipping Post 5 points, obscurity be damned. But that's me. ",146e6cd80c02443fa16d09dabbb62073
spotify:track:750HQucwaNqPnTWMIiqZ5X,bf3a904d73564b6c97f9e47c5429b767,2025-04-12T21:44:57Z,1,,146e6cd80c02443fa16d09dabbb62073
spotify:track:0Fnyh3NVMQ4vunRjKBBUGy,bf3a904d73564b6c97f9e47c5429b767,2025-04-12T21:44:57Z,0,0 points ,146e6cd80c02443fa16d09dabbb62073
spotify:track:0RNRRdxkgkMdUYWwOcRoIs,bf3a904d73564b6c97f9e47c5429b767,2025-04-12T21:44:57Z,0,dianna 0 points,146e6cd80c02443fa16d09dabbb62073
spotify:track:1xIxMz1sNQ4b6svH1GuTtF,bf3a904d73564b6c97f9e47c5429b767,2025-04-12T21:44:57Z,2,bet you all thought this was me ,146e6cd80c02443fa16d09dabbb62073
spotify:track:2r3XNMon9K7bl2KTtHsaQO,bf3a904d73564b6c97f9e47c5429b767,2025-04-12T21:44:57Z,1,,146e6cd80c02443fa16d09dabbb62073
spotify:track:36AlMHDBFwSsD3FQOy1R81,bf3a904d73564b6c97f9e47c5429b767,2025-04-12T21:44:57Z,1,,146e6cd80c02443fa16d09dabbb62073
spotify:track:41ck7dyzOFlUOEFJ0W827G,bf3a904d73564b6c97f9e47c5429b767,2025-04-12T21:44:57Z,1,,146e6cd80c02443fa16d09dabbb62073
spotify:track:4cRfSR0QxDlXRHTKyEOu93,bf3a904d73564b6c97f9e47c5429b767,2025-04-12T21:44:57Z,1,forgot how much I loved this song ,146e6cd80c02443fa16d09dabbb62073
spotify:track:4gDBc1RxPAvinJrZzZ9nYX,bf3a904d73564b6c97f9e47c5429b767,2025-04-12T21:44:57Z,0,lol,146e6cd80c02443fa16d09dabbb62073
spotify:track:4IDdUssauEYJ9kTit6tOU6,bf3a904d73564b6c97f9e47c5429b767,2025-04-12T21:44:57Z,2,this fire,146e6cd80c02443fa16d09dabbb62073
spotify:track:4RNsw8jHuGpev7bD1iNiXi,bf3a904d73564b6c97f9e47c5429b767,2025-04-12T21:44:57Z,1,dang,146e6cd80c02443fa16d09dabbb62073
spotify:track:5ZEib6AwbB3VDEEhgrTlTY,bf3a904d73564b6c97f9e47c5429b767,2025-04-12T21:44:57Z,1,,146e6cd80c02443fa16d09dabbb62073
spotify:track:6GAybu4JcmO10U2K1tYyYX,bf3a904d73564b6c97f9e47c5429b767,2025-04-12T21:44:57Z,2,j dilla x 1000,146e6cd80c02443fa16d09dabbb62073
spotify:track:6Xv160PuntxAtb67Ed4t4I,bf3a904d73564b6c97f9e47c5429b767,2025-04-12T21:44:57Z,1,,146e6cd80c02443fa16d09dabbb62073
spotify:track:7cqUV8juVGXvKUgL2hwkE1,bf3a904d73564b6c97f9e47c5429b767,2025-04-12T21:44:57Z,2,dang internetting the f out of this,146e6cd80c02443fa16d09dabbb62073
spotify:track:0Fnyh3NVMQ4vunRjKBBUGy,ce76a5e6ff274137bb5127db7065d9a8,2025-04-12T22:13:03Z,1,,146e6cd80c02443fa16d09dabbb62073
spotify:track:7cqUV8juVGXvKUgL2hwkE1,ce76a5e6ff274137bb5127db7065d9a8,2025-04-12T22:13:03Z,2,,146e6cd80c02443fa16d09dabbb62073
spotify:track:6Xv160PuntxAtb67Ed4t4I,ce76a5e6ff274137bb5127db7065d9a8,2025-04-12T22:13:03Z,2,,146e6cd80c02443fa16d09dabbb62073
spotify:track:6k5IO1XwivnRu9d3ZF7Bgq,ce76a5e6ff274137bb5127db7065d9a8,2025-04-12T22:13:03Z,2,Can’t go wrong with skydog. I had him at one point and switched. Think he’s the actual best answer on this list,146e6cd80c02443fa16d09dabbb62073
spotify:track:6GAybu4JcmO10U2K1tYyYX,ce76a5e6ff274137bb5127db7065d9a8,2025-04-12T22:13:03Z,1,,146e6cd80c02443fa16d09dabbb62073
spotify:track:4RNsw8jHuGpev7bD1iNiXi,ce76a5e6ff274137bb5127db7065d9a8,2025-04-12T22:13:03Z,2,,146e6cd80c02443fa16d09dabbb62073
spotify:track:41ck7dyzOFlUOEFJ0W827G,ce76a5e6ff274137bb5127db7065d9a8,2025-04-12T22:13:03Z,2,,146e6cd80c02443fa16d09dabbb62073
spotify:track:36AlMHDBFwSsD3FQOy1R81,ce76a5e6ff274137bb5127db7065d9a8,2025-04-12T22:13:03Z,2,,146e6cd80c02443fa16d09dabbb62073
spotify:track:2r3XNMon9K7bl2KTtHsaQO,ce76a5e6ff274137bb5127db7065d9a8,2025-04-12T22:13:03Z,1,,146e6cd80c02443fa16d09dabbb62073
spotify:track:0RNRRdxkgkMdUYWwOcRoIs,ce76a5e6ff274137bb5127db7065d9a8,2025-04-12T22:13:03Z,1,,146e6cd80c02443fa16d09dabbb62073
spotify:track:36AlMHDBFwSsD3FQOy1R81,8453d173315c468e8134e2527a658ba5,2025-04-13T10:37:35Z,3,Otis was my first thought,146e6cd80c02443fa16d09dabbb62073
spotify:track:0Fnyh3NVMQ4vunRjKBBUGy,8453d173315c468e8134e2527a658ba5,2025-04-13T10:37:35Z,3,,146e6cd80c02443fa16d09dabbb62073
spotify:track:0RNRRdxkgkMdUYWwOcRoIs,8453d173315c468e8134e2527a658ba5,2025-04-13T10:37:35Z,3,The greatest ,146e6cd80c02443fa16d09dabbb62073
spotify:track:4gDBc1RxPAvinJrZzZ9nYX,8453d173315c468e8134e2527a658ba5,2025-04-13T10:37:35Z,1,,146e6cd80c02443fa16d09dabbb62073
spotify:track:4IDdUssauEYJ9kTit6tOU6,8453d173315c468e8134e2527a658ba5,2025-04-13T10:37:35Z,1,,146e6cd80c02443fa16d09dabbb62073
spotify:track:6GAybu4JcmO10U2K1tYyYX,8453d173315c468e8134e2527a658ba5,2025-04-13T10:37:35Z,3,Whattupdoe,146e6cd80c02443fa16d09dabbb62073
spotify:track:6k5IO1XwivnRu9d3ZF7Bgq,8453d173315c468e8134e2527a658ba5,2025-04-13T10:37:35Z,2,,146e6cd80c02443fa16d09dabbb62073
spotify:track:5ZEib6AwbB3VDEEhgrTlTY,d0b05ef03f5e4598a3e8532b812c3330,2025-04-13T12:28:28Z,0,"Fell in love with Eva and her story researching last music league. She had the most versatile voice... jazz, blues, gospel... i just love it",146e6cd80c02443fa16d09dabbb62073
spotify:track:6k5IO1XwivnRu9d3ZF7Bgq,d0b05ef03f5e4598a3e8532b812c3330,2025-04-13T12:28:28Z,0,LTAMT,146e6cd80c02443fa16d09dabbb62073
spotify:track:2r3XNMon9K7bl2KTtHsaQO,d0b05ef03f5e4598a3e8532b812c3330,2025-04-13T12:28:28Z,0,Love jim croce but operator was a better choice. ,146e6cd80c02443fa16d09dabbb62073
spotify:track:1xIxMz1sNQ4b6svH1GuTtF,d0b05ef03f5e4598a3e8532b812c3330,2025-04-13T12:28:28Z,1,24 years old sheesh,146e6cd80c02443fa16d09dabbb62073
spotify:track:0RNRRdxkgkMdUYWwOcRoIs,d0b05ef03f5e4598a3e8532b812c3330,2025-04-13T12:28:28Z,1,nice choice for Sharon,146e6cd80c02443fa16d09dabbb62073
spotify:track:0Fnyh3NVMQ4vunRjKBBUGy,d0b05ef03f5e4598a3e8532b812c3330,2025-04-13T12:28:28Z,1,amy sweet amy one of my all time favs,146e6cd80c02443fa16d09dabbb62073
spotify:track:7cqUV8juVGXvKUgL2hwkE1,d0b05ef03f5e4598a3e8532b812c3330,2025-04-13T12:28:28Z,3,"yep, this is what i was searching for and am always searching for in music league... something new I havent heard before. ",146e6cd80c02443fa16d09dabbb62073
spotify:track:750HQucwaNqPnTWMIiqZ5X,d0b05ef03f5e4598a3e8532b812c3330,2025-04-13T12:28:28Z,2,loooooooove aaliyah,146e6cd80c02443fa16d09dabbb62073
spotify:track:6Xv160PuntxAtb67Ed4t4I,d0b05ef03f5e4598a3e8532b812c3330,2025-04-13T12:28:28Z,1,cool story mr pirate wished i liked the song a little more,146e6cd80c02443fa16d09dabbb62073
spotify:track:4IDdUssauEYJ9kTit6tOU6,d0b05ef03f5e4598a3e8532b812c3330,2025-04-13T12:28:28Z,0,jaco is kind of over done for me in music league,146e6cd80c02443fa16d09dabbb62073
spotify:track:4RNsw8jHuGpev7bD1iNiXi,d0b05ef03f5e4598a3e8532b812c3330,2025-04-13T12:28:28Z,1,"""Just before Bolin's final concert, Jon Marlowe of The Miami News, after an interview with the guitarist, told him, 'Take care of yourself,' to which Bolin replied, 'I've been taking care of myself my whole life. Don't worry about me. I'm going to be around for a long time.'"" (Issue No. 230; page 14). Hours later, Bolin died from an overdose of heroin and other substances, including alcohol, cocaine, and barbiturates.  gnarly  ",146e6cd80c02443fa16d09dabbb62073
spotify:track:6GAybu4JcmO10U2K1tYyYX,d0b05ef03f5e4598a3e8532b812c3330,2025-04-13T12:28:28Z,5,+3 for the right answer. +1 for normalizing comments before voting.,146e6cd80c02443fa16d09dabbb62073
spotify:track:4gDBc1RxPAvinJrZzZ9nYX,d0b05ef03f5e4598a3e8532b812c3330,2025-04-13T12:28:28Z,0,sorry whitney ,146e6cd80c02443fa16d09dabbb62073
spotify:track:4cRfSR0QxDlXRHTKyEOu93,d0b05ef03f5e4598a3e8532b812c3330,2025-04-13T12:28:28Z,0,youngest here very sad,146e6cd80c02443fa16d09dabbb62073
spotify:track:41ck7dyzOFlUOEFJ0W827G,d0b05ef03f5e4598a3e8532b812c3330,2025-04-13T12:28:28Z,1,the story about his death and then post death sounds like weekend at bernies. ,146e6cd80c02443fa16d09dabbb62073
spotify:track:36AlMHDBFwSsD3FQOy1R81,d0b05ef03f5e4598a3e8532b812c3330,2025-04-13T12:28:28Z,0,GOAT but also LTAMT (listened to a million times),146e6cd80c02443fa16d09dabbb62073
spotify:track:6Xv160PuntxAtb67Ed4t4I,7fdceb56429c4e38939c3e5ee41bfdd0,2025-04-13T13:26:33Z,2,,146e6cd80c02443fa16d09dabbb62073
spotify:track:6k5IO1XwivnRu9d3ZF7Bgq,7fdceb56429c4e38939c3e5ee41bfdd0,2025-04-13T13:26:33Z,1,,146e6cd80c02443fa16d09dabbb62073
spotify:track:6GAybu4JcmO10U2K1tYyYX,7fdceb56429c4e38939c3e5ee41bfdd0,2025-04-13T13:26:33Z,2,,146e6cd80c02443fa16d09dabbb62073
spotify:track:4IDdUssauEYJ9kTit6tOU6,7fdceb56429c4e38939c3e5ee41bfdd0,2025-04-13T13:26:33Z,2,,146e6cd80c02443fa16d09dabbb62073
spotify:track:41ck7dyzOFlUOEFJ0W827G,7fdceb56429c4e38939c3e5ee41bfdd0,2025-04-13T13:26:33Z,2,,146e6cd80c02443fa16d09dabbb62073
spotify:track:36AlMHDBFwSsD3FQOy1R81,7fdceb56429c4e38939c3e5ee41bfdd0,2025-04-13T13:26:33Z,1,,146e6cd80c02443fa16d09dabbb62073
spotify:track:1xIxMz1sNQ4b6svH1GuTtF,7fdceb56429c4e38939c3e5ee41bfdd0,2025-04-13T13:26:33Z,1,,146e6cd80c02443fa16d09dabbb62073
spotify:track:0RNRRdxkgkMdUYWwOcRoIs,7fdceb56429c4e38939c3e5ee41bfdd0,2025-04-13T13:26:33Z,2,,146e6cd80c02443fa16d09dabbb62073
spotify:track:0Fnyh3NVMQ4vunRjKBBUGy,7fdceb56429c4e38939c3e5ee41bfdd0,2025-04-13T13:26:33Z,1,,146e6cd80c02443fa16d09dabbb62073
spotify:track:7cqUV8juVGXvKUgL2hwkE1,7fdceb56429c4e38939c3e5ee41bfdd0,2025-04-13T13:26:33Z,2,,146e6cd80c02443fa16d09dabbb62073
spotify:track:6Xv160PuntxAtb67Ed4t4I,9b7e03ea90dd46db9779dc21eb04ca5a,2025-04-13T17:09:59Z,0,John,146e6cd80c02443fa16d09dabbb62073
spotify:track:0Fnyh3NVMQ4vunRjKBBUGy,9b7e03ea90dd46db9779dc21eb04ca5a,2025-04-13T17:09:59Z,1,,146e6cd80c02443fa16d09dabbb62073
spotify:track:7cqUV8juVGXvKUgL2hwkE1,9b7e03ea90dd46db9779dc21eb04ca5a,2025-04-13T17:09:59Z,3,"Woah. Thank you so much for showing me this artists. Tragic. 
Been streaming blue coloured mountain all day. ",146e6cd80c02443fa16d09dabbb62073
spotify:track:0RNRRdxkgkMdUYWwOcRoIs,9b7e03ea90dd46db9779dc21eb04ca5a,2025-04-13T17:09:59Z,0,"I guess you could make the argument of gone too soon because she only released music for 20 years, but that’s because she started when she was 40. ",146e6cd80c02443fa16d09dabbb62073
spotify:track:6k5IO1XwivnRu9d3ZF7Bgq,9b7e03ea90dd46db9779dc21eb04ca5a,2025-04-13T17:09:59Z,2,,146e6cd80c02443fa16d09dabbb62073
spotify:track:5ZEib6AwbB3VDEEhgrTlTY,9b7e03ea90dd46db9779dc21eb04ca5a,2025-04-13T17:09:59Z,2,Can we bring back comments?,146e6cd80c02443fa16d09dabbb62073
spotify:track:4RNsw8jHuGpev7bD1iNiXi,9b7e03ea90dd46db9779dc21eb04ca5a,2025-04-13T17:09:59Z,1,,146e6cd80c02443fa16d09dabbb62073
spotify:track:4IDdUssauEYJ9kTit6tOU6,9b7e03ea90dd46db9779dc21eb04ca5a,2025-04-13T17:09:59Z,3,,146e6cd80c02443fa16d09dabbb62073
spotify:track:41ck7dyzOFlUOEFJ0W827G,9b7e03ea90dd46db9779dc21eb04ca5a,2025-04-13T17:09:59Z,1,"Although Parsons had said he wanted his body cremated at Joshua Tree and his ashes spread over the formation Cap Rock, Parsons' stepfather organized a private ceremony in New Orleans and left the body in the care of a funeral home. To fulfill Parsons' wishes, Kaufman and a friend stole both a hearse and his body and drove it to Joshua Tree. At Cap Rock Parking Lot, they poured gasoline into the open coffin and lit it, creating an enormous fireball. They were arrested and fined $750.00. ",146e6cd80c02443fa16d09dabbb62073
spotify:track:36AlMHDBFwSsD3FQOy1R81,9b7e03ea90dd46db9779dc21eb04ca5a,2025-04-13T17:09:59Z,2,,146e6cd80c02443fa16d09dabbb62073
spotify:track:2r3XNMon9K7bl2KTtHsaQO,9b7e03ea90dd46db9779dc21eb04ca5a,2025-04-13T17:09:59Z,1,It’s wild that he was 30 in that photo. ,146e6cd80c02443fa16d09dabbb62073
spotify:track:1xIxMz1sNQ4b6svH1GuTtF,9b7e03ea90dd46db9779dc21eb04ca5a,2025-04-13T17:09:59Z,0,Not really a rap fan. ,146e6cd80c02443fa16d09dabbb62073
spotify:track:41ck7dyzOFlUOEFJ0W827G,f1f0f2ed0eb64306992b613229fb7972,2025-04-13T17:56:44Z,1,Good call here 🤠,146e6cd80c02443fa16d09dabbb62073
spotify:track:36AlMHDBFwSsD3FQOy1R81,f1f0f2ed0eb64306992b613229fb7972,2025-04-13T17:56:44Z,1,Love his voice but probably would’ve gone with another song choice. Still worthy of a point.,146e6cd80c02443fa16d09dabbb62073
spotify:track:1xIxMz1sNQ4b6svH1GuTtF,f1f0f2ed0eb64306992b613229fb7972,2025-04-13T17:56:44Z,1,Don’t usually listen to rap but this wasn’t that bad 🤷🏻,146e6cd80c02443fa16d09dabbb62073
spotify:track:2r3XNMon9K7bl2KTtHsaQO,f1f0f2ed0eb64306992b613229fb7972,2025-04-13T17:56:44Z,1,Love this tune *snaps along*,146e6cd80c02443fa16d09dabbb62073
spotify:track:0Fnyh3NVMQ4vunRjKBBUGy,f1f0f2ed0eb64306992b613229fb7972,2025-04-13T17:56:44Z,2,Such a tragedy. Few like her.,146e6cd80c02443fa16d09dabbb62073
spotify:track:7cqUV8juVGXvKUgL2hwkE1,f1f0f2ed0eb64306992b613229fb7972,2025-04-13T17:56:44Z,2,,146e6cd80c02443fa16d09dabbb62073
spotify:track:750HQucwaNqPnTWMIiqZ5X,f1f0f2ed0eb64306992b613229fb7972,2025-04-13T17:56:44Z,1,,146e6cd80c02443fa16d09dabbb62073
spotify:track:6Xv160PuntxAtb67Ed4t4I,f1f0f2ed0eb64306992b613229fb7972,2025-04-13T17:56:44Z,1,,146e6cd80c02443fa16d09dabbb62073
spotify:track:6k5IO1XwivnRu9d3ZF7Bgq,f1f0f2ed0eb64306992b613229fb7972,2025-04-13T17:56:44Z,1,,146e6cd80c02443fa16d09dabbb62073
spotify:track:6GAybu4JcmO10U2K1tYyYX,f1f0f2ed0eb64306992b613229fb7972,2025-04-13T17:56:44Z,1,,146e6cd80c02443fa16d09dabbb62073
spotify:track:5ZEib6AwbB3VDEEhgrTlTY,f1f0f2ed0eb64306992b613229fb7972,2025-04-13T17:56:44Z,1,,146e6cd80c02443fa16d09dabbb62073
spotify:track:4RNsw8jHuGpev7bD1iNiXi,f1f0f2ed0eb64306992b613229fb7972,2025-04-13T17:56:44Z,1,,146e6cd80c02443fa16d09dabbb62073
spotify:track:4IDdUssauEYJ9kTit6tOU6,f1f0f2ed0eb64306992b613229fb7972,2025-04-13T17:56:44Z,1,Funky ,146e6cd80c02443fa16d09dabbb62073
spotify:track:4gDBc1RxPAvinJrZzZ9nYX,f1f0f2ed0eb64306992b613229fb7972,2025-04-13T17:56:44Z,0,The GOAT voice but this song did *not* do it for me 🫥,146e6cd80c02443fa16d09dabbb62073
spotify:track:4cRfSR0QxDlXRHTKyEOu93,f1f0f2ed0eb64306992b613229fb7972,2025-04-13T17:56:44Z,1,,146e6cd80c02443fa16d09dabbb62073
spotify:track:6GAybu4JcmO10U2K1tYyYX,605866a938e54c5da212fc8595186729,2025-04-13T18:40:03Z,1,,146e6cd80c02443fa16d09dabbb62073
spotify:track:0Fnyh3NVMQ4vunRjKBBUGy,605866a938e54c5da212fc8595186729,2025-04-13T18:40:03Z,2,,146e6cd80c02443fa16d09dabbb62073
spotify:track:0RNRRdxkgkMdUYWwOcRoIs,605866a938e54c5da212fc8595186729,2025-04-13T18:40:03Z,1,,146e6cd80c02443fa16d09dabbb62073
spotify:track:2r3XNMon9K7bl2KTtHsaQO,605866a938e54c5da212fc8595186729,2025-04-13T18:40:03Z,1,,146e6cd80c02443fa16d09dabbb62073
spotify:track:41ck7dyzOFlUOEFJ0W827G,605866a938e54c5da212fc8595186729,2025-04-13T18:40:03Z,1,,146e6cd80c02443fa16d09dabbb62073
spotify:track:4gDBc1RxPAvinJrZzZ9nYX,605866a938e54c5da212fc8595186729,2025-04-13T18:40:03Z,2,,146e6cd80c02443fa16d09dabbb62073
spotify:track:4IDdUssauEYJ9kTit6tOU6,605866a938e54c5da212fc8595186729,2025-04-13T18:40:03Z,2,,146e6cd80c02443fa16d09dabbb62073
spotify:track:4RNsw8jHuGpev7bD1iNiXi,605866a938e54c5da212fc8595186729,2025-04-13T18:40:03Z,1,,146e6cd80c02443fa16d09dabbb62073
spotify:track:5ZEib6AwbB3VDEEhgrTlTY,605866a938e54c5da212fc8595186729,2025-04-13T18:40:03Z,2,,146e6cd80c02443fa16d09dabbb62073
spotify:track:6k5IO1XwivnRu9d3ZF7Bgq,605866a938e54c5da212fc8595186729,2025-04-13T18:40:03Z,1,,146e6cd80c02443fa16d09dabbb62073
spotify:track:7cqUV8juVGXvKUgL2hwkE1,605866a938e54c5da212fc8595186729,2025-04-13T18:40:03Z,2,,146e6cd80c02443fa16d09dabbb62073
spotify:track:6GAybu4JcmO10U2K1tYyYX,183c5f6ed1b147099842917a9576c8f4,2025-04-13T20:11:59Z,0,Respect your note and not doubting. Just too many on this list I loved. ,146e6cd80c02443fa16d09dabbb62073
spotify:track:7cqUV8juVGXvKUgL2hwkE1,183c5f6ed1b147099842917a9576c8f4,2025-04-13T20:11:59Z,1,Really sad story after listening to a great tune otherwise unknown to me. ,146e6cd80c02443fa16d09dabbb62073
spotify:track:750HQucwaNqPnTWMIiqZ5X,183c5f6ed1b147099842917a9576c8f4,2025-04-13T20:11:59Z,1,Such a loss. ,146e6cd80c02443fa16d09dabbb62073
spotify:track:6k5IO1XwivnRu9d3ZF7Bgq,183c5f6ed1b147099842917a9576c8f4,2025-04-13T20:11:59Z,1,It's almost unfair to pick from this album. ,146e6cd80c02443fa16d09dabbb62073
spotify:track:0Fnyh3NVMQ4vunRjKBBUGy,183c5f6ed1b147099842917a9576c8f4,2025-04-13T20:11:59Z,1,Love Amy. Didn't think Mr Magic captured her as much as some of her others. But still a scorer. ,146e6cd80c02443fa16d09dabbb62073
spotify:track:0RNRRdxkgkMdUYWwOcRoIs,183c5f6ed1b147099842917a9576c8f4,2025-04-13T20:11:59Z,1,,146e6cd80c02443fa16d09dabbb62073
spotify:track:1xIxMz1sNQ4b6svH1GuTtF,183c5f6ed1b147099842917a9576c8f4,2025-04-13T20:11:59Z,1,Nice Biggie selection ,146e6cd80c02443fa16d09dabbb62073
spotify:track:2r3XNMon9K7bl2KTtHsaQO,183c5f6ed1b147099842917a9576c8f4,2025-04-13T20:11:59Z,3,Played this 5-6x on my drive back from Maryland,146e6cd80c02443fa16d09dabbb62073
spotify:track:36AlMHDBFwSsD3FQOy1R81,183c5f6ed1b147099842917a9576c8f4,2025-04-13T20:11:59Z,0,"My only ""too obvious"" docking of the list. Sorry it's a monster...but was hoping for something new to me from Otis. ",146e6cd80c02443fa16d09dabbb62073
spotify:track:41ck7dyzOFlUOEFJ0W827G,183c5f6ed1b147099842917a9576c8f4,2025-04-13T20:11:59Z,1,I didn't know this. Now I gladly do. ,146e6cd80c02443fa16d09dabbb62073
spotify:track:4cRfSR0QxDlXRHTKyEOu93,183c5f6ed1b147099842917a9576c8f4,2025-04-13T20:11:59Z,0,Ok maybe another one I docked for being a bit too on the nose. ,146e6cd80c02443fa16d09dabbb62073
spotify:track:4gDBc1RxPAvinJrZzZ9nYX,183c5f6ed1b147099842917a9576c8f4,2025-04-13T20:11:59Z,0,I just didn't feel it. Sorry Whitney!,146e6cd80c02443fa16d09dabbb62073
spotify:track:4IDdUssauEYJ9kTit6tOU6,183c5f6ed1b147099842917a9576c8f4,2025-04-13T20:11:59Z,3,That base in the big earphones...,146e6cd80c02443fa16d09dabbb62073
spotify:track:4RNsw8jHuGpev7bD1iNiXi,183c5f6ed1b147099842917a9576c8f4,2025-04-13T20:11:59Z,2,,146e6cd80c02443fa16d09dabbb62073
spotify:track:5ZEib6AwbB3VDEEhgrTlTY,183c5f6ed1b147099842917a9576c8f4,2025-04-13T20:11:59Z,1,Never heard of her. Get your skin checked!,146e6cd80c02443fa16d09dabbb62073
spotify:track:4IDdUssauEYJ9kTit6tOU6,7acfbf6ff4234d00875b58e7b2ec389d,2025-04-14T02:08:25Z,1,A track I hadn't heard so I appreciat that.  Jaco is def a cliche answer though. ,146e6cd80c02443fa16d09dabbb62073
spotify:track:6GAybu4JcmO10U2K1tYyYX,7acfbf6ff4234d00875b58e7b2ec389d,2025-04-14T02:08:25Z,1,"I kind of liked this.  This is def Jacob.  Encyclopedia Britannica, and Detroit.  I did enjoy reading up on him and certainly learned a lot. ",146e6cd80c02443fa16d09dabbb62073
spotify:track:6Xv160PuntxAtb67Ed4t4I,7acfbf6ff4234d00875b58e7b2ec389d,2025-04-14T02:08:25Z,2,"I loved this.  Cool track,  had no fucking idea who this was.  Awesome job",146e6cd80c02443fa16d09dabbb62073
spotify:track:750HQucwaNqPnTWMIiqZ5X,7acfbf6ff4234d00875b58e7b2ec389d,2025-04-14T02:08:25Z,2,Excellent answer.  Aaliyah still hits pretty good! And an under the radar track taboot! ,146e6cd80c02443fa16d09dabbb62073
spotify:track:2r3XNMon9K7bl2KTtHsaQO,7acfbf6ff4234d00875b58e7b2ec389d,2025-04-14T02:08:25Z,1,A great great answer.  I just need a track a bit deeper.  ,146e6cd80c02443fa16d09dabbb62073
spotify:track:4cRfSR0QxDlXRHTKyEOu93,7acfbf6ff4234d00875b58e7b2ec389d,2025-04-14T02:08:25Z,1,"The movie La Bamba was such a huge part of my childhood.  That was a long, long, long time ago. ",146e6cd80c02443fa16d09dabbb62073
spotify:track:0Fnyh3NVMQ4vunRjKBBUGy,7acfbf6ff4234d00875b58e7b2ec389d,2025-04-14T02:08:25Z,1,A cliche answer but a song at least I hadn't heard.  And I liked it.  Good job.  But 100 percent death at 27 is tragic.  ,146e6cd80c02443fa16d09dabbb62073
spotify:track:0RNRRdxkgkMdUYWwOcRoIs,7acfbf6ff4234d00875b58e7b2ec389d,2025-04-14T02:08:25Z,1,"Sharon Jones is def a legend, and she will always make every playlist better.  A little bit more of an under the radar track too.  ",146e6cd80c02443fa16d09dabbb62073
spotify:track:1xIxMz1sNQ4b6svH1GuTtF,7acfbf6ff4234d00875b58e7b2ec389d,2025-04-14T02:08:25Z,0,"Not even in my hip hop days did I like Biggie.  He just was never my guy.  I had never heard this song, so props for that.  He death is nuts, broad daylight in Vegas! Nobody saw anything....sure....",146e6cd80c02443fa16d09dabbb62073
spotify:track:41ck7dyzOFlUOEFJ0W827G,7acfbf6ff4234d00875b58e7b2ec389d,2025-04-14T02:08:25Z,3,"Loved this answer, loved this track, loved it's spot on the playlist.  ",146e6cd80c02443fa16d09dabbb62073
spotify:track:36AlMHDBFwSsD3FQOy1R81,7acfbf6ff4234d00875b58e7b2ec389d,2025-04-14T02:08:25Z,1,Great answer.  A timeless voice.  Also could would have liked a deeper track. ,146e6cd80c02443fa16d09dabbb62073
spotify:track:5ZEib6AwbB3VDEEhgrTlTY,7acfbf6ff4234d00875b58e7b2ec389d,2025-04-14T02:08:25Z,0,"Good answer, and thanks for something under the radar.  I just hated the track. ",146e6cd80c02443fa16d09dabbb62073
spotify:track:4RNsw8jHuGpev7bD1iNiXi,7acfbf6ff4234d00875b58e7b2ec389d,2025-04-14T02:08:25Z,2,"Great answer, awesome track.  I did some reading on Tommy and thank you very much.  Go Mariners.  ",146e6cd80c02443fa16d09dabbb62073
spotify:track:6k5IO1XwivnRu9d3ZF7Bgq,7acfbf6ff4234d00875b58e7b2ec389d,2025-04-14T02:08:25Z,0,Cliche as a mother fucker.  Not going to lie though it hit nicely on the playlist.  ,146e6cd80c02443fa16d09dabbb62073
spotify:track:4gDBc1RxPAvinJrZzZ9nYX,7acfbf6ff4234d00875b58e7b2ec389d,2025-04-14T02:08:25Z,0,"An incredible voice, that will forever slay.  A bit cliche for me but I appreciate it not being the Bodyguard soundtrack. ",146e6cd80c02443fa16d09dabbb62073
spotify:track:6Xv160PuntxAtb67Ed4t4I,0b4377c224ba402d97adce848425da90,2025-04-14T11:27:24Z,1,,146e6cd80c02443fa16d09dabbb62073
spotify:track:0Fnyh3NVMQ4vunRjKBBUGy,0b4377c224ba402d97adce848425da90,2025-04-14T11:27:24Z,1,"I usually love her vocals, but I thought her inflection was particularly strange here. Still solid. ",146e6cd80c02443fa16d09dabbb62073
spotify:track:0RNRRdxkgkMdUYWwOcRoIs,0b4377c224ba402d97adce848425da90,2025-04-14T11:27:24Z,0,"Sharon was amazing, and she was definitely gone a little too soon. But we got a lot of great music from her in her 60 years on earth. ",146e6cd80c02443fa16d09dabbb62073
spotify:track:1xIxMz1sNQ4b6svH1GuTtF,0b4377c224ba402d97adce848425da90,2025-04-14T11:27:24Z,2,One of the finest hip hop albums of all time ,146e6cd80c02443fa16d09dabbb62073
spotify:track:36AlMHDBFwSsD3FQOy1R81,0b4377c224ba402d97adce848425da90,2025-04-14T11:27:24Z,1,Classic. A little obvious. ,146e6cd80c02443fa16d09dabbb62073
spotify:track:41ck7dyzOFlUOEFJ0W827G,0b4377c224ba402d97adce848425da90,2025-04-14T11:27:24Z,1,"Didn’t enjoy the song, but the corpse stealing aspect of his death gets a point. ",146e6cd80c02443fa16d09dabbb62073
spotify:track:4cRfSR0QxDlXRHTKyEOu93,0b4377c224ba402d97adce848425da90,2025-04-14T11:27:24Z,1,Generic oldies tune. Nice little guitar riff though. ,146e6cd80c02443fa16d09dabbb62073
spotify:track:4IDdUssauEYJ9kTit6tOU6,0b4377c224ba402d97adce848425da90,2025-04-14T11:27:24Z,3,One of the crazier death stories. The greatest bass player of all time basically died from a bar right. ,146e6cd80c02443fa16d09dabbb62073
spotify:track:4RNsw8jHuGpev7bD1iNiXi,0b4377c224ba402d97adce848425da90,2025-04-14T11:27:24Z,1,Quite the career from age 13 through his death at only 25. ,146e6cd80c02443fa16d09dabbb62073
spotify:track:5ZEib6AwbB3VDEEhgrTlTY,0b4377c224ba402d97adce848425da90,2025-04-14T11:27:24Z,1,Lovely tune ,146e6cd80c02443fa16d09dabbb62073
spotify:track:6GAybu4JcmO10U2K1tYyYX,0b4377c224ba402d97adce848425da90,2025-04-14T11:27:24Z,1,On the Mount Rushmore of the greatest hip hop producers of all time. I did not enjoy this track however. Still a point. ,146e6cd80c02443fa16d09dabbb62073
spotify:track:6k5IO1XwivnRu9d3ZF7Bgq,0b4377c224ba402d97adce848425da90,2025-04-14T11:27:24Z,0,They have so many great originals. This was a strange cover song choice for me,146e6cd80c02443fa16d09dabbb62073
spotify:track:750HQucwaNqPnTWMIiqZ5X,0b4377c224ba402d97adce848425da90,2025-04-14T11:27:24Z,0,"If you don’t succeed here, just dust yourself off and try again ",146e6cd80c02443fa16d09dabbb62073
spotify:track:7cqUV8juVGXvKUgL2hwkE1,0b4377c224ba402d97adce848425da90,2025-04-14T11:27:24Z,3,Lovely stuff. I’m a big fan of his track “Feenicks”,146e6cd80c02443fa16d09dabbb62073
spotify:track:0Fnyh3NVMQ4vunRjKBBUGy,4e117e3021d7466c8bf0b654f8357418,2025-04-14T12:08:50Z,1,,146e6cd80c02443fa16d09dabbb62073
spotify:track:1xIxMz1sNQ4b6svH1GuTtF,4e117e3021d7466c8bf0b654f8357418,2025-04-14T12:08:50Z,2,,146e6cd80c02443fa16d09dabbb62073
spotify:track:2r3XNMon9K7bl2KTtHsaQO,4e117e3021d7466c8bf0b654f8357418,2025-04-14T12:08:50Z,1,,146e6cd80c02443fa16d09dabbb62073
spotify:track:36AlMHDBFwSsD3FQOy1R81,4e117e3021d7466c8bf0b654f8357418,2025-04-14T12:08:50Z,1,,146e6cd80c02443fa16d09dabbb62073
spotify:track:41ck7dyzOFlUOEFJ0W827G,4e117e3021d7466c8bf0b654f8357418,2025-04-14T12:08:50Z,2,,146e6cd80c02443fa16d09dabbb62073
spotify:track:4IDdUssauEYJ9kTit6tOU6,4e117e3021d7466c8bf0b654f8357418,2025-04-14T12:08:50Z,2,,146e6cd80c02443fa16d09dabbb62073
spotify:track:4RNsw8jHuGpev7bD1iNiXi,4e117e3021d7466c8bf0b654f8357418,2025-04-14T12:08:50Z,3,,146e6cd80c02443fa16d09dabbb62073
spotify:track:6k5IO1XwivnRu9d3ZF7Bgq,4e117e3021d7466c8bf0b654f8357418,2025-04-14T12:08:50Z,1,,146e6cd80c02443fa16d09dabbb62073
spotify:track:750HQucwaNqPnTWMIiqZ5X,4e117e3021d7466c8bf0b654f8357418,2025-04-14T12:08:50Z,2,,146e6cd80c02443fa16d09dabbb62073
spotify:track:7cqUV8juVGXvKUgL2hwkE1,4e117e3021d7466c8bf0b654f8357418,2025-04-14T12:08:50Z,1,,146e6cd80c02443fa16d09dabbb62073
spotify:track:6k5IO1XwivnRu9d3ZF7Bgq,a2909b31d1c04d728cfcf68ca0d73cca,2025-04-14T12:20:42Z,1,,146e6cd80c02443fa16d09dabbb62073
spotify:track:0Fnyh3NVMQ4vunRjKBBUGy,a2909b31d1c04d728cfcf68ca0d73cca,2025-04-14T12:20:42Z,1,,146e6cd80c02443fa16d09dabbb62073
spotify:track:0RNRRdxkgkMdUYWwOcRoIs,a2909b31d1c04d728cfcf68ca0d73cca,2025-04-14T12:20:42Z,2,,146e6cd80c02443fa16d09dabbb62073
spotify:track:1xIxMz1sNQ4b6svH1GuTtF,a2909b31d1c04d728cfcf68ca0d73cca,2025-04-14T12:20:42Z,1,,146e6cd80c02443fa16d09dabbb62073
spotify:track:36AlMHDBFwSsD3FQOy1R81,a2909b31d1c04d728cfcf68ca0d73cca,2025-04-14T12:20:42Z,1,,146e6cd80c02443fa16d09dabbb62073
spotify:track:2r3XNMon9K7bl2KTtHsaQO,a2909b31d1c04d728cfcf68ca0d73cca,2025-04-14T12:20:42Z,1,,146e6cd80c02443fa16d09dabbb62073
spotify:track:41ck7dyzOFlUOEFJ0W827G,a2909b31d1c04d728cfcf68ca0d73cca,2025-04-14T12:20:42Z,1,,146e6cd80c02443fa16d09dabbb62073
spotify:track:4cRfSR0QxDlXRHTKyEOu93,a2909b31d1c04d728cfcf68ca0d73cca,2025-04-14T12:20:42Z,1,,146e6cd80c02443fa16d09dabbb62073
spotify:track:4gDBc1RxPAvinJrZzZ9nYX,a2909b31d1c04d728cfcf68ca0d73cca,2025-04-14T12:20:42Z,1,,146e6cd80c02443fa16d09dabbb62073
spotify:track:4RNsw8jHuGpev7bD1iNiXi,a2909b31d1c04d728cfcf68ca0d73cca,2025-04-14T12:20:42Z,1,,146e6cd80c02443fa16d09dabbb62073
spotify:track:5ZEib6AwbB3VDEEhgrTlTY,a2909b31d1c04d728cfcf68ca0d73cca,2025-04-14T12:20:42Z,1,,146e6cd80c02443fa16d09dabbb62073
spotify:track:6GAybu4JcmO10U2K1tYyYX,a2909b31d1c04d728cfcf68ca0d73cca,2025-04-14T12:20:42Z,1,,146e6cd80c02443fa16d09dabbb62073
spotify:track:7cqUV8juVGXvKUgL2hwkE1,a2909b31d1c04d728cfcf68ca0d73cca,2025-04-14T12:20:42Z,1,,146e6cd80c02443fa16d09dabbb62073
spotify:track:750HQucwaNqPnTWMIiqZ5X,a2909b31d1c04d728cfcf68ca0d73cca,2025-04-14T12:20:42Z,1,,146e6cd80c02443fa16d09dabbb62073
spotify:track:6Xv160PuntxAtb67Ed4t4I,a2909b31d1c04d728cfcf68ca0d73cca,2025-04-14T12:20:42Z,1,,146e6cd80c02443fa16d09dabbb62073
spotify:track:7cqUV8juVGXvKUgL2hwkE1,1c89e947d02949ed86d05ec22a7350bf,2025-04-14T13:27:23Z,0,damn tragic one to end a tragic list,146e6cd80c02443fa16d09dabbb62073
spotify:track:4IDdUssauEYJ9kTit6tOU6,1c89e947d02949ed86d05ec22a7350bf,2025-04-14T13:27:23Z,1,,146e6cd80c02443fa16d09dabbb62073
spotify:track:5ZEib6AwbB3VDEEhgrTlTY,1c89e947d02949ed86d05ec22a7350bf,2025-04-14T13:27:23Z,1,"gospel-y, this one grew on me ",146e6cd80c02443fa16d09dabbb62073
spotify:track:6GAybu4JcmO10U2K1tYyYX,1c89e947d02949ed86d05ec22a7350bf,2025-04-14T13:27:23Z,1,,146e6cd80c02443fa16d09dabbb62073
spotify:track:6k5IO1XwivnRu9d3ZF7Bgq,1c89e947d02949ed86d05ec22a7350bf,2025-04-14T13:27:23Z,3,Thankfully the music lived on for so much longer,146e6cd80c02443fa16d09dabbb62073
spotify:track:4gDBc1RxPAvinJrZzZ9nYX,1c89e947d02949ed86d05ec22a7350bf,2025-04-14T13:27:23Z,1,Queen,146e6cd80c02443fa16d09dabbb62073
spotify:track:750HQucwaNqPnTWMIiqZ5X,1c89e947d02949ed86d05ec22a7350bf,2025-04-14T13:27:23Z,3,so. tragic.,146e6cd80c02443fa16d09dabbb62073
spotify:track:0RNRRdxkgkMdUYWwOcRoIs,1c89e947d02949ed86d05ec22a7350bf,2025-04-14T13:27:23Z,2,,146e6cd80c02443fa16d09dabbb62073
spotify:track:1xIxMz1sNQ4b6svH1GuTtF,1c89e947d02949ed86d05ec22a7350bf,2025-04-14T13:27:23Z,1,,146e6cd80c02443fa16d09dabbb62073
spotify:track:2r3XNMon9K7bl2KTtHsaQO,1c89e947d02949ed86d05ec22a7350bf,2025-04-14T13:27:23Z,1,,146e6cd80c02443fa16d09dabbb62073
spotify:track:36AlMHDBFwSsD3FQOy1R81,1c89e947d02949ed86d05ec22a7350bf,2025-04-14T13:27:23Z,2,,146e6cd80c02443fa16d09dabbb62073
spotify:track:6GAybu4JcmO10U2K1tYyYX,e5c2390073644e979f43e744c33e6c60,2025-04-14T14:17:00Z,1,Love dilla just not the song I would have chosen,146e6cd80c02443fa16d09dabbb62073
spotify:track:4RNsw8jHuGpev7bD1iNiXi,e5c2390073644e979f43e744c33e6c60,2025-04-14T14:17:00Z,2,Never heard of this guy really want to check out more ,146e6cd80c02443fa16d09dabbb62073
spotify:track:4gDBc1RxPAvinJrZzZ9nYX,e5c2390073644e979f43e744c33e6c60,2025-04-14T14:17:00Z,1,,146e6cd80c02443fa16d09dabbb62073
spotify:track:41ck7dyzOFlUOEFJ0W827G,e5c2390073644e979f43e744c33e6c60,2025-04-14T14:17:00Z,1,,146e6cd80c02443fa16d09dabbb62073
spotify:track:0Fnyh3NVMQ4vunRjKBBUGy,e5c2390073644e979f43e744c33e6c60,2025-04-14T14:17:00Z,1,"Not my favorite Amy track, sound super nasally here.",146e6cd80c02443fa16d09dabbb62073
spotify:track:2r3XNMon9K7bl2KTtHsaQO,e5c2390073644e979f43e744c33e6c60,2025-04-14T14:17:00Z,2,,146e6cd80c02443fa16d09dabbb62073
spotify:track:1xIxMz1sNQ4b6svH1GuTtF,e5c2390073644e979f43e744c33e6c60,2025-04-14T14:17:00Z,2,I blame puffy,146e6cd80c02443fa16d09dabbb62073
spotify:track:0RNRRdxkgkMdUYWwOcRoIs,e5c2390073644e979f43e744c33e6c60,2025-04-14T14:17:00Z,1,,146e6cd80c02443fa16d09dabbb62073
spotify:track:36AlMHDBFwSsD3FQOy1R81,e5c2390073644e979f43e744c33e6c60,2025-04-14T14:17:00Z,3,"“Stop it! Nobody gets woolly women get weary, god I hate when people get the lyrics wrong” -Crash Davis great scene in Bull Durham ",146e6cd80c02443fa16d09dabbb62073
spotify:track:750HQucwaNqPnTWMIiqZ5X,e5c2390073644e979f43e744c33e6c60,2025-04-14T14:17:00Z,1,,146e6cd80c02443fa16d09dabbb62073
spotify:track:6Xv160PuntxAtb67Ed4t4I,e5c2390073644e979f43e744c33e6c60,2025-04-14T14:17:00Z,1,,146e6cd80c02443fa16d09dabbb62073
spotify:track:1UveyJanND5TdsO87bI32l,d0b05ef03f5e4598a3e8532b812c3330,2025-04-16T11:40:09Z,1,"I have a love-hate with Kenny Loggins because goose covers him a bunch and but this one i like, just enough for a point",805e031d43d04315bf31c7c8e387d887
spotify:track:2bnC2685wL0i7ATaFk4Faz,d0b05ef03f5e4598a3e8532b812c3330,2025-04-16T11:40:09Z,1,,805e031d43d04315bf31c7c8e387d887
spotify:track:2olVm1lHicpveMAo4AUDRB,d0b05ef03f5e4598a3e8532b812c3330,2025-04-16T11:40:09Z,1,,805e031d43d04315bf31c7c8e387d887
spotify:track:4rJtUMlnhJzlzlnxyoc3tb,d0b05ef03f5e4598a3e8532b812c3330,2025-04-16T11:40:09Z,0,great tune but heard too much,805e031d43d04315bf31c7c8e387d887
spotify:track:0HNzHaivuYoAJ3MLG0592z,d0b05ef03f5e4598a3e8532b812c3330,2025-04-16T11:40:09Z,1,,805e031d43d04315bf31c7c8e387d887
spotify:track:5h6GtBMMb29l3EsbegykTD,d0b05ef03f5e4598a3e8532b812c3330,2025-04-16T11:40:09Z,1,"Great soundtrack and two songs picked off it, neither the best tune (in the waiting line) still so good",805e031d43d04315bf31c7c8e387d887
spotify:track:5iJxxPSkOZfvFfVqob3UP7,d0b05ef03f5e4598a3e8532b812c3330,2025-04-16T11:40:09Z,1,see above. I submitted this for a previous music league prompt. So we both love this. one point for you.,805e031d43d04315bf31c7c8e387d887
spotify:track:5xRP5iyVdGglqlY4Vcjhkx,d0b05ef03f5e4598a3e8532b812c3330,2025-04-16T11:40:09Z,1,great call. def thomas crown affair. ,805e031d43d04315bf31c7c8e387d887
spotify:track:6Q32Vkucx2qeuVyBd3NiFZ,d0b05ef03f5e4598a3e8532b812c3330,2025-04-16T11:40:09Z,0,I picked the better tune from Kill Bill... so no points for you,805e031d43d04315bf31c7c8e387d887
spotify:track:7p6ZGUXjUe0ctAu5RNnghu,d0b05ef03f5e4598a3e8532b812c3330,2025-04-16T11:40:09Z,1,classic scene and great tune...,805e031d43d04315bf31c7c8e387d887
spotify:track:0SpdCj83hKPcwTqNzUkWXr,d0b05ef03f5e4598a3e8532b812c3330,2025-04-16T11:40:09Z,2,Beautiful,805e031d43d04315bf31c7c8e387d887
spotify:track:0YwNdeDFbGP6AGwsQrtzdY,d0b05ef03f5e4598a3e8532b812c3330,2025-04-16T11:40:09Z,0,Heard this too many times,805e031d43d04315bf31c7c8e387d887
spotify:track:126HWk9JuCt4PHZJAAsgOv,d0b05ef03f5e4598a3e8532b812c3330,2025-04-16T11:40:09Z,3,Great call and great tune. Immediately transported me back to the scene in ocenas 12 with the night fox. ,805e031d43d04315bf31c7c8e387d887
spotify:track:1JweeRbJ87ViccTOW7cwz9,d0b05ef03f5e4598a3e8532b812c3330,2025-04-16T11:40:09Z,0,Great tune just never saw trouble man so didnt really transport me back to the scene ,805e031d43d04315bf31c7c8e387d887
spotify:track:1q1T0TbFO2fWkDmgCKwTB0,d0b05ef03f5e4598a3e8532b812c3330,2025-04-16T11:40:09Z,3,such a great movie and soundtrack. I was trying to find something more recent. This was a great call. Might not get a ton of points but I get you. ,805e031d43d04315bf31c7c8e387d887
spotify:track:0HNzHaivuYoAJ3MLG0592z,bf3a904d73564b6c97f9e47c5429b767,2025-04-16T16:47:32Z,1,pulp thickson,805e031d43d04315bf31c7c8e387d887
spotify:track:0SpdCj83hKPcwTqNzUkWXr,bf3a904d73564b6c97f9e47c5429b767,2025-04-16T16:47:32Z,1,,805e031d43d04315bf31c7c8e387d887
spotify:track:0YwNdeDFbGP6AGwsQrtzdY,bf3a904d73564b6c97f9e47c5429b767,2025-04-16T16:47:32Z,2,This movie fucks. This was one of my choices too.,805e031d43d04315bf31c7c8e387d887
spotify:track:0zKZ3TSGmBdklnLlnxJbWb,bf3a904d73564b6c97f9e47c5429b767,2025-04-16T16:47:32Z,1,,805e031d43d04315bf31c7c8e387d887
spotify:track:126HWk9JuCt4PHZJAAsgOv,bf3a904d73564b6c97f9e47c5429b767,2025-04-16T16:47:32Z,1,,805e031d43d04315bf31c7c8e387d887
spotify:track:1q1T0TbFO2fWkDmgCKwTB0,bf3a904d73564b6c97f9e47c5429b767,2025-04-16T16:47:32Z,0,squirming soul outro,805e031d43d04315bf31c7c8e387d887
spotify:track:1UveyJanND5TdsO87bI32l,bf3a904d73564b6c97f9e47c5429b767,2025-04-16T16:47:32Z,1,classix,805e031d43d04315bf31c7c8e387d887
spotify:track:2bnC2685wL0i7ATaFk4Faz,bf3a904d73564b6c97f9e47c5429b767,2025-04-16T16:47:32Z,2,holy 80s i dug this,805e031d43d04315bf31c7c8e387d887
spotify:track:2olVm1lHicpveMAo4AUDRB,bf3a904d73564b6c97f9e47c5429b767,2025-04-16T16:47:32Z,1,so many classix,805e031d43d04315bf31c7c8e387d887
spotify:track:4rJtUMlnhJzlzlnxyoc3tb,bf3a904d73564b6c97f9e47c5429b767,2025-04-16T16:47:32Z,1,"this whole soundtrack, man",805e031d43d04315bf31c7c8e387d887
spotify:track:7p6ZGUXjUe0ctAu5RNnghu,bf3a904d73564b6c97f9e47c5429b767,2025-04-16T16:47:32Z,1,"SO many repeats, but this is a good one",805e031d43d04315bf31c7c8e387d887
spotify:track:6Q32Vkucx2qeuVyBd3NiFZ,bf3a904d73564b6c97f9e47c5429b767,2025-04-16T16:47:32Z,1,i have vivid memories of falling asleep to this movie and would hear that little tidbit on repeat,805e031d43d04315bf31c7c8e387d887
spotify:track:5xRP5iyVdGglqlY4Vcjhkx,bf3a904d73564b6c97f9e47c5429b767,2025-04-16T16:47:32Z,1,Nice,805e031d43d04315bf31c7c8e387d887
spotify:track:5iJxxPSkOZfvFfVqob3UP7,bf3a904d73564b6c97f9e47c5429b767,2025-04-16T16:47:32Z,1,,805e031d43d04315bf31c7c8e387d887
spotify:track:5h6GtBMMb29l3EsbegykTD,bf3a904d73564b6c97f9e47c5429b767,2025-04-16T16:47:32Z,1,,805e031d43d04315bf31c7c8e387d887
spotify:track:1q1T0TbFO2fWkDmgCKwTB0,4e117e3021d7466c8bf0b654f8357418,2025-04-16T17:46:56Z,0,Congratulations! You managed to pick the most boring song from two of the greatest composers working today!,805e031d43d04315bf31c7c8e387d887
spotify:track:7p6ZGUXjUe0ctAu5RNnghu,4e117e3021d7466c8bf0b654f8357418,2025-04-16T17:46:56Z,1,The correct Pulp selection. The scene is forever burned into my memory. Didn’t even need the context unlike someone else who chose from the same movie. ,805e031d43d04315bf31c7c8e387d887
spotify:track:6Q32Vkucx2qeuVyBd3NiFZ,4e117e3021d7466c8bf0b654f8357418,2025-04-16T17:46:56Z,0,The Audi commercial ruined this for me. ,805e031d43d04315bf31c7c8e387d887
spotify:track:5xRP5iyVdGglqlY4Vcjhkx,4e117e3021d7466c8bf0b654f8357418,2025-04-16T17:46:56Z,3,"Thought about picking this, but for Inland Empire. Really love it in the TCA though. Great pick. ",805e031d43d04315bf31c7c8e387d887
spotify:track:5iJxxPSkOZfvFfVqob3UP7,4e117e3021d7466c8bf0b654f8357418,2025-04-16T17:46:56Z,1,Still haven’t seen this movie. Still don’t care to. But it’s a great song. Probably would’ve stolen an additional point from someone if we got a little gd context. ,805e031d43d04315bf31c7c8e387d887
spotify:track:5h6GtBMMb29l3EsbegykTD,4e117e3021d7466c8bf0b654f8357418,2025-04-16T17:46:56Z,1,Never seen this movie. Don’t care to. But it’s a good song. ,805e031d43d04315bf31c7c8e387d887
spotify:track:4rJtUMlnhJzlzlnxyoc3tb,4e117e3021d7466c8bf0b654f8357418,2025-04-16T17:46:56Z,2,Probably what I would’ve gone with if I was picking from this soundtrack. ,805e031d43d04315bf31c7c8e387d887
spotify:track:2olVm1lHicpveMAo4AUDRB,4e117e3021d7466c8bf0b654f8357418,2025-04-16T17:46:56Z,1,"Wasn’t sure it was going to get a point from me for being one of the most popular soundtrack singles ever, but Huey knows how to hit the sweet spot. ",805e031d43d04315bf31c7c8e387d887
spotify:track:2bnC2685wL0i7ATaFk4Faz,4e117e3021d7466c8bf0b654f8357418,2025-04-16T17:46:56Z,3,I really gotta check out Fletch.,805e031d43d04315bf31c7c8e387d887
spotify:track:1UveyJanND5TdsO87bI32l,4e117e3021d7466c8bf0b654f8357418,2025-04-16T17:46:56Z,1,One of the all time greats. Love watching that gopher groove. ,805e031d43d04315bf31c7c8e387d887
spotify:track:1JweeRbJ87ViccTOW7cwz9,4e117e3021d7466c8bf0b654f8357418,2025-04-16T17:46:56Z,2,Don’t know the movie. Weirdly didn’t know the song. But I loved it. ,805e031d43d04315bf31c7c8e387d887
spotify:track:126HWk9JuCt4PHZJAAsgOv,4e117e3021d7466c8bf0b654f8357418,2025-04-16T17:46:56Z,0,I just rewatched Ocean’s Twelve and still had no recollection of this song. What’s that tell you? That you’re getting a zero. ,805e031d43d04315bf31c7c8e387d887
spotify:track:0zKZ3TSGmBdklnLlnxJbWb,4e117e3021d7466c8bf0b654f8357418,2025-04-16T17:46:56Z,0,"Been over a decade since I’ve seen Kill Bill, but this didn’t do enough for me to bother researching when the needle drop hits. ",805e031d43d04315bf31c7c8e387d887
spotify:track:0YwNdeDFbGP6AGwsQrtzdY,4e117e3021d7466c8bf0b654f8357418,2025-04-16T17:46:56Z,1,One of the most iconic soundtrack songs ever. Never could get used to seeing Clooney lip sync it. Loses a point because it’s the most obvious one to pick from so many incredible options and I needed to throw Chuck a bone. ,805e031d43d04315bf31c7c8e387d887
spotify:track:0HNzHaivuYoAJ3MLG0592z,4e117e3021d7466c8bf0b654f8357418,2025-04-16T17:46:56Z,0,I love Pulp Fiction. The gimp scene is iconic. But you made me do too much research to remember the needle drop properly. DOCKED!,805e031d43d04315bf31c7c8e387d887
spotify:track:0SpdCj83hKPcwTqNzUkWXr,7fdceb56429c4e38939c3e5ee41bfdd0,2025-04-16T18:08:11Z,1,,805e031d43d04315bf31c7c8e387d887
spotify:track:0YwNdeDFbGP6AGwsQrtzdY,7fdceb56429c4e38939c3e5ee41bfdd0,2025-04-16T18:08:11Z,2,Short list pick,805e031d43d04315bf31c7c8e387d887
spotify:track:1JweeRbJ87ViccTOW7cwz9,7fdceb56429c4e38939c3e5ee41bfdd0,2025-04-16T18:08:11Z,2,Fav of the week ,805e031d43d04315bf31c7c8e387d887
spotify:track:1UveyJanND5TdsO87bI32l,7fdceb56429c4e38939c3e5ee41bfdd0,2025-04-16T18:08:11Z,1,More dancing gopher please,805e031d43d04315bf31c7c8e387d887
spotify:track:2olVm1lHicpveMAo4AUDRB,7fdceb56429c4e38939c3e5ee41bfdd0,2025-04-16T18:08:11Z,1,Not the obv pick from the movie,805e031d43d04315bf31c7c8e387d887
spotify:track:4rJtUMlnhJzlzlnxyoc3tb,7fdceb56429c4e38939c3e5ee41bfdd0,2025-04-16T18:08:11Z,1,,805e031d43d04315bf31c7c8e387d887
spotify:track:5h6GtBMMb29l3EsbegykTD,7fdceb56429c4e38939c3e5ee41bfdd0,2025-04-16T18:08:11Z,2,Zach Braff really crushed the scene in the early 2000s,805e031d43d04315bf31c7c8e387d887
spotify:track:5iJxxPSkOZfvFfVqob3UP7,7fdceb56429c4e38939c3e5ee41bfdd0,2025-04-16T18:08:11Z,2,More evidence Zach Braff crushing the scene. ,805e031d43d04315bf31c7c8e387d887
spotify:track:5xRP5iyVdGglqlY4Vcjhkx,7fdceb56429c4e38939c3e5ee41bfdd0,2025-04-16T18:08:11Z,1,,805e031d43d04315bf31c7c8e387d887
spotify:track:6Q32Vkucx2qeuVyBd3NiFZ,7fdceb56429c4e38939c3e5ee41bfdd0,2025-04-16T18:08:11Z,2,,805e031d43d04315bf31c7c8e387d887
spotify:track:7p6ZGUXjUe0ctAu5RNnghu,7fdceb56429c4e38939c3e5ee41bfdd0,2025-04-16T18:08:11Z,1,,805e031d43d04315bf31c7c8e387d887
spotify:track:0HNzHaivuYoAJ3MLG0592z,ce76a5e6ff274137bb5127db7065d9a8,2025-04-16T18:25:10Z,0,"I don’t know if I can hear this and not think of that scene, so props there. But also idk if I need to hear the song outside of that scene by",805e031d43d04315bf31c7c8e387d887
spotify:track:0SpdCj83hKPcwTqNzUkWXr,ce76a5e6ff274137bb5127db7065d9a8,2025-04-16T18:25:10Z,1,Would not associate this with a movie but that’s ok since you gave context. Nice song ,805e031d43d04315bf31c7c8e387d887
spotify:track:0YwNdeDFbGP6AGwsQrtzdY,ce76a5e6ff274137bb5127db7065d9a8,2025-04-16T18:25:10Z,1,"Good song, I’ll fly away is the better choice from this soundtrack ",805e031d43d04315bf31c7c8e387d887
spotify:track:0zKZ3TSGmBdklnLlnxJbWb,ce76a5e6ff274137bb5127db7065d9a8,2025-04-16T18:25:10Z,0,Kill Bill?,805e031d43d04315bf31c7c8e387d887
spotify:track:126HWk9JuCt4PHZJAAsgOv,ce76a5e6ff274137bb5127db7065d9a8,2025-04-16T18:25:10Z,0,No idea what this is from. Google says oceans twelve. Regardless I don’t really care for it,805e031d43d04315bf31c7c8e387d887
spotify:track:1JweeRbJ87ViccTOW7cwz9,ce76a5e6ff274137bb5127db7065d9a8,2025-04-16T18:25:10Z,3,"This is cool. Never heard of the movie, but all that matters is it’s from a soundtrack and it’s good. Favorite of the week",805e031d43d04315bf31c7c8e387d887
spotify:track:1q1T0TbFO2fWkDmgCKwTB0,ce76a5e6ff274137bb5127db7065d9a8,2025-04-16T18:25:10Z,2,Pretty,805e031d43d04315bf31c7c8e387d887
spotify:track:1UveyJanND5TdsO87bI32l,ce76a5e6ff274137bb5127db7065d9a8,2025-04-16T18:25:10Z,1,I was prepared to give zero cuz in my head I just don’t care for this song. But there’s actually some interesting stuff going on here outside of the chorus ,805e031d43d04315bf31c7c8e387d887
spotify:track:2olVm1lHicpveMAo4AUDRB,ce76a5e6ff274137bb5127db7065d9a8,2025-04-16T18:25:10Z,2,I had this at one point and switched. Points for being from the best movie ,805e031d43d04315bf31c7c8e387d887
spotify:track:4rJtUMlnhJzlzlnxyoc3tb,ce76a5e6ff274137bb5127db7065d9a8,2025-04-16T18:25:10Z,2,"Also had this at one point and switched. Great tune, beautiful voices ",805e031d43d04315bf31c7c8e387d887
spotify:track:5h6GtBMMb29l3EsbegykTD,ce76a5e6ff274137bb5127db7065d9a8,2025-04-16T18:25:10Z,1,,805e031d43d04315bf31c7c8e387d887
spotify:track:5iJxxPSkOZfvFfVqob3UP7,ce76a5e6ff274137bb5127db7065d9a8,2025-04-16T18:25:10Z,2,This is nice,805e031d43d04315bf31c7c8e387d887
spotify:track:6Q32Vkucx2qeuVyBd3NiFZ,ce76a5e6ff274137bb5127db7065d9a8,2025-04-16T18:25:10Z,1,Used to play this in my band. Ripper ,805e031d43d04315bf31c7c8e387d887
spotify:track:7p6ZGUXjUe0ctAu5RNnghu,8453d173315c468e8134e2527a658ba5,2025-04-16T19:14:33Z,2,,805e031d43d04315bf31c7c8e387d887
spotify:track:0HNzHaivuYoAJ3MLG0592z,8453d173315c468e8134e2527a658ba5,2025-04-16T19:14:33Z,1,,805e031d43d04315bf31c7c8e387d887
spotify:track:0YwNdeDFbGP6AGwsQrtzdY,8453d173315c468e8134e2527a658ba5,2025-04-16T19:14:33Z,2,I fucking love Billy Strings,805e031d43d04315bf31c7c8e387d887
spotify:track:0zKZ3TSGmBdklnLlnxJbWb,8453d173315c468e8134e2527a658ba5,2025-04-16T19:14:33Z,2,,805e031d43d04315bf31c7c8e387d887
spotify:track:1JweeRbJ87ViccTOW7cwz9,8453d173315c468e8134e2527a658ba5,2025-04-16T19:14:33Z,3,,805e031d43d04315bf31c7c8e387d887
spotify:track:1q1T0TbFO2fWkDmgCKwTB0,8453d173315c468e8134e2527a658ba5,2025-04-16T19:14:33Z,1,,805e031d43d04315bf31c7c8e387d887
spotify:track:2bnC2685wL0i7ATaFk4Faz,8453d173315c468e8134e2527a658ba5,2025-04-16T19:14:33Z,1,It’s all ball bearings nowadays ,805e031d43d04315bf31c7c8e387d887
spotify:track:2olVm1lHicpveMAo4AUDRB,8453d173315c468e8134e2527a658ba5,2025-04-16T19:14:33Z,1,,805e031d43d04315bf31c7c8e387d887
spotify:track:4rJtUMlnhJzlzlnxyoc3tb,8453d173315c468e8134e2527a658ba5,2025-04-16T19:14:33Z,1,,805e031d43d04315bf31c7c8e387d887
spotify:track:5xRP5iyVdGglqlY4Vcjhkx,8453d173315c468e8134e2527a658ba5,2025-04-16T19:14:33Z,2,,805e031d43d04315bf31c7c8e387d887
spotify:track:2olVm1lHicpveMAo4AUDRB,1c89e947d02949ed86d05ec22a7350bf,2025-04-16T19:27:19Z,2,classic,805e031d43d04315bf31c7c8e387d887
spotify:track:1q1T0TbFO2fWkDmgCKwTB0,1c89e947d02949ed86d05ec22a7350bf,2025-04-16T19:27:19Z,0,"I bet the song is great in the movie, but as a standalone in this playlist it doesnt work for me",805e031d43d04315bf31c7c8e387d887
spotify:track:1JweeRbJ87ViccTOW7cwz9,1c89e947d02949ed86d05ec22a7350bf,2025-04-16T19:27:19Z,1,cool song,805e031d43d04315bf31c7c8e387d887
spotify:track:126HWk9JuCt4PHZJAAsgOv,1c89e947d02949ed86d05ec22a7350bf,2025-04-16T19:27:19Z,2,lol would watch,805e031d43d04315bf31c7c8e387d887
spotify:track:0SpdCj83hKPcwTqNzUkWXr,1c89e947d02949ed86d05ec22a7350bf,2025-04-16T19:27:19Z,0,"Never actually watched Magnolia , but not feeling this downer of a song or scene",805e031d43d04315bf31c7c8e387d887
spotify:track:0HNzHaivuYoAJ3MLG0592z,1c89e947d02949ed86d05ec22a7350bf,2025-04-16T19:27:19Z,2,I think I picked the better pulp fiction song - but +2 that whole soundtrack rips,805e031d43d04315bf31c7c8e387d887
spotify:track:6Q32Vkucx2qeuVyBd3NiFZ,1c89e947d02949ed86d05ec22a7350bf,2025-04-16T19:27:19Z,1,"kill bill always felt too intense for me, never got through it, but I dig the song",805e031d43d04315bf31c7c8e387d887
spotify:track:5xRP5iyVdGglqlY4Vcjhkx,1c89e947d02949ed86d05ec22a7350bf,2025-04-16T19:27:19Z,1,Never actually seen this one either but enjoyed this a lot,805e031d43d04315bf31c7c8e387d887
spotify:track:5iJxxPSkOZfvFfVqob3UP7,1c89e947d02949ed86d05ec22a7350bf,2025-04-16T19:27:19Z,2,Every song on here was perfectly placed,805e031d43d04315bf31c7c8e387d887
spotify:track:5h6GtBMMb29l3EsbegykTD,1c89e947d02949ed86d05ec22a7350bf,2025-04-16T19:27:19Z,3,"my actual fav movie soundtrack.  didnt think it would land as much with this crowd, but loving that 2 were on here so clearly I was wrong.  One of the best scenes screaming into the abyss!",805e031d43d04315bf31c7c8e387d887
spotify:track:4rJtUMlnhJzlzlnxyoc3tb,1c89e947d02949ed86d05ec22a7350bf,2025-04-16T19:27:19Z,2,the better of the 2 from this soundtrack IMO,805e031d43d04315bf31c7c8e387d887
spotify:track:1UveyJanND5TdsO87bI32l,49a5ff7c4466457eb8016aaf873224cb,2025-04-16T19:31:43Z,1,,805e031d43d04315bf31c7c8e387d887
spotify:track:7p6ZGUXjUe0ctAu5RNnghu,49a5ff7c4466457eb8016aaf873224cb,2025-04-16T19:31:43Z,2,,805e031d43d04315bf31c7c8e387d887
spotify:track:5xRP5iyVdGglqlY4Vcjhkx,49a5ff7c4466457eb8016aaf873224cb,2025-04-16T19:31:43Z,1,,805e031d43d04315bf31c7c8e387d887
spotify:track:5iJxxPSkOZfvFfVqob3UP7,49a5ff7c4466457eb8016aaf873224cb,2025-04-16T19:31:43Z,1,,805e031d43d04315bf31c7c8e387d887
spotify:track:5h6GtBMMb29l3EsbegykTD,49a5ff7c4466457eb8016aaf873224cb,2025-04-16T19:31:43Z,1,,805e031d43d04315bf31c7c8e387d887
spotify:track:4rJtUMlnhJzlzlnxyoc3tb,49a5ff7c4466457eb8016aaf873224cb,2025-04-16T19:31:43Z,1,Same. ,805e031d43d04315bf31c7c8e387d887
spotify:track:2bnC2685wL0i7ATaFk4Faz,49a5ff7c4466457eb8016aaf873224cb,2025-04-16T19:31:43Z,2,Badass as hell. ,805e031d43d04315bf31c7c8e387d887
spotify:track:1q1T0TbFO2fWkDmgCKwTB0,49a5ff7c4466457eb8016aaf873224cb,2025-04-16T19:31:43Z,1,Nice pick from a nice movie. ,805e031d43d04315bf31c7c8e387d887
spotify:track:1JweeRbJ87ViccTOW7cwz9,49a5ff7c4466457eb8016aaf873224cb,2025-04-16T19:31:43Z,1,Dope. ,805e031d43d04315bf31c7c8e387d887
spotify:track:126HWk9JuCt4PHZJAAsgOv,49a5ff7c4466457eb8016aaf873224cb,2025-04-16T19:31:43Z,0,Catherine Zeta-Jones did it better. Sick song and album. Scene is weird. Dude gets tagged by multiple lasers. ,805e031d43d04315bf31c7c8e387d887
spotify:track:0zKZ3TSGmBdklnLlnxJbWb,49a5ff7c4466457eb8016aaf873224cb,2025-04-16T19:31:43Z,1,Maybe better than mine. ,805e031d43d04315bf31c7c8e387d887
spotify:track:0YwNdeDFbGP6AGwsQrtzdY,49a5ff7c4466457eb8016aaf873224cb,2025-04-16T19:31:43Z,1,Still haven’t see it. Some day. +1 for my malfeasance. ,805e031d43d04315bf31c7c8e387d887
spotify:track:0SpdCj83hKPcwTqNzUkWXr,49a5ff7c4466457eb8016aaf873224cb,2025-04-16T19:31:43Z,2,Okay that was good. Glad it wasn’t from the Jerry M use. ,805e031d43d04315bf31c7c8e387d887
spotify:track:0HNzHaivuYoAJ3MLG0592z,49a5ff7c4466457eb8016aaf873224cb,2025-04-16T19:31:43Z,1,,805e031d43d04315bf31c7c8e387d887
spotify:track:2bnC2685wL0i7ATaFk4Faz,e5c2390073644e979f43e744c33e6c60,2025-04-17T02:26:23Z,1,,805e031d43d04315bf31c7c8e387d887
spotify:track:2olVm1lHicpveMAo4AUDRB,e5c2390073644e979f43e744c33e6c60,2025-04-17T02:26:23Z,2,Make like a tree and get out of here ,805e031d43d04315bf31c7c8e387d887
spotify:track:4rJtUMlnhJzlzlnxyoc3tb,e5c2390073644e979f43e744c33e6c60,2025-04-17T02:26:23Z,1,,805e031d43d04315bf31c7c8e387d887
spotify:track:0YwNdeDFbGP6AGwsQrtzdY,e5c2390073644e979f43e744c33e6c60,2025-04-17T02:26:23Z,1,Definitely only think of this movie when I hear this song,805e031d43d04315bf31c7c8e387d887
spotify:track:5h6GtBMMb29l3EsbegykTD,e5c2390073644e979f43e744c33e6c60,2025-04-17T02:26:23Z,2,,805e031d43d04315bf31c7c8e387d887
spotify:track:5xRP5iyVdGglqlY4Vcjhkx,e5c2390073644e979f43e744c33e6c60,2025-04-17T02:26:23Z,1,,805e031d43d04315bf31c7c8e387d887
spotify:track:6Q32Vkucx2qeuVyBd3NiFZ,e5c2390073644e979f43e744c33e6c60,2025-04-17T02:26:23Z,1,,805e031d43d04315bf31c7c8e387d887
spotify:track:7p6ZGUXjUe0ctAu5RNnghu,e5c2390073644e979f43e744c33e6c60,2025-04-17T02:26:23Z,2,"2 for my pulp fiction counter part, with this description I’m guessing jacob",805e031d43d04315bf31c7c8e387d887
spotify:track:0zKZ3TSGmBdklnLlnxJbWb,e5c2390073644e979f43e744c33e6c60,2025-04-17T02:26:23Z,1,Would have given more but had to look up the movie ,805e031d43d04315bf31c7c8e387d887
spotify:track:1JweeRbJ87ViccTOW7cwz9,e5c2390073644e979f43e744c33e6c60,2025-04-17T02:26:23Z,2,,805e031d43d04315bf31c7c8e387d887
spotify:track:1UveyJanND5TdsO87bI32l,e5c2390073644e979f43e744c33e6c60,2025-04-17T02:26:23Z,2,Well we’re waiting!,805e031d43d04315bf31c7c8e387d887
spotify:track:2olVm1lHicpveMAo4AUDRB,a2909b31d1c04d728cfcf68ca0d73cca,2025-04-17T11:34:42Z,1,,805e031d43d04315bf31c7c8e387d887
spotify:track:4rJtUMlnhJzlzlnxyoc3tb,a2909b31d1c04d728cfcf68ca0d73cca,2025-04-17T11:34:42Z,1,,805e031d43d04315bf31c7c8e387d887
spotify:track:5h6GtBMMb29l3EsbegykTD,a2909b31d1c04d728cfcf68ca0d73cca,2025-04-17T11:34:42Z,1,,805e031d43d04315bf31c7c8e387d887
spotify:track:5xRP5iyVdGglqlY4Vcjhkx,a2909b31d1c04d728cfcf68ca0d73cca,2025-04-17T11:34:42Z,1,,805e031d43d04315bf31c7c8e387d887
spotify:track:5iJxxPSkOZfvFfVqob3UP7,a2909b31d1c04d728cfcf68ca0d73cca,2025-04-17T11:34:42Z,1,,805e031d43d04315bf31c7c8e387d887
spotify:track:6Q32Vkucx2qeuVyBd3NiFZ,a2909b31d1c04d728cfcf68ca0d73cca,2025-04-17T11:34:42Z,1,,805e031d43d04315bf31c7c8e387d887
spotify:track:0HNzHaivuYoAJ3MLG0592z,a2909b31d1c04d728cfcf68ca0d73cca,2025-04-17T11:34:42Z,1,,805e031d43d04315bf31c7c8e387d887
spotify:track:0SpdCj83hKPcwTqNzUkWXr,a2909b31d1c04d728cfcf68ca0d73cca,2025-04-17T11:34:42Z,0,Don’t love the song and have no clue what movie it’s from. ,805e031d43d04315bf31c7c8e387d887
spotify:track:0zKZ3TSGmBdklnLlnxJbWb,a2909b31d1c04d728cfcf68ca0d73cca,2025-04-17T11:34:42Z,2,,805e031d43d04315bf31c7c8e387d887
spotify:track:126HWk9JuCt4PHZJAAsgOv,a2909b31d1c04d728cfcf68ca0d73cca,2025-04-17T11:34:42Z,1,,805e031d43d04315bf31c7c8e387d887
spotify:track:1JweeRbJ87ViccTOW7cwz9,a2909b31d1c04d728cfcf68ca0d73cca,2025-04-17T11:34:42Z,1,,805e031d43d04315bf31c7c8e387d887
spotify:track:1q1T0TbFO2fWkDmgCKwTB0,a2909b31d1c04d728cfcf68ca0d73cca,2025-04-17T11:34:42Z,1,,805e031d43d04315bf31c7c8e387d887
spotify:track:1UveyJanND5TdsO87bI32l,a2909b31d1c04d728cfcf68ca0d73cca,2025-04-17T11:34:42Z,1,!gopherdance,805e031d43d04315bf31c7c8e387d887
spotify:track:7p6ZGUXjUe0ctAu5RNnghu,a2909b31d1c04d728cfcf68ca0d73cca,2025-04-17T11:34:42Z,1,,805e031d43d04315bf31c7c8e387d887
spotify:track:2bnC2685wL0i7ATaFk4Faz,a2909b31d1c04d728cfcf68ca0d73cca,2025-04-17T11:34:42Z,2,Nice one Brandon. ,805e031d43d04315bf31c7c8e387d887
spotify:track:0SpdCj83hKPcwTqNzUkWXr,605866a938e54c5da212fc8595186729,2025-04-17T14:00:01Z,1,,805e031d43d04315bf31c7c8e387d887
spotify:track:7p6ZGUXjUe0ctAu5RNnghu,605866a938e54c5da212fc8595186729,2025-04-17T14:00:01Z,1,,805e031d43d04315bf31c7c8e387d887
spotify:track:6Q32Vkucx2qeuVyBd3NiFZ,605866a938e54c5da212fc8595186729,2025-04-17T14:00:01Z,1,,805e031d43d04315bf31c7c8e387d887
spotify:track:5xRP5iyVdGglqlY4Vcjhkx,605866a938e54c5da212fc8595186729,2025-04-17T14:00:01Z,2,,805e031d43d04315bf31c7c8e387d887
spotify:track:5h6GtBMMb29l3EsbegykTD,605866a938e54c5da212fc8595186729,2025-04-17T14:00:01Z,1,,805e031d43d04315bf31c7c8e387d887
spotify:track:4rJtUMlnhJzlzlnxyoc3tb,605866a938e54c5da212fc8595186729,2025-04-17T14:00:01Z,3,,805e031d43d04315bf31c7c8e387d887
spotify:track:2olVm1lHicpveMAo4AUDRB,605866a938e54c5da212fc8595186729,2025-04-17T14:00:01Z,1,,805e031d43d04315bf31c7c8e387d887
spotify:track:1JweeRbJ87ViccTOW7cwz9,605866a938e54c5da212fc8595186729,2025-04-17T14:00:01Z,2,,805e031d43d04315bf31c7c8e387d887
spotify:track:0zKZ3TSGmBdklnLlnxJbWb,605866a938e54c5da212fc8595186729,2025-04-17T14:00:01Z,2,,805e031d43d04315bf31c7c8e387d887
spotify:track:0YwNdeDFbGP6AGwsQrtzdY,605866a938e54c5da212fc8595186729,2025-04-17T14:00:01Z,1,,805e031d43d04315bf31c7c8e387d887
spotify:track:0HNzHaivuYoAJ3MLG0592z,605866a938e54c5da212fc8595186729,2025-04-17T14:00:01Z,1,,805e031d43d04315bf31c7c8e387d887
spotify:track:2bnC2685wL0i7ATaFk4Faz,0b4377c224ba402d97adce848425da90,2025-04-17T16:42:43Z,3,One of the GOAT original movie theme songs 👏 ,805e031d43d04315bf31c7c8e387d887
spotify:track:2olVm1lHicpveMAo4AUDRB,0b4377c224ba402d97adce848425da90,2025-04-17T16:42:43Z,1,Fun fact: I once saw Huey Lewis (mostly ironically) and his News in the late 90’s in the round at Westbury Music Fair,805e031d43d04315bf31c7c8e387d887
spotify:track:4rJtUMlnhJzlzlnxyoc3tb,0b4377c224ba402d97adce848425da90,2025-04-17T16:42:43Z,1,,805e031d43d04315bf31c7c8e387d887
spotify:track:5h6GtBMMb29l3EsbegykTD,0b4377c224ba402d97adce848425da90,2025-04-17T16:42:43Z,1,,805e031d43d04315bf31c7c8e387d887
spotify:track:5iJxxPSkOZfvFfVqob3UP7,0b4377c224ba402d97adce848425da90,2025-04-17T16:42:43Z,1,,805e031d43d04315bf31c7c8e387d887
spotify:track:6Q32Vkucx2qeuVyBd3NiFZ,0b4377c224ba402d97adce848425da90,2025-04-17T16:42:43Z,2,,805e031d43d04315bf31c7c8e387d887
spotify:track:0SpdCj83hKPcwTqNzUkWXr,0b4377c224ba402d97adce848425da90,2025-04-17T16:42:43Z,3,Brilliant scene and choice. ,805e031d43d04315bf31c7c8e387d887
spotify:track:1JweeRbJ87ViccTOW7cwz9,0b4377c224ba402d97adce848425da90,2025-04-17T16:42:43Z,3,"This is sick, immediately downloaded the soundtrack ",805e031d43d04315bf31c7c8e387d887
spotify:track:1UveyJanND5TdsO87bI32l,0b4377c224ba402d97adce848425da90,2025-04-17T16:42:43Z,1,Love it. ,805e031d43d04315bf31c7c8e387d887
spotify:track:2olVm1lHicpveMAo4AUDRB,f1f0f2ed0eb64306992b613229fb7972,2025-04-17T17:08:49Z,2,,805e031d43d04315bf31c7c8e387d887
spotify:track:5h6GtBMMb29l3EsbegykTD,f1f0f2ed0eb64306992b613229fb7972,2025-04-17T17:08:49Z,1,,805e031d43d04315bf31c7c8e387d887
spotify:track:5xRP5iyVdGglqlY4Vcjhkx,f1f0f2ed0eb64306992b613229fb7972,2025-04-17T17:08:49Z,1,,805e031d43d04315bf31c7c8e387d887
spotify:track:7p6ZGUXjUe0ctAu5RNnghu,f1f0f2ed0eb64306992b613229fb7972,2025-04-17T17:08:49Z,1,,805e031d43d04315bf31c7c8e387d887
spotify:track:6Q32Vkucx2qeuVyBd3NiFZ,f1f0f2ed0eb64306992b613229fb7972,2025-04-17T17:08:49Z,1,,805e031d43d04315bf31c7c8e387d887
spotify:track:0HNzHaivuYoAJ3MLG0592z,f1f0f2ed0eb64306992b613229fb7972,2025-04-17T17:08:49Z,1,,805e031d43d04315bf31c7c8e387d887
spotify:track:0YwNdeDFbGP6AGwsQrtzdY,f1f0f2ed0eb64306992b613229fb7972,2025-04-17T17:08:49Z,1,,805e031d43d04315bf31c7c8e387d887
spotify:track:0zKZ3TSGmBdklnLlnxJbWb,f1f0f2ed0eb64306992b613229fb7972,2025-04-17T17:08:49Z,2,,805e031d43d04315bf31c7c8e387d887
spotify:track:126HWk9JuCt4PHZJAAsgOv,f1f0f2ed0eb64306992b613229fb7972,2025-04-17T17:08:49Z,1,,805e031d43d04315bf31c7c8e387d887
spotify:track:1JweeRbJ87ViccTOW7cwz9,f1f0f2ed0eb64306992b613229fb7972,2025-04-17T17:08:49Z,1,,805e031d43d04315bf31c7c8e387d887
spotify:track:1q1T0TbFO2fWkDmgCKwTB0,f1f0f2ed0eb64306992b613229fb7972,2025-04-17T17:08:49Z,1,,805e031d43d04315bf31c7c8e387d887
spotify:track:1UveyJanND5TdsO87bI32l,f1f0f2ed0eb64306992b613229fb7972,2025-04-17T17:08:49Z,2,,805e031d43d04315bf31c7c8e387d887
spotify:track:2bnC2685wL0i7ATaFk4Faz,f1f0f2ed0eb64306992b613229fb7972,2025-04-17T17:08:49Z,1,,805e031d43d04315bf31c7c8e387d887
spotify:track:0SpdCj83hKPcwTqNzUkWXr,183c5f6ed1b147099842917a9576c8f4,2025-04-17T19:32:11Z,0,For a second I thought I really misunderstood Jerry Maguire ,805e031d43d04315bf31c7c8e387d887
spotify:track:0HNzHaivuYoAJ3MLG0592z,183c5f6ed1b147099842917a9576c8f4,2025-04-17T19:32:11Z,1,,805e031d43d04315bf31c7c8e387d887
spotify:track:0YwNdeDFbGP6AGwsQrtzdY,183c5f6ed1b147099842917a9576c8f4,2025-04-17T19:32:11Z,1,,805e031d43d04315bf31c7c8e387d887
spotify:track:0zKZ3TSGmBdklnLlnxJbWb,183c5f6ed1b147099842917a9576c8f4,2025-04-17T19:32:11Z,2,Winner of the kill bill battle,805e031d43d04315bf31c7c8e387d887
spotify:track:126HWk9JuCt4PHZJAAsgOv,183c5f6ed1b147099842917a9576c8f4,2025-04-17T19:32:11Z,0,Ocean's 13 and we're talking ,805e031d43d04315bf31c7c8e387d887
spotify:track:1JweeRbJ87ViccTOW7cwz9,183c5f6ed1b147099842917a9576c8f4,2025-04-17T19:32:11Z,1,,805e031d43d04315bf31c7c8e387d887
spotify:track:1q1T0TbFO2fWkDmgCKwTB0,183c5f6ed1b147099842917a9576c8f4,2025-04-17T19:32:11Z,1,,805e031d43d04315bf31c7c8e387d887
spotify:track:1UveyJanND5TdsO87bI32l,183c5f6ed1b147099842917a9576c8f4,2025-04-17T19:32:11Z,1,,805e031d43d04315bf31c7c8e387d887
spotify:track:2olVm1lHicpveMAo4AUDRB,183c5f6ed1b147099842917a9576c8f4,2025-04-17T19:32:11Z,1,,805e031d43d04315bf31c7c8e387d887
spotify:track:4rJtUMlnhJzlzlnxyoc3tb,183c5f6ed1b147099842917a9576c8f4,2025-04-17T19:32:11Z,2,O brother champ,805e031d43d04315bf31c7c8e387d887
spotify:track:5iJxxPSkOZfvFfVqob3UP7,183c5f6ed1b147099842917a9576c8f4,2025-04-17T19:32:11Z,0,"Sorry - as the other Garden State submitter, purely strategic vote",805e031d43d04315bf31c7c8e387d887
spotify:track:5xRP5iyVdGglqlY4Vcjhkx,183c5f6ed1b147099842917a9576c8f4,2025-04-17T19:32:11Z,3,Same!,805e031d43d04315bf31c7c8e387d887
spotify:track:6Q32Vkucx2qeuVyBd3NiFZ,183c5f6ed1b147099842917a9576c8f4,2025-04-17T19:32:11Z,1,,805e031d43d04315bf31c7c8e387d887
spotify:track:7p6ZGUXjUe0ctAu5RNnghu,183c5f6ed1b147099842917a9576c8f4,2025-04-17T19:32:11Z,2,Winner of the pulp fiction throwdown. Iconic. ,805e031d43d04315bf31c7c8e387d887
spotify:track:5h6GtBMMb29l3EsbegykTD,9b7e03ea90dd46db9779dc21eb04ca5a,2025-04-17T20:30:47Z,1,It’s good but Garden State introduced me to Nick Drake.,805e031d43d04315bf31c7c8e387d887
spotify:track:2olVm1lHicpveMAo4AUDRB,9b7e03ea90dd46db9779dc21eb04ca5a,2025-04-17T20:30:47Z,1,,805e031d43d04315bf31c7c8e387d887
spotify:track:1q1T0TbFO2fWkDmgCKwTB0,9b7e03ea90dd46db9779dc21eb04ca5a,2025-04-17T20:30:47Z,1,,805e031d43d04315bf31c7c8e387d887
spotify:track:2bnC2685wL0i7ATaFk4Faz,9b7e03ea90dd46db9779dc21eb04ca5a,2025-04-17T20:30:47Z,1,,805e031d43d04315bf31c7c8e387d887
spotify:track:0YwNdeDFbGP6AGwsQrtzdY,9b7e03ea90dd46db9779dc21eb04ca5a,2025-04-17T20:30:47Z,2,,805e031d43d04315bf31c7c8e387d887
spotify:track:126HWk9JuCt4PHZJAAsgOv,9b7e03ea90dd46db9779dc21eb04ca5a,2025-04-17T20:30:47Z,3,Was going to choose this. Great snag. ,805e031d43d04315bf31c7c8e387d887
spotify:track:1JweeRbJ87ViccTOW7cwz9,9b7e03ea90dd46db9779dc21eb04ca5a,2025-04-17T20:30:47Z,2,,805e031d43d04315bf31c7c8e387d887
spotify:track:0HNzHaivuYoAJ3MLG0592z,9b7e03ea90dd46db9779dc21eb04ca5a,2025-04-17T20:30:47Z,2,,805e031d43d04315bf31c7c8e387d887
spotify:track:0SpdCj83hKPcwTqNzUkWXr,9b7e03ea90dd46db9779dc21eb04ca5a,2025-04-17T20:30:47Z,1,,805e031d43d04315bf31c7c8e387d887
spotify:track:5xRP5iyVdGglqlY4Vcjhkx,9b7e03ea90dd46db9779dc21eb04ca5a,2025-04-17T20:30:47Z,1,,805e031d43d04315bf31c7c8e387d887
spotify:track:1UveyJanND5TdsO87bI32l,9b7e03ea90dd46db9779dc21eb04ca5a,2025-04-17T20:30:47Z,1,,805e031d43d04315bf31c7c8e387d887
spotify:track:0SpdCj83hKPcwTqNzUkWXr,7acfbf6ff4234d00875b58e7b2ec389d,2025-04-17T21:07:00Z,2,"Loved this pick.  Awesome song that is great on it's own, major feels in the movie.  Just top notch.  ",805e031d43d04315bf31c7c8e387d887
spotify:track:0HNzHaivuYoAJ3MLG0592z,7acfbf6ff4234d00875b58e7b2ec389d,2025-04-17T21:07:00Z,1,"Pulp Fiction rules, this song rules, and it was killer to start the playlist.  The scene was so messed up.  ",805e031d43d04315bf31c7c8e387d887
spotify:track:7p6ZGUXjUe0ctAu5RNnghu,7acfbf6ff4234d00875b58e7b2ec389d,2025-04-17T21:07:00Z,1,Big scene.  So much Tarrantino ,805e031d43d04315bf31c7c8e387d887
spotify:track:5xRP5iyVdGglqlY4Vcjhkx,7acfbf6ff4234d00875b58e7b2ec389d,2025-04-17T21:07:00Z,3,LOVED this pick.  I love the shit out of this movie and was a big part of my movie years.  This song feels like it's made for this movie.  ,805e031d43d04315bf31c7c8e387d887
spotify:track:6Q32Vkucx2qeuVyBd3NiFZ,7acfbf6ff4234d00875b58e7b2ec389d,2025-04-17T21:07:00Z,1,A big part of this movie for sure.  Solid.  ,805e031d43d04315bf31c7c8e387d887
spotify:track:5iJxxPSkOZfvFfVqob3UP7,7acfbf6ff4234d00875b58e7b2ec389d,2025-04-17T21:07:00Z,3,The 2nd best song on this soundtrack.  But this hit me hard on this playlist.  Nick Drake was almost my answer for gone too soon.  He's so incredible. ,805e031d43d04315bf31c7c8e387d887
spotify:track:5h6GtBMMb29l3EsbegykTD,7acfbf6ff4234d00875b58e7b2ec389d,2025-04-17T21:07:00Z,0,Like the 4th best song on this soundtrack. ,805e031d43d04315bf31c7c8e387d887
spotify:track:4rJtUMlnhJzlzlnxyoc3tb,7acfbf6ff4234d00875b58e7b2ec389d,2025-04-17T21:07:00Z,1,Better of the Brothers. ,805e031d43d04315bf31c7c8e387d887
spotify:track:2bnC2685wL0i7ATaFk4Faz,7acfbf6ff4234d00875b58e7b2ec389d,2025-04-17T21:07:00Z,0,"Great movie, theme is memorable but the other tracks are much better on this list. ",805e031d43d04315bf31c7c8e387d887
spotify:track:1UveyJanND5TdsO87bI32l,7acfbf6ff4234d00875b58e7b2ec389d,2025-04-17T21:07:00Z,0,"Classic, and memorable but I'm Loggins out.  Log off on Loggins",805e031d43d04315bf31c7c8e387d887
spotify:track:1q1T0TbFO2fWkDmgCKwTB0,7acfbf6ff4234d00875b58e7b2ec389d,2025-04-17T21:07:00Z,0,Music from the Soundrack of Nap Time. ,805e031d43d04315bf31c7c8e387d887
spotify:track:1JweeRbJ87ViccTOW7cwz9,7acfbf6ff4234d00875b58e7b2ec389d,2025-04-17T21:07:00Z,3,"I've don't know shit about this movie, and I've never heard this song.  Mistake.  This is a fucking FIRE groove.  Played it multiple times already. ",805e031d43d04315bf31c7c8e387d887
spotify:track:126HWk9JuCt4PHZJAAsgOv,7acfbf6ff4234d00875b58e7b2ec389d,2025-04-17T21:07:00Z,1,"Fun, creative pick.  I prefer the laser dance of Entrapment ",805e031d43d04315bf31c7c8e387d887
spotify:track:0zKZ3TSGmBdklnLlnxJbWb,7acfbf6ff4234d00875b58e7b2ec389d,2025-04-17T21:07:00Z,0,"Fun decent pick, and I love Kill Bill but a cover in a movie is never my fav.  ",805e031d43d04315bf31c7c8e387d887
spotify:track:0YwNdeDFbGP6AGwsQrtzdY,7acfbf6ff4234d00875b58e7b2ec389d,2025-04-17T21:07:00Z,0,This worked nicely with it's spot in the playlist but tough competition. ,805e031d43d04315bf31c7c8e387d887
spotify:track:06G1BCnCULkZwTvKBzn5LV,183c5f6ed1b147099842917a9576c8f4,2025-04-20T08:34:50Z,0,Nice disco beat I guess. But got a bit repetitive for me and I stopped the music despite their directions :(,5806a8a885db4ee497d214c467435302
spotify:track:08DeDU0qAaNSZ36YVCsBJW,183c5f6ed1b147099842917a9576c8f4,2025-04-20T08:34:50Z,2,Fun!,5806a8a885db4ee497d214c467435302
spotify:track:0BWBqb5XxraObLopqskk6D,183c5f6ed1b147099842917a9576c8f4,2025-04-20T08:34:50Z,0,Head is bobbing. Body not moving. ,5806a8a885db4ee497d214c467435302
spotify:track:0DiWol3AO6WpXZgp0goxAV,183c5f6ed1b147099842917a9576c8f4,2025-04-20T08:34:50Z,0,Classic but a time capsule for me and no longer makes me want to get up and boogie,5806a8a885db4ee497d214c467435302
spotify:track:0l0wEEcYU7rqKePo6K0q4C,183c5f6ed1b147099842917a9576c8f4,2025-04-20T08:34:50Z,0,More loungey than dancey. First squeaked out a point. Then I listened to the second half of the list. Sorry!,5806a8a885db4ee497d214c467435302
spotify:track:2cYgLTZ64YTzprMkEBiDDZ,183c5f6ed1b147099842917a9576c8f4,2025-04-20T08:34:50Z,0,We'd ask you to please find your seats.  The salad course is being served. ,5806a8a885db4ee497d214c467435302
spotify:track:4P9Zj5SaXiQqQXYTTHbzK5,183c5f6ed1b147099842917a9576c8f4,2025-04-20T08:34:50Z,2,Let's dance!,5806a8a885db4ee497d214c467435302
spotify:track:4tKGFmENO69tZR9ahgZu48,183c5f6ed1b147099842917a9576c8f4,2025-04-20T08:34:50Z,2,Always welcome ,5806a8a885db4ee497d214c467435302
spotify:track:4ZF74uJy2XGgVx8TUeYjZ8,183c5f6ed1b147099842917a9576c8f4,2025-04-20T08:34:50Z,2,Now we're getting hot,5806a8a885db4ee497d214c467435302
spotify:track:50uw8iZZ9xHxUwNqlbUYin,183c5f6ed1b147099842917a9576c8f4,2025-04-20T08:34:50Z,1,Detroit basement party!,5806a8a885db4ee497d214c467435302
spotify:track:5HTwmDjAU1gfJY0D2URfiR,183c5f6ed1b147099842917a9576c8f4,2025-04-20T08:34:50Z,1,Seeing her at prospect park in June with Janelle Monae. Who's coming??,5806a8a885db4ee497d214c467435302
spotify:track:5McpHv04Js5IEMmeIDFBb6,183c5f6ed1b147099842917a9576c8f4,2025-04-20T08:34:50Z,3,I'll come to that DJ set and make babies!,5806a8a885db4ee497d214c467435302
spotify:track:6CTv5qKVvkxsvSRQfC6SjO,183c5f6ed1b147099842917a9576c8f4,2025-04-20T08:34:50Z,2,"+1 for the groove
+1 for the two different spellings of tonight on the same record",5806a8a885db4ee497d214c467435302
spotify:track:708DnJC8l1b4Bf4xg0GiBv,183c5f6ed1b147099842917a9576c8f4,2025-04-20T08:34:50Z,1,Nice (and I mean that in the truest sense of the word) closer.  ,5806a8a885db4ee497d214c467435302
spotify:track:06G1BCnCULkZwTvKBzn5LV,d0b05ef03f5e4598a3e8532b812c3330,2025-04-20T11:23:19Z,0,Mendo? ,5806a8a885db4ee497d214c467435302
spotify:track:08DeDU0qAaNSZ36YVCsBJW,d0b05ef03f5e4598a3e8532b812c3330,2025-04-20T11:23:19Z,2,Def danced to this to my coffee ,5806a8a885db4ee497d214c467435302
spotify:track:0BWBqb5XxraObLopqskk6D,d0b05ef03f5e4598a3e8532b812c3330,2025-04-20T11:23:19Z,1,Like this. Just not really ,5806a8a885db4ee497d214c467435302
spotify:track:0DiWol3AO6WpXZgp0goxAV,d0b05ef03f5e4598a3e8532b812c3330,2025-04-20T11:23:19Z,0,Overplayed…for me…sorry. Not just for me but my kids too. ,5806a8a885db4ee497d214c467435302
spotify:track:0l0wEEcYU7rqKePo6K0q4C,d0b05ef03f5e4598a3e8532b812c3330,2025-04-20T11:23:19Z,3,Reminded me of I’m too sexy mixed with so flute… this is awesome…. ,5806a8a885db4ee497d214c467435302
spotify:track:1poLPbNU52BixoFsNUmAoZ,d0b05ef03f5e4598a3e8532b812c3330,2025-04-20T11:23:19Z,1,,5806a8a885db4ee497d214c467435302
spotify:track:2cYgLTZ64YTzprMkEBiDDZ,d0b05ef03f5e4598a3e8532b812c3330,2025-04-20T11:23:19Z,0,Just didn’t hit like the rest ,5806a8a885db4ee497d214c467435302
spotify:track:3Ro71R8Vpy166E2PuQDSc8,d0b05ef03f5e4598a3e8532b812c3330,2025-04-20T11:23:19Z,2,Very cool. ,5806a8a885db4ee497d214c467435302
spotify:track:4P9Zj5SaXiQqQXYTTHbzK5,d0b05ef03f5e4598a3e8532b812c3330,2025-04-20T11:23:19Z,1,Brinks? Solid K dance party vibes  ,5806a8a885db4ee497d214c467435302
spotify:track:4tKGFmENO69tZR9ahgZu48,d0b05ef03f5e4598a3e8532b812c3330,2025-04-20T11:23:19Z,3,Yessss had this on my movie soundtrack playlist ,5806a8a885db4ee497d214c467435302
spotify:track:4ZF74uJy2XGgVx8TUeYjZ8,d0b05ef03f5e4598a3e8532b812c3330,2025-04-20T11:23:19Z,0,Makes my hips move without dancing. Does that make sense? ,5806a8a885db4ee497d214c467435302
spotify:track:50uw8iZZ9xHxUwNqlbUYin,d0b05ef03f5e4598a3e8532b812c3330,2025-04-20T11:23:19Z,1,,5806a8a885db4ee497d214c467435302
spotify:track:5HTwmDjAU1gfJY0D2URfiR,d0b05ef03f5e4598a3e8532b812c3330,2025-04-20T11:23:19Z,1,,5806a8a885db4ee497d214c467435302
spotify:track:6CTv5qKVvkxsvSRQfC6SjO,d0b05ef03f5e4598a3e8532b812c3330,2025-04-20T11:23:19Z,0,Looking for something I hadn’t heard before ,5806a8a885db4ee497d214c467435302
spotify:track:708DnJC8l1b4Bf4xg0GiBv,d0b05ef03f5e4598a3e8532b812c3330,2025-04-20T11:23:19Z,1,,5806a8a885db4ee497d214c467435302
spotify:track:08DeDU0qAaNSZ36YVCsBJW,ce76a5e6ff274137bb5127db7065d9a8,2025-04-20T18:02:51Z,0,Def gave me a little booty shake in the beginning but not sure how much I liked it,5806a8a885db4ee497d214c467435302
spotify:track:0BWBqb5XxraObLopqskk6D,ce76a5e6ff274137bb5127db7065d9a8,2025-04-20T18:02:51Z,4,Really liked this. As soon as the dance vibe kicked in I was ready to listen again immediately. Fav of the week,5806a8a885db4ee497d214c467435302
spotify:track:0DiWol3AO6WpXZgp0goxAV,ce76a5e6ff274137bb5127db7065d9a8,2025-04-20T18:02:51Z,0,Too wedding vibey,5806a8a885db4ee497d214c467435302
spotify:track:0l0wEEcYU7rqKePo6K0q4C,ce76a5e6ff274137bb5127db7065d9a8,2025-04-20T18:02:51Z,1,"I like it enough, multi genre tushy sway groove",5806a8a885db4ee497d214c467435302
spotify:track:1poLPbNU52BixoFsNUmAoZ,ce76a5e6ff274137bb5127db7065d9a8,2025-04-20T18:02:51Z,0,I really like the synth. I feel like something’s missing though and I can’t put my finger on it. Was waiting for something more to pick up idk,5806a8a885db4ee497d214c467435302
spotify:track:2cYgLTZ64YTzprMkEBiDDZ,ce76a5e6ff274137bb5127db7065d9a8,2025-04-20T18:02:51Z,0,I like the hook. Idk how much this really makes me want to get up off my ass,5806a8a885db4ee497d214c467435302
spotify:track:3Ro71R8Vpy166E2PuQDSc8,ce76a5e6ff274137bb5127db7065d9a8,2025-04-20T18:02:51Z,0,Would not have thought of the clash as dance vibe but I see why you picked it. Will need to see how points shake out,5806a8a885db4ee497d214c467435302
spotify:track:4P9Zj5SaXiQqQXYTTHbzK5,ce76a5e6ff274137bb5127db7065d9a8,2025-04-20T18:02:51Z,1,Was starting to feel like a dick for not thinking the last couple were very dancey and then this started and was way dancier,5806a8a885db4ee497d214c467435302
spotify:track:4tKGFmENO69tZR9ahgZu48,ce76a5e6ff274137bb5127db7065d9a8,2025-04-20T18:02:51Z,2,Haven’t heard that in years. That hits ,5806a8a885db4ee497d214c467435302
spotify:track:4ZF74uJy2XGgVx8TUeYjZ8,ce76a5e6ff274137bb5127db7065d9a8,2025-04-20T18:02:51Z,2,Yeah idk if it’s possible to not shake your tush to that,5806a8a885db4ee497d214c467435302
spotify:track:50uw8iZZ9xHxUwNqlbUYin,ce76a5e6ff274137bb5127db7065d9a8,2025-04-20T18:02:51Z,0,Fat groove. More head bobbing than getting up to get down for me though,5806a8a885db4ee497d214c467435302
spotify:track:5HTwmDjAU1gfJY0D2URfiR,ce76a5e6ff274137bb5127db7065d9a8,2025-04-20T18:02:51Z,0,Another that fit the prompt but just didn’t really like,5806a8a885db4ee497d214c467435302
spotify:track:5McpHv04Js5IEMmeIDFBb6,ce76a5e6ff274137bb5127db7065d9a8,2025-04-20T18:02:51Z,0,Didn’t really feel it,5806a8a885db4ee497d214c467435302
spotify:track:6CTv5qKVvkxsvSRQfC6SjO,ce76a5e6ff274137bb5127db7065d9a8,2025-04-20T18:02:51Z,2,That’s groovy ,5806a8a885db4ee497d214c467435302
spotify:track:708DnJC8l1b4Bf4xg0GiBv,ce76a5e6ff274137bb5127db7065d9a8,2025-04-20T18:02:51Z,4,Yes. Yes I wanna funk,5806a8a885db4ee497d214c467435302
spotify:track:06G1BCnCULkZwTvKBzn5LV,bf3a904d73564b6c97f9e47c5429b767,2025-04-20T20:36:13Z,1,this is didn’t get me anywhere but v dancy ,5806a8a885db4ee497d214c467435302
spotify:track:08DeDU0qAaNSZ36YVCsBJW,bf3a904d73564b6c97f9e47c5429b767,2025-04-20T20:36:13Z,2,do you thang,5806a8a885db4ee497d214c467435302
spotify:track:0BWBqb5XxraObLopqskk6D,bf3a904d73564b6c97f9e47c5429b767,2025-04-20T20:36:13Z,1,took a min half to get dancy then got good - ———-> 808s,5806a8a885db4ee497d214c467435302
spotify:track:0DiWol3AO6WpXZgp0goxAV,bf3a904d73564b6c97f9e47c5429b767,2025-04-20T20:36:13Z,0,do better,5806a8a885db4ee497d214c467435302
spotify:track:0l0wEEcYU7rqKePo6K0q4C,bf3a904d73564b6c97f9e47c5429b767,2025-04-20T20:36:13Z,2,damn this was good but got boring towards end ,5806a8a885db4ee497d214c467435302
spotify:track:3Ro71R8Vpy166E2PuQDSc8,bf3a904d73564b6c97f9e47c5429b767,2025-04-20T20:36:13Z,1,,5806a8a885db4ee497d214c467435302
spotify:track:4P9Zj5SaXiQqQXYTTHbzK5,bf3a904d73564b6c97f9e47c5429b767,2025-04-20T20:36:13Z,3,"hell yeah this band is sick - miss this band, great pick, if you picked this rick - you deserve to win",5806a8a885db4ee497d214c467435302
spotify:track:4tKGFmENO69tZR9ahgZu48,bf3a904d73564b6c97f9e47c5429b767,2025-04-20T20:36:13Z,2,+1 for maile loving this song,5806a8a885db4ee497d214c467435302
spotify:track:50uw8iZZ9xHxUwNqlbUYin,bf3a904d73564b6c97f9e47c5429b767,2025-04-20T20:36:13Z,1,,5806a8a885db4ee497d214c467435302
spotify:track:5McpHv04Js5IEMmeIDFBb6,bf3a904d73564b6c97f9e47c5429b767,2025-04-20T20:36:13Z,2,this sample is mesmerizing ,5806a8a885db4ee497d214c467435302
spotify:track:708DnJC8l1b4Bf4xg0GiBv,bf3a904d73564b6c97f9e47c5429b767,2025-04-20T20:36:13Z,1,,5806a8a885db4ee497d214c467435302
spotify:track:08DeDU0qAaNSZ36YVCsBJW,7fdceb56429c4e38939c3e5ee41bfdd0,2025-04-21T01:04:29Z,1,Getting New Orleans parade dancing in the street vibes,5806a8a885db4ee497d214c467435302
spotify:track:0l0wEEcYU7rqKePo6K0q4C,7fdceb56429c4e38939c3e5ee41bfdd0,2025-04-21T01:04:29Z,1,,5806a8a885db4ee497d214c467435302
spotify:track:1poLPbNU52BixoFsNUmAoZ,7fdceb56429c4e38939c3e5ee41bfdd0,2025-04-21T01:04:29Z,2,,5806a8a885db4ee497d214c467435302
spotify:track:4P9Zj5SaXiQqQXYTTHbzK5,7fdceb56429c4e38939c3e5ee41bfdd0,2025-04-21T01:04:29Z,2,,5806a8a885db4ee497d214c467435302
spotify:track:4tKGFmENO69tZR9ahgZu48,7fdceb56429c4e38939c3e5ee41bfdd0,2025-04-21T01:04:29Z,3,Tops ,5806a8a885db4ee497d214c467435302
spotify:track:4ZF74uJy2XGgVx8TUeYjZ8,7fdceb56429c4e38939c3e5ee41bfdd0,2025-04-21T01:04:29Z,1,,5806a8a885db4ee497d214c467435302
spotify:track:50uw8iZZ9xHxUwNqlbUYin,7fdceb56429c4e38939c3e5ee41bfdd0,2025-04-21T01:04:29Z,1,,5806a8a885db4ee497d214c467435302
spotify:track:5McpHv04Js5IEMmeIDFBb6,7fdceb56429c4e38939c3e5ee41bfdd0,2025-04-21T01:04:29Z,1,,5806a8a885db4ee497d214c467435302
spotify:track:6CTv5qKVvkxsvSRQfC6SjO,7fdceb56429c4e38939c3e5ee41bfdd0,2025-04-21T01:04:29Z,2,,5806a8a885db4ee497d214c467435302
spotify:track:708DnJC8l1b4Bf4xg0GiBv,7fdceb56429c4e38939c3e5ee41bfdd0,2025-04-21T01:04:29Z,2,,5806a8a885db4ee497d214c467435302
spotify:track:06G1BCnCULkZwTvKBzn5LV,9b7e03ea90dd46db9779dc21eb04ca5a,2025-04-21T11:39:54Z,3,,5806a8a885db4ee497d214c467435302
spotify:track:08DeDU0qAaNSZ36YVCsBJW,9b7e03ea90dd46db9779dc21eb04ca5a,2025-04-21T11:39:54Z,0,Fun but it’s a skip for me ,5806a8a885db4ee497d214c467435302
spotify:track:0BWBqb5XxraObLopqskk6D,9b7e03ea90dd46db9779dc21eb04ca5a,2025-04-21T11:39:54Z,1,,5806a8a885db4ee497d214c467435302
spotify:track:0DiWol3AO6WpXZgp0goxAV,9b7e03ea90dd46db9779dc21eb04ca5a,2025-04-21T11:39:54Z,0,Overdone ,5806a8a885db4ee497d214c467435302
spotify:track:1poLPbNU52BixoFsNUmAoZ,9b7e03ea90dd46db9779dc21eb04ca5a,2025-04-21T11:39:54Z,2,That’s what I’m talking about. Dance AND stank face. ,5806a8a885db4ee497d214c467435302
spotify:track:2cYgLTZ64YTzprMkEBiDDZ,9b7e03ea90dd46db9779dc21eb04ca5a,2025-04-21T11:39:54Z,1,,5806a8a885db4ee497d214c467435302
spotify:track:3Ro71R8Vpy166E2PuQDSc8,9b7e03ea90dd46db9779dc21eb04ca5a,2025-04-21T11:39:54Z,1,,5806a8a885db4ee497d214c467435302
spotify:track:4P9Zj5SaXiQqQXYTTHbzK5,9b7e03ea90dd46db9779dc21eb04ca5a,2025-04-21T11:39:54Z,1,Was just listening to their live album yesterday! Dig this ,5806a8a885db4ee497d214c467435302
spotify:track:4tKGFmENO69tZR9ahgZu48,9b7e03ea90dd46db9779dc21eb04ca5a,2025-04-21T11:39:54Z,1,,5806a8a885db4ee497d214c467435302
spotify:track:4ZF74uJy2XGgVx8TUeYjZ8,9b7e03ea90dd46db9779dc21eb04ca5a,2025-04-21T11:39:54Z,2,,5806a8a885db4ee497d214c467435302
spotify:track:50uw8iZZ9xHxUwNqlbUYin,9b7e03ea90dd46db9779dc21eb04ca5a,2025-04-21T11:39:54Z,1,DETROIT. ,5806a8a885db4ee497d214c467435302
spotify:track:5McpHv04Js5IEMmeIDFBb6,9b7e03ea90dd46db9779dc21eb04ca5a,2025-04-21T11:39:54Z,1,,5806a8a885db4ee497d214c467435302
spotify:track:6CTv5qKVvkxsvSRQfC6SjO,9b7e03ea90dd46db9779dc21eb04ca5a,2025-04-21T11:39:54Z,1,,5806a8a885db4ee497d214c467435302
spotify:track:708DnJC8l1b4Bf4xg0GiBv,9b7e03ea90dd46db9779dc21eb04ca5a,2025-04-21T11:39:54Z,1,,5806a8a885db4ee497d214c467435302
spotify:track:06G1BCnCULkZwTvKBzn5LV,8453d173315c468e8134e2527a658ba5,2025-04-21T11:45:00Z,1,,5806a8a885db4ee497d214c467435302
spotify:track:08DeDU0qAaNSZ36YVCsBJW,8453d173315c468e8134e2527a658ba5,2025-04-21T11:45:00Z,2,,5806a8a885db4ee497d214c467435302
spotify:track:0l0wEEcYU7rqKePo6K0q4C,8453d173315c468e8134e2527a658ba5,2025-04-21T11:45:00Z,4,,5806a8a885db4ee497d214c467435302
spotify:track:1poLPbNU52BixoFsNUmAoZ,8453d173315c468e8134e2527a658ba5,2025-04-21T11:45:00Z,2,,5806a8a885db4ee497d214c467435302
spotify:track:4P9Zj5SaXiQqQXYTTHbzK5,8453d173315c468e8134e2527a658ba5,2025-04-21T11:45:00Z,0,Some nice grooves but too beep boopy,5806a8a885db4ee497d214c467435302
spotify:track:5HTwmDjAU1gfJY0D2URfiR,8453d173315c468e8134e2527a658ba5,2025-04-21T11:45:00Z,1,,5806a8a885db4ee497d214c467435302
spotify:track:5McpHv04Js5IEMmeIDFBb6,8453d173315c468e8134e2527a658ba5,2025-04-21T11:45:00Z,2,,5806a8a885db4ee497d214c467435302
spotify:track:6CTv5qKVvkxsvSRQfC6SjO,8453d173315c468e8134e2527a658ba5,2025-04-21T11:45:00Z,3,,5806a8a885db4ee497d214c467435302
spotify:track:708DnJC8l1b4Bf4xg0GiBv,8453d173315c468e8134e2527a658ba5,2025-04-21T11:45:00Z,1,,5806a8a885db4ee497d214c467435302
spotify:track:06G1BCnCULkZwTvKBzn5LV,1c89e947d02949ed86d05ec22a7350bf,2025-04-21T13:46:40Z,1,Great start but 3 min too long,5806a8a885db4ee497d214c467435302
spotify:track:0DiWol3AO6WpXZgp0goxAV,1c89e947d02949ed86d05ec22a7350bf,2025-04-21T13:46:40Z,1,Comforting,5806a8a885db4ee497d214c467435302
spotify:track:0l0wEEcYU7rqKePo6K0q4C,1c89e947d02949ed86d05ec22a7350bf,2025-04-21T13:46:40Z,2,,5806a8a885db4ee497d214c467435302
spotify:track:1poLPbNU52BixoFsNUmAoZ,1c89e947d02949ed86d05ec22a7350bf,2025-04-21T13:46:40Z,3,fav of the week i think,5806a8a885db4ee497d214c467435302
spotify:track:2cYgLTZ64YTzprMkEBiDDZ,1c89e947d02949ed86d05ec22a7350bf,2025-04-21T13:46:40Z,1,,5806a8a885db4ee497d214c467435302
spotify:track:4P9Zj5SaXiQqQXYTTHbzK5,1c89e947d02949ed86d05ec22a7350bf,2025-04-21T13:46:40Z,0,Maybe at 3am but not on my playlist for my way to work,5806a8a885db4ee497d214c467435302
spotify:track:4tKGFmENO69tZR9ahgZu48,1c89e947d02949ed86d05ec22a7350bf,2025-04-21T13:46:40Z,1,,5806a8a885db4ee497d214c467435302
spotify:track:4ZF74uJy2XGgVx8TUeYjZ8,1c89e947d02949ed86d05ec22a7350bf,2025-04-21T13:46:40Z,0,not my jam,5806a8a885db4ee497d214c467435302
spotify:track:50uw8iZZ9xHxUwNqlbUYin,1c89e947d02949ed86d05ec22a7350bf,2025-04-21T13:46:40Z,1,,5806a8a885db4ee497d214c467435302
spotify:track:5McpHv04Js5IEMmeIDFBb6,1c89e947d02949ed86d05ec22a7350bf,2025-04-21T13:46:40Z,2,would love to be at said dj set. ,5806a8a885db4ee497d214c467435302
spotify:track:6CTv5qKVvkxsvSRQfC6SjO,1c89e947d02949ed86d05ec22a7350bf,2025-04-21T13:46:40Z,2,,5806a8a885db4ee497d214c467435302
spotify:track:708DnJC8l1b4Bf4xg0GiBv,1c89e947d02949ed86d05ec22a7350bf,2025-04-21T13:46:40Z,2,other fav of the week i think,5806a8a885db4ee497d214c467435302
spotify:track:06G1BCnCULkZwTvKBzn5LV,49a5ff7c4466457eb8016aaf873224cb,2025-04-21T14:46:21Z,0,"Eventually I DID want them to stop. Have a feeling the length of some of these may hurt them due to the settings some of us may be listening in. Gonna have to give this list another pass when I'm a little more loose. 

Update: Nope",5806a8a885db4ee497d214c467435302
spotify:track:08DeDU0qAaNSZ36YVCsBJW,49a5ff7c4466457eb8016aaf873224cb,2025-04-21T14:46:21Z,2,Yep this one got me boppin good and didn't overstay its welcome.,5806a8a885db4ee497d214c467435302
spotify:track:0BWBqb5XxraObLopqskk6D,49a5ff7c4466457eb8016aaf873224cb,2025-04-21T14:46:21Z,1,"Took me a second to get there, but it defff ya gets there. ",5806a8a885db4ee497d214c467435302
spotify:track:0DiWol3AO6WpXZgp0goxAV,49a5ff7c4466457eb8016aaf873224cb,2025-04-21T14:46:21Z,0,"This one never really did it for me. Plenty of Daft Punk does, but idk about this one. That said, if this came on in the middle of a set at a dance party, no one would be upset.",5806a8a885db4ee497d214c467435302
spotify:track:0l0wEEcYU7rqKePo6K0q4C,49a5ff7c4466457eb8016aaf873224cb,2025-04-21T14:46:21Z,1,Yes indeed. Love the blend of sounds on this. Feels very natural and smooth-flowing... almost effortless. Another that maybe hangs around longer than needed with some interesting other parts/breakdowns that I didn't need or love. But the overall track still slaps.,5806a8a885db4ee497d214c467435302
spotify:track:1poLPbNU52BixoFsNUmAoZ,49a5ff7c4466457eb8016aaf873224cb,2025-04-21T14:46:21Z,2,"Fat chunky bass, perfect sythny layers and horn hits. Feels good. Also felt like it set up my track nicely on the playlist. ",5806a8a885db4ee497d214c467435302
spotify:track:2cYgLTZ64YTzprMkEBiDDZ,49a5ff7c4466457eb8016aaf873224cb,2025-04-21T14:46:21Z,0,Have not been able to get the hook out of my head since finding the track. ,5806a8a885db4ee497d214c467435302
spotify:track:3Ro71R8Vpy166E2PuQDSc8,49a5ff7c4466457eb8016aaf873224cb,2025-04-21T14:46:21Z,0,"+1 cool song
-1 for trying to submit two songs at the same time
+1 for both tracks being dope
-1 for wishing you submitted the dance version only
+0 for no longer liking either version after listening to both several times",5806a8a885db4ee497d214c467435302
spotify:track:4P9Zj5SaXiQqQXYTTHbzK5,49a5ff7c4466457eb8016aaf873224cb,2025-04-21T14:46:21Z,2,Welllllllllllllllllllll alrighty then. Not usually my style but this got me good. Would eat daisies and rage to lasers.,5806a8a885db4ee497d214c467435302
spotify:track:4tKGFmENO69tZR9ahgZu48,49a5ff7c4466457eb8016aaf873224cb,2025-04-21T14:46:21Z,1,Word up.,5806a8a885db4ee497d214c467435302
spotify:track:4ZF74uJy2XGgVx8TUeYjZ8,49a5ff7c4466457eb8016aaf873224cb,2025-04-21T14:46:21Z,0,Not sure I have the moves to properly get down to this one. Not sure anyone else in this league does either. Dying to see who submitted this and demand them to show off their salsa swing moves ASAP. ,5806a8a885db4ee497d214c467435302
spotify:track:50uw8iZZ9xHxUwNqlbUYin,49a5ff7c4466457eb8016aaf873224cb,2025-04-21T14:46:21Z,1,This was excellent for strollin around the city. Good background grooves for mindless bobbin. ,5806a8a885db4ee497d214c467435302
spotify:track:5HTwmDjAU1gfJY0D2URfiR,49a5ff7c4466457eb8016aaf873224cb,2025-04-21T14:46:21Z,1,More city stompin. ,5806a8a885db4ee497d214c467435302
spotify:track:5McpHv04Js5IEMmeIDFBb6,49a5ff7c4466457eb8016aaf873224cb,2025-04-21T14:46:21Z,2,"Okay then. The comment actually won me over on this one, Joshy. ",5806a8a885db4ee497d214c467435302
spotify:track:6CTv5qKVvkxsvSRQfC6SjO,49a5ff7c4466457eb8016aaf873224cb,2025-04-21T14:46:21Z,3,Pick of the week. ,5806a8a885db4ee497d214c467435302
spotify:track:708DnJC8l1b4Bf4xg0GiBv,49a5ff7c4466457eb8016aaf873224cb,2025-04-21T14:46:21Z,0,Going back n forth on this one. The vocals and synths are a little annoying to me. Def digging the groove but just a lil jarring. ,5806a8a885db4ee497d214c467435302
spotify:track:06G1BCnCULkZwTvKBzn5LV,0b4377c224ba402d97adce848425da90,2025-04-21T15:41:49Z,1,"…can’t stop, won’t stop…",5806a8a885db4ee497d214c467435302
spotify:track:08DeDU0qAaNSZ36YVCsBJW,0b4377c224ba402d97adce848425da90,2025-04-21T15:41:49Z,3,Do it. ,5806a8a885db4ee497d214c467435302
spotify:track:0BWBqb5XxraObLopqskk6D,0b4377c224ba402d97adce848425da90,2025-04-21T15:41:49Z,1,,5806a8a885db4ee497d214c467435302
spotify:track:0DiWol3AO6WpXZgp0goxAV,0b4377c224ba402d97adce848425da90,2025-04-21T15:41:49Z,0,"Zero more times would be great for this song, thanks. ",5806a8a885db4ee497d214c467435302
spotify:track:0l0wEEcYU7rqKePo6K0q4C,0b4377c224ba402d97adce848425da90,2025-04-21T15:41:49Z,4,"Chords, stings, we brings melody, G-funk…",5806a8a885db4ee497d214c467435302
spotify:track:2cYgLTZ64YTzprMkEBiDDZ,0b4377c224ba402d97adce848425da90,2025-04-21T15:41:49Z,0,I guess these are the contract killers that Sophie Ellis-Bexter hired to do the deed?,5806a8a885db4ee497d214c467435302
spotify:track:4tKGFmENO69tZR9ahgZu48,0b4377c224ba402d97adce848425da90,2025-04-21T15:41:49Z,1,,5806a8a885db4ee497d214c467435302
spotify:track:50uw8iZZ9xHxUwNqlbUYin,0b4377c224ba402d97adce848425da90,2025-04-21T15:41:49Z,0,"…turn it up, see the money ain’t a thing…",5806a8a885db4ee497d214c467435302
spotify:track:5HTwmDjAU1gfJY0D2URfiR,0b4377c224ba402d97adce848425da90,2025-04-21T15:41:49Z,1,"…say pretty please, say pretty please, say pretty please…",5806a8a885db4ee497d214c467435302
spotify:track:5McpHv04Js5IEMmeIDFBb6,0b4377c224ba402d97adce848425da90,2025-04-21T15:41:49Z,3,Lord Echo does a great cover of this song. ,5806a8a885db4ee497d214c467435302
spotify:track:708DnJC8l1b4Bf4xg0GiBv,0b4377c224ba402d97adce848425da90,2025-04-21T15:41:49Z,2,Yes I do. ,5806a8a885db4ee497d214c467435302
spotify:track:06G1BCnCULkZwTvKBzn5LV,605866a938e54c5da212fc8595186729,2025-04-21T16:55:33Z,1,,5806a8a885db4ee497d214c467435302
spotify:track:08DeDU0qAaNSZ36YVCsBJW,605866a938e54c5da212fc8595186729,2025-04-21T16:55:33Z,1,,5806a8a885db4ee497d214c467435302
spotify:track:0DiWol3AO6WpXZgp0goxAV,605866a938e54c5da212fc8595186729,2025-04-21T16:55:33Z,1,,5806a8a885db4ee497d214c467435302
spotify:track:0l0wEEcYU7rqKePo6K0q4C,605866a938e54c5da212fc8595186729,2025-04-21T16:55:33Z,1,,5806a8a885db4ee497d214c467435302
spotify:track:1poLPbNU52BixoFsNUmAoZ,605866a938e54c5da212fc8595186729,2025-04-21T16:55:33Z,1,,5806a8a885db4ee497d214c467435302
spotify:track:3Ro71R8Vpy166E2PuQDSc8,605866a938e54c5da212fc8595186729,2025-04-21T16:55:33Z,2,,5806a8a885db4ee497d214c467435302
spotify:track:4tKGFmENO69tZR9ahgZu48,605866a938e54c5da212fc8595186729,2025-04-21T16:55:33Z,1,,5806a8a885db4ee497d214c467435302
spotify:track:50uw8iZZ9xHxUwNqlbUYin,605866a938e54c5da212fc8595186729,2025-04-21T16:55:33Z,1,,5806a8a885db4ee497d214c467435302
spotify:track:5McpHv04Js5IEMmeIDFBb6,605866a938e54c5da212fc8595186729,2025-04-21T16:55:33Z,2,,5806a8a885db4ee497d214c467435302
spotify:track:6CTv5qKVvkxsvSRQfC6SjO,605866a938e54c5da212fc8595186729,2025-04-21T16:55:33Z,2,,5806a8a885db4ee497d214c467435302
spotify:track:708DnJC8l1b4Bf4xg0GiBv,605866a938e54c5da212fc8595186729,2025-04-21T16:55:33Z,3,,5806a8a885db4ee497d214c467435302
spotify:track:06G1BCnCULkZwTvKBzn5LV,a2909b31d1c04d728cfcf68ca0d73cca,2025-04-21T18:38:58Z,1,,5806a8a885db4ee497d214c467435302
spotify:track:08DeDU0qAaNSZ36YVCsBJW,a2909b31d1c04d728cfcf68ca0d73cca,2025-04-21T18:38:58Z,2,,5806a8a885db4ee497d214c467435302
spotify:track:0BWBqb5XxraObLopqskk6D,a2909b31d1c04d728cfcf68ca0d73cca,2025-04-21T18:38:58Z,1,Started off less dancey but then got more dancey. Dig it. ,5806a8a885db4ee497d214c467435302
spotify:track:0l0wEEcYU7rqKePo6K0q4C,a2909b31d1c04d728cfcf68ca0d73cca,2025-04-21T18:38:58Z,1,,5806a8a885db4ee497d214c467435302
spotify:track:1poLPbNU52BixoFsNUmAoZ,a2909b31d1c04d728cfcf68ca0d73cca,2025-04-21T18:38:58Z,1,,5806a8a885db4ee497d214c467435302
spotify:track:2cYgLTZ64YTzprMkEBiDDZ,a2909b31d1c04d728cfcf68ca0d73cca,2025-04-21T18:38:58Z,1,,5806a8a885db4ee497d214c467435302
spotify:track:3Ro71R8Vpy166E2PuQDSc8,a2909b31d1c04d728cfcf68ca0d73cca,2025-04-21T18:38:58Z,0,Not really making me get up and boogie ,5806a8a885db4ee497d214c467435302
spotify:track:4P9Zj5SaXiQqQXYTTHbzK5,a2909b31d1c04d728cfcf68ca0d73cca,2025-04-21T18:38:58Z,1,,5806a8a885db4ee497d214c467435302
spotify:track:4tKGFmENO69tZR9ahgZu48,a2909b31d1c04d728cfcf68ca0d73cca,2025-04-21T18:38:58Z,2,,5806a8a885db4ee497d214c467435302
spotify:track:4ZF74uJy2XGgVx8TUeYjZ8,a2909b31d1c04d728cfcf68ca0d73cca,2025-04-21T18:38:58Z,1,I wish I could dance to this but I’m too white. ,5806a8a885db4ee497d214c467435302
spotify:track:50uw8iZZ9xHxUwNqlbUYin,a2909b31d1c04d728cfcf68ca0d73cca,2025-04-21T18:38:58Z,1,,5806a8a885db4ee497d214c467435302
spotify:track:5HTwmDjAU1gfJY0D2URfiR,a2909b31d1c04d728cfcf68ca0d73cca,2025-04-21T18:38:58Z,1,,5806a8a885db4ee497d214c467435302
spotify:track:5McpHv04Js5IEMmeIDFBb6,a2909b31d1c04d728cfcf68ca0d73cca,2025-04-21T18:38:58Z,1,,5806a8a885db4ee497d214c467435302
spotify:track:6CTv5qKVvkxsvSRQfC6SjO,a2909b31d1c04d728cfcf68ca0d73cca,2025-04-21T18:38:58Z,1,,5806a8a885db4ee497d214c467435302
spotify:track:708DnJC8l1b4Bf4xg0GiBv,a2909b31d1c04d728cfcf68ca0d73cca,2025-04-21T18:38:58Z,1,,5806a8a885db4ee497d214c467435302
spotify:track:0l0wEEcYU7rqKePo6K0q4C,e5c2390073644e979f43e744c33e6c60,2025-04-21T20:14:13Z,4,,5806a8a885db4ee497d214c467435302
spotify:track:1poLPbNU52BixoFsNUmAoZ,e5c2390073644e979f43e744c33e6c60,2025-04-21T20:14:13Z,2,,5806a8a885db4ee497d214c467435302
spotify:track:2cYgLTZ64YTzprMkEBiDDZ,e5c2390073644e979f43e744c33e6c60,2025-04-21T20:14:13Z,2,,5806a8a885db4ee497d214c467435302
spotify:track:4P9Zj5SaXiQqQXYTTHbzK5,e5c2390073644e979f43e744c33e6c60,2025-04-21T20:14:13Z,2,,5806a8a885db4ee497d214c467435302
spotify:track:4tKGFmENO69tZR9ahgZu48,e5c2390073644e979f43e744c33e6c60,2025-04-21T20:14:13Z,2,,5806a8a885db4ee497d214c467435302
spotify:track:50uw8iZZ9xHxUwNqlbUYin,e5c2390073644e979f43e744c33e6c60,2025-04-21T20:14:13Z,2,,5806a8a885db4ee497d214c467435302
spotify:track:6CTv5qKVvkxsvSRQfC6SjO,e5c2390073644e979f43e744c33e6c60,2025-04-21T20:14:13Z,1,,5806a8a885db4ee497d214c467435302
spotify:track:708DnJC8l1b4Bf4xg0GiBv,e5c2390073644e979f43e744c33e6c60,2025-04-21T20:14:13Z,1,,5806a8a885db4ee497d214c467435302
spotify:track:06G1BCnCULkZwTvKBzn5LV,7acfbf6ff4234d00875b58e7b2ec389d,2025-04-21T20:56:02Z,1,How is this from 2007?,5806a8a885db4ee497d214c467435302
spotify:track:08DeDU0qAaNSZ36YVCsBJW,7acfbf6ff4234d00875b58e7b2ec389d,2025-04-21T20:56:02Z,3,Great,5806a8a885db4ee497d214c467435302
spotify:track:0BWBqb5XxraObLopqskk6D,7acfbf6ff4234d00875b58e7b2ec389d,2025-04-21T20:56:02Z,2,Cool Track! ,5806a8a885db4ee497d214c467435302
spotify:track:0DiWol3AO6WpXZgp0goxAV,7acfbf6ff4234d00875b58e7b2ec389d,2025-04-21T20:56:02Z,0,Please dear god can I hear this song zero more times. ,5806a8a885db4ee497d214c467435302
spotify:track:0l0wEEcYU7rqKePo6K0q4C,7acfbf6ff4234d00875b58e7b2ec389d,2025-04-21T20:56:02Z,2,About as much as I can like hip hop in my music.  ,5806a8a885db4ee497d214c467435302
spotify:track:2cYgLTZ64YTzprMkEBiDDZ,7acfbf6ff4234d00875b58e7b2ec389d,2025-04-21T20:56:02Z,1,"Nice Groove, but I would rather just sit in the shade and listen to this. ",5806a8a885db4ee497d214c467435302
spotify:track:3Ro71R8Vpy166E2PuQDSc8,7acfbf6ff4234d00875b58e7b2ec389d,2025-04-21T20:56:02Z,0,I don't know how to dance to the Clash,5806a8a885db4ee497d214c467435302
spotify:track:4P9Zj5SaXiQqQXYTTHbzK5,7acfbf6ff4234d00875b58e7b2ec389d,2025-04-21T20:56:02Z,0,This song seems like the sweatiest place on Earth,5806a8a885db4ee497d214c467435302
spotify:track:4tKGFmENO69tZR9ahgZu48,7acfbf6ff4234d00875b58e7b2ec389d,2025-04-21T20:56:02Z,2,Watching Dustin dance to Backwards Down the Numberline is a full murder on the dancefloor. ,5806a8a885db4ee497d214c467435302
spotify:track:4ZF74uJy2XGgVx8TUeYjZ8,7acfbf6ff4234d00875b58e7b2ec389d,2025-04-21T20:56:02Z,1,I would scared for society if anyone saw me trying to dance to this.  44 year old balding men and latin music is a bad combo.  Cool track,5806a8a885db4ee497d214c467435302
spotify:track:50uw8iZZ9xHxUwNqlbUYin,7acfbf6ff4234d00875b58e7b2ec389d,2025-04-21T20:56:02Z,0,Dames Brown is an all time name. ,5806a8a885db4ee497d214c467435302
spotify:track:5HTwmDjAU1gfJY0D2URfiR,7acfbf6ff4234d00875b58e7b2ec389d,2025-04-21T20:56:02Z,0,Is this about blowjobs? ,5806a8a885db4ee497d214c467435302
spotify:track:5McpHv04Js5IEMmeIDFBb6,7acfbf6ff4234d00875b58e7b2ec389d,2025-04-21T20:56:02Z,1,No babies for me. ,5806a8a885db4ee497d214c467435302
spotify:track:6CTv5qKVvkxsvSRQfC6SjO,7acfbf6ff4234d00875b58e7b2ec389d,2025-04-21T20:56:02Z,3,This is pretty sick.  Dug it hard. ,5806a8a885db4ee497d214c467435302
spotify:track:708DnJC8l1b4Bf4xg0GiBv,7acfbf6ff4234d00875b58e7b2ec389d,2025-04-21T20:56:02Z,0,"I do not want to Funk with Partick Cowley and ""Sylvester"" ",5806a8a885db4ee497d214c467435302
spotify:track:06G1BCnCULkZwTvKBzn5LV,f1f0f2ed0eb64306992b613229fb7972,2025-04-21T21:07:27Z,2,,5806a8a885db4ee497d214c467435302
spotify:track:08DeDU0qAaNSZ36YVCsBJW,f1f0f2ed0eb64306992b613229fb7972,2025-04-21T21:07:27Z,1,,5806a8a885db4ee497d214c467435302
spotify:track:0BWBqb5XxraObLopqskk6D,f1f0f2ed0eb64306992b613229fb7972,2025-04-21T21:07:27Z,1,,5806a8a885db4ee497d214c467435302
spotify:track:0DiWol3AO6WpXZgp0goxAV,f1f0f2ed0eb64306992b613229fb7972,2025-04-21T21:07:27Z,1,,5806a8a885db4ee497d214c467435302
spotify:track:2cYgLTZ64YTzprMkEBiDDZ,f1f0f2ed0eb64306992b613229fb7972,2025-04-21T21:07:27Z,1,,5806a8a885db4ee497d214c467435302
spotify:track:3Ro71R8Vpy166E2PuQDSc8,f1f0f2ed0eb64306992b613229fb7972,2025-04-21T21:07:27Z,1,,5806a8a885db4ee497d214c467435302
spotify:track:50uw8iZZ9xHxUwNqlbUYin,f1f0f2ed0eb64306992b613229fb7972,2025-04-21T21:07:27Z,1,,5806a8a885db4ee497d214c467435302
spotify:track:5HTwmDjAU1gfJY0D2URfiR,f1f0f2ed0eb64306992b613229fb7972,2025-04-21T21:07:27Z,2,,5806a8a885db4ee497d214c467435302
spotify:track:5McpHv04Js5IEMmeIDFBb6,f1f0f2ed0eb64306992b613229fb7972,2025-04-21T21:07:27Z,2,,5806a8a885db4ee497d214c467435302
spotify:track:6CTv5qKVvkxsvSRQfC6SjO,f1f0f2ed0eb64306992b613229fb7972,2025-04-21T21:07:27Z,2,,5806a8a885db4ee497d214c467435302
spotify:track:708DnJC8l1b4Bf4xg0GiBv,f1f0f2ed0eb64306992b613229fb7972,2025-04-21T21:07:27Z,2,,5806a8a885db4ee497d214c467435302
spotify:track:06G1BCnCULkZwTvKBzn5LV,4e117e3021d7466c8bf0b654f8357418,2025-04-21T21:10:22Z,2,,5806a8a885db4ee497d214c467435302
spotify:track:08DeDU0qAaNSZ36YVCsBJW,4e117e3021d7466c8bf0b654f8357418,2025-04-21T21:10:22Z,1,,5806a8a885db4ee497d214c467435302
spotify:track:0l0wEEcYU7rqKePo6K0q4C,4e117e3021d7466c8bf0b654f8357418,2025-04-21T21:10:22Z,2,,5806a8a885db4ee497d214c467435302
spotify:track:1poLPbNU52BixoFsNUmAoZ,4e117e3021d7466c8bf0b654f8357418,2025-04-21T21:10:22Z,1,,5806a8a885db4ee497d214c467435302
spotify:track:2cYgLTZ64YTzprMkEBiDDZ,4e117e3021d7466c8bf0b654f8357418,2025-04-21T21:10:22Z,1,,5806a8a885db4ee497d214c467435302
spotify:track:3Ro71R8Vpy166E2PuQDSc8,4e117e3021d7466c8bf0b654f8357418,2025-04-21T21:10:22Z,1,,5806a8a885db4ee497d214c467435302
spotify:track:4P9Zj5SaXiQqQXYTTHbzK5,4e117e3021d7466c8bf0b654f8357418,2025-04-21T21:10:22Z,1,,5806a8a885db4ee497d214c467435302
spotify:track:50uw8iZZ9xHxUwNqlbUYin,4e117e3021d7466c8bf0b654f8357418,2025-04-21T21:10:22Z,1,,5806a8a885db4ee497d214c467435302
spotify:track:5HTwmDjAU1gfJY0D2URfiR,4e117e3021d7466c8bf0b654f8357418,2025-04-21T21:10:22Z,2,,5806a8a885db4ee497d214c467435302
spotify:track:5McpHv04Js5IEMmeIDFBb6,4e117e3021d7466c8bf0b654f8357418,2025-04-21T21:10:22Z,1,,5806a8a885db4ee497d214c467435302
spotify:track:6CTv5qKVvkxsvSRQfC6SjO,4e117e3021d7466c8bf0b654f8357418,2025-04-21T21:10:22Z,3,,5806a8a885db4ee497d214c467435302
spotify:track:29MH51JBndOhaShPbeDJCt,bf3a904d73564b6c97f9e47c5429b767,2025-04-23T20:36:53Z,0,"lol, next",24d7d597fa5b441f99d78859d3a1713b
spotify:track:2IIhbJscRETqE6uud1P1Pl,bf3a904d73564b6c97f9e47c5429b767,2025-04-23T20:36:53Z,1,".16 mark, why not send santana a text ",24d7d597fa5b441f99d78859d3a1713b
spotify:track:0H2ivFFUeSTOHfUTDirdgT,bf3a904d73564b6c97f9e47c5429b767,2025-04-23T20:36:53Z,1,that build up 3.30 was fantastic. and 8 mins 8 mins got better butterflies. phils bass boms at 8 mins got clearer. this is prime jerry. 10 min made me want to ask if there were more jerry sperm left. oh the chimey at 12 mins were nice. and jer goes off around 14 mins and it’s real nice - love this sug. I could’ve played many jerry tunes that were gd based. -1 o,24d7d597fa5b441f99d78859d3a1713b
spotify:track:3GOQbwyBIaVFDK6eGoQoYB,bf3a904d73564b6c97f9e47c5429b767,2025-04-23T20:36:53Z,1,ill give this a chance -oh I see now with the beowzzzsss,24d7d597fa5b441f99d78859d3a1713b
spotify:track:3I3t5aIBIbIaHeLvLbflxa,bf3a904d73564b6c97f9e47c5429b767,2025-04-23T20:36:53Z,1,I love this but gonna pull a jdisk that i’ve heard this a million times ,24d7d597fa5b441f99d78859d3a1713b
spotify:track:3RZ8VoZuRGyIWnEZwdWEuJ,bf3a904d73564b6c97f9e47c5429b767,2025-04-23T20:36:53Z,3,"this is saved on my song list, heard a million times - it was  picked before me - danggit,   you’ll win.",24d7d597fa5b441f99d78859d3a1713b
spotify:track:55A7jJDPQQbodlqOvjAzSS,bf3a904d73564b6c97f9e47c5429b767,2025-04-23T20:36:53Z,1,took 8mins -  listened to this a million times ,24d7d597fa5b441f99d78859d3a1713b
spotify:track:55PnOCL9GV7Y3yXv2EDhVl,bf3a904d73564b6c97f9e47c5429b767,2025-04-23T20:36:53Z,1,listened to this album many time ,24d7d597fa5b441f99d78859d3a1713b
spotify:track:5EYwvVG7VJwLIFzECFLhQy,bf3a904d73564b6c97f9e47c5429b767,2025-04-23T20:36:53Z,1,we all know this song,24d7d597fa5b441f99d78859d3a1713b
spotify:track:5Jnjl1B4GnSIdOI5mTyYKf,bf3a904d73564b6c97f9e47c5429b767,2025-04-23T20:36:53Z,3,fuck yes. you’re getting all my points. goddamnit donna ,24d7d597fa5b441f99d78859d3a1713b
spotify:track:630BRNBbtoGSwneoWVXTXt,bf3a904d73564b6c97f9e47c5429b767,2025-04-23T20:36:53Z,0,been there done that,24d7d597fa5b441f99d78859d3a1713b
spotify:track:6jPVwIdtUl2pn7SCXBIQL2,bf3a904d73564b6c97f9e47c5429b767,2025-04-23T20:36:53Z,2,"pulling a jdisk “heard this too many times!”still gonna give you one bc I love this song so much, and bc i know what the into zeez",24d7d597fa5b441f99d78859d3a1713b
spotify:track:6s4SsCgoN4YhsdjP7HkWhc,bf3a904d73564b6c97f9e47c5429b767,2025-04-23T20:36:53Z,0,do better,24d7d597fa5b441f99d78859d3a1713b
spotify:track:7C8LYd0gWShnWlVtJkfyu4,bf3a904d73564b6c97f9e47c5429b767,2025-04-23T20:36:53Z,1,don’t what  I want ,24d7d597fa5b441f99d78859d3a1713b
spotify:track:0H2ivFFUeSTOHfUTDirdgT,ce76a5e6ff274137bb5127db7065d9a8,2025-04-24T00:43:32Z,1,,24d7d597fa5b441f99d78859d3a1713b
spotify:track:29MH51JBndOhaShPbeDJCt,ce76a5e6ff274137bb5127db7065d9a8,2025-04-24T00:43:32Z,0,Lol I actually did like it. But no,24d7d597fa5b441f99d78859d3a1713b
spotify:track:2IIhbJscRETqE6uud1P1Pl,ce76a5e6ff274137bb5127db7065d9a8,2025-04-24T00:43:32Z,1,,24d7d597fa5b441f99d78859d3a1713b
spotify:track:3GOQbwyBIaVFDK6eGoQoYB,ce76a5e6ff274137bb5127db7065d9a8,2025-04-24T00:43:32Z,2,"Throwing an extra point here for being the only 80s JGB, even though it’s not the “classic” JGB lineup. Surprised we didn’t get any tracks with Melvin",24d7d597fa5b441f99d78859d3a1713b
spotify:track:3RZ8VoZuRGyIWnEZwdWEuJ,ce76a5e6ff274137bb5127db7065d9a8,2025-04-24T00:43:32Z,2,Appreciate the non hooteroll call (nothing against hooteroll this is just more unique),24d7d597fa5b441f99d78859d3a1713b
spotify:track:4rdqVIkfzxY24OE5whDltT,ce76a5e6ff274137bb5127db7065d9a8,2025-04-24T00:43:32Z,2,One of my go to’s. Short lived JGB lineup,24d7d597fa5b441f99d78859d3a1713b
spotify:track:55A7jJDPQQbodlqOvjAzSS,ce76a5e6ff274137bb5127db7065d9a8,2025-04-24T00:43:32Z,2,Great version from a great show. Glad to get some good Dead in here. Was a little surprised (but also not at all surprised) by how little there was on this playlist. Probably my favorite pick of the week (besides mine),24d7d597fa5b441f99d78859d3a1713b
spotify:track:55PnOCL9GV7Y3yXv2EDhVl,ce76a5e6ff274137bb5127db7065d9a8,2025-04-24T00:43:32Z,1,,24d7d597fa5b441f99d78859d3a1713b
spotify:track:5EYwvVG7VJwLIFzECFLhQy,ce76a5e6ff274137bb5127db7065d9a8,2025-04-24T00:43:32Z,1,,24d7d597fa5b441f99d78859d3a1713b
spotify:track:5Jnjl1B4GnSIdOI5mTyYKf,ce76a5e6ff274137bb5127db7065d9a8,2025-04-24T00:43:32Z,0,I prefer Donna’s wailing ,24d7d597fa5b441f99d78859d3a1713b
spotify:track:630BRNBbtoGSwneoWVXTXt,ce76a5e6ff274137bb5127db7065d9a8,2025-04-24T00:43:32Z,1,,24d7d597fa5b441f99d78859d3a1713b
spotify:track:6jPVwIdtUl2pn7SCXBIQL2,ce76a5e6ff274137bb5127db7065d9a8,2025-04-24T00:43:32Z,2,Nice goopy version,24d7d597fa5b441f99d78859d3a1713b
spotify:track:6s4SsCgoN4YhsdjP7HkWhc,ce76a5e6ff274137bb5127db7065d9a8,2025-04-24T00:43:32Z,0,I think I just got a little tired of Jerry and Merl with 4 in a row. Also think I prefer non-horn versions,24d7d597fa5b441f99d78859d3a1713b
spotify:track:7C8LYd0gWShnWlVtJkfyu4,ce76a5e6ff274137bb5127db7065d9a8,2025-04-24T00:43:32Z,1,,24d7d597fa5b441f99d78859d3a1713b
spotify:track:0H2ivFFUeSTOHfUTDirdgT,183c5f6ed1b147099842917a9576c8f4,2025-04-24T13:05:58Z,1,Seems unfair,24d7d597fa5b441f99d78859d3a1713b
spotify:track:3GOQbwyBIaVFDK6eGoQoYB,183c5f6ed1b147099842917a9576c8f4,2025-04-24T13:05:58Z,2,,24d7d597fa5b441f99d78859d3a1713b
spotify:track:3I3t5aIBIbIaHeLvLbflxa,183c5f6ed1b147099842917a9576c8f4,2025-04-24T13:05:58Z,1,,24d7d597fa5b441f99d78859d3a1713b
spotify:track:3RZ8VoZuRGyIWnEZwdWEuJ,183c5f6ed1b147099842917a9576c8f4,2025-04-24T13:05:58Z,2,,24d7d597fa5b441f99d78859d3a1713b
spotify:track:4rdqVIkfzxY24OE5whDltT,183c5f6ed1b147099842917a9576c8f4,2025-04-24T13:05:58Z,3,My favorite of the bunch,24d7d597fa5b441f99d78859d3a1713b
spotify:track:55A7jJDPQQbodlqOvjAzSS,183c5f6ed1b147099842917a9576c8f4,2025-04-24T13:05:58Z,1,,24d7d597fa5b441f99d78859d3a1713b
spotify:track:5EYwvVG7VJwLIFzECFLhQy,183c5f6ed1b147099842917a9576c8f4,2025-04-24T13:05:58Z,2,,24d7d597fa5b441f99d78859d3a1713b
spotify:track:5Jnjl1B4GnSIdOI5mTyYKf,183c5f6ed1b147099842917a9576c8f4,2025-04-24T13:05:58Z,2,Who is she?,24d7d597fa5b441f99d78859d3a1713b
spotify:track:630BRNBbtoGSwneoWVXTXt,183c5f6ed1b147099842917a9576c8f4,2025-04-24T13:05:58Z,1,,24d7d597fa5b441f99d78859d3a1713b
spotify:track:6s4SsCgoN4YhsdjP7HkWhc,183c5f6ed1b147099842917a9576c8f4,2025-04-24T13:05:58Z,0,An all time favorite tune - but not necessarily for Jerry,24d7d597fa5b441f99d78859d3a1713b
spotify:track:7C8LYd0gWShnWlVtJkfyu4,183c5f6ed1b147099842917a9576c8f4,2025-04-24T13:05:58Z,1,My son Will's favorite on the list,24d7d597fa5b441f99d78859d3a1713b
spotify:track:0H2ivFFUeSTOHfUTDirdgT,d0b05ef03f5e4598a3e8532b812c3330,2025-04-24T13:17:31Z,1,I see where John Mayer gets it from now! ,24d7d597fa5b441f99d78859d3a1713b
spotify:track:29MH51JBndOhaShPbeDJCt,d0b05ef03f5e4598a3e8532b812c3330,2025-04-24T13:17:31Z,0,"Boo this man! Fun song though 
",24d7d597fa5b441f99d78859d3a1713b
spotify:track:2IIhbJscRETqE6uud1P1Pl,d0b05ef03f5e4598a3e8532b812c3330,2025-04-24T13:17:31Z,0,Cool but just too much more I loved ,24d7d597fa5b441f99d78859d3a1713b
spotify:track:3GOQbwyBIaVFDK6eGoQoYB,d0b05ef03f5e4598a3e8532b812c3330,2025-04-24T13:17:31Z,1,Top five jgb album release but the simple twist of fate is the best of this album. ,24d7d597fa5b441f99d78859d3a1713b
spotify:track:3I3t5aIBIbIaHeLvLbflxa,d0b05ef03f5e4598a3e8532b812c3330,2025-04-24T13:17:31Z,3,You get Jerry. They say the dead take you to outer space but jgb takes you to church. This is church. ,24d7d597fa5b441f99d78859d3a1713b
spotify:track:3RZ8VoZuRGyIWnEZwdWEuJ,d0b05ef03f5e4598a3e8532b812c3330,2025-04-24T13:17:31Z,2,Except hootertoll/wales is outer space. And just like that back to outer space. Which one do I like more? I don’t know! ,24d7d597fa5b441f99d78859d3a1713b
spotify:track:4rdqVIkfzxY24OE5whDltT,d0b05ef03f5e4598a3e8532b812c3330,2025-04-24T13:17:31Z,1,This recording is so top notch. God does Jerry sound amazing dead smack in my living room,24d7d597fa5b441f99d78859d3a1713b
spotify:track:55PnOCL9GV7Y3yXv2EDhVl,d0b05ef03f5e4598a3e8532b812c3330,2025-04-24T13:17:31Z,1,,24d7d597fa5b441f99d78859d3a1713b
spotify:track:5EYwvVG7VJwLIFzECFLhQy,d0b05ef03f5e4598a3e8532b812c3330,2025-04-24T13:17:31Z,2,No best Jerry list is complete without hootertoll ,24d7d597fa5b441f99d78859d3a1713b
spotify:track:5Jnjl1B4GnSIdOI5mTyYKf,d0b05ef03f5e4598a3e8532b812c3330,2025-04-24T13:17:31Z,2,Another one of my fav jbg releases. The honey chile is so fun. Extra point for Jerry with female vocals which is a personal fav of mine. ,24d7d597fa5b441f99d78859d3a1713b
spotify:track:630BRNBbtoGSwneoWVXTXt,d0b05ef03f5e4598a3e8532b812c3330,2025-04-24T13:17:31Z,1,Just too much more I loved. ,24d7d597fa5b441f99d78859d3a1713b
spotify:track:6jPVwIdtUl2pn7SCXBIQL2,d0b05ef03f5e4598a3e8532b812c3330,2025-04-24T13:17:31Z,0,A little too noodly compared to the rest ,24d7d597fa5b441f99d78859d3a1713b
spotify:track:6s4SsCgoN4YhsdjP7HkWhc,d0b05ef03f5e4598a3e8532b812c3330,2025-04-24T13:17:31Z,2,Yessssss ,24d7d597fa5b441f99d78859d3a1713b
spotify:track:7C8LYd0gWShnWlVtJkfyu4,d0b05ef03f5e4598a3e8532b812c3330,2025-04-24T13:17:31Z,0,Love this just too much I loved more. ,24d7d597fa5b441f99d78859d3a1713b
spotify:track:0H2ivFFUeSTOHfUTDirdgT,1c89e947d02949ed86d05ec22a7350bf,2025-04-24T15:26:06Z,2,,24d7d597fa5b441f99d78859d3a1713b
spotify:track:29MH51JBndOhaShPbeDJCt,1c89e947d02949ed86d05ec22a7350bf,2025-04-24T15:26:06Z,1,Point for creativity. ,24d7d597fa5b441f99d78859d3a1713b
spotify:track:3I3t5aIBIbIaHeLvLbflxa,1c89e947d02949ed86d05ec22a7350bf,2025-04-24T15:26:06Z,1,,24d7d597fa5b441f99d78859d3a1713b
spotify:track:3RZ8VoZuRGyIWnEZwdWEuJ,1c89e947d02949ed86d05ec22a7350bf,2025-04-24T15:26:06Z,1,,24d7d597fa5b441f99d78859d3a1713b
spotify:track:4rdqVIkfzxY24OE5whDltT,1c89e947d02949ed86d05ec22a7350bf,2025-04-24T15:26:06Z,3,I’m partial to JGB,24d7d597fa5b441f99d78859d3a1713b
spotify:track:55A7jJDPQQbodlqOvjAzSS,1c89e947d02949ed86d05ec22a7350bf,2025-04-24T15:26:06Z,1,,24d7d597fa5b441f99d78859d3a1713b
spotify:track:5EYwvVG7VJwLIFzECFLhQy,1c89e947d02949ed86d05ec22a7350bf,2025-04-24T15:26:06Z,2,,24d7d597fa5b441f99d78859d3a1713b
spotify:track:5Jnjl1B4GnSIdOI5mTyYKf,1c89e947d02949ed86d05ec22a7350bf,2025-04-24T15:26:06Z,1,,24d7d597fa5b441f99d78859d3a1713b
spotify:track:630BRNBbtoGSwneoWVXTXt,1c89e947d02949ed86d05ec22a7350bf,2025-04-24T15:26:06Z,1,,24d7d597fa5b441f99d78859d3a1713b
spotify:track:6jPVwIdtUl2pn7SCXBIQL2,1c89e947d02949ed86d05ec22a7350bf,2025-04-24T15:26:06Z,1,,24d7d597fa5b441f99d78859d3a1713b
spotify:track:6s4SsCgoN4YhsdjP7HkWhc,1c89e947d02949ed86d05ec22a7350bf,2025-04-24T15:26:06Z,2,,24d7d597fa5b441f99d78859d3a1713b
spotify:track:0H2ivFFUeSTOHfUTDirdgT,8453d173315c468e8134e2527a658ba5,2025-04-24T18:53:30Z,1,,24d7d597fa5b441f99d78859d3a1713b
spotify:track:29MH51JBndOhaShPbeDJCt,8453d173315c468e8134e2527a658ba5,2025-04-24T18:53:30Z,0,So unnecessary,24d7d597fa5b441f99d78859d3a1713b
spotify:track:2IIhbJscRETqE6uud1P1Pl,8453d173315c468e8134e2527a658ba5,2025-04-24T18:53:30Z,1,,24d7d597fa5b441f99d78859d3a1713b
spotify:track:3RZ8VoZuRGyIWnEZwdWEuJ,8453d173315c468e8134e2527a658ba5,2025-04-24T18:53:30Z,3,,24d7d597fa5b441f99d78859d3a1713b
spotify:track:4rdqVIkfzxY24OE5whDltT,8453d173315c468e8134e2527a658ba5,2025-04-24T18:53:30Z,1,,24d7d597fa5b441f99d78859d3a1713b
spotify:track:5EYwvVG7VJwLIFzECFLhQy,8453d173315c468e8134e2527a658ba5,2025-04-24T18:53:30Z,2,,24d7d597fa5b441f99d78859d3a1713b
spotify:track:630BRNBbtoGSwneoWVXTXt,8453d173315c468e8134e2527a658ba5,2025-04-24T18:53:30Z,1,,24d7d597fa5b441f99d78859d3a1713b
spotify:track:6jPVwIdtUl2pn7SCXBIQL2,8453d173315c468e8134e2527a658ba5,2025-04-24T18:53:30Z,4,,24d7d597fa5b441f99d78859d3a1713b
spotify:track:6s4SsCgoN4YhsdjP7HkWhc,8453d173315c468e8134e2527a658ba5,2025-04-24T18:53:30Z,2,,24d7d597fa5b441f99d78859d3a1713b
spotify:track:7C8LYd0gWShnWlVtJkfyu4,8453d173315c468e8134e2527a658ba5,2025-04-24T18:53:30Z,1,,24d7d597fa5b441f99d78859d3a1713b
spotify:track:0H2ivFFUeSTOHfUTDirdgT,49a5ff7c4466457eb8016aaf873224cb,2025-04-24T19:31:52Z,1,,24d7d597fa5b441f99d78859d3a1713b
spotify:track:29MH51JBndOhaShPbeDJCt,49a5ff7c4466457eb8016aaf873224cb,2025-04-24T19:31:52Z,0,lol,24d7d597fa5b441f99d78859d3a1713b
spotify:track:2IIhbJscRETqE6uud1P1Pl,49a5ff7c4466457eb8016aaf873224cb,2025-04-24T19:31:52Z,0,"Stumbled on this album while doing the round research. Holy shit, it is so cool/good. Totally different vibe from the other Jerry/Grisman stuff I have heard. Guess they intended to put out a full album of jazz covers, but only had this collection of various takes by the time Jerry died. Was hard to pick between the tracks on this album, but this did it for me the most. ",24d7d597fa5b441f99d78859d3a1713b
spotify:track:3GOQbwyBIaVFDK6eGoQoYB,49a5ff7c4466457eb8016aaf873224cb,2025-04-24T19:31:52Z,0,"+1 for being sexy
-1 for being TOO sexy and making me picture Jerry getting his fuck on",24d7d597fa5b441f99d78859d3a1713b
spotify:track:3I3t5aIBIbIaHeLvLbflxa,49a5ff7c4466457eb8016aaf873224cb,2025-04-24T19:31:52Z,2,Damn this is straight up heavenly. Voice of a god damn angel. Crazy this is the same guy singing Harder They Come a year later.,24d7d597fa5b441f99d78859d3a1713b
spotify:track:3RZ8VoZuRGyIWnEZwdWEuJ,49a5ff7c4466457eb8016aaf873224cb,2025-04-24T19:31:52Z,2,Feels like a late-night Blue Nile jam. Transported me straight to NOLA. ,24d7d597fa5b441f99d78859d3a1713b
spotify:track:4rdqVIkfzxY24OE5whDltT,49a5ff7c4466457eb8016aaf873224cb,2025-04-24T19:31:52Z,0,let it rock (me to sleep),24d7d597fa5b441f99d78859d3a1713b
spotify:track:55A7jJDPQQbodlqOvjAzSS,49a5ff7c4466457eb8016aaf873224cb,2025-04-24T19:31:52Z,1,,24d7d597fa5b441f99d78859d3a1713b
spotify:track:55PnOCL9GV7Y3yXv2EDhVl,49a5ff7c4466457eb8016aaf873224cb,2025-04-24T19:31:52Z,1,,24d7d597fa5b441f99d78859d3a1713b
spotify:track:5EYwvVG7VJwLIFzECFLhQy,49a5ff7c4466457eb8016aaf873224cb,2025-04-24T19:31:52Z,3,This round has taught me I need way more Jerry+Howard Wales in my life. Shit damn. ,24d7d597fa5b441f99d78859d3a1713b
spotify:track:5Jnjl1B4GnSIdOI5mTyYKf,49a5ff7c4466457eb8016aaf873224cb,2025-04-24T19:31:52Z,1,Pretty damn great but felt like it really kept going and going and going... could've cut it about halfway and been an incredible track. ,24d7d597fa5b441f99d78859d3a1713b
spotify:track:630BRNBbtoGSwneoWVXTXt,49a5ff7c4466457eb8016aaf873224cb,2025-04-24T19:31:52Z,2,Fuck yeah.,24d7d597fa5b441f99d78859d3a1713b
spotify:track:6jPVwIdtUl2pn7SCXBIQL2,49a5ff7c4466457eb8016aaf873224cb,2025-04-24T19:31:52Z,1,Just sloppy and out of tune enough.,24d7d597fa5b441f99d78859d3a1713b
spotify:track:6s4SsCgoN4YhsdjP7HkWhc,49a5ff7c4466457eb8016aaf873224cb,2025-04-24T19:31:52Z,1,"Way too saxy. Also man Jerry sounds rough. Overall cool jam, I guess. Best part was when it ended. ",24d7d597fa5b441f99d78859d3a1713b
spotify:track:7C8LYd0gWShnWlVtJkfyu4,49a5ff7c4466457eb8016aaf873224cb,2025-04-24T19:31:52Z,1,Ahoy. ,24d7d597fa5b441f99d78859d3a1713b
spotify:track:2IIhbJscRETqE6uud1P1Pl,0b4377c224ba402d97adce848425da90,2025-04-24T20:39:42Z,2,Phenomenal groove,24d7d597fa5b441f99d78859d3a1713b
spotify:track:0H2ivFFUeSTOHfUTDirdgT,0b4377c224ba402d97adce848425da90,2025-04-24T20:39:42Z,3,"Well, sure, if you’re into the greatest Sugaree of all time. ",24d7d597fa5b441f99d78859d3a1713b
spotify:track:29MH51JBndOhaShPbeDJCt,0b4377c224ba402d97adce848425da90,2025-04-24T20:39:42Z,0,Too cute,24d7d597fa5b441f99d78859d3a1713b
spotify:track:3GOQbwyBIaVFDK6eGoQoYB,0b4377c224ba402d97adce848425da90,2025-04-24T20:39:42Z,1,,24d7d597fa5b441f99d78859d3a1713b
spotify:track:3I3t5aIBIbIaHeLvLbflxa,0b4377c224ba402d97adce848425da90,2025-04-24T20:39:42Z,0,"Usually I like this tune, but it just didn’t stack up here. ",24d7d597fa5b441f99d78859d3a1713b
spotify:track:4rdqVIkfzxY24OE5whDltT,0b4377c224ba402d97adce848425da90,2025-04-24T20:39:42Z,1,"Slow version, but it got there",24d7d597fa5b441f99d78859d3a1713b
spotify:track:55A7jJDPQQbodlqOvjAzSS,0b4377c224ba402d97adce848425da90,2025-04-24T20:39:42Z,1,"A+ version, but Phil is driving",24d7d597fa5b441f99d78859d3a1713b
spotify:track:55PnOCL9GV7Y3yXv2EDhVl,0b4377c224ba402d97adce848425da90,2025-04-24T20:39:42Z,2,"Forgot about this song, and it’s great. ",24d7d597fa5b441f99d78859d3a1713b
spotify:track:5EYwvVG7VJwLIFzECFLhQy,0b4377c224ba402d97adce848425da90,2025-04-24T20:39:42Z,1,Love this song. I always thought it would be great in a movie scene. ,24d7d597fa5b441f99d78859d3a1713b
spotify:track:5Jnjl1B4GnSIdOI5mTyYKf,0b4377c224ba402d97adce848425da90,2025-04-24T20:39:42Z,2,Jerry is nasty on this one and pretty good vocals for JGB,24d7d597fa5b441f99d78859d3a1713b
spotify:track:630BRNBbtoGSwneoWVXTXt,0b4377c224ba402d97adce848425da90,2025-04-24T20:39:42Z,1,,24d7d597fa5b441f99d78859d3a1713b
spotify:track:6jPVwIdtUl2pn7SCXBIQL2,0b4377c224ba402d97adce848425da90,2025-04-24T20:39:42Z,1,,24d7d597fa5b441f99d78859d3a1713b
spotify:track:6s4SsCgoN4YhsdjP7HkWhc,0b4377c224ba402d97adce848425da90,2025-04-24T20:39:42Z,1,,24d7d597fa5b441f99d78859d3a1713b
spotify:track:29MH51JBndOhaShPbeDJCt,7fdceb56429c4e38939c3e5ee41bfdd0,2025-04-24T20:58:06Z,0,"What’s the deal with Jerry? I mean, he’s a Jerry. But he’s not the Jerry. He’s Jerry Paper. I bet he could spare a square. ",24d7d597fa5b441f99d78859d3a1713b
spotify:track:3GOQbwyBIaVFDK6eGoQoYB,7fdceb56429c4e38939c3e5ee41bfdd0,2025-04-24T20:58:06Z,2,,24d7d597fa5b441f99d78859d3a1713b
spotify:track:3I3t5aIBIbIaHeLvLbflxa,7fdceb56429c4e38939c3e5ee41bfdd0,2025-04-24T20:58:06Z,1,,24d7d597fa5b441f99d78859d3a1713b
spotify:track:0H2ivFFUeSTOHfUTDirdgT,7fdceb56429c4e38939c3e5ee41bfdd0,2025-04-24T20:58:06Z,2,Nice Jerry soloing,24d7d597fa5b441f99d78859d3a1713b
spotify:track:3RZ8VoZuRGyIWnEZwdWEuJ,7fdceb56429c4e38939c3e5ee41bfdd0,2025-04-24T20:58:06Z,2,,24d7d597fa5b441f99d78859d3a1713b
spotify:track:4rdqVIkfzxY24OE5whDltT,7fdceb56429c4e38939c3e5ee41bfdd0,2025-04-24T20:58:06Z,1,,24d7d597fa5b441f99d78859d3a1713b
spotify:track:55A7jJDPQQbodlqOvjAzSS,7fdceb56429c4e38939c3e5ee41bfdd0,2025-04-24T20:58:06Z,2,,24d7d597fa5b441f99d78859d3a1713b
spotify:track:5EYwvVG7VJwLIFzECFLhQy,7fdceb56429c4e38939c3e5ee41bfdd0,2025-04-24T20:58:06Z,1,,24d7d597fa5b441f99d78859d3a1713b
spotify:track:630BRNBbtoGSwneoWVXTXt,7fdceb56429c4e38939c3e5ee41bfdd0,2025-04-24T20:58:06Z,2,,24d7d597fa5b441f99d78859d3a1713b
spotify:track:6jPVwIdtUl2pn7SCXBIQL2,7fdceb56429c4e38939c3e5ee41bfdd0,2025-04-24T20:58:06Z,2,,24d7d597fa5b441f99d78859d3a1713b
spotify:track:7C8LYd0gWShnWlVtJkfyu4,7fdceb56429c4e38939c3e5ee41bfdd0,2025-04-24T20:58:06Z,1,,24d7d597fa5b441f99d78859d3a1713b
spotify:track:6s4SsCgoN4YhsdjP7HkWhc,a2909b31d1c04d728cfcf68ca0d73cca,2025-04-24T21:10:50Z,1,,24d7d597fa5b441f99d78859d3a1713b
spotify:track:29MH51JBndOhaShPbeDJCt,a2909b31d1c04d728cfcf68ca0d73cca,2025-04-24T21:10:50Z,1,+1 for creativity,24d7d597fa5b441f99d78859d3a1713b
spotify:track:2IIhbJscRETqE6uud1P1Pl,a2909b31d1c04d728cfcf68ca0d73cca,2025-04-24T21:10:50Z,2,Very different from the Jerry I know. Love it,24d7d597fa5b441f99d78859d3a1713b
spotify:track:3GOQbwyBIaVFDK6eGoQoYB,a2909b31d1c04d728cfcf68ca0d73cca,2025-04-24T21:10:50Z,1,,24d7d597fa5b441f99d78859d3a1713b
spotify:track:3I3t5aIBIbIaHeLvLbflxa,a2909b31d1c04d728cfcf68ca0d73cca,2025-04-24T21:10:50Z,1,,24d7d597fa5b441f99d78859d3a1713b
spotify:track:3RZ8VoZuRGyIWnEZwdWEuJ,a2909b31d1c04d728cfcf68ca0d73cca,2025-04-24T21:10:50Z,1,,24d7d597fa5b441f99d78859d3a1713b
spotify:track:4rdqVIkfzxY24OE5whDltT,a2909b31d1c04d728cfcf68ca0d73cca,2025-04-24T21:10:50Z,1,,24d7d597fa5b441f99d78859d3a1713b
spotify:track:55A7jJDPQQbodlqOvjAzSS,a2909b31d1c04d728cfcf68ca0d73cca,2025-04-24T21:10:50Z,1,,24d7d597fa5b441f99d78859d3a1713b
spotify:track:55PnOCL9GV7Y3yXv2EDhVl,a2909b31d1c04d728cfcf68ca0d73cca,2025-04-24T21:10:50Z,1,,24d7d597fa5b441f99d78859d3a1713b
spotify:track:5EYwvVG7VJwLIFzECFLhQy,a2909b31d1c04d728cfcf68ca0d73cca,2025-04-24T21:10:50Z,2,,24d7d597fa5b441f99d78859d3a1713b
spotify:track:5Jnjl1B4GnSIdOI5mTyYKf,a2909b31d1c04d728cfcf68ca0d73cca,2025-04-24T21:10:50Z,1,,24d7d597fa5b441f99d78859d3a1713b
spotify:track:630BRNBbtoGSwneoWVXTXt,a2909b31d1c04d728cfcf68ca0d73cca,2025-04-24T21:10:50Z,1,,24d7d597fa5b441f99d78859d3a1713b
spotify:track:6jPVwIdtUl2pn7SCXBIQL2,a2909b31d1c04d728cfcf68ca0d73cca,2025-04-24T21:10:50Z,1,,24d7d597fa5b441f99d78859d3a1713b
spotify:track:0H2ivFFUeSTOHfUTDirdgT,a2909b31d1c04d728cfcf68ca0d73cca,2025-04-24T21:10:50Z,1,,24d7d597fa5b441f99d78859d3a1713b
spotify:track:3GOQbwyBIaVFDK6eGoQoYB,605866a938e54c5da212fc8595186729,2025-04-24T21:53:53Z,1,,24d7d597fa5b441f99d78859d3a1713b
spotify:track:3I3t5aIBIbIaHeLvLbflxa,605866a938e54c5da212fc8595186729,2025-04-24T21:53:53Z,2,,24d7d597fa5b441f99d78859d3a1713b
spotify:track:3RZ8VoZuRGyIWnEZwdWEuJ,605866a938e54c5da212fc8595186729,2025-04-24T21:53:53Z,1,,24d7d597fa5b441f99d78859d3a1713b
spotify:track:4rdqVIkfzxY24OE5whDltT,605866a938e54c5da212fc8595186729,2025-04-24T21:53:53Z,1,,24d7d597fa5b441f99d78859d3a1713b
spotify:track:55A7jJDPQQbodlqOvjAzSS,605866a938e54c5da212fc8595186729,2025-04-24T21:53:53Z,2,,24d7d597fa5b441f99d78859d3a1713b
spotify:track:55PnOCL9GV7Y3yXv2EDhVl,605866a938e54c5da212fc8595186729,2025-04-24T21:53:53Z,1,,24d7d597fa5b441f99d78859d3a1713b
spotify:track:5EYwvVG7VJwLIFzECFLhQy,605866a938e54c5da212fc8595186729,2025-04-24T21:53:53Z,2,,24d7d597fa5b441f99d78859d3a1713b
spotify:track:630BRNBbtoGSwneoWVXTXt,605866a938e54c5da212fc8595186729,2025-04-24T21:53:53Z,1,,24d7d597fa5b441f99d78859d3a1713b
spotify:track:6jPVwIdtUl2pn7SCXBIQL2,605866a938e54c5da212fc8595186729,2025-04-24T21:53:53Z,1,,24d7d597fa5b441f99d78859d3a1713b
spotify:track:6s4SsCgoN4YhsdjP7HkWhc,605866a938e54c5da212fc8595186729,2025-04-24T21:53:53Z,2,,24d7d597fa5b441f99d78859d3a1713b
spotify:track:7C8LYd0gWShnWlVtJkfyu4,605866a938e54c5da212fc8595186729,2025-04-24T21:53:53Z,1,,24d7d597fa5b441f99d78859d3a1713b
spotify:track:2IIhbJscRETqE6uud1P1Pl,605866a938e54c5da212fc8595186729,2025-04-24T21:53:53Z,1,,24d7d597fa5b441f99d78859d3a1713b
spotify:track:3RZ8VoZuRGyIWnEZwdWEuJ,9b7e03ea90dd46db9779dc21eb04ca5a,2025-04-25T00:49:07Z,3,,24d7d597fa5b441f99d78859d3a1713b
spotify:track:2IIhbJscRETqE6uud1P1Pl,9b7e03ea90dd46db9779dc21eb04ca5a,2025-04-25T00:49:07Z,2,,24d7d597fa5b441f99d78859d3a1713b
spotify:track:3GOQbwyBIaVFDK6eGoQoYB,9b7e03ea90dd46db9779dc21eb04ca5a,2025-04-25T00:49:07Z,1,,24d7d597fa5b441f99d78859d3a1713b
spotify:track:3I3t5aIBIbIaHeLvLbflxa,9b7e03ea90dd46db9779dc21eb04ca5a,2025-04-25T00:49:07Z,1,,24d7d597fa5b441f99d78859d3a1713b
spotify:track:4rdqVIkfzxY24OE5whDltT,9b7e03ea90dd46db9779dc21eb04ca5a,2025-04-25T00:49:07Z,2,,24d7d597fa5b441f99d78859d3a1713b
spotify:track:55PnOCL9GV7Y3yXv2EDhVl,9b7e03ea90dd46db9779dc21eb04ca5a,2025-04-25T00:49:07Z,1,,24d7d597fa5b441f99d78859d3a1713b
spotify:track:5EYwvVG7VJwLIFzECFLhQy,9b7e03ea90dd46db9779dc21eb04ca5a,2025-04-25T00:49:07Z,2,,24d7d597fa5b441f99d78859d3a1713b
spotify:track:5Jnjl1B4GnSIdOI5mTyYKf,9b7e03ea90dd46db9779dc21eb04ca5a,2025-04-25T00:49:07Z,1,,24d7d597fa5b441f99d78859d3a1713b
spotify:track:630BRNBbtoGSwneoWVXTXt,9b7e03ea90dd46db9779dc21eb04ca5a,2025-04-25T00:49:07Z,1,,24d7d597fa5b441f99d78859d3a1713b
spotify:track:6jPVwIdtUl2pn7SCXBIQL2,9b7e03ea90dd46db9779dc21eb04ca5a,2025-04-25T00:49:07Z,1,,24d7d597fa5b441f99d78859d3a1713b
spotify:track:6s4SsCgoN4YhsdjP7HkWhc,9b7e03ea90dd46db9779dc21eb04ca5a,2025-04-25T00:49:07Z,1,,24d7d597fa5b441f99d78859d3a1713b
spotify:track:29MH51JBndOhaShPbeDJCt,7acfbf6ff4234d00875b58e7b2ec389d,2025-04-25T01:35:03Z,1,,24d7d597fa5b441f99d78859d3a1713b
spotify:track:2IIhbJscRETqE6uud1P1Pl,7acfbf6ff4234d00875b58e7b2ec389d,2025-04-25T01:35:03Z,2,,24d7d597fa5b441f99d78859d3a1713b
spotify:track:3GOQbwyBIaVFDK6eGoQoYB,7acfbf6ff4234d00875b58e7b2ec389d,2025-04-25T01:35:03Z,2,,24d7d597fa5b441f99d78859d3a1713b
spotify:track:3I3t5aIBIbIaHeLvLbflxa,7acfbf6ff4234d00875b58e7b2ec389d,2025-04-25T01:35:03Z,2,,24d7d597fa5b441f99d78859d3a1713b
spotify:track:3RZ8VoZuRGyIWnEZwdWEuJ,7acfbf6ff4234d00875b58e7b2ec389d,2025-04-25T01:35:03Z,1,,24d7d597fa5b441f99d78859d3a1713b
spotify:track:4rdqVIkfzxY24OE5whDltT,7acfbf6ff4234d00875b58e7b2ec389d,2025-04-25T01:35:03Z,1,,24d7d597fa5b441f99d78859d3a1713b
spotify:track:5Jnjl1B4GnSIdOI5mTyYKf,7acfbf6ff4234d00875b58e7b2ec389d,2025-04-25T01:35:03Z,1,,24d7d597fa5b441f99d78859d3a1713b
spotify:track:630BRNBbtoGSwneoWVXTXt,7acfbf6ff4234d00875b58e7b2ec389d,2025-04-25T01:35:03Z,1,,24d7d597fa5b441f99d78859d3a1713b
spotify:track:6jPVwIdtUl2pn7SCXBIQL2,7acfbf6ff4234d00875b58e7b2ec389d,2025-04-25T01:35:03Z,2,,24d7d597fa5b441f99d78859d3a1713b
spotify:track:6s4SsCgoN4YhsdjP7HkWhc,7acfbf6ff4234d00875b58e7b2ec389d,2025-04-25T01:35:03Z,2,,24d7d597fa5b441f99d78859d3a1713b
spotify:track:7C8LYd0gWShnWlVtJkfyu4,7acfbf6ff4234d00875b58e7b2ec389d,2025-04-25T01:35:03Z,1,,24d7d597fa5b441f99d78859d3a1713b
spotify:track:2IIhbJscRETqE6uud1P1Pl,4e117e3021d7466c8bf0b654f8357418,2025-04-25T03:41:38Z,1,,24d7d597fa5b441f99d78859d3a1713b
spotify:track:3GOQbwyBIaVFDK6eGoQoYB,4e117e3021d7466c8bf0b654f8357418,2025-04-25T03:41:38Z,2,,24d7d597fa5b441f99d78859d3a1713b
spotify:track:3I3t5aIBIbIaHeLvLbflxa,4e117e3021d7466c8bf0b654f8357418,2025-04-25T03:41:38Z,1,,24d7d597fa5b441f99d78859d3a1713b
spotify:track:3RZ8VoZuRGyIWnEZwdWEuJ,4e117e3021d7466c8bf0b654f8357418,2025-04-25T03:41:38Z,2,,24d7d597fa5b441f99d78859d3a1713b
spotify:track:4rdqVIkfzxY24OE5whDltT,4e117e3021d7466c8bf0b654f8357418,2025-04-25T03:41:38Z,2,,24d7d597fa5b441f99d78859d3a1713b
spotify:track:55PnOCL9GV7Y3yXv2EDhVl,4e117e3021d7466c8bf0b654f8357418,2025-04-25T03:41:38Z,1,,24d7d597fa5b441f99d78859d3a1713b
spotify:track:5Jnjl1B4GnSIdOI5mTyYKf,4e117e3021d7466c8bf0b654f8357418,2025-04-25T03:41:38Z,1,A three bagger if we could just lift those Sarah vocals,24d7d597fa5b441f99d78859d3a1713b
spotify:track:630BRNBbtoGSwneoWVXTXt,4e117e3021d7466c8bf0b654f8357418,2025-04-25T03:41:38Z,2,,24d7d597fa5b441f99d78859d3a1713b
spotify:track:6jPVwIdtUl2pn7SCXBIQL2,4e117e3021d7466c8bf0b654f8357418,2025-04-25T03:41:38Z,2,,24d7d597fa5b441f99d78859d3a1713b
spotify:track:6s4SsCgoN4YhsdjP7HkWhc,4e117e3021d7466c8bf0b654f8357418,2025-04-25T03:41:38Z,1,,24d7d597fa5b441f99d78859d3a1713b
spotify:track:7C8LYd0gWShnWlVtJkfyu4,4e117e3021d7466c8bf0b654f8357418,2025-04-25T03:41:38Z,1,,24d7d597fa5b441f99d78859d3a1713b
spotify:track:2IIhbJscRETqE6uud1P1Pl,e5c2390073644e979f43e744c33e6c60,2025-04-25T12:28:41Z,3,,24d7d597fa5b441f99d78859d3a1713b
spotify:track:3GOQbwyBIaVFDK6eGoQoYB,e5c2390073644e979f43e744c33e6c60,2025-04-25T12:28:41Z,2,,24d7d597fa5b441f99d78859d3a1713b
spotify:track:3I3t5aIBIbIaHeLvLbflxa,e5c2390073644e979f43e744c33e6c60,2025-04-25T12:28:41Z,1,,24d7d597fa5b441f99d78859d3a1713b
spotify:track:4rdqVIkfzxY24OE5whDltT,e5c2390073644e979f43e744c33e6c60,2025-04-25T12:28:41Z,2,,24d7d597fa5b441f99d78859d3a1713b
spotify:track:55PnOCL9GV7Y3yXv2EDhVl,e5c2390073644e979f43e744c33e6c60,2025-04-25T12:28:41Z,1,,24d7d597fa5b441f99d78859d3a1713b
spotify:track:5EYwvVG7VJwLIFzECFLhQy,e5c2390073644e979f43e744c33e6c60,2025-04-25T12:28:41Z,2,"So when my cleaning out my parents house after my dad passed was going through his old record collection, mostly folk music and random stuff I suddenly found this album. Neither one of my parents liked the dead or Jerry so I was dumbfounded. I asked my mom about it and she goes “ Oh yeah that’s mine my cousin Howard plays piano or something!” I was 40 and just finding out we’re related",24d7d597fa5b441f99d78859d3a1713b
spotify:track:5Jnjl1B4GnSIdOI5mTyYKf,e5c2390073644e979f43e744c33e6c60,2025-04-25T12:28:41Z,2,,24d7d597fa5b441f99d78859d3a1713b
spotify:track:6jPVwIdtUl2pn7SCXBIQL2,e5c2390073644e979f43e744c33e6c60,2025-04-25T12:28:41Z,1,,24d7d597fa5b441f99d78859d3a1713b
spotify:track:6s4SsCgoN4YhsdjP7HkWhc,e5c2390073644e979f43e744c33e6c60,2025-04-25T12:28:41Z,1,,24d7d597fa5b441f99d78859d3a1713b
spotify:track:7C8LYd0gWShnWlVtJkfyu4,e5c2390073644e979f43e744c33e6c60,2025-04-25T12:28:41Z,1,,24d7d597fa5b441f99d78859d3a1713b
spotify:track:0nc2E5PBnwVyE8T0bWIJBx,d0b05ef03f5e4598a3e8532b812c3330,2025-04-27T15:28:19Z,2,,62f9836389fe4737857b1cae5e46422f
spotify:track:0HOrDVS349XFcpCYsO2hAP,d0b05ef03f5e4598a3e8532b812c3330,2025-04-27T15:28:19Z,1,,62f9836389fe4737857b1cae5e46422f
spotify:track:1FwFVKRNX1IV4eEZSGGg5M,d0b05ef03f5e4598a3e8532b812c3330,2025-04-27T15:28:19Z,4,Brave of you. This slaps. ,62f9836389fe4737857b1cae5e46422f
spotify:track:2TXLiR7TNeAIRy7fvavgYO,d0b05ef03f5e4598a3e8532b812c3330,2025-04-27T15:28:19Z,5,Yes yes and yes. Michigan has the coolest music. ,62f9836389fe4737857b1cae5e46422f
spotify:track:3gYTkCLPutGr4qF8PMqipB,d0b05ef03f5e4598a3e8532b812c3330,2025-04-27T15:28:19Z,1,,62f9836389fe4737857b1cae5e46422f
spotify:track:4qM461TqtpnP4GLRIXwEnW,d0b05ef03f5e4598a3e8532b812c3330,2025-04-27T15:28:19Z,1,,62f9836389fe4737857b1cae5e46422f
spotify:track:4wswaG5vmNINMZcVBsAyBP,d0b05ef03f5e4598a3e8532b812c3330,2025-04-27T15:28:19Z,1,,62f9836389fe4737857b1cae5e46422f
spotify:track:5UXxCIO3NRmsoaGey58BcL,d0b05ef03f5e4598a3e8532b812c3330,2025-04-27T15:28:19Z,0,Great tune just not the vibe ,62f9836389fe4737857b1cae5e46422f
spotify:track:5zldKan8Pu2rPegmeY0wIV,d0b05ef03f5e4598a3e8532b812c3330,2025-04-27T15:28:19Z,0,Sorry memo ,62f9836389fe4737857b1cae5e46422f
spotify:track:7aLn70gMnbTCVGoIro42Kd,d0b05ef03f5e4598a3e8532b812c3330,2025-04-27T15:28:19Z,1,,62f9836389fe4737857b1cae5e46422f
spotify:track:0HOrDVS349XFcpCYsO2hAP,bf3a904d73564b6c97f9e47c5429b767,2025-04-27T21:58:38Z,2,,62f9836389fe4737857b1cae5e46422f
spotify:track:0WoOHWp82bWaFBwrox1oGA,bf3a904d73564b6c97f9e47c5429b767,2025-04-27T21:58:38Z,1,,62f9836389fe4737857b1cae5e46422f
spotify:track:16x9viSmRS3PII71Pdeowc,bf3a904d73564b6c97f9e47c5429b767,2025-04-27T21:58:38Z,1,,62f9836389fe4737857b1cae5e46422f
spotify:track:1FwFVKRNX1IV4eEZSGGg5M,bf3a904d73564b6c97f9e47c5429b767,2025-04-27T21:58:38Z,2,,62f9836389fe4737857b1cae5e46422f
spotify:track:2TXLiR7TNeAIRy7fvavgYO,bf3a904d73564b6c97f9e47c5429b767,2025-04-27T21:58:38Z,2,,62f9836389fe4737857b1cae5e46422f
spotify:track:3gYTkCLPutGr4qF8PMqipB,bf3a904d73564b6c97f9e47c5429b767,2025-04-27T21:58:38Z,1,,62f9836389fe4737857b1cae5e46422f
spotify:track:4fQMGlCawbTkH9yPPZ49kP,bf3a904d73564b6c97f9e47c5429b767,2025-04-27T21:58:38Z,2,,62f9836389fe4737857b1cae5e46422f
spotify:track:4qM461TqtpnP4GLRIXwEnW,bf3a904d73564b6c97f9e47c5429b767,2025-04-27T21:58:38Z,2,,62f9836389fe4737857b1cae5e46422f
spotify:track:4wswaG5vmNINMZcVBsAyBP,bf3a904d73564b6c97f9e47c5429b767,2025-04-27T21:58:38Z,1,,62f9836389fe4737857b1cae5e46422f
spotify:track:5zldKan8Pu2rPegmeY0wIV,bf3a904d73564b6c97f9e47c5429b767,2025-04-27T21:58:38Z,1,,62f9836389fe4737857b1cae5e46422f
spotify:track:7aLn70gMnbTCVGoIro42Kd,bf3a904d73564b6c97f9e47c5429b767,2025-04-27T21:58:38Z,1,,62f9836389fe4737857b1cae5e46422f
spotify:track:0nc2E5PBnwVyE8T0bWIJBx,49a5ff7c4466457eb8016aaf873224cb,2025-04-27T23:45:03Z,2,Alright. ,62f9836389fe4737857b1cae5e46422f
spotify:track:0WoOHWp82bWaFBwrox1oGA,49a5ff7c4466457eb8016aaf873224cb,2025-04-27T23:45:03Z,1,Word. ,62f9836389fe4737857b1cae5e46422f
spotify:track:16x9viSmRS3PII71Pdeowc,49a5ff7c4466457eb8016aaf873224cb,2025-04-27T23:45:03Z,1,Word. ,62f9836389fe4737857b1cae5e46422f
spotify:track:1FwFVKRNX1IV4eEZSGGg5M,49a5ff7c4466457eb8016aaf873224cb,2025-04-27T23:45:03Z,0,No. ,62f9836389fe4737857b1cae5e46422f
spotify:track:2TXLiR7TNeAIRy7fvavgYO,49a5ff7c4466457eb8016aaf873224cb,2025-04-27T23:45:03Z,1,Word up. ,62f9836389fe4737857b1cae5e46422f
spotify:track:3gYTkCLPutGr4qF8PMqipB,49a5ff7c4466457eb8016aaf873224cb,2025-04-27T23:45:03Z,2,Niceness. ,62f9836389fe4737857b1cae5e46422f
spotify:track:4fQMGlCawbTkH9yPPZ49kP,49a5ff7c4466457eb8016aaf873224cb,2025-04-27T23:45:03Z,3,Good primer. Especially useful for sending to the juke before you enter the establishment. Walk-in music is important. Great choice for song 1. ,62f9836389fe4737857b1cae5e46422f
spotify:track:4pryE6cN2gFL1FVF5fYINl,49a5ff7c4466457eb8016aaf873224cb,2025-04-27T23:45:03Z,0,Spund’s panic pick? ,62f9836389fe4737857b1cae5e46422f
spotify:track:4qM461TqtpnP4GLRIXwEnW,49a5ff7c4466457eb8016aaf873224cb,2025-04-27T23:45:03Z,1,"Strong open. Could’ve use a little foreplay, though. ",62f9836389fe4737857b1cae5e46422f
spotify:track:4wswaG5vmNINMZcVBsAyBP,49a5ff7c4466457eb8016aaf873224cb,2025-04-27T23:45:03Z,2,Would. ,62f9836389fe4737857b1cae5e46422f
spotify:track:5UXxCIO3NRmsoaGey58BcL,49a5ff7c4466457eb8016aaf873224cb,2025-04-27T23:45:03Z,0,What kinda joint we in here? Nice tune but idk about for the prompt. ,62f9836389fe4737857b1cae5e46422f
spotify:track:5zldKan8Pu2rPegmeY0wIV,49a5ff7c4466457eb8016aaf873224cb,2025-04-27T23:45:03Z,1,Don’t know it. Not exactly my style for the juke. But nice one. ,62f9836389fe4737857b1cae5e46422f
spotify:track:7aLn70gMnbTCVGoIro42Kd,49a5ff7c4466457eb8016aaf873224cb,2025-04-27T23:45:03Z,1,I do love this tune. I’d probably have the place warmed up before going with it.,62f9836389fe4737857b1cae5e46422f
spotify:track:7EZC6E7UjZe63f1jRmkWxt,49a5ff7c4466457eb8016aaf873224cb,2025-04-27T23:45:03Z,1,Fine enough pick and I have too many points give. Here’s 1,62f9836389fe4737857b1cae5e46422f
spotify:track:0WoOHWp82bWaFBwrox1oGA,8453d173315c468e8134e2527a658ba5,2025-04-27T23:47:08Z,1,,62f9836389fe4737857b1cae5e46422f
spotify:track:16x9viSmRS3PII71Pdeowc,8453d173315c468e8134e2527a658ba5,2025-04-27T23:47:08Z,3,,62f9836389fe4737857b1cae5e46422f
spotify:track:2TXLiR7TNeAIRy7fvavgYO,8453d173315c468e8134e2527a658ba5,2025-04-27T23:47:08Z,4,I was going to go with Fire Lake. ,62f9836389fe4737857b1cae5e46422f
spotify:track:4fQMGlCawbTkH9yPPZ49kP,8453d173315c468e8134e2527a658ba5,2025-04-27T23:47:08Z,1,,62f9836389fe4737857b1cae5e46422f
spotify:track:4pryE6cN2gFL1FVF5fYINl,8453d173315c468e8134e2527a658ba5,2025-04-27T23:47:08Z,2,,62f9836389fe4737857b1cae5e46422f
spotify:track:4qM461TqtpnP4GLRIXwEnW,8453d173315c468e8134e2527a658ba5,2025-04-27T23:47:08Z,1,,62f9836389fe4737857b1cae5e46422f
spotify:track:7aLn70gMnbTCVGoIro42Kd,8453d173315c468e8134e2527a658ba5,2025-04-27T23:47:08Z,2,,62f9836389fe4737857b1cae5e46422f
spotify:track:7EZC6E7UjZe63f1jRmkWxt,8453d173315c468e8134e2527a658ba5,2025-04-27T23:47:08Z,2,,62f9836389fe4737857b1cae5e46422f
spotify:track:16x9viSmRS3PII71Pdeowc,605866a938e54c5da212fc8595186729,2025-04-28T01:49:47Z,3,,62f9836389fe4737857b1cae5e46422f
spotify:track:1FwFVKRNX1IV4eEZSGGg5M,605866a938e54c5da212fc8595186729,2025-04-28T01:49:47Z,1,Chaos!,62f9836389fe4737857b1cae5e46422f
spotify:track:2TXLiR7TNeAIRy7fvavgYO,605866a938e54c5da212fc8595186729,2025-04-28T01:49:47Z,2,,62f9836389fe4737857b1cae5e46422f
spotify:track:3gYTkCLPutGr4qF8PMqipB,605866a938e54c5da212fc8595186729,2025-04-28T01:49:47Z,3,,62f9836389fe4737857b1cae5e46422f
spotify:track:4fQMGlCawbTkH9yPPZ49kP,605866a938e54c5da212fc8595186729,2025-04-28T01:49:47Z,2,,62f9836389fe4737857b1cae5e46422f
spotify:track:4pryE6cN2gFL1FVF5fYINl,605866a938e54c5da212fc8595186729,2025-04-28T01:49:47Z,1,,62f9836389fe4737857b1cae5e46422f
spotify:track:4qM461TqtpnP4GLRIXwEnW,605866a938e54c5da212fc8595186729,2025-04-28T01:49:47Z,1,,62f9836389fe4737857b1cae5e46422f
spotify:track:4wswaG5vmNINMZcVBsAyBP,605866a938e54c5da212fc8595186729,2025-04-28T01:49:47Z,1,,62f9836389fe4737857b1cae5e46422f
spotify:track:7aLn70gMnbTCVGoIro42Kd,605866a938e54c5da212fc8595186729,2025-04-28T01:49:47Z,1,,62f9836389fe4737857b1cae5e46422f
spotify:track:7EZC6E7UjZe63f1jRmkWxt,605866a938e54c5da212fc8595186729,2025-04-28T01:49:47Z,1,,62f9836389fe4737857b1cae5e46422f
spotify:track:0HOrDVS349XFcpCYsO2hAP,ce76a5e6ff274137bb5127db7065d9a8,2025-04-28T12:29:20Z,0,"There are songs that I’ve heard a million times but still work for me, this just isn’t one of them",62f9836389fe4737857b1cae5e46422f
spotify:track:0nc2E5PBnwVyE8T0bWIJBx,ce76a5e6ff274137bb5127db7065d9a8,2025-04-28T12:29:20Z,2,,62f9836389fe4737857b1cae5e46422f
spotify:track:0WoOHWp82bWaFBwrox1oGA,ce76a5e6ff274137bb5127db7065d9a8,2025-04-28T12:29:20Z,0,Not feeling it for this vibe right now. Might come back for a point,62f9836389fe4737857b1cae5e46422f
spotify:track:16x9viSmRS3PII71Pdeowc,ce76a5e6ff274137bb5127db7065d9a8,2025-04-28T12:29:20Z,3,Probably my favorite of this round (besides mine),62f9836389fe4737857b1cae5e46422f
spotify:track:1FwFVKRNX1IV4eEZSGGg5M,ce76a5e6ff274137bb5127db7065d9a8,2025-04-28T12:29:20Z,0,I really think when I saw them live it gave me the permanent ick. Haven’t gotten over it,62f9836389fe4737857b1cae5e46422f
spotify:track:3gYTkCLPutGr4qF8PMqipB,ce76a5e6ff274137bb5127db7065d9a8,2025-04-28T12:29:20Z,0,Idk why this just didn’t hit in the moment ,62f9836389fe4737857b1cae5e46422f
spotify:track:4fQMGlCawbTkH9yPPZ49kP,ce76a5e6ff274137bb5127db7065d9a8,2025-04-28T12:29:20Z,1,,62f9836389fe4737857b1cae5e46422f
spotify:track:4pryE6cN2gFL1FVF5fYINl,ce76a5e6ff274137bb5127db7065d9a8,2025-04-28T12:29:20Z,0,Not at the dive bar I’m imagining ,62f9836389fe4737857b1cae5e46422f
spotify:track:4qM461TqtpnP4GLRIXwEnW,ce76a5e6ff274137bb5127db7065d9a8,2025-04-28T12:29:20Z,1,,62f9836389fe4737857b1cae5e46422f
spotify:track:4wswaG5vmNINMZcVBsAyBP,ce76a5e6ff274137bb5127db7065d9a8,2025-04-28T12:29:20Z,1,Not my favorite of his but man I love George,62f9836389fe4737857b1cae5e46422f
spotify:track:5UXxCIO3NRmsoaGey58BcL,ce76a5e6ff274137bb5127db7065d9a8,2025-04-28T12:29:20Z,1,,62f9836389fe4737857b1cae5e46422f
spotify:track:5zldKan8Pu2rPegmeY0wIV,ce76a5e6ff274137bb5127db7065d9a8,2025-04-28T12:29:20Z,2,"You earned one point. But since I’ve never heard it, it has jukebox in the name, and it’s different, I’m giving you my last remaining point cuz",62f9836389fe4737857b1cae5e46422f
spotify:track:7aLn70gMnbTCVGoIro42Kd,ce76a5e6ff274137bb5127db7065d9a8,2025-04-28T12:29:20Z,2,,62f9836389fe4737857b1cae5e46422f
spotify:track:7EZC6E7UjZe63f1jRmkWxt,ce76a5e6ff274137bb5127db7065d9a8,2025-04-28T12:29:20Z,3,Lol fuck yeah you’re getting 3,62f9836389fe4737857b1cae5e46422f
spotify:track:0HOrDVS349XFcpCYsO2hAP,183c5f6ed1b147099842917a9576c8f4,2025-04-28T12:55:49Z,2,Great barroom song,62f9836389fe4737857b1cae5e46422f
spotify:track:0nc2E5PBnwVyE8T0bWIJBx,183c5f6ed1b147099842917a9576c8f4,2025-04-28T12:55:49Z,2,,62f9836389fe4737857b1cae5e46422f
spotify:track:0WoOHWp82bWaFBwrox1oGA,183c5f6ed1b147099842917a9576c8f4,2025-04-28T12:55:49Z,1,,62f9836389fe4737857b1cae5e46422f
spotify:track:16x9viSmRS3PII71Pdeowc,183c5f6ed1b147099842917a9576c8f4,2025-04-28T12:55:49Z,2,The chorus in the second half really got me. Barroom hero status achieved. ,62f9836389fe4737857b1cae5e46422f
spotify:track:1FwFVKRNX1IV4eEZSGGg5M,183c5f6ed1b147099842917a9576c8f4,2025-04-28T12:55:49Z,1,,62f9836389fe4737857b1cae5e46422f
spotify:track:2TXLiR7TNeAIRy7fvavgYO,183c5f6ed1b147099842917a9576c8f4,2025-04-28T12:55:49Z,1,Guess there needs to be a song for closing time. ,62f9836389fe4737857b1cae5e46422f
spotify:track:3gYTkCLPutGr4qF8PMqipB,183c5f6ed1b147099842917a9576c8f4,2025-04-28T12:55:49Z,2,,62f9836389fe4737857b1cae5e46422f
spotify:track:4pryE6cN2gFL1FVF5fYINl,183c5f6ed1b147099842917a9576c8f4,2025-04-28T12:55:49Z,2,"At the right bar, this fucks ",62f9836389fe4737857b1cae5e46422f
spotify:track:4qM461TqtpnP4GLRIXwEnW,183c5f6ed1b147099842917a9576c8f4,2025-04-28T12:55:49Z,0,I'd want different Phil. In too many rotations of bad DJs,62f9836389fe4737857b1cae5e46422f
spotify:track:4wswaG5vmNINMZcVBsAyBP,183c5f6ed1b147099842917a9576c8f4,2025-04-28T12:55:49Z,2,"Nice combo of for the masses but also ""your crew"". Used to have it on some early Napster playlists for college parties. ",62f9836389fe4737857b1cae5e46422f
spotify:track:5UXxCIO3NRmsoaGey58BcL,183c5f6ed1b147099842917a9576c8f4,2025-04-28T12:55:49Z,0,"I liked the song, love Roger, but not a bar song. ",62f9836389fe4737857b1cae5e46422f
spotify:track:5zldKan8Pu2rPegmeY0wIV,183c5f6ed1b147099842917a9576c8f4,2025-04-28T12:55:49Z,0,"Despite its name, not a jukebox song. Too long, intricacies get drowned out by the clanking, not particularly a fun song. ",62f9836389fe4737857b1cae5e46422f
spotify:track:7aLn70gMnbTCVGoIro42Kd,183c5f6ed1b147099842917a9576c8f4,2025-04-28T12:55:49Z,1,,62f9836389fe4737857b1cae5e46422f
spotify:track:7EZC6E7UjZe63f1jRmkWxt,183c5f6ed1b147099842917a9576c8f4,2025-04-28T12:55:49Z,0,Just can't see myself reaching for the cranberries in that make or break TouchTunes moment ,62f9836389fe4737857b1cae5e46422f
spotify:track:0nc2E5PBnwVyE8T0bWIJBx,1c89e947d02949ed86d05ec22a7350bf,2025-04-28T15:03:04Z,0,eh its alright,62f9836389fe4737857b1cae5e46422f
spotify:track:0HOrDVS349XFcpCYsO2hAP,1c89e947d02949ed86d05ec22a7350bf,2025-04-28T15:03:04Z,1,,62f9836389fe4737857b1cae5e46422f
spotify:track:0WoOHWp82bWaFBwrox1oGA,1c89e947d02949ed86d05ec22a7350bf,2025-04-28T15:03:04Z,2,,62f9836389fe4737857b1cae5e46422f
spotify:track:16x9viSmRS3PII71Pdeowc,1c89e947d02949ed86d05ec22a7350bf,2025-04-28T15:03:04Z,1,,62f9836389fe4737857b1cae5e46422f
spotify:track:1FwFVKRNX1IV4eEZSGGg5M,1c89e947d02949ed86d05ec22a7350bf,2025-04-28T15:03:04Z,2,,62f9836389fe4737857b1cae5e46422f
spotify:track:2TXLiR7TNeAIRy7fvavgYO,1c89e947d02949ed86d05ec22a7350bf,2025-04-28T15:03:04Z,2,,62f9836389fe4737857b1cae5e46422f
spotify:track:3gYTkCLPutGr4qF8PMqipB,1c89e947d02949ed86d05ec22a7350bf,2025-04-28T15:03:04Z,2,,62f9836389fe4737857b1cae5e46422f
spotify:track:4fQMGlCawbTkH9yPPZ49kP,1c89e947d02949ed86d05ec22a7350bf,2025-04-28T15:03:04Z,2,,62f9836389fe4737857b1cae5e46422f
spotify:track:4wswaG5vmNINMZcVBsAyBP,1c89e947d02949ed86d05ec22a7350bf,2025-04-28T15:03:04Z,2,,62f9836389fe4737857b1cae5e46422f
spotify:track:5zldKan8Pu2rPegmeY0wIV,1c89e947d02949ed86d05ec22a7350bf,2025-04-28T15:03:04Z,2,dont know these guys - would be good dive bar background music,62f9836389fe4737857b1cae5e46422f
spotify:track:0nc2E5PBnwVyE8T0bWIJBx,4e117e3021d7466c8bf0b654f8357418,2025-04-28T16:43:50Z,2,,62f9836389fe4737857b1cae5e46422f
spotify:track:0WoOHWp82bWaFBwrox1oGA,4e117e3021d7466c8bf0b654f8357418,2025-04-28T16:43:50Z,2,,62f9836389fe4737857b1cae5e46422f
spotify:track:16x9viSmRS3PII71Pdeowc,4e117e3021d7466c8bf0b654f8357418,2025-04-28T16:43:50Z,2,,62f9836389fe4737857b1cae5e46422f
spotify:track:3gYTkCLPutGr4qF8PMqipB,4e117e3021d7466c8bf0b654f8357418,2025-04-28T16:43:50Z,2,,62f9836389fe4737857b1cae5e46422f
spotify:track:4fQMGlCawbTkH9yPPZ49kP,4e117e3021d7466c8bf0b654f8357418,2025-04-28T16:43:50Z,1,I think this has a better chance of getting all the locals to leave the bar and play a pickup game of baseball. ,62f9836389fe4737857b1cae5e46422f
spotify:track:0HOrDVS349XFcpCYsO2hAP,4e117e3021d7466c8bf0b654f8357418,2025-04-28T16:43:50Z,1,,62f9836389fe4737857b1cae5e46422f
spotify:track:4qM461TqtpnP4GLRIXwEnW,4e117e3021d7466c8bf0b654f8357418,2025-04-28T16:43:50Z,3,,62f9836389fe4737857b1cae5e46422f
spotify:track:7aLn70gMnbTCVGoIro42Kd,4e117e3021d7466c8bf0b654f8357418,2025-04-28T16:43:50Z,2,,62f9836389fe4737857b1cae5e46422f
spotify:track:7EZC6E7UjZe63f1jRmkWxt,4e117e3021d7466c8bf0b654f8357418,2025-04-28T16:43:50Z,1,,62f9836389fe4737857b1cae5e46422f
spotify:track:0HOrDVS349XFcpCYsO2hAP,7fdceb56429c4e38939c3e5ee41bfdd0,2025-04-28T18:56:57Z,1,,62f9836389fe4737857b1cae5e46422f
spotify:track:0nc2E5PBnwVyE8T0bWIJBx,7fdceb56429c4e38939c3e5ee41bfdd0,2025-04-28T18:56:57Z,1,,62f9836389fe4737857b1cae5e46422f
spotify:track:0WoOHWp82bWaFBwrox1oGA,7fdceb56429c4e38939c3e5ee41bfdd0,2025-04-28T18:56:57Z,1,,62f9836389fe4737857b1cae5e46422f
spotify:track:16x9viSmRS3PII71Pdeowc,7fdceb56429c4e38939c3e5ee41bfdd0,2025-04-28T18:56:57Z,3,,62f9836389fe4737857b1cae5e46422f
spotify:track:4fQMGlCawbTkH9yPPZ49kP,7fdceb56429c4e38939c3e5ee41bfdd0,2025-04-28T18:56:57Z,3,,62f9836389fe4737857b1cae5e46422f
spotify:track:4qM461TqtpnP4GLRIXwEnW,7fdceb56429c4e38939c3e5ee41bfdd0,2025-04-28T18:56:57Z,1,,62f9836389fe4737857b1cae5e46422f
spotify:track:5UXxCIO3NRmsoaGey58BcL,7fdceb56429c4e38939c3e5ee41bfdd0,2025-04-28T18:56:57Z,3,,62f9836389fe4737857b1cae5e46422f
spotify:track:5zldKan8Pu2rPegmeY0wIV,7fdceb56429c4e38939c3e5ee41bfdd0,2025-04-28T18:56:57Z,2,,62f9836389fe4737857b1cae5e46422f
spotify:track:7EZC6E7UjZe63f1jRmkWxt,7fdceb56429c4e38939c3e5ee41bfdd0,2025-04-28T18:56:57Z,1,,62f9836389fe4737857b1cae5e46422f
spotify:track:0HOrDVS349XFcpCYsO2hAP,0b4377c224ba402d97adce848425da90,2025-04-28T19:06:09Z,0,"Even putting aside the intentional stuttering to make fun of his brother, I don’t like how this guy pronounces words. ",62f9836389fe4737857b1cae5e46422f
spotify:track:0nc2E5PBnwVyE8T0bWIJBx,0b4377c224ba402d97adce848425da90,2025-04-28T19:06:09Z,1,Fun song ,62f9836389fe4737857b1cae5e46422f
spotify:track:0WoOHWp82bWaFBwrox1oGA,0b4377c224ba402d97adce848425da90,2025-04-28T19:06:09Z,2,Classic. This track desperately needs a remaster. ,62f9836389fe4737857b1cae5e46422f
spotify:track:16x9viSmRS3PII71Pdeowc,0b4377c224ba402d97adce848425da90,2025-04-28T19:06:09Z,2,Good advice for Buddy Miles. This guy sounds so intense. It shreds though. ,62f9836389fe4737857b1cae5e46422f
spotify:track:1FwFVKRNX1IV4eEZSGGg5M,0b4377c224ba402d97adce848425da90,2025-04-28T19:06:09Z,0,Wow these lyrics really stretch credulity,62f9836389fe4737857b1cae5e46422f
spotify:track:2TXLiR7TNeAIRy7fvavgYO,0b4377c224ba402d97adce848425da90,2025-04-28T19:06:09Z,1,Solid,62f9836389fe4737857b1cae5e46422f
spotify:track:3gYTkCLPutGr4qF8PMqipB,0b4377c224ba402d97adce848425da90,2025-04-28T19:06:09Z,0,Why is he screaming so much and is he holding his breath in between these outbursts?,62f9836389fe4737857b1cae5e46422f
spotify:track:4fQMGlCawbTkH9yPPZ49kP,0b4377c224ba402d97adce848425da90,2025-04-28T19:06:09Z,5,The goods,62f9836389fe4737857b1cae5e46422f
spotify:track:4pryE6cN2gFL1FVF5fYINl,0b4377c224ba402d97adce848425da90,2025-04-28T19:06:09Z,0,When I think dive bar I do not think Silk Sonic. ,62f9836389fe4737857b1cae5e46422f
spotify:track:4qM461TqtpnP4GLRIXwEnW,0b4377c224ba402d97adce848425da90,2025-04-28T19:06:09Z,3,Banger,62f9836389fe4737857b1cae5e46422f
spotify:track:4wswaG5vmNINMZcVBsAyBP,0b4377c224ba402d97adce848425da90,2025-04-28T19:06:09Z,2,Catchy as fuck,62f9836389fe4737857b1cae5e46422f
spotify:track:5UXxCIO3NRmsoaGey58BcL,0b4377c224ba402d97adce848425da90,2025-04-28T19:06:09Z,0,Something about this mix threw me off a few times.,62f9836389fe4737857b1cae5e46422f
spotify:track:5zldKan8Pu2rPegmeY0wIV,0b4377c224ba402d97adce848425da90,2025-04-28T19:06:09Z,0,What the fuck is he mumbling about? I prefer Juke Box Mama. ,62f9836389fe4737857b1cae5e46422f
spotify:track:7EZC6E7UjZe63f1jRmkWxt,0b4377c224ba402d97adce848425da90,2025-04-28T19:06:09Z,0,Really? This is a fairly depressing song for a bar. ,62f9836389fe4737857b1cae5e46422f
spotify:track:4fQMGlCawbTkH9yPPZ49kP,9b7e03ea90dd46db9779dc21eb04ca5a,2025-04-28T19:37:27Z,1,,62f9836389fe4737857b1cae5e46422f
spotify:track:0HOrDVS349XFcpCYsO2hAP,9b7e03ea90dd46db9779dc21eb04ca5a,2025-04-28T19:37:27Z,0,yeah but a little overplayed at this point,62f9836389fe4737857b1cae5e46422f
spotify:track:0WoOHWp82bWaFBwrox1oGA,9b7e03ea90dd46db9779dc21eb04ca5a,2025-04-28T19:37:27Z,4,"shit, take my points. My son's name is Miles partially due to Buddy",62f9836389fe4737857b1cae5e46422f
spotify:track:1FwFVKRNX1IV4eEZSGGg5M,9b7e03ea90dd46db9779dc21eb04ca5a,2025-04-28T19:37:27Z,2,Can't deny the Vulf. ,62f9836389fe4737857b1cae5e46422f
spotify:track:2TXLiR7TNeAIRy7fvavgYO,9b7e03ea90dd46db9779dc21eb04ca5a,2025-04-28T19:37:27Z,1,"I know this would get Detroiters pumped, but a little yawn for me ",62f9836389fe4737857b1cae5e46422f
spotify:track:3gYTkCLPutGr4qF8PMqipB,9b7e03ea90dd46db9779dc21eb04ca5a,2025-04-28T19:37:27Z,2,Van the Man,62f9836389fe4737857b1cae5e46422f
spotify:track:4qM461TqtpnP4GLRIXwEnW,9b7e03ea90dd46db9779dc21eb04ca5a,2025-04-28T19:37:27Z,0,would get be bobbing my head for a few secs before wanting a skip,62f9836389fe4737857b1cae5e46422f
spotify:track:4wswaG5vmNINMZcVBsAyBP,9b7e03ea90dd46db9779dc21eb04ca5a,2025-04-28T19:37:27Z,1,,62f9836389fe4737857b1cae5e46422f
spotify:track:5UXxCIO3NRmsoaGey58BcL,9b7e03ea90dd46db9779dc21eb04ca5a,2025-04-28T19:37:27Z,0,fun and unique just wish there were drums and bass,62f9836389fe4737857b1cae5e46422f
spotify:track:5zldKan8Pu2rPegmeY0wIV,9b7e03ea90dd46db9779dc21eb04ca5a,2025-04-28T19:37:27Z,1,,62f9836389fe4737857b1cae5e46422f
spotify:track:7aLn70gMnbTCVGoIro42Kd,9b7e03ea90dd46db9779dc21eb04ca5a,2025-04-28T19:37:27Z,3,,62f9836389fe4737857b1cae5e46422f
spotify:track:7EZC6E7UjZe63f1jRmkWxt,9b7e03ea90dd46db9779dc21eb04ca5a,2025-04-28T19:37:27Z,1,,62f9836389fe4737857b1cae5e46422f
spotify:track:0HOrDVS349XFcpCYsO2hAP,e5c2390073644e979f43e744c33e6c60,2025-04-29T01:10:38Z,2,,62f9836389fe4737857b1cae5e46422f
spotify:track:16x9viSmRS3PII71Pdeowc,e5c2390073644e979f43e744c33e6c60,2025-04-29T01:10:38Z,1,,62f9836389fe4737857b1cae5e46422f
spotify:track:2TXLiR7TNeAIRy7fvavgYO,e5c2390073644e979f43e744c33e6c60,2025-04-29T01:10:38Z,2,,62f9836389fe4737857b1cae5e46422f
spotify:track:3gYTkCLPutGr4qF8PMqipB,e5c2390073644e979f43e744c33e6c60,2025-04-29T01:10:38Z,2,,62f9836389fe4737857b1cae5e46422f
spotify:track:4fQMGlCawbTkH9yPPZ49kP,e5c2390073644e979f43e744c33e6c60,2025-04-29T01:10:38Z,2,,62f9836389fe4737857b1cae5e46422f
spotify:track:4pryE6cN2gFL1FVF5fYINl,e5c2390073644e979f43e744c33e6c60,2025-04-29T01:10:38Z,2,,62f9836389fe4737857b1cae5e46422f
spotify:track:4qM461TqtpnP4GLRIXwEnW,e5c2390073644e979f43e744c33e6c60,2025-04-29T01:10:38Z,2,,62f9836389fe4737857b1cae5e46422f
spotify:track:7aLn70gMnbTCVGoIro42Kd,e5c2390073644e979f43e744c33e6c60,2025-04-29T01:10:38Z,2,,62f9836389fe4737857b1cae5e46422f
spotify:track:7EZC6E7UjZe63f1jRmkWxt,e5c2390073644e979f43e744c33e6c60,2025-04-29T01:10:38Z,1,,62f9836389fe4737857b1cae5e46422f
spotify:track:7aLn70gMnbTCVGoIro42Kd,7acfbf6ff4234d00875b58e7b2ec389d,2025-04-29T07:53:26Z,3,,62f9836389fe4737857b1cae5e46422f
spotify:track:0nc2E5PBnwVyE8T0bWIJBx,7acfbf6ff4234d00875b58e7b2ec389d,2025-04-29T07:53:26Z,5,,62f9836389fe4737857b1cae5e46422f
spotify:track:0WoOHWp82bWaFBwrox1oGA,7acfbf6ff4234d00875b58e7b2ec389d,2025-04-29T07:53:26Z,1,,62f9836389fe4737857b1cae5e46422f
spotify:track:1FwFVKRNX1IV4eEZSGGg5M,7acfbf6ff4234d00875b58e7b2ec389d,2025-04-29T07:53:26Z,1,,62f9836389fe4737857b1cae5e46422f
spotify:track:2TXLiR7TNeAIRy7fvavgYO,7acfbf6ff4234d00875b58e7b2ec389d,2025-04-29T07:53:26Z,3,,62f9836389fe4737857b1cae5e46422f
spotify:track:3gYTkCLPutGr4qF8PMqipB,7acfbf6ff4234d00875b58e7b2ec389d,2025-04-29T07:53:26Z,1,,62f9836389fe4737857b1cae5e46422f
spotify:track:5zldKan8Pu2rPegmeY0wIV,7acfbf6ff4234d00875b58e7b2ec389d,2025-04-29T07:53:26Z,2,,62f9836389fe4737857b1cae5e46422f
spotify:track:4fQMGlCawbTkH9yPPZ49kP,a2909b31d1c04d728cfcf68ca0d73cca,2025-04-29T10:38:59Z,1,,62f9836389fe4737857b1cae5e46422f
spotify:track:4pryE6cN2gFL1FVF5fYINl,a2909b31d1c04d728cfcf68ca0d73cca,2025-04-29T10:38:59Z,1,,62f9836389fe4737857b1cae5e46422f
spotify:track:4wswaG5vmNINMZcVBsAyBP,a2909b31d1c04d728cfcf68ca0d73cca,2025-04-29T10:38:59Z,1,,62f9836389fe4737857b1cae5e46422f
spotify:track:5UXxCIO3NRmsoaGey58BcL,a2909b31d1c04d728cfcf68ca0d73cca,2025-04-29T10:38:59Z,1,,62f9836389fe4737857b1cae5e46422f
spotify:track:5zldKan8Pu2rPegmeY0wIV,a2909b31d1c04d728cfcf68ca0d73cca,2025-04-29T10:38:59Z,1,,62f9836389fe4737857b1cae5e46422f
spotify:track:7aLn70gMnbTCVGoIro42Kd,a2909b31d1c04d728cfcf68ca0d73cca,2025-04-29T10:38:59Z,2,,62f9836389fe4737857b1cae5e46422f
spotify:track:7EZC6E7UjZe63f1jRmkWxt,a2909b31d1c04d728cfcf68ca0d73cca,2025-04-29T10:38:59Z,1,,62f9836389fe4737857b1cae5e46422f
spotify:track:0HOrDVS349XFcpCYsO2hAP,a2909b31d1c04d728cfcf68ca0d73cca,2025-04-29T10:38:59Z,1,Classic. ,62f9836389fe4737857b1cae5e46422f
spotify:track:0nc2E5PBnwVyE8T0bWIJBx,a2909b31d1c04d728cfcf68ca0d73cca,2025-04-29T10:38:59Z,1,"“Alright, alright, alright.” -Matthew McConaughey",62f9836389fe4737857b1cae5e46422f
spotify:track:0WoOHWp82bWaFBwrox1oGA,a2909b31d1c04d728cfcf68ca0d73cca,2025-04-29T10:38:59Z,1,,62f9836389fe4737857b1cae5e46422f
spotify:track:16x9viSmRS3PII71Pdeowc,a2909b31d1c04d728cfcf68ca0d73cca,2025-04-29T10:38:59Z,2,,62f9836389fe4737857b1cae5e46422f
spotify:track:1FwFVKRNX1IV4eEZSGGg5M,a2909b31d1c04d728cfcf68ca0d73cca,2025-04-29T10:38:59Z,1,The locals near me aren’t cool enough to appreciate this. ,62f9836389fe4737857b1cae5e46422f
spotify:track:2TXLiR7TNeAIRy7fvavgYO,a2909b31d1c04d728cfcf68ca0d73cca,2025-04-29T10:38:59Z,1,,62f9836389fe4737857b1cae5e46422f
spotify:track:3gYTkCLPutGr4qF8PMqipB,a2909b31d1c04d728cfcf68ca0d73cca,2025-04-29T10:38:59Z,1,,62f9836389fe4737857b1cae5e46422f
spotify:track:1JhesS1R3qHkHwcFMTF5EA,ce76a5e6ff274137bb5127db7065d9a8,2025-05-01T14:28:26Z,1,"7,523 monthly listeners ",98b840b5652549da84ef8db8dab2f7d3
spotify:track:1Rdy7hNryZrUAcHbXF2aLo,ce76a5e6ff274137bb5127db7065d9a8,2025-05-01T14:28:26Z,-2,"28.8k monthly listeners

Oof. Sorry Diskin changed up the rules on you last minute ",98b840b5652549da84ef8db8dab2f7d3
spotify:track:1xhz0RlOVHEqxobHkLwmDo,ce76a5e6ff274137bb5127db7065d9a8,2025-05-01T14:28:26Z,2,"612.6k monthly listeners

This is nice",98b840b5652549da84ef8db8dab2f7d3
spotify:track:2Q05KOAMF7ZSDPEhBPoODa,ce76a5e6ff274137bb5127db7065d9a8,2025-05-01T14:28:26Z,2,"586 monthly listeners 

I can’t even remember if I recognize the artists whose names are in English. Also this is good",98b840b5652549da84ef8db8dab2f7d3
spotify:track:2q20N3vdzHUEYaIpLeyzwl,ce76a5e6ff274137bb5127db7065d9a8,2025-05-01T14:28:26Z,2,"111 monthly listeners. 

A bonus point for being the lowest total monthly listeners ",98b840b5652549da84ef8db8dab2f7d3
spotify:track:4s3EYWNCgZaILmn4lqvAsL,ce76a5e6ff274137bb5127db7065d9a8,2025-05-01T14:28:26Z,-1,"745.5k monthly listeners

Didn’t really do anything for me. And giving a -1 for having the most total monthly listeners ",98b840b5652549da84ef8db8dab2f7d3
spotify:track:5pRpPmMdvAM0sHInhqRZXl,ce76a5e6ff274137bb5127db7065d9a8,2025-05-01T14:28:26Z,-2,"135k monthly listeners 

No I do not know the actual artist. But I know the song. That funky solo in the middle is solid. But I’d rather listen to most of the rest of these songs. ",98b840b5652549da84ef8db8dab2f7d3
spotify:track:6472wicLkgAWuku1GdVIbJ,ce76a5e6ff274137bb5127db7065d9a8,2025-05-01T14:28:26Z,1,25.9k monthly listeners ,98b840b5652549da84ef8db8dab2f7d3
spotify:track:6YvZWDts3yeRdxxby3DKkl,ce76a5e6ff274137bb5127db7065d9a8,2025-05-01T14:28:26Z,3,"2,255 monthly listeners 

Think this is my fav of the week",98b840b5652549da84ef8db8dab2f7d3
spotify:track:7xYZP2cOCYF1HZKz6zzKmE,ce76a5e6ff274137bb5127db7065d9a8,2025-05-01T14:28:26Z,1,"7,692 monthly listeners ",98b840b5652549da84ef8db8dab2f7d3
spotify:track:06U3Uya6qDvUB6iVjMPiBG,ce76a5e6ff274137bb5127db7065d9a8,2025-05-01T14:28:26Z,2,"1,195 monthly listeners",98b840b5652549da84ef8db8dab2f7d3
spotify:track:0AvHKpI768IrIR6QC6Irue,ce76a5e6ff274137bb5127db7065d9a8,2025-05-01T14:28:26Z,0,"256.4k monthly listeners 

Didn’t really like it, but it did get better as more instruments came in",98b840b5652549da84ef8db8dab2f7d3
spotify:track:0Hegsw5X6iSKhY5Gzx1y9O,ce76a5e6ff274137bb5127db7065d9a8,2025-05-01T14:28:26Z,1,78.9k monthly listeners ,98b840b5652549da84ef8db8dab2f7d3
spotify:track:0iToY4V0Q5Uuc1xju5cxrn,ce76a5e6ff274137bb5127db7065d9a8,2025-05-01T14:28:26Z,1,"8,901 monthly listeners ",98b840b5652549da84ef8db8dab2f7d3
spotify:track:0iToY4V0Q5Uuc1xju5cxrn,d0b05ef03f5e4598a3e8532b812c3330,2025-05-01T16:09:17Z,1,,98b840b5652549da84ef8db8dab2f7d3
spotify:track:7xYZP2cOCYF1HZKz6zzKmE,d0b05ef03f5e4598a3e8532b812c3330,2025-05-01T16:09:17Z,1,,98b840b5652549da84ef8db8dab2f7d3
spotify:track:6YvZWDts3yeRdxxby3DKkl,d0b05ef03f5e4598a3e8532b812c3330,2025-05-01T16:09:17Z,1,oh baby this grooves,98b840b5652549da84ef8db8dab2f7d3
spotify:track:6472wicLkgAWuku1GdVIbJ,d0b05ef03f5e4598a3e8532b812c3330,2025-05-01T16:09:17Z,3,prob may fav,98b840b5652549da84ef8db8dab2f7d3
spotify:track:5pRpPmMdvAM0sHInhqRZXl,d0b05ef03f5e4598a3e8532b812c3330,2025-05-01T16:09:17Z,1,you got me. point for you. ,98b840b5652549da84ef8db8dab2f7d3
spotify:track:4s3EYWNCgZaILmn4lqvAsL,d0b05ef03f5e4598a3e8532b812c3330,2025-05-01T16:09:17Z,0,Great tune but heard of Marc before. ,98b840b5652549da84ef8db8dab2f7d3
spotify:track:2q20N3vdzHUEYaIpLeyzwl,d0b05ef03f5e4598a3e8532b812c3330,2025-05-01T16:09:17Z,1,,98b840b5652549da84ef8db8dab2f7d3
spotify:track:2Q05KOAMF7ZSDPEhBPoODa,d0b05ef03f5e4598a3e8532b812c3330,2025-05-01T16:09:17Z,1,,98b840b5652549da84ef8db8dab2f7d3
spotify:track:1XlWiglZK3Odz77zQz00vY,d0b05ef03f5e4598a3e8532b812c3330,2025-05-01T16:09:17Z,1,,98b840b5652549da84ef8db8dab2f7d3
spotify:track:1Rdy7hNryZrUAcHbXF2aLo,d0b05ef03f5e4598a3e8532b812c3330,2025-05-01T16:09:17Z,-5,How dare you and who do you think you are?,98b840b5652549da84ef8db8dab2f7d3
spotify:track:06U3Uya6qDvUB6iVjMPiBG,d0b05ef03f5e4598a3e8532b812c3330,2025-05-01T16:09:17Z,1,Solid but a little boring...,98b840b5652549da84ef8db8dab2f7d3
spotify:track:0AvHKpI768IrIR6QC6Irue,d0b05ef03f5e4598a3e8532b812c3330,2025-05-01T16:09:17Z,2,,98b840b5652549da84ef8db8dab2f7d3
spotify:track:0Hegsw5X6iSKhY5Gzx1y9O,d0b05ef03f5e4598a3e8532b812c3330,2025-05-01T16:09:17Z,1,Love this,98b840b5652549da84ef8db8dab2f7d3
spotify:track:1JhesS1R3qHkHwcFMTF5EA,d0b05ef03f5e4598a3e8532b812c3330,2025-05-01T16:09:17Z,2,awesome,98b840b5652549da84ef8db8dab2f7d3
spotify:track:2q20N3vdzHUEYaIpLeyzwl,49a5ff7c4466457eb8016aaf873224cb,2025-05-01T17:44:14Z,1,Ok. ,98b840b5652549da84ef8db8dab2f7d3
spotify:track:06U3Uya6qDvUB6iVjMPiBG,49a5ff7c4466457eb8016aaf873224cb,2025-05-01T17:44:14Z,2,Nifty. ,98b840b5652549da84ef8db8dab2f7d3
spotify:track:0AvHKpI768IrIR6QC6Irue,49a5ff7c4466457eb8016aaf873224cb,2025-05-01T17:44:14Z,2,Cool. ,98b840b5652549da84ef8db8dab2f7d3
spotify:track:0Hegsw5X6iSKhY5Gzx1y9O,49a5ff7c4466457eb8016aaf873224cb,2025-05-01T17:44:14Z,-1,A krang by any other bin would sound as meh,98b840b5652549da84ef8db8dab2f7d3
spotify:track:0iToY4V0Q5Uuc1xju5cxrn,49a5ff7c4466457eb8016aaf873224cb,2025-05-01T17:44:14Z,3,Super dank. ,98b840b5652549da84ef8db8dab2f7d3
spotify:track:1JhesS1R3qHkHwcFMTF5EA,49a5ff7c4466457eb8016aaf873224cb,2025-05-01T17:44:14Z,1,Fine. ,98b840b5652549da84ef8db8dab2f7d3
spotify:track:1xhz0RlOVHEqxobHkLwmDo,49a5ff7c4466457eb8016aaf873224cb,2025-05-01T17:44:14Z,1,Fine. ,98b840b5652549da84ef8db8dab2f7d3
spotify:track:1XlWiglZK3Odz77zQz00vY,49a5ff7c4466457eb8016aaf873224cb,2025-05-01T17:44:14Z,2,Word. ,98b840b5652549da84ef8db8dab2f7d3
spotify:track:2Q05KOAMF7ZSDPEhBPoODa,49a5ff7c4466457eb8016aaf873224cb,2025-05-01T17:44:14Z,1,Merp. ,98b840b5652549da84ef8db8dab2f7d3
spotify:track:4s3EYWNCgZaILmn4lqvAsL,49a5ff7c4466457eb8016aaf873224cb,2025-05-01T17:44:14Z,-3,Fuck you. ,98b840b5652549da84ef8db8dab2f7d3
spotify:track:5pRpPmMdvAM0sHInhqRZXl,49a5ff7c4466457eb8016aaf873224cb,2025-05-01T17:44:14Z,-1,I was actually in this band when I was 5. See headshot. ,98b840b5652549da84ef8db8dab2f7d3
spotify:track:6472wicLkgAWuku1GdVIbJ,49a5ff7c4466457eb8016aaf873224cb,2025-05-01T17:44:14Z,2,Spiff. ,98b840b5652549da84ef8db8dab2f7d3
spotify:track:6YvZWDts3yeRdxxby3DKkl,49a5ff7c4466457eb8016aaf873224cb,2025-05-01T17:44:14Z,0,Annoying. ,98b840b5652549da84ef8db8dab2f7d3
spotify:track:7xYZP2cOCYF1HZKz6zzKmE,49a5ff7c4466457eb8016aaf873224cb,2025-05-01T17:44:14Z,1,Fine. ,98b840b5652549da84ef8db8dab2f7d3
spotify:track:0Hegsw5X6iSKhY5Gzx1y9O,bf3a904d73564b6c97f9e47c5429b767,2025-05-01T19:17:42Z,1,,98b840b5652549da84ef8db8dab2f7d3
spotify:track:0iToY4V0Q5Uuc1xju5cxrn,bf3a904d73564b6c97f9e47c5429b767,2025-05-01T19:17:42Z,2,butter,98b840b5652549da84ef8db8dab2f7d3
spotify:track:1JhesS1R3qHkHwcFMTF5EA,bf3a904d73564b6c97f9e47c5429b767,2025-05-01T19:17:42Z,2,"Know this tune, its a good one.",98b840b5652549da84ef8db8dab2f7d3
spotify:track:0AvHKpI768IrIR6QC6Irue,bf3a904d73564b6c97f9e47c5429b767,2025-05-01T19:17:42Z,1,,98b840b5652549da84ef8db8dab2f7d3
spotify:track:1Rdy7hNryZrUAcHbXF2aLo,bf3a904d73564b6c97f9e47c5429b767,2025-05-01T19:17:42Z,-5,lol,98b840b5652549da84ef8db8dab2f7d3
spotify:track:06U3Uya6qDvUB6iVjMPiBG,bf3a904d73564b6c97f9e47c5429b767,2025-05-01T19:17:42Z,2,,98b840b5652549da84ef8db8dab2f7d3
spotify:track:1xhz0RlOVHEqxobHkLwmDo,bf3a904d73564b6c97f9e47c5429b767,2025-05-01T19:17:42Z,1,,98b840b5652549da84ef8db8dab2f7d3
spotify:track:1XlWiglZK3Odz77zQz00vY,bf3a904d73564b6c97f9e47c5429b767,2025-05-01T19:17:42Z,1,,98b840b5652549da84ef8db8dab2f7d3
spotify:track:2q20N3vdzHUEYaIpLeyzwl,bf3a904d73564b6c97f9e47c5429b767,2025-05-01T19:17:42Z,1,,98b840b5652549da84ef8db8dab2f7d3
spotify:track:4s3EYWNCgZaILmn4lqvAsL,bf3a904d73564b6c97f9e47c5429b767,2025-05-01T19:17:42Z,1,,98b840b5652549da84ef8db8dab2f7d3
spotify:track:5pRpPmMdvAM0sHInhqRZXl,bf3a904d73564b6c97f9e47c5429b767,2025-05-01T19:17:42Z,1,I was literally just listening to this the other day.,98b840b5652549da84ef8db8dab2f7d3
spotify:track:6472wicLkgAWuku1GdVIbJ,bf3a904d73564b6c97f9e47c5429b767,2025-05-01T19:17:42Z,1,,98b840b5652549da84ef8db8dab2f7d3
spotify:track:6YvZWDts3yeRdxxby3DKkl,bf3a904d73564b6c97f9e47c5429b767,2025-05-01T19:17:42Z,1,,98b840b5652549da84ef8db8dab2f7d3
spotify:track:7xYZP2cOCYF1HZKz6zzKmE,bf3a904d73564b6c97f9e47c5429b767,2025-05-01T19:17:42Z,1,,98b840b5652549da84ef8db8dab2f7d3
spotify:track:1xhz0RlOVHEqxobHkLwmDo,1c89e947d02949ed86d05ec22a7350bf,2025-05-01T20:37:55Z,0,"bio: ""I do music for my wife and cats"" a little sleepy.  not bad, but not very memorable compared to others on here",98b840b5652549da84ef8db8dab2f7d3
spotify:track:0AvHKpI768IrIR6QC6Irue,1c89e947d02949ed86d05ec22a7350bf,2025-05-01T20:37:55Z,2,"dig her voice, will check out more ",98b840b5652549da84ef8db8dab2f7d3
spotify:track:0Hegsw5X6iSKhY5Gzx1y9O,1c89e947d02949ed86d05ec22a7350bf,2025-05-01T20:37:55Z,0,Would have been + but I clicked on the artist and he looks like a doofus in those sunnies and bucket hat. You're lucky you didnt get some downvotes....,98b840b5652549da84ef8db8dab2f7d3
spotify:track:0iToY4V0Q5Uuc1xju5cxrn,1c89e947d02949ed86d05ec22a7350bf,2025-05-01T20:37:55Z,2,,98b840b5652549da84ef8db8dab2f7d3
spotify:track:1JhesS1R3qHkHwcFMTF5EA,1c89e947d02949ed86d05ec22a7350bf,2025-05-01T20:37:55Z,1,,98b840b5652549da84ef8db8dab2f7d3
spotify:track:1Rdy7hNryZrUAcHbXF2aLo,1c89e947d02949ed86d05ec22a7350bf,2025-05-01T20:37:55Z,-4,this kid has 29K monthly listeners??  gimme a break,98b840b5652549da84ef8db8dab2f7d3
spotify:track:1XlWiglZK3Odz77zQz00vY,1c89e947d02949ed86d05ec22a7350bf,2025-05-01T20:37:55Z,1,,98b840b5652549da84ef8db8dab2f7d3
spotify:track:2Q05KOAMF7ZSDPEhBPoODa,1c89e947d02949ed86d05ec22a7350bf,2025-05-01T20:37:55Z,2,,98b840b5652549da84ef8db8dab2f7d3
spotify:track:2q20N3vdzHUEYaIpLeyzwl,1c89e947d02949ed86d05ec22a7350bf,2025-05-01T20:37:55Z,3,"fav of week? 117 monthly listeners?? These guys are great, clearly need an agent ",98b840b5652549da84ef8db8dab2f7d3
spotify:track:4s3EYWNCgZaILmn4lqvAsL,1c89e947d02949ed86d05ec22a7350bf,2025-05-01T20:37:55Z,1,,98b840b5652549da84ef8db8dab2f7d3
spotify:track:5pRpPmMdvAM0sHInhqRZXl,1c89e947d02949ed86d05ec22a7350bf,2025-05-01T20:37:55Z,0,Youre lucky the titanic sunk,98b840b5652549da84ef8db8dab2f7d3
spotify:track:6472wicLkgAWuku1GdVIbJ,1c89e947d02949ed86d05ec22a7350bf,2025-05-01T20:37:55Z,2,"Like this, will check out more by him ",98b840b5652549da84ef8db8dab2f7d3
spotify:track:6YvZWDts3yeRdxxby3DKkl,1c89e947d02949ed86d05ec22a7350bf,2025-05-01T20:37:55Z,-1,hate the whisper singing,98b840b5652549da84ef8db8dab2f7d3
spotify:track:7xYZP2cOCYF1HZKz6zzKmE,1c89e947d02949ed86d05ec22a7350bf,2025-05-01T20:37:55Z,2,"Great closer, will check out more by them ",98b840b5652549da84ef8db8dab2f7d3
spotify:track:1xhz0RlOVHEqxobHkLwmDo,7fdceb56429c4e38939c3e5ee41bfdd0,2025-05-01T21:02:08Z,1,,98b840b5652549da84ef8db8dab2f7d3
spotify:track:2Q05KOAMF7ZSDPEhBPoODa,7fdceb56429c4e38939c3e5ee41bfdd0,2025-05-01T21:02:08Z,2,Liked it a lot. Would like a little less saxophone in it. ,98b840b5652549da84ef8db8dab2f7d3
spotify:track:2q20N3vdzHUEYaIpLeyzwl,7fdceb56429c4e38939c3e5ee41bfdd0,2025-05-01T21:02:08Z,2,,98b840b5652549da84ef8db8dab2f7d3
spotify:track:4s3EYWNCgZaILmn4lqvAsL,7fdceb56429c4e38939c3e5ee41bfdd0,2025-05-01T21:02:08Z,-3,Good song unfortunately known artist ,98b840b5652549da84ef8db8dab2f7d3
spotify:track:6472wicLkgAWuku1GdVIbJ,7fdceb56429c4e38939c3e5ee41bfdd0,2025-05-01T21:02:08Z,3,I’m here for it,98b840b5652549da84ef8db8dab2f7d3
spotify:track:0iToY4V0Q5Uuc1xju5cxrn,7fdceb56429c4e38939c3e5ee41bfdd0,2025-05-01T21:02:08Z,3,,98b840b5652549da84ef8db8dab2f7d3
spotify:track:6YvZWDts3yeRdxxby3DKkl,7fdceb56429c4e38939c3e5ee41bfdd0,2025-05-01T21:02:08Z,1,,98b840b5652549da84ef8db8dab2f7d3
spotify:track:1JhesS1R3qHkHwcFMTF5EA,7fdceb56429c4e38939c3e5ee41bfdd0,2025-05-01T21:02:08Z,3,,98b840b5652549da84ef8db8dab2f7d3
spotify:track:1Rdy7hNryZrUAcHbXF2aLo,7fdceb56429c4e38939c3e5ee41bfdd0,2025-05-01T21:02:08Z,-2,Funny but also yikes,98b840b5652549da84ef8db8dab2f7d3
spotify:track:0Hegsw5X6iSKhY5Gzx1y9O,7fdceb56429c4e38939c3e5ee41bfdd0,2025-05-01T21:02:08Z,1,,98b840b5652549da84ef8db8dab2f7d3
spotify:track:06U3Uya6qDvUB6iVjMPiBG,4e117e3021d7466c8bf0b654f8357418,2025-05-01T22:43:42Z,-2,Two downvotes for the two times I saw them at Golddiggers,98b840b5652549da84ef8db8dab2f7d3
spotify:track:0iToY4V0Q5Uuc1xju5cxrn,4e117e3021d7466c8bf0b654f8357418,2025-05-01T22:43:42Z,1,,98b840b5652549da84ef8db8dab2f7d3
spotify:track:1JhesS1R3qHkHwcFMTF5EA,4e117e3021d7466c8bf0b654f8357418,2025-05-01T22:43:42Z,4,,98b840b5652549da84ef8db8dab2f7d3
spotify:track:1Rdy7hNryZrUAcHbXF2aLo,4e117e3021d7466c8bf0b654f8357418,2025-05-01T22:43:42Z,-1,,98b840b5652549da84ef8db8dab2f7d3
spotify:track:7xYZP2cOCYF1HZKz6zzKmE,4e117e3021d7466c8bf0b654f8357418,2025-05-01T22:43:42Z,2,,98b840b5652549da84ef8db8dab2f7d3
spotify:track:6472wicLkgAWuku1GdVIbJ,4e117e3021d7466c8bf0b654f8357418,2025-05-01T22:43:42Z,2,,98b840b5652549da84ef8db8dab2f7d3
spotify:track:5pRpPmMdvAM0sHInhqRZXl,4e117e3021d7466c8bf0b654f8357418,2025-05-01T22:43:42Z,-1,-1 for saying “slaps”,98b840b5652549da84ef8db8dab2f7d3
spotify:track:4s3EYWNCgZaILmn4lqvAsL,4e117e3021d7466c8bf0b654f8357418,2025-05-01T22:43:42Z,-1,Know him.  Not my bag. ,98b840b5652549da84ef8db8dab2f7d3
spotify:track:2q20N3vdzHUEYaIpLeyzwl,4e117e3021d7466c8bf0b654f8357418,2025-05-01T22:43:42Z,1,,98b840b5652549da84ef8db8dab2f7d3
spotify:track:2Q05KOAMF7ZSDPEhBPoODa,4e117e3021d7466c8bf0b654f8357418,2025-05-01T22:43:42Z,2,,98b840b5652549da84ef8db8dab2f7d3
spotify:track:1XlWiglZK3Odz77zQz00vY,4e117e3021d7466c8bf0b654f8357418,2025-05-01T22:43:42Z,3,,98b840b5652549da84ef8db8dab2f7d3
spotify:track:1xhz0RlOVHEqxobHkLwmDo,4e117e3021d7466c8bf0b654f8357418,2025-05-01T22:43:42Z,1,,98b840b5652549da84ef8db8dab2f7d3
spotify:track:4s3EYWNCgZaILmn4lqvAsL,183c5f6ed1b147099842917a9576c8f4,2025-05-02T05:42:42Z,-2,Hey I know this guy!,98b840b5652549da84ef8db8dab2f7d3
spotify:track:06U3Uya6qDvUB6iVjMPiBG,183c5f6ed1b147099842917a9576c8f4,2025-05-02T05:42:42Z,1,,98b840b5652549da84ef8db8dab2f7d3
spotify:track:0AvHKpI768IrIR6QC6Irue,183c5f6ed1b147099842917a9576c8f4,2025-05-02T05:42:42Z,2,Loved the strings,98b840b5652549da84ef8db8dab2f7d3
spotify:track:0Hegsw5X6iSKhY5Gzx1y9O,183c5f6ed1b147099842917a9576c8f4,2025-05-02T05:42:42Z,0,Needed more ,98b840b5652549da84ef8db8dab2f7d3
spotify:track:0iToY4V0Q5Uuc1xju5cxrn,183c5f6ed1b147099842917a9576c8f4,2025-05-02T05:42:42Z,1,,98b840b5652549da84ef8db8dab2f7d3
spotify:track:1Rdy7hNryZrUAcHbXF2aLo,183c5f6ed1b147099842917a9576c8f4,2025-05-02T05:42:42Z,-3,Really sorry to downvote your niece's recital piece 😬,98b840b5652549da84ef8db8dab2f7d3
spotify:track:1xhz0RlOVHEqxobHkLwmDo,183c5f6ed1b147099842917a9576c8f4,2025-05-02T05:42:42Z,0,I fuckin hate cats,98b840b5652549da84ef8db8dab2f7d3
spotify:track:1XlWiglZK3Odz77zQz00vY,183c5f6ed1b147099842917a9576c8f4,2025-05-02T05:42:42Z,2,,98b840b5652549da84ef8db8dab2f7d3
spotify:track:2Q05KOAMF7ZSDPEhBPoODa,183c5f6ed1b147099842917a9576c8f4,2025-05-02T05:42:42Z,3,Daydreaming of listening to this with Kenny in a sexy underground Tokyo listening bar. Bonus point for searching in Japanese. Favorite of the week,98b840b5652549da84ef8db8dab2f7d3
spotify:track:2q20N3vdzHUEYaIpLeyzwl,183c5f6ed1b147099842917a9576c8f4,2025-05-02T05:42:42Z,1,,98b840b5652549da84ef8db8dab2f7d3
spotify:track:5pRpPmMdvAM0sHInhqRZXl,183c5f6ed1b147099842917a9576c8f4,2025-05-02T05:42:42Z,1,Childhood favorite ,98b840b5652549da84ef8db8dab2f7d3
spotify:track:6472wicLkgAWuku1GdVIbJ,183c5f6ed1b147099842917a9576c8f4,2025-05-02T05:42:42Z,1,,98b840b5652549da84ef8db8dab2f7d3
spotify:track:6YvZWDts3yeRdxxby3DKkl,183c5f6ed1b147099842917a9576c8f4,2025-05-02T05:42:42Z,2,Would get more if i didn't find the whispering so off putting ,98b840b5652549da84ef8db8dab2f7d3
spotify:track:7xYZP2cOCYF1HZKz6zzKmE,183c5f6ed1b147099842917a9576c8f4,2025-05-02T05:42:42Z,2,Need a tad more pleasure. But sure have my last points,98b840b5652549da84ef8db8dab2f7d3
spotify:track:0AvHKpI768IrIR6QC6Irue,8453d173315c468e8134e2527a658ba5,2025-05-02T11:41:14Z,1,Big Pussy Energy?,98b840b5652549da84ef8db8dab2f7d3
spotify:track:0Hegsw5X6iSKhY5Gzx1y9O,8453d173315c468e8134e2527a658ba5,2025-05-02T11:41:14Z,2,Nice and chill. Bucket hat in his Spotify profile pic puts a cap on his points unfortunately ,98b840b5652549da84ef8db8dab2f7d3
spotify:track:1JhesS1R3qHkHwcFMTF5EA,8453d173315c468e8134e2527a658ba5,2025-05-02T11:41:14Z,1,The first 15 seconds I was all in for 5 points and then it went downhill from there. ,98b840b5652549da84ef8db8dab2f7d3
spotify:track:1Rdy7hNryZrUAcHbXF2aLo,8453d173315c468e8134e2527a658ba5,2025-05-02T11:41:14Z,-4,,98b840b5652549da84ef8db8dab2f7d3
spotify:track:1xhz0RlOVHEqxobHkLwmDo,8453d173315c468e8134e2527a658ba5,2025-05-02T11:41:14Z,1,,98b840b5652549da84ef8db8dab2f7d3
spotify:track:1XlWiglZK3Odz77zQz00vY,8453d173315c468e8134e2527a658ba5,2025-05-02T11:41:14Z,1,,98b840b5652549da84ef8db8dab2f7d3
spotify:track:2Q05KOAMF7ZSDPEhBPoODa,8453d173315c468e8134e2527a658ba5,2025-05-02T11:41:14Z,4,,98b840b5652549da84ef8db8dab2f7d3
spotify:track:2q20N3vdzHUEYaIpLeyzwl,8453d173315c468e8134e2527a658ba5,2025-05-02T11:41:14Z,1,,98b840b5652549da84ef8db8dab2f7d3
spotify:track:4s3EYWNCgZaILmn4lqvAsL,8453d173315c468e8134e2527a658ba5,2025-05-02T11:41:14Z,-1,I’ve seen Marc Broussard live. Give me all your hetty points,98b840b5652549da84ef8db8dab2f7d3
spotify:track:5pRpPmMdvAM0sHInhqRZXl,8453d173315c468e8134e2527a658ba5,2025-05-02T11:41:14Z,0,Ok Spence (Timmy),98b840b5652549da84ef8db8dab2f7d3
spotify:track:6472wicLkgAWuku1GdVIbJ,8453d173315c468e8134e2527a658ba5,2025-05-02T11:41:14Z,1,,98b840b5652549da84ef8db8dab2f7d3
spotify:track:7xYZP2cOCYF1HZKz6zzKmE,8453d173315c468e8134e2527a658ba5,2025-05-02T11:41:14Z,4,,98b840b5652549da84ef8db8dab2f7d3
spotify:track:06U3Uya6qDvUB6iVjMPiBG,0b4377c224ba402d97adce848425da90,2025-05-02T14:56:06Z,2,"Sure it’s Khruangy, but I like their spin on it.",98b840b5652549da84ef8db8dab2f7d3
spotify:track:0AvHKpI768IrIR6QC6Irue,0b4377c224ba402d97adce848425da90,2025-05-02T14:56:06Z,1,,98b840b5652549da84ef8db8dab2f7d3
spotify:track:0Hegsw5X6iSKhY5Gzx1y9O,0b4377c224ba402d97adce848425da90,2025-05-02T14:56:06Z,0,Entirely forgettable each time I listened to it. ,98b840b5652549da84ef8db8dab2f7d3
spotify:track:0iToY4V0Q5Uuc1xju5cxrn,0b4377c224ba402d97adce848425da90,2025-05-02T14:56:06Z,3,"One of my favorites of the week. Sick bass line, great groove, and stays interesting ",98b840b5652549da84ef8db8dab2f7d3
spotify:track:1JhesS1R3qHkHwcFMTF5EA,0b4377c224ba402d97adce848425da90,2025-05-02T14:56:06Z,1,,98b840b5652549da84ef8db8dab2f7d3
spotify:track:1Rdy7hNryZrUAcHbXF2aLo,0b4377c224ba402d97adce848425da90,2025-05-02T14:56:06Z,-1,The real Titanic was a smoother ride,98b840b5652549da84ef8db8dab2f7d3
spotify:track:1xhz0RlOVHEqxobHkLwmDo,0b4377c224ba402d97adce848425da90,2025-05-02T14:56:06Z,1,Lovely ,98b840b5652549da84ef8db8dab2f7d3
spotify:track:1XlWiglZK3Odz77zQz00vY,0b4377c224ba402d97adce848425da90,2025-05-02T14:56:06Z,1,Thought it was Master Blaster at first. ,98b840b5652549da84ef8db8dab2f7d3
spotify:track:2Q05KOAMF7ZSDPEhBPoODa,0b4377c224ba402d97adce848425da90,2025-05-02T14:56:06Z,4,Dope as hell,98b840b5652549da84ef8db8dab2f7d3
spotify:track:2q20N3vdzHUEYaIpLeyzwl,0b4377c224ba402d97adce848425da90,2025-05-02T14:56:06Z,2,Smooth as hell,98b840b5652549da84ef8db8dab2f7d3
spotify:track:4s3EYWNCgZaILmn4lqvAsL,0b4377c224ba402d97adce848425da90,2025-05-02T14:56:06Z,1,,98b840b5652549da84ef8db8dab2f7d3
spotify:track:5pRpPmMdvAM0sHInhqRZXl,0b4377c224ba402d97adce848425da90,2025-05-02T14:56:06Z,-2,"I don’t have to prove shit to you, I’ve heard this song a million times. It is certainly not obscure. And it’s not like you unearthed some obscure band, these appear to be Disney employees. ",98b840b5652549da84ef8db8dab2f7d3
spotify:track:6YvZWDts3yeRdxxby3DKkl,0b4377c224ba402d97adce848425da90,2025-05-02T14:56:06Z,0,Too much whispering ,98b840b5652549da84ef8db8dab2f7d3
spotify:track:7xYZP2cOCYF1HZKz6zzKmE,0b4377c224ba402d97adce848425da90,2025-05-02T14:56:06Z,-2,"I know this album. Great song though, Booker T vibes. ",98b840b5652549da84ef8db8dab2f7d3
spotify:track:06U3Uya6qDvUB6iVjMPiBG,9b7e03ea90dd46db9779dc21eb04ca5a,2025-05-02T15:50:20Z,1,"+1 for vibes 
+1 for contemporary band putting out new stuff, instant follow 
+1 for multiple catchy melodies in the same song
-1 for feeling like they left a little on the table in regard to not opening up the song for a solo section 
-1 for being a little too eerie/spooky melodically for lots of replayability ",98b840b5652549da84ef8db8dab2f7d3
spotify:track:0AvHKpI768IrIR6QC6Irue,9b7e03ea90dd46db9779dc21eb04ca5a,2025-05-02T15:50:20Z,2,"+1 for the Dave's Energy Guide tease on the bass
+1 for incredible vocalist. Sounds like Yukimi from Little Dragon
+1 for excellent sting composition...reminds me of later Radiohead shit.... just really unpredictable but beautiful
+1 just for 3:17-3:34 for that peak at the end surrounding the borderline impossible high vocal note

-1 for trying to keep more votes for other songs 
-1 for not being the most groovy",98b840b5652549da84ef8db8dab2f7d3
spotify:track:0iToY4V0Q5Uuc1xju5cxrn,9b7e03ea90dd46db9779dc21eb04ca5a,2025-05-02T15:50:20Z,0,I lied! I knew these guys! I have 9 of their songs already saved.,98b840b5652549da84ef8db8dab2f7d3
spotify:track:1JhesS1R3qHkHwcFMTF5EA,9b7e03ea90dd46db9779dc21eb04ca5a,2025-05-02T15:50:20Z,1,"+1 for making me move just right 
+1 for great bass and synth lines
-1 for me getting a little bored with the song before it finished
",98b840b5652549da84ef8db8dab2f7d3
spotify:track:1Rdy7hNryZrUAcHbXF2aLo,9b7e03ea90dd46db9779dc21eb04ca5a,2025-05-02T15:50:20Z,-5,"Sometimes in life, we need to make really hard choices to protect the things we love. 

Commish, this is a disqualifying offense. ",98b840b5652549da84ef8db8dab2f7d3
spotify:track:1xhz0RlOVHEqxobHkLwmDo,9b7e03ea90dd46db9779dc21eb04ca5a,2025-05-02T15:50:20Z,1,"+1 for a perfect work/study/OR song for me. 
+1 for top tier Lofi Girl song
-1 for there being other more exciting and stimulating songs on the list and needing to save points for them ",98b840b5652549da84ef8db8dab2f7d3
spotify:track:1XlWiglZK3Odz77zQz00vY,9b7e03ea90dd46db9779dc21eb04ca5a,2025-05-02T15:50:20Z,2,"+1 for Everyone Wants To Rule The World type Shuffle 
+1 for epic song name 
+1 for horn lines alone
-1 for feeling like this could have used some nice vocals ",98b840b5652549da84ef8db8dab2f7d3
spotify:track:2Q05KOAMF7ZSDPEhBPoODa,9b7e03ea90dd46db9779dc21eb04ca5a,2025-05-02T15:50:20Z,2,"+1 for funkiness 
+1 for international
+1 for tasty cowbell 
+1 for interesting and beautiful composition throughout
 ",98b840b5652549da84ef8db8dab2f7d3
spotify:track:2q20N3vdzHUEYaIpLeyzwl,9b7e03ea90dd46db9779dc21eb04ca5a,2025-05-02T15:50:20Z,4,"+1 for absolutely incredible find, <200 monthly listeners.
+1 for tight ass groove, soulive level keys/guitar line interlocking, but somehow turns into an funktronic song at the end. 
+1 for tasty cowbells
+1 for contemporary because I will go see these guys ASAP
-1 because while I REALLY wanted to give it 5 points, I just didn't have enough left over

Favorite submission of the season. Well played, to me, this is what Music League is all about. I hope whoever posted this is on the podium. ",98b840b5652549da84ef8db8dab2f7d3
spotify:track:4s3EYWNCgZaILmn4lqvAsL,9b7e03ea90dd46db9779dc21eb04ca5a,2025-05-02T15:50:20Z,0,just didn't really get me going,98b840b5652549da84ef8db8dab2f7d3
spotify:track:5pRpPmMdvAM0sHInhqRZXl,9b7e03ea90dd46db9779dc21eb04ca5a,2025-05-02T15:50:20Z,1,"lol goddamn well played this is fucking dope. 

+1 for a Disney theme going way harder than they needed to. I think this is THE best Disney song 
+1 for insane horn lines and chord changes
-1 for running out of votes and not being able to give more votes to a cheesy theme song ",98b840b5652549da84ef8db8dab2f7d3
spotify:track:6472wicLkgAWuku1GdVIbJ,9b7e03ea90dd46db9779dc21eb04ca5a,2025-05-02T15:50:20Z,0,"Didn't know them by name off the top of my head but their sound sounded familiar...turns out I already had 11 of their songs liked :( 
Great song though",98b840b5652549da84ef8db8dab2f7d3
spotify:track:6YvZWDts3yeRdxxby3DKkl,9b7e03ea90dd46db9779dc21eb04ca5a,2025-05-02T15:50:20Z,1,"+1 for the dope guitar lines and horn lines, overall groovy as hell
+1 for contemporary, excited to follow
-1 for the whispering...just gave me the ick for some reason
",98b840b5652549da84ef8db8dab2f7d3
spotify:track:7xYZP2cOCYF1HZKz6zzKmE,9b7e03ea90dd46db9779dc21eb04ca5a,2025-05-02T15:50:20Z,1,"+1 for new, contemporary, exciting follow
+1 for groovy
-1 for not being that original ",98b840b5652549da84ef8db8dab2f7d3
spotify:track:06U3Uya6qDvUB6iVjMPiBG,605866a938e54c5da212fc8595186729,2025-05-02T15:53:27Z,3,,98b840b5652549da84ef8db8dab2f7d3
spotify:track:0AvHKpI768IrIR6QC6Irue,605866a938e54c5da212fc8595186729,2025-05-02T15:53:27Z,2,,98b840b5652549da84ef8db8dab2f7d3
spotify:track:0Hegsw5X6iSKhY5Gzx1y9O,605866a938e54c5da212fc8595186729,2025-05-02T15:53:27Z,1,,98b840b5652549da84ef8db8dab2f7d3
spotify:track:0iToY4V0Q5Uuc1xju5cxrn,605866a938e54c5da212fc8595186729,2025-05-02T15:53:27Z,0,Enjoyed but got bored ,98b840b5652549da84ef8db8dab2f7d3
spotify:track:1JhesS1R3qHkHwcFMTF5EA,605866a938e54c5da212fc8595186729,2025-05-02T15:53:27Z,2,,98b840b5652549da84ef8db8dab2f7d3
spotify:track:1Rdy7hNryZrUAcHbXF2aLo,605866a938e54c5da212fc8595186729,2025-05-02T15:53:27Z,-1,😂😂😂 but not good ,98b840b5652549da84ef8db8dab2f7d3
spotify:track:1xhz0RlOVHEqxobHkLwmDo,605866a938e54c5da212fc8595186729,2025-05-02T15:53:27Z,0,Eh ,98b840b5652549da84ef8db8dab2f7d3
spotify:track:1XlWiglZK3Odz77zQz00vY,605866a938e54c5da212fc8595186729,2025-05-02T15:53:27Z,1,,98b840b5652549da84ef8db8dab2f7d3
spotify:track:2Q05KOAMF7ZSDPEhBPoODa,605866a938e54c5da212fc8595186729,2025-05-02T15:53:27Z,3,,98b840b5652549da84ef8db8dab2f7d3
spotify:track:4s3EYWNCgZaILmn4lqvAsL,605866a938e54c5da212fc8595186729,2025-05-02T15:53:27Z,-3,"He’s plays in dc at least once a year, for several years! Also don’t care for the song and will probably continue to not see him 😆",98b840b5652549da84ef8db8dab2f7d3
spotify:track:5pRpPmMdvAM0sHInhqRZXl,605866a938e54c5da212fc8595186729,2025-05-02T15:53:27Z,-1,I don’t want to hear this song ,98b840b5652549da84ef8db8dab2f7d3
spotify:track:6472wicLkgAWuku1GdVIbJ,605866a938e54c5da212fc8595186729,2025-05-02T15:53:27Z,1,,98b840b5652549da84ef8db8dab2f7d3
spotify:track:6YvZWDts3yeRdxxby3DKkl,605866a938e54c5da212fc8595186729,2025-05-02T15:53:27Z,0,Do not like the weird whispering ,98b840b5652549da84ef8db8dab2f7d3
spotify:track:7xYZP2cOCYF1HZKz6zzKmE,605866a938e54c5da212fc8595186729,2025-05-02T15:53:27Z,3,,98b840b5652549da84ef8db8dab2f7d3
spotify:track:06U3Uya6qDvUB6iVjMPiBG,7acfbf6ff4234d00875b58e7b2ec389d,2025-05-02T19:14:57Z,4,"This is awesome.  I would bet some people think this is my pick.  Awesome groove, insta save. Fav of the week",98b840b5652549da84ef8db8dab2f7d3
spotify:track:0Hegsw5X6iSKhY5Gzx1y9O,7acfbf6ff4234d00875b58e7b2ec389d,2025-05-02T19:14:57Z,1,Dug this and their was a nice breeze while I listened.  ,98b840b5652549da84ef8db8dab2f7d3
spotify:track:0iToY4V0Q5Uuc1xju5cxrn,7acfbf6ff4234d00875b58e7b2ec389d,2025-05-02T19:14:57Z,0,"I like the intent here, but it never grabbed me.  Just thought it was kind of weird.  ",98b840b5652549da84ef8db8dab2f7d3
spotify:track:1JhesS1R3qHkHwcFMTF5EA,7acfbf6ff4234d00875b58e7b2ec389d,2025-05-02T19:14:57Z,1,Fun.  Something I would def play at a party. ,98b840b5652549da84ef8db8dab2f7d3
spotify:track:1Rdy7hNryZrUAcHbXF2aLo,7acfbf6ff4234d00875b58e7b2ec389d,2025-05-02T19:14:57Z,-3,Please don't waste my time. ,98b840b5652549da84ef8db8dab2f7d3
spotify:track:1xhz0RlOVHEqxobHkLwmDo,7acfbf6ff4234d00875b58e7b2ec389d,2025-05-02T19:14:57Z,2,"Soothing, and out of the ordinary.  I liked it. ",98b840b5652549da84ef8db8dab2f7d3
spotify:track:1XlWiglZK3Odz77zQz00vY,7acfbf6ff4234d00875b58e7b2ec389d,2025-05-02T19:14:57Z,2,"Crazy title, cool song.  I saved it. Also some cool spacial audio stuff going down. ",98b840b5652549da84ef8db8dab2f7d3
spotify:track:2Q05KOAMF7ZSDPEhBPoODa,7acfbf6ff4234d00875b58e7b2ec389d,2025-05-02T19:14:57Z,1,"Chill, but kind of bland.  Sounds like 1,000 other songs",98b840b5652549da84ef8db8dab2f7d3
spotify:track:2q20N3vdzHUEYaIpLeyzwl,7acfbf6ff4234d00875b58e7b2ec389d,2025-05-02T19:14:57Z,1,"Nice.  Some cool bass for sure, and what an awesome title for an album. ",98b840b5652549da84ef8db8dab2f7d3
spotify:track:4s3EYWNCgZaILmn4lqvAsL,7acfbf6ff4234d00875b58e7b2ec389d,2025-05-02T19:14:57Z,1,"I liked this more as it went along.  Solid find, pretty cool hook. ",98b840b5652549da84ef8db8dab2f7d3
spotify:track:5pRpPmMdvAM0sHInhqRZXl,7acfbf6ff4234d00875b58e7b2ec389d,2025-05-02T19:14:57Z,-2,Please don't waste my time. ,98b840b5652549da84ef8db8dab2f7d3
spotify:track:6472wicLkgAWuku1GdVIbJ,7acfbf6ff4234d00875b58e7b2ec389d,2025-05-02T19:14:57Z,1,"Nice, nothing crazy but def nice. ",98b840b5652549da84ef8db8dab2f7d3
spotify:track:6YvZWDts3yeRdxxby3DKkl,7acfbf6ff4234d00875b58e7b2ec389d,2025-05-02T19:14:57Z,1,"I'm glad I didn't listen to this high, those voices are scary.  Dug the rest of the tune. ",98b840b5652549da84ef8db8dab2f7d3
spotify:track:7xYZP2cOCYF1HZKz6zzKmE,7acfbf6ff4234d00875b58e7b2ec389d,2025-05-02T19:14:57Z,1,"Tottenham Hotspur might fire their Gaffer.  I've def never been to Pleasurewood, but it's sounds cool.  Solid pick! ",98b840b5652549da84ef8db8dab2f7d3
spotify:track:06U3Uya6qDvUB6iVjMPiBG,e5c2390073644e979f43e744c33e6c60,2025-05-02T19:33:52Z,1,,98b840b5652549da84ef8db8dab2f7d3
spotify:track:0AvHKpI768IrIR6QC6Irue,e5c2390073644e979f43e744c33e6c60,2025-05-02T19:33:52Z,1,,98b840b5652549da84ef8db8dab2f7d3
spotify:track:0Hegsw5X6iSKhY5Gzx1y9O,e5c2390073644e979f43e744c33e6c60,2025-05-02T19:33:52Z,-1,,98b840b5652549da84ef8db8dab2f7d3
spotify:track:0iToY4V0Q5Uuc1xju5cxrn,e5c2390073644e979f43e744c33e6c60,2025-05-02T19:33:52Z,1,,98b840b5652549da84ef8db8dab2f7d3
spotify:track:1JhesS1R3qHkHwcFMTF5EA,e5c2390073644e979f43e744c33e6c60,2025-05-02T19:33:52Z,-1,,98b840b5652549da84ef8db8dab2f7d3
spotify:track:1Rdy7hNryZrUAcHbXF2aLo,e5c2390073644e979f43e744c33e6c60,2025-05-02T19:33:52Z,-2,,98b840b5652549da84ef8db8dab2f7d3
spotify:track:1xhz0RlOVHEqxobHkLwmDo,e5c2390073644e979f43e744c33e6c60,2025-05-02T19:33:52Z,2,,98b840b5652549da84ef8db8dab2f7d3
spotify:track:1XlWiglZK3Odz77zQz00vY,e5c2390073644e979f43e744c33e6c60,2025-05-02T19:33:52Z,-1,,98b840b5652549da84ef8db8dab2f7d3
spotify:track:2Q05KOAMF7ZSDPEhBPoODa,e5c2390073644e979f43e744c33e6c60,2025-05-02T19:33:52Z,3,,98b840b5652549da84ef8db8dab2f7d3
spotify:track:2q20N3vdzHUEYaIpLeyzwl,e5c2390073644e979f43e744c33e6c60,2025-05-02T19:33:52Z,3,,98b840b5652549da84ef8db8dab2f7d3
spotify:track:5pRpPmMdvAM0sHInhqRZXl,e5c2390073644e979f43e744c33e6c60,2025-05-02T19:33:52Z,0,Anyone who rode with Timmy or Spence at any time knows this! Won’t give points but won’t take any either,98b840b5652549da84ef8db8dab2f7d3
spotify:track:6472wicLkgAWuku1GdVIbJ,e5c2390073644e979f43e744c33e6c60,2025-05-02T19:33:52Z,2,,98b840b5652549da84ef8db8dab2f7d3
spotify:track:6YvZWDts3yeRdxxby3DKkl,e5c2390073644e979f43e744c33e6c60,2025-05-02T19:33:52Z,2,,98b840b5652549da84ef8db8dab2f7d3
spotify:track:7xYZP2cOCYF1HZKz6zzKmE,e5c2390073644e979f43e744c33e6c60,2025-05-02T19:33:52Z,1,,98b840b5652549da84ef8db8dab2f7d3
spotify:track:06U3Uya6qDvUB6iVjMPiBG,a2909b31d1c04d728cfcf68ca0d73cca,2025-05-02T21:59:14Z,1,Sounds like a video game song. ,98b840b5652549da84ef8db8dab2f7d3
spotify:track:0AvHKpI768IrIR6QC6Irue,a2909b31d1c04d728cfcf68ca0d73cca,2025-05-02T21:59:14Z,1,,98b840b5652549da84ef8db8dab2f7d3
spotify:track:0Hegsw5X6iSKhY5Gzx1y9O,a2909b31d1c04d728cfcf68ca0d73cca,2025-05-02T21:59:14Z,1," ",98b840b5652549da84ef8db8dab2f7d3
spotify:track:0iToY4V0Q5Uuc1xju5cxrn,a2909b31d1c04d728cfcf68ca0d73cca,2025-05-02T21:59:14Z,-2,Kind of boring to me. ,98b840b5652549da84ef8db8dab2f7d3
spotify:track:1JhesS1R3qHkHwcFMTF5EA,a2909b31d1c04d728cfcf68ca0d73cca,2025-05-02T21:59:14Z,1,,98b840b5652549da84ef8db8dab2f7d3
spotify:track:1Rdy7hNryZrUAcHbXF2aLo,a2909b31d1c04d728cfcf68ca0d73cca,2025-05-02T21:59:14Z,2,I’m literally dying. This is too funny. ,98b840b5652549da84ef8db8dab2f7d3
spotify:track:1xhz0RlOVHEqxobHkLwmDo,a2909b31d1c04d728cfcf68ca0d73cca,2025-05-02T21:59:14Z,1,,98b840b5652549da84ef8db8dab2f7d3
spotify:track:1XlWiglZK3Odz77zQz00vY,a2909b31d1c04d728cfcf68ca0d73cca,2025-05-02T21:59:14Z,2,,98b840b5652549da84ef8db8dab2f7d3
spotify:track:2Q05KOAMF7ZSDPEhBPoODa,a2909b31d1c04d728cfcf68ca0d73cca,2025-05-02T21:59:14Z,1,,98b840b5652549da84ef8db8dab2f7d3
spotify:track:2q20N3vdzHUEYaIpLeyzwl,a2909b31d1c04d728cfcf68ca0d73cca,2025-05-02T21:59:14Z,2,,98b840b5652549da84ef8db8dab2f7d3
spotify:track:4s3EYWNCgZaILmn4lqvAsL,a2909b31d1c04d728cfcf68ca0d73cca,2025-05-02T21:59:14Z,-3,Only one I’ve actually heard of before. ,98b840b5652549da84ef8db8dab2f7d3
spotify:track:6472wicLkgAWuku1GdVIbJ,a2909b31d1c04d728cfcf68ca0d73cca,2025-05-02T21:59:14Z,1,,98b840b5652549da84ef8db8dab2f7d3
spotify:track:6YvZWDts3yeRdxxby3DKkl,a2909b31d1c04d728cfcf68ca0d73cca,2025-05-02T21:59:14Z,2,,98b840b5652549da84ef8db8dab2f7d3
spotify:track:7xYZP2cOCYF1HZKz6zzKmE,a2909b31d1c04d728cfcf68ca0d73cca,2025-05-02T21:59:14Z,1,,98b840b5652549da84ef8db8dab2f7d3
